Айді громади,Назва громади,[41010100] Реверсна дотація,[41020100] Базова дотація,[41020200] На здійснення переданих з державного бюджету видатків з утримання закладів освіти та охорони здоров'я,"[41020300] На функціонування територій, на яких ведуться бойові дії",[41020400] Додаткові дотації з державного бюджету місцевим бюджетам (загальна),[41020600] [Назву стерто] Додаткова дотація (виключена наприкінці 2024 року),[41020800] Бюджету Славутицької міської територіальної громади на утримання соціальної інфраструктури,[41021000] На компенсацію втрат доходів внаслідок пільг суб’єктам космічної діяльності,[41021200] Обласним бюджетам Донецької та Луганської областей на усунення наслідків ескалації,"[41021300] На компенсацію комунальним закладам, переданим на фінансування з місцевих бюджетів",[41021400] На здійснення повноважень органів самоврядування на деокупованих та інших територіях,Сума Базова,Сума Реверсна,Сума Додаткові
2350200000,Єрківська,0.0,0.0,0.0,0.0,0.0,0.0,0.0,0.0,0.0,0.0,0.0,0.0,0.0,0.0
2351900000,Іваньківська,0.0,2629800.0,0.0,0.0,0.0,0.0,0.0,0.0,0.0,0.0,0.0,2629800.0,0.0,0.0
2352200000,Іркліївська,0.0,0.0,0.0,0.0,0.0,0.0,0.0,0.0,0.0,0.0,1248200.0,0.0,0.0,1248200.0
2355800000,Бабанська,0.0,0.0,0.0,0.0,0.0,0.0,0.0,0.0,0.0,0.0,1312700.0,0.0,0.0,1312700.0
2356000000,Багачевська,0.0,27548300.0,0.0,0.0,0.0,0.0,0.0,0.0,0.0,0.0,671700.0,27548300.0,0.0,671700.0
2352700000,Балаклеївська,0.0,2449700.0,0.0,0.0,0.0,0.0,0.0,0.0,0.0,0.0,2810600.0,2449700.0,0.0,2810600.0
2355600000,Баштечківська,0.0,1208900.0,0.0,0.0,0.0,0.0,0.0,0.0,0.0,0.0,636500.0,1208900.0,0.0,636500.0
2352900000,Березняківська,0.0,6870300.0,0.0,0.0,0.0,0.0,0.0,0.0,0.0,0.0,55000.0,6870300.0,0.0,55000.0
2353000000,Бобрицька,0.0,1972200.0,0.0,0.0,0.0,0.0,0.0,0.0,0.0,0.0,829300.0,1972200.0,0.0,829300.0
2355900000,Будищенська,0.0,0.0,0.0,0.0,0.0,0.0,0.0,0.0,0.0,0.0,0.0,0.0,0.0,0.0
2353100000,Бужанська,0.0,477700.0,0.0,0.0,0.0,0.0,0.0,0.0,0.0,0.0,1197400.0,477700.0,0.0,1197400.0
2352600000,Буцька,0.0,1517900.0,0.0,0.0,0.0,0.0,0.0,0.0,0.0,0.0,0.0,1517900.0,0.0,0.0
2350100000,Білозірська,0.0,5842000.0,0.0,0.0,0.0,0.0,0.0,0.0,0.0,0.0,666900.0,5842000.0,0.0,666900.0
2353200000,Великохутірська,0.0,0.0,0.0,0.0,0.0,0.0,0.0,0.0,0.0,0.0,0.0,0.0,0.0,0.0
2355700000,Виноградська,0.0,1066400.0,0.0,0.0,0.0,0.0,0.0,0.0,0.0,0.0,1562300.0,1066400.0,0.0,1562300.0
2353400000,Водяницька,0.0,0.0,0.0,0.0,0.0,0.0,0.0,0.0,0.0,0.0,0.0,0.0,0.0,0.0
2356100000,Вознесенська,0.0,0.0,0.0,0.0,0.0,0.0,0.0,0.0,0.0,0.0,0.0,0.0,0.0,0.0
2353300000,Вільшанська,0.0,9031200.0,0.0,0.0,0.0,0.0,0.0,0.0,0.0,0.0,0.0,9031200.0,0.0,0.0
2356200000,Гельмязівська,0.0,0.0,0.0,0.0,0.0,0.0,0.0,0.0,0.0,0.0,0.0,0.0,0.0,0.0
2356300000,Городищенська,0.0,14677300.0,0.0,0.0,0.0,0.0,0.0,0.0,0.0,0.0,3011100.0,14677300.0,0.0,3011100.0
2353500000,Дмитрушківська,0.0,0.0,0.0,0.0,0.0,0.0,0.0,0.0,0.0,0.0,0.0,0.0,0.0,0.0
2355500000,Драбівська,0.0,4586400.0,0.0,0.0,0.0,0.0,0.0,0.0,0.0,0.0,103000.0,4586400.0,0.0,103000.0
2351400000,Жашківська,0.0,8235800.0,0.0,0.0,0.0,0.0,0.0,0.0,0.0,0.0,0.0,8235800.0,0.0,0.0
2356400000,Звенигородська,0.0,0.0,0.0,0.0,0.0,0.0,0.0,0.0,0.0,0.0,0.0,0.0,0.0,0.0
2356500000,Золотоніська,0.0,0.0,0.0,0.0,0.0,0.0,0.0,0.0,0.0,0.0,0.0,0.0,0.0,0.0
2352400000,Зорівська,0.0,0.0,0.0,0.0,0.0,0.0,0.0,0.0,0.0,0.0,0.0,0.0,0.0,0.0
2356600000,Калинопільська,0.0,0.0,0.0,0.0,0.0,0.0,0.0,0.0,0.0,0.0,0.0,0.0,0.0,0.0
2351500000,Кам'янська,0.0,8210500.0,0.0,0.0,0.0,0.0,0.0,0.0,0.0,0.0,0.0,8210500.0,0.0,0.0
2355400000,Канівська,0.0,0.0,0.0,0.0,0.0,0.0,0.0,0.0,0.0,0.0,0.0,0.0,0.0,0.0
2356700000,Корсунь-Шевченківська,0.0,0.0,0.0,0.0,0.0,0.0,0.0,0.0,0.0,0.0,2723200.0,0.0,0.0,2723200.0
2353600000,Ладижинська,0.0,4626100.0,0.0,0.0,0.0,0.0,0.0,0.0,0.0,0.0,0.0,4626100.0,0.0,0.0
2353800000,Леськівська,0.0,7824200.0,0.0,0.0,0.0,0.0,0.0,0.0,0.0,0.0,372200.0,7824200.0,0.0,372200.0
2353900000,Лип'янська,0.0,0.0,0.0,0.0,0.0,0.0,0.0,0.0,0.0,0.0,2291900.0,0.0,0.0,2291900.0
2354000000,Лисянська,0.0,7081300.0,0.0,0.0,0.0,0.0,0.0,0.0,0.0,0.0,0.0,7081300.0,0.0,0.0
2351600000,Ліплявська,0.0,0.0,0.0,0.0,0.0,0.0,0.0,0.0,0.0,0.0,0.0,0.0,0.0,0.0
2356800000,Маньківська,0.0,0.0,0.0,0.0,0.0,0.0,0.0,0.0,0.0,0.0,0.0,0.0,0.0,0.0
2352300000,Матусівська,0.0,4352800.0,0.0,0.0,0.0,0.0,0.0,0.0,0.0,0.0,2584400.0,4352800.0,0.0,2584400.0
2354200000,Медведівська,0.0,3515400.0,0.0,0.0,0.0,0.0,0.0,0.0,0.0,0.0,18000.0,3515400.0,0.0,18000.0
2352500000,Михайлівська,0.0,0.0,0.0,0.0,0.0,0.0,0.0,0.0,0.0,0.0,2931700.0,0.0,0.0,2931700.0
2351100000,Мліївська,0.0,6880600.0,0.0,0.0,0.0,0.0,0.0,0.0,0.0,0.0,0.0,6880600.0,0.0,0.0
2350300000,Мокрокалигірська,0.0,0.0,0.0,0.0,0.0,0.0,0.0,0.0,0.0,0.0,0.0,0.0,0.0,0.0
2356900000,Монастирищенська,0.0,36579400.0,0.0,0.0,0.0,0.0,0.0,0.0,0.0,0.0,0.0,36579400.0,0.0,0.0
2357000000,Мошнівська,0.0,15940200.0,0.0,0.0,0.0,0.0,0.0,0.0,0.0,0.0,0.0,15940200.0,0.0,0.0
2350600000,Набутівська,0.0,4749500.0,0.0,0.0,0.0,0.0,0.0,0.0,0.0,0.0,0.0,4749500.0,0.0,0.0
2357100000,Новодмитрівська,0.0,0.0,0.0,0.0,0.0,0.0,0.0,0.0,0.0,0.0,2686300.0,0.0,0.0,2686300.0
2352000000,Паланська,0.0,0.0,0.0,0.0,0.0,0.0,0.0,0.0,0.0,0.0,0.0,0.0,0.0,0.0
2357200000,Піщанська,0.0,4698600.0,0.0,0.0,0.0,0.0,0.0,0.0,0.0,0.0,0.0,4698600.0,0.0,0.0
2350800000,Ротмістрівська,0.0,5362200.0,0.0,0.0,0.0,0.0,0.0,0.0,0.0,0.0,0.0,5362200.0,0.0,0.0
2354600000,Руськополянська,0.0,11283800.0,0.0,0.0,0.0,0.0,0.0,0.0,0.0,0.0,0.0,11283800.0,0.0,0.0
2354700000,Сагунівська,0.0,1701300.0,0.0,0.0,0.0,0.0,0.0,0.0,0.0,0.0,0.0,1701300.0,0.0,0.0
2350700000,Селищенська,0.0,2183900.0,0.0,0.0,0.0,0.0,0.0,0.0,0.0,0.0,2097200.0,2183900.0,0.0,2097200.0
2355100000,Слобідська,0.0,0.0,0.0,0.0,0.0,0.0,0.0,0.0,0.0,0.0,0.0,0.0,0.0,0.0
2357300000,Смілянська,0.0,24468200.0,0.0,0.0,0.0,0.0,0.0,0.0,0.0,0.0,21779400.0,24468200.0,0.0,21779400.0
2350500000,Стеблівська,0.0,0.0,0.0,0.0,0.0,0.0,0.0,0.0,0.0,0.0,0.0,0.0,0.0,0.0
2351000000,Степанецька,0.0,0.0,0.0,0.0,0.0,0.0,0.0,0.0,0.0,0.0,0.0,0.0,0.0,0.0
2352100000,Степанківська,0.0,0.0,0.0,0.0,0.0,0.0,0.0,0.0,0.0,0.0,0.0,0.0,0.0,0.0
2350400000,Тальнівська,0.0,7425000.0,0.0,0.0,0.0,0.0,0.0,0.0,0.0,0.0,0.0,7425000.0,0.0,0.0
2354900000,Тернівська,0.0,3471200.0,0.0,0.0,0.0,0.0,0.0,0.0,0.0,0.0,147600.0,3471200.0,0.0,147600.0
2357400000,Уманська,0.0,0.0,0.0,0.0,0.0,0.0,0.0,0.0,0.0,0.0,0.0,0.0,0.0,0.0
2357500000,Христинівська,0.0,0.0,0.0,0.0,0.0,0.0,0.0,0.0,0.0,0.0,0.0,0.0,0.0,0.0
2357600000,Черкаська,0.0,0.0,0.0,0.0,0.0,0.0,0.0,0.0,0.0,0.0,54684400.0,0.0,0.0,54684400.0
2355200000,Чигиринська,0.0,1192800.0,0.0,0.0,0.0,0.0,0.0,0.0,0.0,0.0,0.0,1192800.0,0.0,0.0
2357700000,Чорнобаївська,0.0,0.0,0.0,0.0,0.0,0.0,0.0,0.0,0.0,0.0,0.0,0.0,0.0,0.0
2355300000,Шевченківська,0.0,3258100.0,0.0,0.0,0.0,0.0,0.0,0.0,0.0,0.0,1929600.0,3258100.0,0.0,1929600.0
2350900000,Шполянська,0.0,0.0,0.0,0.0,0.0,0.0,0.0,0.0,0.0,0.0,13418300.0,0.0,0.0,13418300.0
2357800000,Шрамківська,0.0,5754300.0,0.0,0.0,0.0,0.0,0.0,0.0,0.0,0.0,808800.0,5754300.0,0.0,808800.0
2551500000,Іванівська,0.0,5658300.0,0.0,0.0,0.0,0.0,0.0,0.0,0.0,0.0,2016700.0,5658300.0,0.0,2016700.0
2552400000,Ічнянська,0.0,0.0,0.0,0.0,0.0,0.0,0.0,0.0,0.0,0.0,107900.0,0.0,0.0,107900.0
2550600000,Батуринська,0.0,0.0,0.0,0.0,0.0,0.0,0.0,0.0,0.0,0.0,4307000.0,0.0,0.0,4307000.0
2555100000,Бахмацька,0.0,0.0,0.0,0.0,0.0,0.0,0.0,0.0,0.0,0.0,0.0,0.0,0.0,0.0
2555200000,Березнянська,0.0,12576100.0,0.0,0.0,0.0,0.0,0.0,0.0,0.0,0.0,1988500.0,12576100.0,0.0,1988500.0
2552100000,Бобровицька,0.0,0.0,0.0,0.0,0.0,0.0,0.0,0.0,0.0,0.0,2357600.0,0.0,0.0,2357600.0
2554000000,Борзнянська,0.0,3854600.0,0.0,0.0,0.0,0.0,0.0,0.0,0.0,0.0,4976400.0,3854600.0,0.0,4976400.0
2553500000,Варвинська,0.0,0.0,0.0,0.0,0.0,0.0,0.0,0.0,0.0,0.0,28282300.0,0.0,0.0,28282300.0
2550100000,Вертіївська,0.0,0.0,0.0,0.0,0.0,0.0,0.0,0.0,0.0,0.0,6606100.0,0.0,0.0,6606100.0
2553400000,Височанська,0.0,2693600.0,0.0,0.0,0.0,0.0,0.0,0.0,0.0,0.0,1823800.0,2693600.0,0.0,1823800.0
2551100000,Гончарівська,0.0,6072100.0,0.0,0.0,0.0,0.0,0.0,0.0,0.0,0.0,53645200.0,6072100.0,0.0,53645200.0
2553600000,Городнянська,0.0,15102100.0,0.0,0.0,0.0,0.0,0.0,0.0,0.0,0.0,9564100.0,15102100.0,0.0,9564100.0
2550200000,Деснянська,0.0,6195000.0,0.0,0.0,0.0,0.0,0.0,0.0,0.0,0.0,24626700.0,6195000.0,0.0,24626700.0
2555300000,Дмитрівська,0.0,0.0,0.0,0.0,0.0,0.0,0.0,0.0,0.0,0.0,6555300.0,0.0,0.0,6555300.0
2554600000,Добрянська,0.0,5163200.0,0.0,0.0,0.0,0.0,0.0,0.0,0.0,0.0,1857600.0,5163200.0,0.0,1857600.0
2554700000,Киселівська,0.0,0.0,0.0,0.0,0.0,0.0,0.0,0.0,0.0,0.0,2767200.0,0.0,0.0,2767200.0
2554200000,Киїнська,0.0,4750500.0,0.0,0.0,0.0,0.0,0.0,0.0,0.0,0.0,2734500.0,4750500.0,0.0,2734500.0
2551800000,Козелецька,0.0,0.0,0.0,0.0,0.0,0.0,0.0,0.0,0.0,0.0,4168700.0,0.0,0.0,4168700.0
2551900000,Комарівська,0.0,0.0,0.0,0.0,0.0,0.0,0.0,0.0,0.0,0.0,68600.0,0.0,0.0,68600.0
2551200000,Коропська,0.0,8984700.0,0.0,0.0,0.0,0.0,0.0,0.0,0.0,0.0,11654400.0,8984700.0,0.0,11654400.0
2550700000,Корюківська,0.0,0.0,0.0,0.0,0.0,0.0,0.0,0.0,0.0,0.0,17661800.0,0.0,0.0,17661800.0
2555400000,Крутівська,0.0,3274600.0,0.0,0.0,0.0,0.0,0.0,0.0,0.0,0.0,93300.0,3274600.0,0.0,93300.0
2552500000,Куликівська,0.0,17153200.0,0.0,0.0,0.0,0.0,0.0,0.0,0.0,0.0,6200500.0,17153200.0,0.0,6200500.0
2550300000,Кіптівська,0.0,4429200.0,0.0,0.0,0.0,0.0,0.0,0.0,0.0,0.0,756200.0,4429200.0,0.0,756200.0
2555500000,Ладанська,0.0,0.0,0.0,0.0,0.0,0.0,0.0,0.0,0.0,0.0,9001600.0,0.0,0.0,9001600.0
2553700000,Линовицька,0.0,0.0,0.0,0.0,0.0,0.0,0.0,0.0,0.0,0.0,590300.0,0.0,0.0,590300.0
2551300000,Лосинівська,0.0,3614600.0,0.0,0.0,0.0,0.0,0.0,0.0,0.0,0.0,2796300.0,3614600.0,0.0,2796300.0
2552700000,Любецька,0.0,4021700.0,0.0,0.0,0.0,0.0,0.0,0.0,0.0,0.0,1011200.0,4021700.0,0.0,1011200.0
2550400000,Макіївська,0.0,0.0,0.0,0.0,0.0,0.0,0.0,0.0,0.0,0.0,2118400.0,0.0,0.0,2118400.0
2552600000,Малодівицька,0.0,0.0,0.0,0.0,0.0,0.0,0.0,0.0,0.0,0.0,7160400.0,0.0,0.0,7160400.0
2551700000,Менська,0.0,13444700.0,0.0,0.0,0.0,0.0,0.0,0.0,0.0,0.0,16035800.0,13444700.0,0.0,16035800.0
2551400000,Михайло-Коцюбинська,0.0,3623800.0,0.0,0.0,0.0,0.0,0.0,0.0,0.0,0.0,15602000.0,3623800.0,0.0,15602000.0
2551600000,Мринська,0.0,0.0,0.0,0.0,0.0,0.0,0.0,0.0,0.0,0.0,498900.0,0.0,0.0,498900.0
2553900000,Новгород-Сіверська,0.0,9876200.0,0.0,0.0,0.0,0.0,0.0,0.0,0.0,0.0,126199800.0,9876200.0,0.0,126199800.0
2552000000,Новобасанська,0.0,0.0,0.0,0.0,0.0,0.0,0.0,0.0,0.0,0.0,401300.0,0.0,0.0,401300.0
2554100000,Новобілоуська,0.0,0.0,0.0,0.0,0.0,0.0,0.0,0.0,0.0,0.0,2529300.0,0.0,0.0,2529300.0
2550800000,Носівська,0.0,12671000.0,0.0,0.0,0.0,0.0,0.0,0.0,0.0,0.0,3396200.0,12671000.0,0.0,3396200.0
2553800000,Ніжинська,0.0,0.0,0.0,0.0,0.0,0.0,0.0,0.0,0.0,0.0,34957900.0,0.0,0.0,34957900.0
2553300000,Олишівська,0.0,0.0,0.0,0.0,0.0,0.0,0.0,0.0,0.0,0.0,208400.0,0.0,0.0,208400.0
2550900000,Остерська,0.0,10516500.0,0.0,0.0,0.0,0.0,0.0,0.0,0.0,0.0,499900.0,10516500.0,0.0,499900.0
2550500000,Парафіївська,0.0,0.0,0.0,0.0,0.0,0.0,0.0,0.0,0.0,0.0,817500.0,0.0,0.0,817500.0
2552200000,Плисківська,0.0,0.0,0.0,0.0,0.0,0.0,0.0,0.0,0.0,0.0,9824600.0,0.0,0.0,9824600.0
2554800000,Понорницька,0.0,10929200.0,0.0,0.0,0.0,0.0,0.0,0.0,0.0,0.0,1798600.0,10929200.0,0.0,1798600.0
2555600000,Прилуцька,0.0,0.0,0.0,0.0,0.0,0.0,0.0,0.0,0.0,0.0,36652300.0,0.0,0.0,36652300.0
2555700000,Ріпкинська,0.0,7638300.0,0.0,0.0,0.0,0.0,0.0,0.0,0.0,0.0,1198400.0,7638300.0,0.0,1198400.0
2555800000,Седнівська,0.0,4111100.0,0.0,0.0,0.0,0.0,0.0,0.0,0.0,0.0,627400.0,4111100.0,0.0,627400.0
2552800000,Семенівська,0.0,9491700.0,0.0,0.0,0.0,0.0,0.0,0.0,0.0,0.0,26330800.0,9491700.0,0.0,26330800.0
2551000000,Сновська,0.0,10244800.0,0.0,0.0,0.0,0.0,0.0,0.0,0.0,0.0,14628900.0,10244800.0,0.0,14628900.0
2552900000,Сосницька,0.0,11896600.0,0.0,0.0,0.0,0.0,0.0,0.0,0.0,0.0,8406300.0,11896600.0,0.0,8406300.0
2553000000,Срібнянська,0.0,0.0,0.0,0.0,0.0,0.0,0.0,0.0,0.0,0.0,2759800.0,0.0,0.0,2759800.0
2554900000,Сухополов'янська,0.0,0.0,0.0,0.0,0.0,0.0,0.0,0.0,0.0,0.0,1972300.0,0.0,0.0,1972300.0
2555000000,Талалаївська,0.0,3834300.0,0.0,0.0,0.0,0.0,0.0,0.0,0.0,0.0,282000.0,3834300.0,0.0,282000.0
2552300000,Тупичівська,0.0,0.0,0.0,0.0,0.0,0.0,0.0,0.0,0.0,0.0,2373400.0,0.0,0.0,2373400.0
2553200000,Холминська,0.0,6231200.0,0.0,0.0,0.0,0.0,0.0,0.0,0.0,0.0,4749500.0,6231200.0,0.0,4749500.0
2555900000,Чернігівська,0.0,0.0,0.0,0.0,0.0,0.0,0.0,0.0,0.0,0.0,312049600.0,0.0,0.0,312049600.0
2556000000,Яблунівська,0.0,0.0,0.0,0.0,0.0,0.0,0.0,0.0,0.0,0.0,2549100.0,0.0,0.0,2549100.0
2453800000,Банилівська,0.0,14960000.0,0.0,0.0,0.0,0.0,0.0,0.0,0.0,0.0,0.0,14960000.0,0.0,0.0
2453900000,Берегометська,0.0,30074300.0,0.0,0.0,0.0,0.0,0.0,0.0,0.0,0.0,0.0,30074300.0,0.0,0.0
2454000000,Боянська,0.0,10288600.0,0.0,0.0,0.0,0.0,0.0,0.0,0.0,0.0,0.0,10288600.0,0.0,0.0
2454100000,Брусницька,0.0,17095800.0,0.0,0.0,0.0,0.0,0.0,0.0,0.0,0.0,0.0,17095800.0,0.0,0.0
2453400000,Ванчиковецька,0.0,27539700.0,0.0,0.0,0.0,0.0,0.0,0.0,0.0,0.0,0.0,27539700.0,0.0,0.0
2450100000,Вашковецька,0.0,9490600.0,0.0,0.0,0.0,0.0,0.0,0.0,0.0,0.0,0.0,9490600.0,0.0,0.0
2451100000,Вашківецька,0.0,20327000.0,0.0,0.0,0.0,0.0,0.0,0.0,0.0,0.0,0.0,20327000.0,0.0,0.0
2450200000,Великокучурівська,0.0,26266200.0,0.0,0.0,0.0,0.0,0.0,0.0,0.0,0.0,3700000.0,26266200.0,0.0,3700000.0
2454200000,Веренчанська,0.0,12252600.0,0.0,0.0,0.0,0.0,0.0,0.0,0.0,0.0,0.0,12252600.0,0.0,0.0
2451200000,Вижницька,0.0,12997900.0,0.0,0.0,0.0,0.0,0.0,0.0,0.0,0.0,0.0,12997900.0,0.0,0.0
2450300000,Волоківська,0.0,13105600.0,0.0,0.0,0.0,0.0,0.0,0.0,0.0,0.0,0.0,13105600.0,0.0,0.0
2452300000,Вікнянська,0.0,7575600.0,0.0,0.0,0.0,0.0,0.0,0.0,0.0,0.0,28832100.0,7575600.0,0.0,28832100.0
2452700000,Герцаївська,0.0,28905300.0,0.0,0.0,0.0,0.0,0.0,0.0,0.0,0.0,0.0,28905300.0,0.0,0.0
2450400000,Глибоцька,0.0,8550100.0,0.0,0.0,0.0,0.0,0.0,0.0,0.0,0.0,0.0,8550100.0,0.0,0.0
2454300000,Горішньошеровецька,0.0,10126000.0,0.0,0.0,0.0,0.0,0.0,0.0,0.0,0.0,0.0,10126000.0,0.0,0.0
2452800000,Заставнівська,0.0,12493000.0,0.0,0.0,0.0,0.0,0.0,0.0,0.0,0.0,0.0,12493000.0,0.0,0.0
2453700000,Кадубовецька,0.0,11234900.0,0.0,0.0,0.0,0.0,0.0,0.0,0.0,0.0,0.0,11234900.0,0.0,0.0
2454400000,Кам'янецька,0.0,19797100.0,0.0,0.0,0.0,0.0,0.0,0.0,0.0,0.0,0.0,19797100.0,0.0,0.0
2454500000,Кам'янська,0.0,24110300.0,0.0,0.0,0.0,0.0,0.0,0.0,0.0,0.0,0.0,24110300.0,0.0,0.0
2453500000,Карапчівська,0.0,9114200.0,0.0,0.0,0.0,0.0,0.0,0.0,0.0,0.0,84000.0,9114200.0,0.0,84000.0
2454600000,Кельменецька,0.0,43584000.0,0.0,0.0,0.0,0.0,0.0,0.0,0.0,0.0,0.0,43584000.0,0.0,0.0
2450500000,Клішковецька,0.0,27430700.0,0.0,0.0,0.0,0.0,0.0,0.0,0.0,0.0,0.0,27430700.0,0.0,0.0
2451700000,Конятинська,0.0,8444600.0,0.0,0.0,0.0,0.0,0.0,0.0,0.0,0.0,763000.0,8444600.0,0.0,763000.0
2452500000,Кострижівська,0.0,8204100.0,0.0,0.0,0.0,0.0,0.0,0.0,0.0,0.0,0.0,8204100.0,0.0,0.0
2451400000,Красноїльська,0.0,20357100.0,0.0,0.0,0.0,0.0,0.0,0.0,0.0,0.0,407100.0,20357100.0,0.0,407100.0
2452100000,Кіцманська,0.0,17432800.0,0.0,0.0,0.0,0.0,0.0,0.0,0.0,0.0,0.0,17432800.0,0.0,0.0
2454700000,Лівинецька,0.0,12625600.0,0.0,0.0,0.0,0.0,0.0,0.0,0.0,0.0,0.0,12625600.0,0.0,0.0
2452200000,Магальська,0.0,12285800.0,0.0,0.0,0.0,0.0,0.0,0.0,0.0,0.0,0.0,12285800.0,0.0,0.0
2450600000,Мамалигівська,0.0,15522200.0,0.0,0.0,0.0,0.0,0.0,0.0,0.0,0.0,0.0,15522200.0,0.0,0.0
2452000000,Мамаївська,0.0,25930900.0,0.0,0.0,0.0,0.0,0.0,0.0,0.0,0.0,0.0,25930900.0,0.0,0.0
2450700000,Недобоївська,0.0,23965900.0,0.0,0.0,0.0,0.0,0.0,0.0,0.0,0.0,0.0,23965900.0,0.0,0.0
2452900000,Неполоковецька,0.0,9077500.0,0.0,0.0,0.0,0.0,0.0,0.0,0.0,0.0,0.0,9077500.0,0.0,0.0
2453300000,Новодністровська,0.0,0.0,0.0,0.0,0.0,0.0,0.0,0.0,0.0,0.0,1377200.0,0.0,0.0,1377200.0
2452600000,Новоселицька,0.0,40469200.0,0.0,0.0,0.0,0.0,0.0,0.0,0.0,0.0,0.0,40469200.0,0.0,0.0
2451900000,Острицька,0.0,24775400.0,0.0,0.0,0.0,0.0,0.0,0.0,0.0,0.0,0.0,24775400.0,0.0,0.0
2454800000,Петровецька,0.0,16720200.0,0.0,0.0,0.0,0.0,0.0,0.0,0.0,0.0,744500.0,16720200.0,0.0,744500.0
2454900000,Путильська,0.0,10760700.0,0.0,0.0,0.0,0.0,0.0,0.0,0.0,0.0,6245800.0,10760700.0,0.0,6245800.0
2450800000,Рукшинська,0.0,14407400.0,0.0,0.0,0.0,0.0,0.0,0.0,0.0,0.0,0.0,14407400.0,0.0,0.0
2451800000,Селятинська,0.0,6504900.0,0.0,0.0,0.0,0.0,0.0,0.0,0.0,0.0,7368100.0,6504900.0,0.0,7368100.0
2450900000,Сокирянська,0.0,37354300.0,0.0,0.0,0.0,0.0,0.0,0.0,0.0,0.0,0.0,37354300.0,0.0,0.0
2453000000,Ставчанська,0.0,11849000.0,0.0,0.0,0.0,0.0,0.0,0.0,0.0,0.0,0.0,11849000.0,0.0,0.0
2451300000,Сторожинецька,0.0,61659700.0,0.0,0.0,0.0,0.0,0.0,0.0,0.0,0.0,1904400.0,61659700.0,0.0,1904400.0
2453600000,Сучевенська,0.0,15361000.0,0.0,0.0,0.0,0.0,0.0,0.0,0.0,0.0,0.0,15361000.0,0.0,0.0
2455000000,Тарашанська,0.0,14630400.0,0.0,0.0,0.0,0.0,0.0,0.0,0.0,0.0,0.0,14630400.0,0.0,0.0
2451500000,Тереблеченська,0.0,11423200.0,0.0,0.0,0.0,0.0,0.0,0.0,0.0,0.0,0.0,11423200.0,0.0,0.0
2455100000,Топорівська,0.0,23865800.0,0.0,0.0,0.0,0.0,0.0,0.0,0.0,0.0,0.0,23865800.0,0.0,0.0
2451000000,Усть-Путильська,0.0,10950400.0,0.0,0.0,0.0,0.0,0.0,0.0,0.0,0.0,4177800.0,10950400.0,0.0,4177800.0
2453100000,Хотинська,0.0,10744000.0,0.0,0.0,0.0,0.0,0.0,0.0,0.0,0.0,2245400.0,10744000.0,0.0,2245400.0
2453200000,Чагорська,0.0,16760300.0,0.0,0.0,0.0,0.0,0.0,0.0,0.0,0.0,0.0,16760300.0,0.0,0.0
2455200000,Чернівецька,0.0,0.0,0.0,0.0,0.0,0.0,0.0,0.0,0.0,0.0,0.0,0.0,0.0,0.0
2451600000,Чудейська,0.0,29300800.0,0.0,0.0,0.0,0.0,0.0,0.0,0.0,0.0,0.0,29300800.0,0.0,0.0
2452400000,Юрковецька,0.0,12142100.0,0.0,0.0,0.0,0.0,0.0,0.0,0.0,0.0,2401000.0,12142100.0,0.0,2401000.0
0450100000,Апостолівська,0.0,6167100.0,0.0,0.0,0.0,0.0,0.0,0.0,0.0,0.0,0.0,6167100.0,0.0,0.0
0450200000,Богданівська,0.0,0.0,0.0,0.0,0.0,0.0,0.0,0.0,0.0,0.0,15500.0,0.0,0.0,15500.0
0451800000,Божедарівська,0.0,6791500.0,0.0,0.0,0.0,0.0,0.0,0.0,0.0,0.0,0.0,6791500.0,0.0,0.0
0457200000,Брагинівська,0.0,4897500.0,0.0,0.0,0.0,0.0,0.0,0.0,0.0,0.0,0.0,4897500.0,0.0,0.0
0450500000,Вакулівська,0.0,2638400.0,0.0,0.0,0.0,0.0,0.0,0.0,0.0,0.0,740200.0,2638400.0,0.0,740200.0
0451900000,Васильківська,0.0,21407000.0,0.0,0.0,0.0,0.0,0.0,0.0,0.0,0.0,0.0,21407000.0,0.0,0.0
0452900000,Великомихайлівська,0.0,157100.0,0.0,0.0,0.0,0.0,0.0,0.0,0.0,0.0,6861900.0,157100.0,0.0,6861900.0
0450300000,Вербківська,0.0,0.0,0.0,0.0,0.0,0.0,0.0,0.0,0.0,0.0,0.0,0.0,0.0,0.0
0453600000,Верхньодніпровська,0.0,17614300.0,0.0,0.0,0.0,0.0,0.0,0.0,0.0,0.0,0.0,17614300.0,0.0,0.0
0457300000,Верхівцівська,0.0,0.0,0.0,0.0,0.0,0.0,0.0,0.0,0.0,0.0,0.0,0.0,0.0,0.0
0452000000,Вишнівська,0.0,2723600.0,0.0,0.0,0.0,0.0,0.0,0.0,0.0,0.0,0.0,2723600.0,0.0,0.0
0457400000,Вільногірська,0.0,0.0,0.0,0.0,0.0,0.0,0.0,0.0,0.0,0.0,12329600.0,0.0,0.0,12329600.0
0456300000,Глеюватська,0.0,0.0,0.0,0.0,0.0,0.0,0.0,0.0,0.0,0.0,17159900.0,0.0,0.0,17159900.0
0453000000,Гречаноподівська,0.0,5000500.0,0.0,0.0,0.0,0.0,0.0,0.0,0.0,0.0,347100.0,5000500.0,0.0,347100.0
0450700000,Грушівська,0.0,10683700.0,0.0,0.0,0.0,0.0,0.0,0.0,0.0,0.0,1139900.0,10683700.0,0.0,1139900.0
0457500000,Губиниська,0.0,0.0,0.0,0.0,0.0,0.0,0.0,0.0,0.0,0.0,0.0,0.0,0.0,0.0
0455600000,Девладівська,0.0,3847300.0,0.0,0.0,0.0,0.0,0.0,0.0,0.0,0.0,0.0,3847300.0,0.0,0.0
0457600000,Дніпровська,0.0,0.0,0.0,0.0,0.0,0.0,0.0,0.0,0.0,0.0,793900000.0,0.0,0.0,793900000.0
0453500000,Дубовиківська,0.0,4580900.0,0.0,0.0,0.0,0.0,0.0,0.0,0.0,0.0,2568400.0,4580900.0,0.0,2568400.0
0457700000,Жовтоводська,0.0,23543700.0,0.0,0.0,0.0,0.0,0.0,0.0,0.0,0.0,0.0,23543700.0,0.0,0.0
0454500000,Зайцівська,0.0,0.0,0.0,0.0,0.0,0.0,0.0,0.0,0.0,0.0,105600.0,0.0,0.0,105600.0
0456400000,Затишнянська,0.0,1211100.0,0.0,0.0,0.0,0.0,0.0,0.0,0.0,0.0,1254200.0,1211100.0,0.0,1254200.0
0450600000,Зеленодольська,0.0,0.0,0.0,0.0,0.0,0.0,0.0,0.0,0.0,0.0,2477300.0,0.0,0.0,2477300.0
0455400000,Кам'янська,0.0,1870200.0,0.0,0.0,0.0,0.0,0.0,0.0,0.0,0.0,607900.0,1870200.0,0.0,607900.0
0455000000,Карпівська,0.0,0.0,0.0,0.0,0.0,0.0,0.0,0.0,0.0,0.0,2470300.0,0.0,0.0,2470300.0
0454800000,Китайгородська,0.0,0.0,0.0,0.0,0.0,0.0,0.0,0.0,0.0,0.0,3268300.0,0.0,0.0,3268300.0
0457810000,Криворізька,0.0,0.0,0.0,0.0,0.0,0.0,0.0,0.0,0.0,0.0,55261900.0,0.0,0.0,55261900.0
0452100000,Криничанська,0.0,0.0,0.0,0.0,0.0,0.0,0.0,0.0,0.0,0.0,8981800.0,0.0,0.0,8981800.0
0452200000,Лихівська,0.0,3540000.0,0.0,0.0,0.0,0.0,0.0,0.0,0.0,0.0,3142600.0,3540000.0,0.0,3142600.0
0455700000,Личківська,0.0,0.0,0.0,0.0,0.0,0.0,0.0,0.0,0.0,0.0,0.0,0.0,0.0,0.0
0457900000,Лозуватська,0.0,0.0,0.0,0.0,0.0,0.0,0.0,0.0,0.0,0.0,0.0,0.0,0.0,0.0
0455300000,Любимівська,0.0,822500.0,0.0,0.0,0.0,0.0,0.0,0.0,0.0,0.0,936400.0,822500.0,0.0,936400.0
0450800000,Ляшківська,0.0,2914200.0,0.0,0.0,0.0,0.0,0.0,0.0,0.0,0.0,519200.0,2914200.0,0.0,519200.0
0456500000,Магдалинівська,0.0,478200.0,0.0,0.0,0.0,0.0,0.0,0.0,0.0,0.0,0.0,478200.0,0.0,0.0
0453100000,Маломихайлівська,0.0,13254300.0,0.0,0.0,0.0,0.0,0.0,0.0,0.0,0.0,456000.0,13254300.0,0.0,456000.0
0456100000,Марганецька,0.0,10580500.0,0.0,0.0,0.0,0.0,0.0,0.0,0.0,0.0,75632500.0,10580500.0,0.0,75632500.0
0454100000,Межиріцька,0.0,7662700.0,0.0,0.0,0.0,0.0,0.0,0.0,0.0,0.0,358100.0,7662700.0,0.0,358100.0
0453700000,Межівська,0.0,13582300.0,0.0,0.0,0.0,0.0,0.0,0.0,0.0,0.0,247100.0,13582300.0,0.0,247100.0
0450900000,Миколаївська,0.0,163800.0,0.0,0.0,0.0,0.0,0.0,0.0,0.0,0.0,966500.0,163800.0,0.0,966500.0
0451600000,Мирівська,0.0,3875100.0,0.0,0.0,0.0,0.0,0.0,0.0,0.0,0.0,5175300.0,3875100.0,0.0,5175300.0
0450900000,Могилівська,0.0,163800.0,0.0,0.0,0.0,0.0,0.0,0.0,0.0,0.0,966500.0,163800.0,0.0,966500.0
0453900000,Мозолевська,0.0,0.0,0.0,0.0,0.0,0.0,0.0,0.0,0.0,0.0,0.0,0.0,0.0,0.0
0451000000,Нивотрудівська,0.0,6464200.0,0.0,0.0,0.0,0.0,0.0,0.0,0.0,0.0,0.0,6464200.0,0.0,0.0
0453200000,Новолатівська,0.0,0.0,0.0,0.0,0.0,0.0,0.0,0.0,0.0,0.0,1883700.0,0.0,0.0,1883700.0
0453200000,Новоолександрівська,0.0,0.0,0.0,0.0,0.0,0.0,0.0,0.0,0.0,0.0,1883700.0,0.0,0.0,1883700.0
0453300000,Новопавлівська,0.0,802800.0,0.0,0.0,0.0,0.0,0.0,0.0,0.0,0.0,4777700.0,802800.0,0.0,4777700.0
0452300000,Новопокровська,0.0,1631300.0,0.0,0.0,0.0,0.0,0.0,0.0,0.0,0.0,1566100.0,1631300.0,0.0,1566100.0
0458300000,Новопільська,0.0,622400.0,0.0,0.0,0.0,0.0,0.0,0.0,0.0,0.0,0.0,622400.0,0.0,0.0
0458100000,Нікопольська,0.0,0.0,0.0,0.0,0.0,0.0,0.0,0.0,0.0,0.0,60840900.0,0.0,0.0,60840900.0
0456600000,Обухівська,0.0,17958300.0,0.0,0.0,0.0,0.0,0.0,0.0,0.0,0.0,0.0,17958300.0,0.0,0.0
0458800000,П'ятихатська,0.0,4375700.0,0.0,0.0,0.0,0.0,0.0,0.0,0.0,0.0,0.0,4375700.0,0.0,0.0
0458400000,Павлоградська,0.0,0.0,0.0,0.0,0.0,0.0,0.0,0.0,0.0,0.0,0.0,0.0,0.0,0.0
0455800000,Перещепинська,0.0,0.0,0.0,0.0,0.0,0.0,0.0,0.0,0.0,0.0,3702800.0,0.0,0.0,3702800.0
0454300000,Петриківська,0.0,0.0,0.0,0.0,0.0,0.0,0.0,0.0,0.0,0.0,0.0,0.0,0.0,0.0
0458600000,Петропавлівська,0.0,8657200.0,0.0,0.0,0.0,0.0,0.0,0.0,0.0,0.0,0.0,8657200.0,0.0,0.0
0452300000,Покровська,0.0,1631300.0,0.0,0.0,0.0,0.0,0.0,0.0,0.0,0.0,1566100.0,1631300.0,0.0,1566100.0
0456800000,Підгородненська,0.0,30480900.0,0.0,0.0,0.0,0.0,0.0,0.0,0.0,0.0,1184500.0,30480900.0,0.0,1184500.0
0454600000,Раївська,0.0,0.0,0.0,0.0,0.0,0.0,0.0,0.0,0.0,0.0,3324500.0,0.0,0.0,3324500.0
0452400000,Роздорська,0.0,1556600.0,0.0,0.0,0.0,0.0,0.0,0.0,0.0,0.0,370600.0,1556600.0,0.0,370600.0
0455500000,Саксаганська,0.0,4928600.0,0.0,0.0,0.0,0.0,0.0,0.0,0.0,0.0,1213100.0,4928600.0,0.0,1213100.0
0458200000,Самарівська,0.0,54573400.0,0.0,0.0,0.0,0.0,0.0,0.0,0.0,0.0,0.0,54573400.0,0.0,0.0
0450400000,Святовасилівська,0.0,3922900.0,0.0,0.0,0.0,0.0,0.0,0.0,0.0,0.0,1326700.0,3922900.0,0.0,1326700.0
0458900000,Синельниківська,0.0,13911100.0,0.0,0.0,0.0,0.0,0.0,0.0,0.0,0.0,482900.0,13911100.0,0.0,482900.0
0454800000,Славгородська,0.0,0.0,0.0,0.0,0.0,0.0,0.0,0.0,0.0,0.0,3268300.0,0.0,0.0,3268300.0
0451500000,Слобожанська,0.0,0.0,0.0,0.0,0.0,0.0,0.0,0.0,0.0,0.0,0.0,0.0,0.0,0.0
0459000000,Слов'янська,0.0,0.0,0.0,0.0,0.0,0.0,0.0,0.0,0.0,0.0,0.0,0.0,0.0,0.0
0451300000,Солонянська,0.0,7485500.0,0.0,0.0,0.0,0.0,0.0,0.0,0.0,0.0,0.0,7485500.0,0.0,0.0
0452500000,Софіївська,0.0,1658000.0,0.0,0.0,0.0,0.0,0.0,0.0,0.0,0.0,0.0,1658000.0,0.0,0.0
0451400000,Сурсько-Литовська,0.0,7902800.0,0.0,0.0,0.0,0.0,0.0,0.0,0.0,0.0,0.0,7902800.0,0.0,0.0
0459100000,Тернівська,0.0,0.0,0.0,0.0,0.0,0.0,0.0,0.0,0.0,0.0,0.0,0.0,0.0,0.0
0452600000,Томаківська,0.0,6428800.0,0.0,0.0,0.0,0.0,0.0,0.0,0.0,0.0,0.0,6428800.0,0.0,0.0
0454200000,Троїцька,0.0,0.0,0.0,0.0,0.0,0.0,0.0,0.0,0.0,0.0,2185700.0,0.0,0.0,2185700.0
0455400000,Українська,0.0,1870200.0,0.0,0.0,0.0,0.0,0.0,0.0,0.0,0.0,607900.0,1870200.0,0.0,607900.0
0452700000,Царичанська,0.0,3792700.0,0.0,0.0,0.0,0.0,0.0,0.0,0.0,0.0,0.0,3792700.0,0.0,0.0
0454000000,Червоногригорівська,0.0,1835600.0,0.0,0.0,0.0,0.0,0.0,0.0,0.0,0.0,7295900.0,1835600.0,0.0,7295900.0
0456000000,Чумаківська,0.0,0.0,0.0,0.0,0.0,0.0,0.0,0.0,0.0,0.0,765300.0,0.0,0.0,765300.0
0451600000,Широківська,0.0,3875100.0,0.0,0.0,0.0,0.0,0.0,0.0,0.0,0.0,5175300.0,3875100.0,0.0,5175300.0
0455200000,Юріївська,0.0,0.0,0.0,0.0,0.0,0.0,0.0,0.0,0.0,0.0,0.0,0.0,0.0,0.0
0454700000,Яворницька,0.0,16466400.0,0.0,0.0,0.0,0.0,0.0,0.0,0.0,0.0,24054600.0,16466400.0,0.0,24054600.0
0555400000,Єнакієвська,0.0,0.0,0.0,0.0,0.0,0.0,0.0,0.0,0.0,0.0,0.0,0.0,0.0,0.0
0550600000,Іллінівська,0.0,22236300.0,0.0,0.0,0.0,0.0,0.0,0.0,0.0,0.0,39314500.0,22236300.0,0.0,39314500.0
0555600000,Іловайська,0.0,0.0,0.0,0.0,0.0,0.0,0.0,0.0,0.0,0.0,0.0,0.0,0.0,0.0
0551400000,Авдіївська,0.0,24998300.0,0.0,0.0,0.0,0.0,0.0,0.0,0.0,0.0,135664300.0,24998300.0,0.0,135664300.0
0554700000,Амвросіївська,0.0,0.0,0.0,0.0,0.0,0.0,0.0,0.0,0.0,0.0,0.0,0.0,0.0,0.0
0550900000,Андріївська,0.0,384400.0,0.0,0.0,0.0,0.0,0.0,0.0,0.0,0.0,9730400.0,384400.0,0.0,9730400.0
0551100000,Бахмутська,0.0,74755400.0,0.0,0.0,0.0,0.0,0.0,0.0,0.0,0.0,471022400.0,74755400.0,0.0,471022400.0
0554800000,Бойківська,0.0,0.0,0.0,0.0,0.0,0.0,0.0,0.0,0.0,0.0,0.0,0.0,0.0,0.0
0551500000,Білозерська,0.0,0.0,0.0,0.0,0.0,0.0,0.0,0.0,0.0,0.0,13248200.0,0.0,0.0,13248200.0
0551600000,Великоновосілківська,0.0,24739700.0,0.0,0.0,0.0,0.0,0.0,0.0,0.0,0.0,67322200.0,24739700.0,0.0,67322200.0
0551700000,Волноваська,0.0,152233100.0,0.0,0.0,0.0,0.0,0.0,0.0,0.0,0.0,60194600.0,152233100.0,0.0,60194600.0
0554900000,Вуглегірська,0.0,0.0,0.0,0.0,0.0,0.0,0.0,0.0,0.0,0.0,0.0,0.0,0.0,0.0
0551200000,Вугледарська,0.0,54160800.0,0.0,0.0,0.0,0.0,0.0,0.0,0.0,0.0,127234500.0,54160800.0,0.0,127234500.0
0555000000,Горлівська,0.0,0.0,0.0,0.0,0.0,0.0,0.0,0.0,0.0,0.0,0.0,0.0,0.0,0.0
0551800000,Гродівська,0.0,0.0,0.0,0.0,0.0,0.0,0.0,0.0,0.0,0.0,13291000.0,0.0,0.0,13291000.0
0555100000,Дебальцівська,0.0,0.0,0.0,0.0,0.0,0.0,0.0,0.0,0.0,0.0,0.0,0.0,0.0,0.0
0551900000,Добропільська,14379700.0,0.0,0.0,0.0,0.0,0.0,0.0,0.0,0.0,0.0,54512600.0,0.0,14379700.0,54512600.0
0555200000,Докучаєвська,0.0,0.0,0.0,0.0,0.0,0.0,0.0,0.0,0.0,0.0,0.0,0.0,0.0,0.0
0555300000,Донецька,0.0,0.0,0.0,0.0,0.0,0.0,0.0,0.0,0.0,0.0,0.0,0.0,0.0,0.0
0552000000,Дружківська,0.0,100346300.0,0.0,0.0,0.0,0.0,0.0,0.0,0.0,0.0,103757800.0,100346300.0,0.0,103757800.0
0555500000,Жданівська,0.0,0.0,0.0,0.0,0.0,0.0,0.0,0.0,0.0,0.0,0.0,0.0,0.0,0.0
0550800000,Званівська,0.0,729900.0,0.0,0.0,0.0,0.0,0.0,0.0,0.0,0.0,13763700.0,729900.0,0.0,13763700.0
0555700000,Кальміуська,0.0,0.0,0.0,0.0,0.0,0.0,0.0,0.0,0.0,0.0,0.0,0.0,0.0,0.0
0552100000,Кальчицька,0.0,30560500.0,0.0,0.0,0.0,0.0,0.0,0.0,0.0,0.0,4448000.0,30560500.0,0.0,4448000.0
0552200000,Комарська,0.0,2994700.0,0.0,0.0,0.0,0.0,0.0,0.0,0.0,0.0,17571400.0,2994700.0,0.0,17571400.0
0552300000,Костянтинівська,0.0,96183000.0,0.0,0.0,0.0,0.0,0.0,0.0,0.0,0.0,136903600.0,96183000.0,0.0,136903600.0
0552400000,Краматорська,0.0,115482800.0,0.0,0.0,0.0,0.0,0.0,0.0,0.0,0.0,602228600.0,115482800.0,0.0,602228600.0
0551300000,Криворізька,0.0,0.0,0.0,0.0,0.0,0.0,0.0,0.0,0.0,0.0,8325200.0,0.0,0.0,8325200.0
0552500000,Курахівська,0.0,32748100.0,0.0,0.0,0.0,0.0,0.0,0.0,0.0,0.0,52818100.0,32748100.0,0.0,52818100.0
0550100000,Лиманська,0.0,56547900.0,0.0,0.0,0.0,0.0,0.0,0.0,0.0,0.0,139418600.0,56547900.0,0.0,139418600.0
0555800000,Макіївська,0.0,0.0,0.0,0.0,0.0,0.0,0.0,0.0,0.0,0.0,0.0,0.0,0.0,0.0
0552600000,Мангушська,0.0,86161700.0,0.0,0.0,0.0,0.0,0.0,0.0,0.0,0.0,11242800.0,86161700.0,0.0,11242800.0
0552700000,Мар'їнська,0.0,36946300.0,0.0,0.0,0.0,0.0,0.0,0.0,0.0,0.0,71235200.0,36946300.0,0.0,71235200.0
0552800000,Маріупольська,0.0,1054315000.0,0.0,0.0,0.0,0.0,0.0,0.0,0.0,0.0,1481466700.0,1054315000.0,0.0,1481466700.0
0553100000,Миколаївська,0.0,65295400.0,0.0,0.0,0.0,0.0,0.0,0.0,0.0,0.0,15213100.0,65295400.0,0.0,15213100.0
0553100000,Микільська,0.0,65295400.0,0.0,0.0,0.0,0.0,0.0,0.0,0.0,0.0,15213100.0,65295400.0,0.0,15213100.0
0552700000,Мирненська,0.0,36946300.0,0.0,0.0,0.0,0.0,0.0,0.0,0.0,0.0,71235200.0,36946300.0,0.0,71235200.0
0553000000,Мирноградська,0.0,11355300.0,0.0,0.0,0.0,0.0,0.0,0.0,0.0,0.0,45259300.0,11355300.0,0.0,45259300.0
0555900000,Новоазовська,0.0,0.0,0.0,0.0,0.0,0.0,0.0,0.0,0.0,0.0,0.0,0.0,0.0,0.0
0553200000,Новогродівська,0.0,4543200.0,0.0,0.0,0.0,0.0,0.0,0.0,0.0,0.0,69459200.0,4543200.0,0.0,69459200.0
0553300000,Новодонецька,0.0,9014900.0,0.0,0.0,0.0,0.0,0.0,0.0,0.0,0.0,53071000.0,9014900.0,0.0,53071000.0
0550900000,Олександрівська,0.0,384400.0,0.0,0.0,0.0,0.0,0.0,0.0,0.0,0.0,9730400.0,384400.0,0.0,9730400.0
0553400000,Ольгинська,0.0,66439600.0,0.0,0.0,0.0,0.0,0.0,0.0,0.0,0.0,11667400.0,66439600.0,0.0,11667400.0
0553500000,Очеретинська,0.0,37535600.0,0.0,0.0,0.0,0.0,0.0,0.0,0.0,0.0,76890200.0,37535600.0,0.0,76890200.0
0553600000,Покровська,0.0,0.0,0.0,0.0,0.0,0.0,0.0,0.0,0.0,0.0,7669600.0,0.0,0.0,7669600.0
0553700000,Сартанська,0.0,39741700.0,0.0,0.0,0.0,0.0,0.0,0.0,0.0,0.0,18983100.0,39741700.0,0.0,18983100.0
0553900000,Святогірська,0.0,22321100.0,0.0,0.0,0.0,0.0,0.0,0.0,0.0,0.0,29634200.0,22321100.0,0.0,29634200.0
0553800000,Світлодарська,0.0,66763100.0,0.0,0.0,0.0,0.0,0.0,0.0,0.0,0.0,29711600.0,66763100.0,0.0,29711600.0
0554000000,Селидівська,0.0,39393400.0,0.0,0.0,0.0,0.0,0.0,0.0,0.0,0.0,35953700.0,39393400.0,0.0,35953700.0
0554100000,Слов'янська,0.0,129013100.0,0.0,0.0,0.0,0.0,0.0,0.0,0.0,0.0,153493800.0,129013100.0,0.0,153493800.0
0556000000,Сніжнянська,0.0,0.0,0.0,0.0,0.0,0.0,0.0,0.0,0.0,0.0,0.0,0.0,0.0,0.0
0550500000,Соледарська,0.0,7942500.0,0.0,0.0,0.0,0.0,0.0,0.0,0.0,0.0,121019300.0,7942500.0,0.0,121019300.0
0556100000,Старобешівська,0.0,0.0,0.0,0.0,0.0,0.0,0.0,0.0,0.0,0.0,0.0,0.0,0.0,0.0
0554200000,Старомлинівська,0.0,29962200.0,0.0,0.0,0.0,0.0,0.0,0.0,0.0,0.0,6769100.0,29962200.0,0.0,6769100.0
0550700000,Сіверська,0.0,18515300.0,0.0,0.0,0.0,0.0,0.0,0.0,0.0,0.0,26583400.0,18515300.0,0.0,26583400.0
0554300000,Торецька,0.0,73770400.0,0.0,0.0,0.0,0.0,0.0,0.0,0.0,0.0,133287800.0,73770400.0,0.0,133287800.0
0554400000,Удачненська,0.0,0.0,0.0,0.0,0.0,0.0,0.0,0.0,0.0,0.0,3628800.0,0.0,0.0,3628800.0
0556200000,Харцизька,0.0,0.0,0.0,0.0,0.0,0.0,0.0,0.0,0.0,0.0,0.0,0.0,0.0,0.0
0554500000,Хлібодарівська,0.0,36591600.0,0.0,0.0,0.0,0.0,0.0,0.0,0.0,0.0,14356000.0,36591600.0,0.0,14356000.0
0556300000,Хрестівська,0.0,0.0,0.0,0.0,0.0,0.0,0.0,0.0,0.0,0.0,0.0,0.0,0.0,0.0
0554600000,Часовоярська,0.0,11285800.0,0.0,0.0,0.0,0.0,0.0,0.0,0.0,0.0,39286900.0,11285800.0,0.0,39286900.0
0550300000,Черкаська,0.0,16738400.0,0.0,0.0,0.0,0.0,0.0,0.0,0.0,0.0,21796600.0,16738400.0,0.0,21796600.0
0556400000,Чистяківська,0.0,0.0,0.0,0.0,0.0,0.0,0.0,0.0,0.0,0.0,0.0,0.0,0.0,0.0
0556500000,Шахтарська,0.0,0.0,0.0,0.0,0.0,0.0,0.0,0.0,0.0,0.0,0.0,0.0,0.0,0.0
0550200000,Шахівська,0.0,1344700.0,0.0,0.0,0.0,0.0,0.0,0.0,0.0,0.0,20111000.0,1344700.0,0.0,20111000.0
0556600000,Ясинуватська,0.0,0.0,0.0,0.0,0.0,0.0,0.0,0.0,0.0,0.0,0.0,0.0,0.0,0.0
0953600000,Єзупільська,0.0,12349000.0,0.0,0.0,0.0,0.0,0.0,0.0,0.0,0.0,0.0,12349000.0,0.0,0.0
0953300000,Івано-Франківська,0.0,0.0,0.0,0.0,0.0,0.0,0.0,0.0,0.0,0.0,0.0,0.0,0.0,0.0
0954000000,Богородчанська,0.0,15474900.0,0.0,0.0,0.0,0.0,0.0,0.0,0.0,0.0,0.0,15474900.0,0.0,0.0
0954100000,Болехівська,0.0,32113700.0,0.0,0.0,0.0,0.0,0.0,0.0,0.0,0.0,0.0,32113700.0,0.0,0.0
0952000000,Брошнів-Осадська,0.0,0.0,0.0,0.0,0.0,0.0,0.0,0.0,0.0,0.0,0.0,0.0,0.0,0.0
0952600000,Букачівська,0.0,7072100.0,0.0,0.0,0.0,0.0,0.0,0.0,0.0,0.0,481000.0,7072100.0,0.0,481000.0
0954200000,Бурштинська,0.0,0.0,0.0,0.0,0.0,0.0,0.0,0.0,0.0,0.0,0.0,0.0,0.0,0.0
0950400000,Білоберізька,0.0,14114300.0,0.0,0.0,0.0,0.0,0.0,0.0,0.0,0.0,0.0,14114300.0,0.0,0.0
0950600000,Більшівцівська,0.0,12196100.0,0.0,0.0,0.0,0.0,0.0,0.0,0.0,0.0,282000.0,12196100.0,0.0,282000.0
0950100000,Верхнянська,0.0,14390800.0,0.0,0.0,0.0,0.0,0.0,0.0,0.0,0.0,0.0,14390800.0,0.0,0.0
0954300000,Верховинська,0.0,29481600.0,0.0,0.0,0.0,0.0,0.0,0.0,0.0,0.0,6245800.0,29481600.0,0.0,6245800.0
0952700000,Вигодська,0.0,11501200.0,0.0,0.0,0.0,0.0,0.0,0.0,0.0,0.0,0.0,11501200.0,0.0,0.0
0950700000,Витвицька,0.0,12081900.0,0.0,0.0,0.0,0.0,0.0,0.0,0.0,0.0,0.0,12081900.0,0.0,0.0
0952100000,Войнилівська,0.0,19743800.0,0.0,0.0,0.0,0.0,0.0,0.0,0.0,0.0,0.0,19743800.0,0.0,0.0
0954400000,Ворохтянська,0.0,9862700.0,0.0,0.0,0.0,0.0,0.0,0.0,0.0,0.0,0.0,9862700.0,0.0,0.0
0954500000,Галицька,0.0,19401000.0,0.0,0.0,0.0,0.0,0.0,0.0,0.0,0.0,0.0,19401000.0,0.0,0.0
0953400000,Гвіздецька,0.0,13755100.0,0.0,0.0,0.0,0.0,0.0,0.0,0.0,0.0,0.0,13755100.0,0.0,0.0
0954600000,Городенківська,0.0,39548000.0,3153700.0,0.0,0.0,0.0,0.0,0.0,0.0,0.0,0.0,39548000.0,0.0,3153700.0
0952200000,Делятинська,0.0,39820100.0,0.0,0.0,0.0,0.0,0.0,0.0,0.0,0.0,2103400.0,39820100.0,0.0,2103400.0
0951300000,Дзвиняцька,0.0,9373400.0,0.0,0.0,0.0,0.0,0.0,0.0,0.0,0.0,0.0,9373400.0,0.0,0.0
0953200000,Долинська,0.0,0.0,0.0,0.0,0.0,0.0,0.0,0.0,0.0,0.0,0.0,0.0,0.0,0.0
0954700000,Дубовецька,0.0,7493600.0,0.0,0.0,0.0,0.0,0.0,0.0,0.0,0.0,5472400.0,7493600.0,0.0,5472400.0
0953500000,Дубівська,0.0,11713200.0,0.0,0.0,0.0,0.0,0.0,0.0,0.0,0.0,1713400.0,11713200.0,0.0,1713400.0
0951800000,Заболотівська,0.0,36629800.0,0.0,0.0,0.0,0.0,0.0,0.0,0.0,0.0,0.0,36629800.0,0.0,0.0
0952400000,Загвіздянська,0.0,10783900.0,0.0,0.0,0.0,0.0,0.0,0.0,0.0,0.0,239400.0,10783900.0,0.0,239400.0
0954800000,Зеленська,0.0,3051500.0,0.0,0.0,0.0,0.0,0.0,0.0,0.0,0.0,0.0,3051500.0,0.0,0.0
0953100000,Калуська,0.0,6194100.0,0.0,0.0,0.0,0.0,0.0,0.0,0.0,0.0,234400.0,6194100.0,0.0,234400.0
0953000000,Коломийська,0.0,0.0,0.0,0.0,0.0,0.0,0.0,0.0,0.0,0.0,9898000.0,0.0,0.0,9898000.0
0952800000,Коршівська,0.0,15375900.0,0.0,0.0,0.0,0.0,0.0,0.0,0.0,0.0,126900.0,15375900.0,0.0,126900.0
0950800000,Космацька,0.0,17279400.0,0.0,0.0,0.0,0.0,0.0,0.0,0.0,0.0,0.0,17279400.0,0.0,0.0
0954900000,Косівська,0.0,40950800.0,0.0,0.0,0.0,0.0,0.0,0.0,0.0,0.0,0.0,40950800.0,0.0,0.0
0955000000,Кутська,0.0,33045400.0,0.0,0.0,0.0,0.0,0.0,0.0,0.0,0.0,928500.0,33045400.0,0.0,928500.0
0951700000,Ланчинська,0.0,22974700.0,0.0,0.0,0.0,0.0,0.0,0.0,0.0,0.0,7800.0,22974700.0,0.0,7800.0
0955100000,Лисецька,0.0,7614300.0,0.0,0.0,0.0,0.0,0.0,0.0,0.0,0.0,0.0,7614300.0,0.0,0.0
0950900000,Матеївецька,0.0,13839900.0,0.0,0.0,0.0,0.0,0.0,0.0,0.0,0.0,0.0,13839900.0,0.0,0.0
0955200000,Надвірнянська,0.0,1863800.0,0.0,0.0,0.0,0.0,0.0,0.0,0.0,0.0,0.0,1863800.0,0.0,0.0
0951000000,Нижньовербізька,0.0,27347800.0,0.0,0.0,0.0,0.0,0.0,0.0,0.0,0.0,0.0,27347800.0,0.0,0.0
0952900000,Новицька,0.0,29459600.0,0.0,0.0,0.0,0.0,0.0,0.0,0.0,0.0,0.0,29459600.0,0.0,0.0
0955300000,Обертинська,0.0,13112100.0,0.0,0.0,0.0,0.0,0.0,0.0,0.0,0.0,0.0,13112100.0,0.0,0.0
0951200000,Олешанська,0.0,15391400.0,0.0,0.0,0.0,0.0,0.0,0.0,0.0,0.0,0.0,15391400.0,0.0,0.0
0955400000,Отинійська,0.0,36785500.0,0.0,0.0,0.0,0.0,0.0,0.0,0.0,0.0,0.0,36785500.0,0.0,0.0
0951100000,П'ядицька,0.0,20647800.0,0.0,0.0,0.0,0.0,0.0,0.0,0.0,0.0,0.0,20647800.0,0.0,0.0
0953800000,Пасічнянська,0.0,25105700.0,0.0,0.0,0.0,0.0,0.0,0.0,0.0,0.0,0.0,25105700.0,0.0,0.0
0955500000,Перегінська,0.0,36240800.0,0.0,0.0,0.0,0.0,0.0,0.0,0.0,0.0,0.0,36240800.0,0.0,0.0
0951600000,Переріслянська,0.0,17755400.0,0.0,0.0,0.0,0.0,0.0,0.0,0.0,0.0,0.0,17755400.0,0.0,0.0
0950200000,Печеніжинська,0.0,33355700.0,0.0,0.0,0.0,0.0,0.0,0.0,0.0,0.0,0.0,33355700.0,0.0,0.0
0955600000,Поляницька,0.0,0.0,0.0,0.0,0.0,0.0,0.0,0.0,0.0,0.0,0.0,0.0,0.0,0.0
0953900000,Підгайчиківська,0.0,9641300.0,0.0,0.0,0.0,0.0,0.0,0.0,0.0,0.0,0.0,9641300.0,0.0,0.0
0955700000,Рогатинська,0.0,18602600.0,0.0,0.0,0.0,0.0,0.0,0.0,0.0,0.0,0.0,18602600.0,0.0,0.0
0955800000,Рожнятівська,0.0,27038400.0,0.0,0.0,0.0,0.0,0.0,0.0,0.0,0.0,0.0,27038400.0,0.0,0.0
0951400000,Рожнівська,0.0,26736300.0,0.0,0.0,0.0,0.0,0.0,0.0,0.0,0.0,0.0,26736300.0,0.0,0.0
0955900000,Снятинська,0.0,38564400.0,0.0,0.0,0.0,0.0,0.0,0.0,0.0,0.0,0.0,38564400.0,0.0,0.0
0956000000,Солотвинська,0.0,52044500.0,0.0,0.0,0.0,0.0,0.0,0.0,0.0,0.0,0.0,52044500.0,0.0,0.0
0952300000,Спаська,0.0,8806900.0,0.0,0.0,0.0,0.0,0.0,0.0,0.0,0.0,0.0,8806900.0,0.0,0.0
0950300000,Старобогородчанська,0.0,11485500.0,0.0,0.0,0.0,0.0,0.0,0.0,0.0,0.0,0.0,11485500.0,0.0,0.0
0956100000,Тисменицька,0.0,39491700.0,0.0,0.0,0.0,0.0,0.0,0.0,0.0,0.0,0.0,39491700.0,0.0,0.0
0950500000,Тлумацька,0.0,43603500.0,0.0,0.0,0.0,0.0,0.0,0.0,0.0,0.0,4640300.0,43603500.0,0.0,4640300.0
0952500000,Угринівська,0.0,3054600.0,0.0,0.0,0.0,0.0,0.0,0.0,0.0,0.0,0.0,3054600.0,0.0,0.0
0956200000,Чернелицька,0.0,10498400.0,0.0,0.0,0.0,0.0,0.0,0.0,0.0,0.0,0.0,10498400.0,0.0,0.0
0951500000,Яблунівська,0.0,25883600.0,0.0,0.0,0.0,0.0,0.0,0.0,0.0,0.0,2417300.0,25883600.0,0.0,2417300.0
0951900000,Ямницька,0.0,0.0,0.0,0.0,0.0,0.0,0.0,0.0,0.0,0.0,241300.0,0.0,0.0,241300.0
0956300000,Яремчанська,0.0,6431600.0,0.0,0.0,0.0,0.0,0.0,0.0,0.0,0.0,10349500.0,6431600.0,0.0,10349500.0
2051800000,Ізюмська,0.0,1453700.0,0.0,0.0,0.0,0.0,0.0,0.0,0.0,0.0,126695400.0,1453700.0,0.0,126695400.0
2052400000,Балаклійська,0.0,34628700.0,0.0,0.0,0.0,0.0,0.0,0.0,0.0,0.0,246063700.0,34628700.0,0.0,246063700.0
2052500000,Барвінківська,0.0,9205800.0,0.0,0.0,0.0,0.0,0.0,0.0,0.0,0.0,141663200.0,9205800.0,0.0,141663200.0
2052600000,Безлюдівська,0.0,15397200.0,0.0,0.0,0.0,0.0,0.0,12300.0,0.0,0.0,830500.0,15397200.0,0.0,842800.0
2054000000,Берестинська,0.0,0.0,0.0,0.0,0.0,0.0,0.0,0.0,0.0,0.0,249766300.0,0.0,0.0,249766300.0
2052800000,Близнюківська,0.0,10505400.0,0.0,0.0,0.0,0.0,0.0,0.0,0.0,0.0,87790100.0,10505400.0,0.0,87790100.0
2052900000,Богодухівська,0.0,5929600.0,0.0,0.0,0.0,0.0,0.0,0.0,0.0,0.0,117951500.0,5929600.0,0.0,117951500.0
2053000000,Борівська,0.0,15647700.0,0.0,0.0,0.0,0.0,0.0,0.0,0.0,0.0,36119700.0,15647700.0,0.0,36119700.0
2052700000,Біляївська,0.0,0.0,0.0,0.0,0.0,0.0,0.0,0.0,0.0,0.0,280400.0,0.0,0.0,280400.0
2053100000,Валківська,0.0,55718900.0,0.0,0.0,0.0,0.0,0.0,0.0,0.0,0.0,0.0,55718900.0,0.0,0.0
2051300000,Великобурлуцька,0.0,6078300.0,0.0,0.0,0.0,0.0,0.0,0.0,0.0,0.0,52000000.0,6078300.0,0.0,52000000.0
2053200000,Височанська,0.0,50508000.0,0.0,0.0,0.0,0.0,0.0,0.0,0.0,0.0,97339100.0,50508000.0,0.0,97339100.0
2053500000,Вовчанська,0.0,34017600.0,0.0,0.0,0.0,0.0,0.0,0.0,0.0,0.0,109294200.0,34017600.0,0.0,109294200.0
2053400000,Вільхуватська,0.0,7325500.0,0.0,0.0,0.0,0.0,0.0,0.0,0.0,0.0,29139900.0,7325500.0,0.0,29139900.0
2053300000,Вільхівська,0.0,4256600.0,0.0,0.0,0.0,0.0,0.0,0.0,0.0,0.0,44405800.0,4256600.0,0.0,44405800.0
2053600000,Дворічанська,0.0,22769600.0,0.0,0.0,0.0,0.0,0.0,0.0,0.0,0.0,80603700.0,22769600.0,0.0,80603700.0
2053700000,Дергачівська,0.0,0.0,0.0,0.0,0.0,0.0,0.0,0.0,0.0,0.0,225799700.0,0.0,0.0,225799700.0
2052000000,Донецька,0.0,0.0,0.0,0.0,0.0,0.0,0.0,0.0,0.0,0.0,7315800.0,0.0,0.0,7315800.0
2050700000,Зачепилівська,0.0,8505100.0,0.0,0.0,0.0,0.0,0.0,0.0,0.0,0.0,130393200.0,8505100.0,0.0,130393200.0
2054700000,Златопільська,0.0,0.0,0.0,0.0,0.0,0.0,0.0,0.0,0.0,0.0,145066600.0,0.0,0.0,145066600.0
2053800000,Зміївська,0.0,77080800.0,0.0,0.0,0.0,0.0,0.0,0.0,0.0,0.0,101549900.0,77080800.0,0.0,101549900.0
2050800000,Золочівська,0.0,16668900.0,0.0,0.0,0.0,0.0,0.0,0.0,0.0,0.0,46789900.0,16668900.0,0.0,46789900.0
2053900000,Кегичівська,0.0,13454700.0,0.0,0.0,0.0,0.0,0.0,0.0,0.0,0.0,0.0,13454700.0,0.0,0.0
2051000000,Коломацька,0.0,8031800.0,0.0,0.0,0.0,0.0,0.0,0.0,0.0,0.0,87000.0,8031800.0,0.0,87000.0
2054100000,Краснокутська,0.0,24807500.0,0.0,0.0,0.0,0.0,0.0,0.0,0.0,0.0,81906500.0,24807500.0,0.0,81906500.0
2054200000,Куньєвська,0.0,3053200.0,0.0,0.0,0.0,0.0,0.0,0.0,0.0,0.0,16661500.0,3053200.0,0.0,16661500.0
2054300000,Куп'янська,0.0,65982300.0,0.0,0.0,0.0,0.0,0.0,0.0,0.0,0.0,137220100.0,65982300.0,0.0,137220100.0
2052200000,Курилівська,0.0,12914800.0,0.0,0.0,0.0,0.0,0.0,0.0,0.0,0.0,41839200.0,12914800.0,0.0,41839200.0
2052100000,Кіндрашівська,0.0,7958400.0,0.0,0.0,0.0,0.0,0.0,0.0,0.0,0.0,20700600.0,7958400.0,0.0,20700600.0
2054400000,Липецька,0.0,16408900.0,0.0,0.0,0.0,0.0,0.0,0.0,0.0,0.0,35397500.0,16408900.0,0.0,35397500.0
2051700000,Лозівська,0.0,5119800.0,0.0,0.0,0.0,0.0,0.0,0.0,0.0,0.0,189926400.0,5119800.0,0.0,189926400.0
2054500000,Люботинська,0.0,53000900.0,0.0,0.0,0.0,0.0,0.0,0.0,0.0,0.0,14868900.0,53000900.0,0.0,14868900.0
2051200000,Малинівська,0.0,11986000.0,0.0,0.0,0.0,0.0,0.0,0.0,0.0,0.0,113046400.0,11986000.0,0.0,113046400.0
2050600000,Малоданилівська,0.0,15841300.0,0.0,0.0,0.0,0.0,0.0,0.0,0.0,0.0,18376500.0,15841300.0,0.0,18376500.0
2050200000,Мереф'янська,0.0,38202900.0,0.0,0.0,0.0,0.0,0.0,0.0,0.0,0.0,2785300.0,38202900.0,0.0,2785300.0
2051100000,Наталинська,0.0,0.0,0.0,0.0,0.0,0.0,0.0,0.0,0.0,0.0,1086900.0,0.0,0.0,1086900.0
2050500000,Нововодолазька,0.0,24090800.0,0.0,0.0,0.0,0.0,0.0,0.0,0.0,0.0,3446000.0,24090800.0,0.0,3446000.0
2054600000,Новопокровська,0.0,43004400.0,0.0,0.0,0.0,0.0,0.0,0.0,0.0,0.0,5440800.0,43004400.0,0.0,5440800.0
2051900000,Олексіївська,0.0,5235800.0,0.0,0.0,0.0,0.0,0.0,0.0,0.0,0.0,10565000.0,5235800.0,0.0,10565000.0
2050900000,Оскільська,0.0,11378200.0,0.0,0.0,0.0,0.0,0.0,0.0,0.0,0.0,53198900.0,11378200.0,0.0,53198900.0
2052300000,Петропавлівська,0.0,7785600.0,0.0,0.0,0.0,0.0,0.0,0.0,0.0,0.0,30517400.0,7785600.0,0.0,30517400.0
2054800000,Печенізька,0.0,11387500.0,0.0,0.0,0.0,0.0,0.0,0.0,0.0,0.0,7643000.0,11387500.0,0.0,7643000.0
2050300000,Пролісненська,0.0,8719100.0,0.0,0.0,0.0,0.0,0.0,0.0,0.0,0.0,27000600.0,8719100.0,0.0,27000600.0
2054900000,Південна,0.0,37338700.0,0.0,0.0,0.0,0.0,0.0,0.0,0.0,0.0,1730600.0,37338700.0,0.0,1730600.0
2051400000,Пісочинська,0.0,46062900.0,0.0,0.0,0.0,0.0,0.0,0.0,0.0,0.0,22210100.0,46062900.0,0.0,22210100.0
2050400000,Роганська,0.0,0.0,0.0,0.0,0.0,0.0,0.0,0.0,0.0,0.0,50006800.0,0.0,0.0,50006800.0
2055000000,Савинська,0.0,15299000.0,0.0,0.0,0.0,0.0,0.0,0.0,0.0,0.0,97705900.0,15299000.0,0.0,97705900.0
2055100000,Сахновщинська,0.0,18057500.0,0.0,0.0,0.0,0.0,0.0,0.0,0.0,0.0,0.0,18057500.0,0.0,0.0
2055200000,Слобожанська,0.0,6788700.0,0.0,0.0,0.0,0.0,0.0,0.0,0.0,0.0,11099100.0,6788700.0,0.0,11099100.0
2055300000,Солоницівська,0.0,17095500.0,0.0,0.0,0.0,0.0,0.0,0.0,0.0,0.0,12619600.0,17095500.0,0.0,12619600.0
2051500000,Старовірівська,0.0,12549900.0,0.0,0.0,0.0,0.0,0.0,0.0,0.0,0.0,98561300.0,12549900.0,0.0,98561300.0
2050100000,Старосалтівська,0.0,6519100.0,0.0,0.0,0.0,0.0,0.0,0.0,0.0,0.0,42890600.0,6519100.0,0.0,42890600.0
2055400000,Харківська,0.0,0.0,0.0,0.0,0.0,0.0,0.0,280753300.0,0.0,0.0,2526166200.0,0.0,0.0,2806919500.0
2051600000,Циркунівська,0.0,9741400.0,0.0,0.0,0.0,0.0,0.0,1700.0,0.0,0.0,37101300.0,9741400.0,0.0,37103000.0
2055500000,Чугуївська,0.0,18065800.0,0.0,0.0,0.0,0.0,0.0,0.0,0.0,0.0,214474300.0,18065800.0,0.0,214474300.0
2055600000,Шевченківська,0.0,9150200.0,0.0,0.0,0.0,0.0,0.0,0.0,0.0,0.0,43780000.0,9150200.0,0.0,43780000.0
2152200000,Іванівська,0.0,24033500.0,0.0,0.0,0.0,0.0,0.0,0.0,0.0,0.0,9617000.0,24033500.0,0.0,9617000.0
2150200000,Асканія-Нова,0.0,11152700.0,0.0,0.0,0.0,0.0,0.0,0.0,0.0,0.0,4418800.0,11152700.0,0.0,4418800.0
2153400000,Бериславська,0.0,9360800.0,0.0,0.0,0.0,0.0,0.0,0.0,0.0,0.0,49268400.0,9360800.0,0.0,49268400.0
2151900000,Бехтерська,0.0,18848500.0,0.0,0.0,0.0,0.0,0.0,0.0,0.0,0.0,6674100.0,18848500.0,0.0,6674100.0
2151700000,Борозенська,0.0,1362000.0,0.0,0.0,0.0,0.0,0.0,0.0,0.0,0.0,75067800.0,1362000.0,0.0,75067800.0
2151600000,Білозерська,0.0,23112000.0,0.0,0.0,0.0,0.0,0.0,0.0,0.0,0.0,34687700.0,23112000.0,0.0,34687700.0
2150700000,Великокопанівська,0.0,14232800.0,0.0,0.0,0.0,0.0,0.0,0.0,0.0,0.0,2025500.0,14232800.0,0.0,2025500.0
2153500000,Великолепетиська,0.0,21259300.0,0.0,0.0,0.0,0.0,0.0,0.0,0.0,0.0,15724900.0,21259300.0,0.0,15724900.0
2153600000,Великоолександрівська,0.0,7943000.0,0.0,0.0,0.0,0.0,0.0,0.0,0.0,0.0,156846300.0,7943000.0,0.0,156846300.0
2153700000,Верхньорогачицька,0.0,20319000.0,0.0,0.0,0.0,0.0,0.0,0.0,0.0,0.0,10446300.0,20319000.0,0.0,10446300.0
2151300000,Виноградівська,0.0,27360700.0,0.0,0.0,0.0,0.0,0.0,0.0,0.0,0.0,4322600.0,27360700.0,0.0,4322600.0
2151800000,Високопільська,0.0,0.0,0.0,0.0,0.0,0.0,0.0,0.0,0.0,0.0,40154800.0,0.0,0.0,40154800.0
2153800000,Генічеська,0.0,135169800.0,0.0,0.0,0.0,0.0,0.0,0.0,0.0,0.0,41334900.0,135169800.0,0.0,41334900.0
2152900000,Голопристанська,0.0,60826400.0,0.0,0.0,0.0,0.0,0.0,0.0,0.0,0.0,35376100.0,60826400.0,0.0,35376100.0
2151400000,Горностаївська,0.0,24431700.0,0.0,0.0,0.0,0.0,0.0,0.0,0.0,0.0,13303600.0,24431700.0,0.0,13303600.0
2153900000,Дар'ївська,0.0,20088500.0,0.0,0.0,0.0,0.0,0.0,0.0,0.0,0.0,21962700.0,20088500.0,0.0,21962700.0
2152500000,Долматівська,0.0,8760900.0,0.0,0.0,0.0,0.0,0.0,0.0,0.0,0.0,2079500.0,8760900.0,0.0,2079500.0
2150600000,Зеленопідська,0.0,15825500.0,0.0,0.0,0.0,0.0,0.0,0.0,0.0,0.0,9679800.0,15825500.0,0.0,9679800.0
2150300000,Каланчацька,0.0,29794000.0,0.0,0.0,0.0,0.0,0.0,0.0,0.0,0.0,13740700.0,29794000.0,0.0,13740700.0
2154000000,Калинівська,0.0,3919100.0,0.0,0.0,0.0,0.0,0.0,0.0,0.0,0.0,10880900.0,3919100.0,0.0,10880900.0
2154100000,Каховська,0.0,69467300.0,0.0,0.0,0.0,0.0,0.0,0.0,0.0,0.0,52753900.0,69467300.0,0.0,52753900.0
2152100000,Костянтинівська,0.0,6429900.0,0.0,0.0,0.0,0.0,0.0,0.0,0.0,0.0,3775900.0,6429900.0,0.0,3775900.0
2150100000,Кочубеївська,0.0,0.0,0.0,0.0,0.0,0.0,0.0,0.0,0.0,0.0,40786400.0,0.0,0.0,40786400.0
2154200000,Лазурненська,0.0,12388100.0,0.0,0.0,0.0,0.0,0.0,0.0,0.0,0.0,3009000.0,12388100.0,0.0,3009000.0
2152400000,Любимівська,0.0,14655200.0,0.0,0.0,0.0,0.0,0.0,0.0,0.0,0.0,8210600.0,14655200.0,0.0,8210600.0
2153000000,Милівська,0.0,6555000.0,0.0,0.0,0.0,0.0,0.0,0.0,0.0,0.0,28103776.0,6555000.0,0.0,28103776.0
2150400000,Мирненська,0.0,7493600.0,0.0,0.0,0.0,0.0,0.0,0.0,0.0,0.0,5822900.0,7493600.0,0.0,5822900.0
2151000000,Музиківська,0.0,2747700.0,0.0,0.0,0.0,0.0,0.0,0.0,0.0,0.0,23117400.0,2747700.0,0.0,23117400.0
2154300000,Нижньосірогозька,0.0,26061900.0,0.0,0.0,0.0,0.0,0.0,0.0,0.0,0.0,13027000.0,26061900.0,0.0,13027000.0
2154400000,Нововоронцовська,0.0,3924100.0,0.0,0.0,0.0,0.0,0.0,0.0,0.0,0.0,33795300.0,3924100.0,0.0,33795300.0
2152800000,Новокаховська,0.0,93083700.0,0.0,0.0,0.0,0.0,0.0,0.0,0.0,0.0,242282400.0,93083700.0,0.0,242282400.0
2154500000,Новомиколаївська,0.0,11816100.0,0.0,0.0,0.0,0.0,0.0,0.0,0.0,0.0,1790000.0,11816100.0,0.0,1790000.0
2154600000,Новоолександрівська,0.0,3210100.0,0.0,0.0,0.0,0.0,0.0,0.0,0.0,0.0,21949600.0,3210100.0,0.0,21949600.0
2152700000,Новорайська,0.0,8406400.0,0.0,0.0,0.0,0.0,0.0,0.0,0.0,0.0,30761900.0,8406400.0,0.0,30761900.0
2154700000,Новотроїцька,0.0,75795600.0,0.0,0.0,0.0,0.0,0.0,0.0,0.0,0.0,26642900.0,75795600.0,0.0,26642900.0
2154800000,Олешківська,0.0,58947800.0,0.0,0.0,0.0,0.0,0.0,0.0,0.0,0.0,36112800.0,58947800.0,0.0,36112800.0
2150900000,Присиваська,0.0,9946900.0,0.0,0.0,0.0,0.0,0.0,0.0,0.0,0.0,5132200.0,9946900.0,0.0,5132200.0
2154900000,Рубанівська,0.0,8061600.0,0.0,0.0,0.0,0.0,0.0,0.0,0.0,0.0,4650300.0,8061600.0,0.0,4650300.0
2155000000,Скадовська,0.0,58407400.0,0.0,0.0,0.0,0.0,0.0,0.0,0.0,0.0,17673200.0,58407400.0,0.0,17673200.0
2151500000,Станіславська,0.0,11923800.0,0.0,0.0,0.0,0.0,0.0,0.0,0.0,0.0,20832900.0,11923800.0,0.0,20832900.0
2151100000,Тавричанська,0.0,9567000.0,0.0,0.0,0.0,0.0,0.0,0.0,0.0,0.0,7551900.0,9567000.0,0.0,7551900.0
2155100000,Таврійська,0.0,30500200.0,0.0,0.0,0.0,0.0,0.0,0.0,0.0,0.0,20728300.0,30500200.0,0.0,20728300.0
2155200000,Тягинська,0.0,10592200.0,0.0,0.0,0.0,0.0,0.0,0.0,0.0,0.0,26439100.0,10592200.0,0.0,26439100.0
2155310000,Херсонська,0.0,0.0,0.0,0.0,0.0,0.0,0.0,0.0,0.0,0.0,0.0,0.0,0.0,0.0
2151200000,Хрестівська,0.0,10003300.0,0.0,0.0,0.0,0.0,0.0,0.0,0.0,0.0,6746000.0,10003300.0,0.0,6746000.0
2150500000,Чаплинська,0.0,31071500.0,0.0,0.0,0.0,0.0,0.0,0.0,0.0,0.0,18801300.0,31071500.0,0.0,18801300.0
2155400000,Чорнобаївська,0.0,18619000.0,0.0,0.0,0.0,0.0,0.0,0.0,0.0,0.0,28746300.0,18619000.0,0.0,28746300.0
2152000000,Чулаківська,0.0,13325600.0,0.0,0.0,0.0,0.0,0.0,0.0,0.0,0.0,5672400.0,13325600.0,0.0,5672400.0
2152300000,Ювілейна,0.0,27943900.0,0.0,0.0,0.0,0.0,0.0,0.0,0.0,0.0,3939700.0,27943900.0,0.0,3939700.0
2255700000,Ізяславська,0.0,13067400.0,0.0,0.0,0.0,0.0,0.0,0.0,0.0,0.0,0.0,13067400.0,0.0,0.0
2252900000,Антонінська,0.0,2893600.0,0.0,0.0,0.0,0.0,0.0,0.0,0.0,0.0,2366100.0,2893600.0,0.0,2366100.0
2250100000,Берездівська,0.0,10080100.0,0.0,0.0,0.0,0.0,0.0,0.0,0.0,0.0,0.0,10080100.0,0.0,0.0
2254000000,Білогірська,0.0,7172600.0,0.0,0.0,0.0,0.0,0.0,0.0,0.0,0.0,0.0,7172600.0,0.0,0.0
2253400000,Вовковинецька,0.0,6868900.0,0.0,0.0,0.0,0.0,0.0,0.0,0.0,0.0,2669600.0,6868900.0,0.0,2669600.0
2250300000,Волочиська,0.0,0.0,0.0,0.0,0.0,0.0,0.0,0.0,0.0,0.0,0.0,0.0,0.0,0.0
2250200000,Війтовецька,0.0,2334900.0,0.0,0.0,0.0,0.0,0.0,0.0,0.0,0.0,0.0,2334900.0,0.0,0.0
2255300000,Віньковецька,0.0,8301500.0,0.0,0.0,0.0,0.0,0.0,0.0,0.0,0.0,5044500.0,8301500.0,0.0,5044500.0
2250400000,Ганнопільська,0.0,9414300.0,0.0,0.0,0.0,0.0,0.0,0.0,0.0,0.0,0.0,9414300.0,0.0,0.0
2250500000,Гвардійська,0.0,7266400.0,0.0,0.0,0.0,0.0,0.0,0.0,0.0,0.0,0.0,7266400.0,0.0,0.0
2252700000,Городоцька,0.0,12891500.0,0.0,0.0,0.0,0.0,0.0,0.0,0.0,0.0,0.0,12891500.0,0.0,0.0
2253300000,Грицівська,0.0,2878400.0,0.0,0.0,0.0,0.0,0.0,0.0,0.0,0.0,0.0,2878400.0,0.0,0.0
2252400000,Гуківська,0.0,3137600.0,0.0,0.0,0.0,0.0,0.0,0.0,0.0,0.0,0.0,3137600.0,0.0,0.0
2250600000,Гуменецька,0.0,0.0,0.0,0.0,0.0,0.0,0.0,0.0,0.0,0.0,0.0,0.0,0.0,0.0
2255400000,Деражнянська,0.0,2453800.0,0.0,0.0,0.0,0.0,0.0,0.0,0.0,0.0,16769200.0,2453800.0,0.0,16769200.0
2250700000,Дунаєвецька,0.0,24463900.0,0.0,0.0,0.0,0.0,0.0,0.0,0.0,0.0,0.0,24463900.0,0.0,0.0
2253600000,Жванецька,0.0,6650700.0,0.0,0.0,0.0,0.0,0.0,0.0,0.0,0.0,0.0,6650700.0,0.0,0.0
2255500000,Закупненська,0.0,2130700.0,0.0,0.0,0.0,0.0,0.0,0.0,0.0,0.0,0.0,2130700.0,0.0,0.0
2254800000,Заслучненська,0.0,2533900.0,0.0,0.0,0.0,0.0,0.0,0.0,0.0,0.0,2351600.0,2533900.0,0.0,2351600.0
2255600000,Зіньківська,0.0,407400.0,0.0,0.0,0.0,0.0,0.0,0.0,0.0,0.0,3781300.0,407400.0,0.0,3781300.0
2255800000,Кам'янець-Подільська,0.0,58457800.0,0.0,0.0,0.0,0.0,0.0,0.0,0.0,0.0,0.0,58457800.0,0.0,0.0
2250900000,Китайгородська,0.0,8171700.0,0.0,0.0,0.0,0.0,0.0,0.0,0.0,0.0,17700.0,8171700.0,0.0,17700.0
2253000000,Красилівська,0.0,0.0,0.0,0.0,0.0,0.0,0.0,0.0,0.0,0.0,0.0,0.0,0.0,0.0
2253800000,Крупецька,0.0,0.0,0.0,0.0,0.0,0.0,0.0,0.0,0.0,0.0,0.0,0.0,0.0,0.0
2252500000,Ленковецька,0.0,2300400.0,0.0,0.0,0.0,0.0,0.0,0.0,0.0,0.0,216200.0,2300400.0,0.0,216200.0
2251100000,Летичівська,0.0,0.0,0.0,0.0,0.0,0.0,0.0,0.0,0.0,0.0,0.0,0.0,0.0,0.0
2251200000,Лісовогринівецька,0.0,2197100.0,0.0,0.0,0.0,0.0,0.0,0.0,0.0,0.0,95100.0,2197100.0,0.0,95100.0
2251300000,Маківська,0.0,10660300.0,0.0,0.0,0.0,0.0,0.0,0.0,0.0,0.0,5902700.0,10660300.0,0.0,5902700.0
2251400000,Меджибізька,0.0,0.0,0.0,0.0,0.0,0.0,0.0,0.0,0.0,0.0,19939400.0,0.0,0.0,19939400.0
2255900000,Миролюбненська,0.0,1694300.0,0.0,0.0,0.0,0.0,0.0,0.0,0.0,0.0,839000.0,1694300.0,0.0,839000.0
2256000000,Михайлюцька,0.0,7736100.0,0.0,0.0,0.0,0.0,0.0,0.0,0.0,0.0,0.0,7736100.0,0.0,0.0
2251500000,Наркевицька,0.0,0.0,0.0,0.0,0.0,0.0,0.0,0.0,0.0,0.0,19500.0,0.0,0.0,19500.0
2254600000,Нетішинська,0.0,0.0,0.0,0.0,0.0,0.0,0.0,0.0,0.0,0.0,2516700.0,0.0,0.0,2516700.0
2250800000,Новодунаєвецька,0.0,8161000.0,0.0,0.0,0.0,0.0,0.0,0.0,0.0,0.0,0.0,8161000.0,0.0,0.0
2251600000,Новоушицька,0.0,19907800.0,0.0,0.0,0.0,0.0,0.0,0.0,0.0,0.0,0.0,19907800.0,0.0,0.0
2256100000,Орининська,0.0,7433000.0,0.0,0.0,0.0,0.0,0.0,0.0,0.0,0.0,0.0,7433000.0,0.0,0.0
2254700000,Плужненська,0.0,9726300.0,0.0,0.0,0.0,0.0,0.0,0.0,0.0,0.0,697500.0,9726300.0,0.0,697500.0
2251700000,Полонська,0.0,20821200.0,0.0,0.0,0.0,0.0,0.0,0.0,0.0,0.0,0.0,20821200.0,0.0,0.0
2251800000,Понінківська,0.0,2989400.0,0.0,0.0,0.0,0.0,0.0,0.0,0.0,0.0,0.0,2989400.0,0.0,0.0
2251900000,Розсошанська,0.0,0.0,0.0,0.0,0.0,0.0,0.0,0.0,0.0,0.0,0.0,0.0,0.0,0.0
2252000000,Сатанівська,0.0,4935500.0,0.0,0.0,0.0,0.0,0.0,0.0,0.0,0.0,109800.0,4935500.0,0.0,109800.0
2254900000,Сахновецька,0.0,975700.0,0.0,0.0,0.0,0.0,0.0,0.0,0.0,0.0,0.0,975700.0,0.0,0.0
2254500000,Славутська,0.0,9495800.0,0.0,0.0,0.0,0.0,0.0,0.0,0.0,0.0,0.0,9495800.0,0.0,0.0
2252800000,Слобідсько-Кульчієвецька,0.0,6419500.0,0.0,0.0,0.0,0.0,0.0,0.0,0.0,0.0,0.0,6419500.0,0.0,0.0
2253500000,Смотрицька,0.0,2639700.0,0.0,0.0,0.0,0.0,0.0,0.0,0.0,0.0,0.0,2639700.0,0.0,0.0
2253200000,Солобковецька,0.0,0.0,0.0,0.0,0.0,0.0,0.0,0.0,0.0,0.0,268000.0,0.0,0.0,268000.0
2255200000,Старокостянтинівська,0.0,0.0,0.0,0.0,0.0,0.0,0.0,0.0,0.0,0.0,136499600.0,0.0,0.0,136499600.0
2256200000,Староостропільська,0.0,0.0,0.0,0.0,0.0,0.0,0.0,0.0,0.0,0.0,0.0,0.0,0.0,0.0
2252100000,Старосинявська,0.0,1617300.0,0.0,0.0,0.0,0.0,0.0,0.0,0.0,0.0,0.0,1617300.0,0.0,0.0
2253700000,Староушицька,0.0,10225300.0,0.0,0.0,0.0,0.0,0.0,0.0,0.0,0.0,764000.0,10225300.0,0.0,764000.0
2252600000,Судилківська,0.0,15751700.0,0.0,0.0,0.0,0.0,0.0,0.0,0.0,0.0,0.0,15751700.0,0.0,0.0
2256300000,Теофіпольська,0.0,0.0,0.0,0.0,0.0,0.0,0.0,0.0,0.0,0.0,0.0,0.0,0.0,0.0
2254300000,Улашанівська,0.0,2868900.0,0.0,0.0,0.0,0.0,0.0,0.0,0.0,0.0,2739100.0,2868900.0,0.0,2739100.0
2256400000,Хмельницька,0.0,0.0,0.0,0.0,0.0,0.0,0.0,0.0,0.0,0.0,0.0,0.0,0.0,0.0
2252300000,Чемеровецька,0.0,1413000.0,0.0,0.0,0.0,0.0,0.0,0.0,0.0,0.0,0.0,1413000.0,0.0,0.0
2252200000,Чорноострівська,0.0,12845500.0,0.0,0.0,0.0,0.0,0.0,0.0,0.0,0.0,553200.0,12845500.0,0.0,553200.0
2256500000,Шепетівська,0.0,0.0,0.0,0.0,0.0,0.0,0.0,0.0,0.0,0.0,10215600.0,0.0,0.0,10215600.0
2256600000,Щиборівська,0.0,471000.0,0.0,0.0,0.0,0.0,0.0,0.0,0.0,0.0,92000.0,471000.0,0.0,92000.0
2254400000,Ямпільська,0.0,4866200.0,0.0,0.0,0.0,0.0,0.0,0.0,0.0,0.0,0.0,4866200.0,0.0,0.0
2256700000,Ярмолинецька,0.0,0.0,0.0,0.0,0.0,0.0,0.0,0.0,0.0,0.0,0.0,0.0,0.0,0.0
1152900000,Аджамська,0.0,0.0,0.0,0.0,0.0,0.0,0.0,0.0,0.0,0.0,595000.0,0.0,0.0,595000.0
1153000000,Благовіщенська,0.0,17769600.0,0.0,0.0,0.0,0.0,0.0,0.0,0.0,0.0,0.0,17769600.0,0.0,0.0
1150100000,Бобринецька,0.0,6478600.0,0.0,0.0,0.0,0.0,0.0,0.0,0.0,0.0,0.0,6478600.0,0.0,0.0
1150400000,Великоандрусівська,0.0,0.0,0.0,0.0,0.0,0.0,0.0,0.0,0.0,0.0,5479500.0,0.0,0.0,5479500.0
1150700000,Великосеверинівська,0.0,0.0,0.0,0.0,0.0,0.0,0.0,0.0,0.0,0.0,0.0,0.0,0.0,0.0
1153200000,Гайворонська,0.0,20867300.0,0.0,0.0,0.0,0.0,0.0,0.0,0.0,0.0,0.0,20867300.0,0.0,0.0
1150600000,Ганнівська,0.0,0.0,0.0,0.0,0.0,0.0,0.0,0.0,0.0,0.0,0.0,0.0,0.0,0.0
1152300000,Глодоська,0.0,0.0,0.0,0.0,0.0,0.0,0.0,0.0,0.0,0.0,724000.0,0.0,0.0,724000.0
1153300000,Голованівська,0.0,0.0,0.0,0.0,0.0,0.0,0.0,0.0,0.0,0.0,0.0,0.0,0.0,0.0
1152400000,Гурівська,0.0,0.0,0.0,0.0,0.0,0.0,0.0,0.0,0.0,0.0,5349300.0,0.0,0.0,5349300.0
1151400000,Дмитрівська,0.0,1970400.0,0.0,0.0,0.0,0.0,0.0,0.0,0.0,0.0,78800.0,1970400.0,0.0,78800.0
1151700000,Добровеличківська,0.0,0.0,0.0,0.0,0.0,0.0,0.0,0.0,0.0,0.0,0.0,0.0,0.0,0.0
1153400000,Долинська,0.0,8308100.0,0.0,0.0,0.0,0.0,0.0,0.0,0.0,0.0,0.0,8308100.0,0.0,0.0
1153500000,Заваллівська,0.0,13182700.0,0.0,0.0,0.0,0.0,0.0,0.0,0.0,0.0,2240000.0,13182700.0,0.0,2240000.0
1152500000,Злинська,0.0,3288300.0,0.0,0.0,0.0,0.0,0.0,0.0,0.0,0.0,756400.0,3288300.0,0.0,756400.0
1153600000,Знам'янська,0.0,0.0,0.0,0.0,0.0,0.0,0.0,0.0,0.0,0.0,693100.0,0.0,0.0,693100.0
1153900000,Кам'янецька,0.0,0.0,0.0,0.0,0.0,0.0,0.0,0.0,0.0,0.0,3174800.0,0.0,0.0,3174800.0
1150900000,Катеринівська,0.0,0.0,0.0,0.0,0.0,0.0,0.0,0.0,0.0,0.0,3182800.0,0.0,0.0,3182800.0
1153700000,Кетрисанівська,0.0,10028600.0,0.0,0.0,0.0,0.0,0.0,0.0,0.0,0.0,1215500.0,10028600.0,0.0,1215500.0
1151100000,Компаніївська,0.0,0.0,0.0,0.0,0.0,0.0,0.0,0.0,0.0,0.0,0.0,0.0,0.0,0.0
1152810000,Кропивницька,0.0,0.0,0.0,0.0,0.0,0.0,0.0,0.0,0.0,0.0,0.0,0.0,0.0,0.0
1150200000,Маловисківська,0.0,3828900.0,0.0,0.0,0.0,0.0,0.0,0.0,0.0,0.0,0.0,3828900.0,0.0,0.0
1150600000,Мар'янівська,0.0,0.0,0.0,0.0,0.0,0.0,0.0,0.0,0.0,0.0,0.0,0.0,0.0,0.0
1153800000,Надлацька,0.0,0.0,0.0,0.0,0.0,0.0,0.0,0.0,0.0,0.0,3390100.0,0.0,0.0,3390100.0
1154000000,Новоархангельська,0.0,0.0,0.0,0.0,0.0,0.0,0.0,0.0,0.0,0.0,0.0,0.0,0.0,0.0
1154100000,Новомиргородська,0.0,0.0,0.0,0.0,0.0,0.0,0.0,0.0,0.0,0.0,0.0,0.0,0.0,0.0
1151500000,Новопразька,0.0,1380000.0,0.0,0.0,0.0,0.0,0.0,0.0,0.0,0.0,1737400.0,1380000.0,0.0,1737400.0
1150300000,Новоукраїнська,0.0,0.0,0.0,0.0,0.0,0.0,0.0,0.0,0.0,0.0,4833800.0,0.0,0.0,4833800.0
1154300000,Олександрівська,0.0,89405800.0,0.0,0.0,0.0,0.0,0.0,0.0,0.0,0.0,7663100.0,89405800.0,0.0,7663100.0
1154300000,Олександрійська,0.0,89405800.0,0.0,0.0,0.0,0.0,0.0,0.0,0.0,0.0,7663100.0,89405800.0,0.0,7663100.0
1154400000,Онуфріївська,0.0,8451600.0,0.0,0.0,0.0,0.0,0.0,0.0,0.0,0.0,3030600.0,8451600.0,0.0,3030600.0
1154500000,Пантаївська,0.0,5509600.0,0.0,0.0,0.0,0.0,0.0,0.0,0.0,0.0,3477800.0,5509600.0,0.0,3477800.0
1151000000,Первозванівська,0.0,0.0,0.0,0.0,0.0,0.0,0.0,0.0,0.0,0.0,0.0,0.0,0.0,0.0
1154600000,Перегонівська,0.0,1648700.0,0.0,0.0,0.0,0.0,0.0,0.0,0.0,0.0,2533700.0,1648700.0,0.0,2533700.0
1152100000,Петрівська,0.0,0.0,0.0,0.0,0.0,0.0,0.0,0.0,0.0,0.0,0.0,0.0,0.0,0.0
1154800000,Побузька,0.0,0.0,0.0,0.0,0.0,0.0,0.0,0.0,0.0,0.0,22890600.0,0.0,0.0,22890600.0
1151300000,Помічнянська,0.0,0.0,0.0,0.0,0.0,0.0,0.0,0.0,0.0,0.0,2080100.0,0.0,0.0,2080100.0
1152000000,Попельнастівська,0.0,0.0,0.0,0.0,0.0,0.0,0.0,0.0,0.0,0.0,0.0,0.0,0.0,0.0
1151600000,Приютівська,0.0,0.0,0.0,0.0,0.0,0.0,0.0,0.0,0.0,0.0,0.0,0.0,0.0,0.0
1154700000,Підвисоцька,0.0,0.0,0.0,0.0,0.0,0.0,0.0,0.0,0.0,0.0,2743200.0,0.0,0.0,2743200.0
1151900000,Піщанобрідська,0.0,0.0,0.0,0.0,0.0,0.0,0.0,0.0,0.0,0.0,0.0,0.0,0.0,0.0
1154900000,Рівнянська,0.0,0.0,0.0,0.0,0.0,0.0,0.0,0.0,0.0,0.0,0.0,0.0,0.0,0.0
1155000000,Світловодська,0.0,26955000.0,0.0,0.0,0.0,0.0,0.0,0.0,0.0,0.0,0.0,26955000.0,0.0,0.0
1151200000,Смолінська,0.0,0.0,0.0,0.0,0.0,0.0,0.0,0.0,0.0,0.0,13659400.0,0.0,0.0,13659400.0
1150500000,Соколівська,0.0,0.0,0.0,0.0,0.0,0.0,0.0,0.0,0.0,0.0,65400.0,0.0,0.0,65400.0
1155100000,Суботцівська,0.0,6533900.0,0.0,0.0,0.0,0.0,0.0,0.0,0.0,0.0,1466700.0,6533900.0,0.0,1466700.0
1150800000,Тишківська,0.0,0.0,0.0,0.0,0.0,0.0,0.0,0.0,0.0,0.0,403900.0,0.0,0.0,403900.0
1155200000,Устинівська,0.0,0.0,0.0,0.0,0.0,0.0,0.0,0.0,0.0,0.0,1544100.0,0.0,0.0,1544100.0
1054500000,Іванківська,0.0,0.0,0.0,0.0,0.0,0.0,0.0,0.0,0.0,0.0,2312900.0,0.0,0.0,2312900.0
1054600000,Ірпінська,0.0,0.0,0.0,0.0,0.0,0.0,0.0,0.0,0.0,0.0,12015000.0,0.0,0.0,12015000.0
1051000000,Баришівська,0.0,0.0,0.0,0.0,0.0,0.0,0.0,0.0,0.0,0.0,0.0,0.0,0.0,0.0
1051400000,Березанська,0.0,0.0,0.0,0.0,0.0,0.0,0.0,0.0,0.0,0.0,0.0,0.0,0.0,0.0
1052500000,Бишівська,0.0,0.0,0.0,0.0,0.0,0.0,0.0,0.0,0.0,0.0,130400.0,0.0,0.0,130400.0
1051800000,Богуславська,0.0,20441800.0,0.0,0.0,0.0,0.0,0.0,0.0,0.0,0.0,0.0,20441800.0,0.0,0.0
1052800000,Бориспільська,0.0,0.0,0.0,0.0,0.0,0.0,0.0,0.0,0.0,0.0,0.0,0.0,0.0,0.0
1051100000,Бородянська,0.0,0.0,0.0,0.0,0.0,0.0,0.0,0.0,0.0,0.0,8475800.0,0.0,0.0,8475800.0
1052900000,Борщагівська,0.0,0.0,0.0,0.0,0.0,0.0,0.0,0.0,0.0,0.0,0.0,0.0,0.0,0.0
1053000000,Боярська,0.0,0.0,0.0,0.0,0.0,0.0,0.0,0.0,0.0,0.0,0.0,0.0,0.0,0.0
1053100000,Броварська,0.0,0.0,0.0,0.0,0.0,0.0,0.0,0.0,0.0,0.0,10899500.0,0.0,0.0,10899500.0
1051500000,Бучанська,0.0,0.0,0.0,0.0,0.0,0.0,0.0,0.0,0.0,0.0,49580900.0,0.0,0.0,49580900.0
1052600000,Білогородська,0.0,0.0,0.0,0.0,0.0,0.0,0.0,0.0,0.0,0.0,0.0,0.0,0.0,0.0
1052700000,Білоцерківська,0.0,0.0,0.0,0.0,0.0,0.0,0.0,0.0,0.0,0.0,0.0,0.0,0.0,0.0
1053200000,Васильківська,0.0,0.0,0.0,0.0,0.0,0.0,0.0,0.0,0.0,0.0,0.0,0.0,0.0,0.0
1050400000,Великодимерська,0.0,0.0,0.0,0.0,0.0,0.0,0.0,0.0,0.0,0.0,2692500.0,0.0,0.0,2692500.0
1053300000,Вишгородська,0.0,0.0,0.0,0.0,0.0,0.0,0.0,0.0,0.0,0.0,3221100.0,0.0,0.0,3221100.0
1053400000,Вишнева,0.0,0.0,0.0,0.0,0.0,0.0,0.0,0.0,0.0,0.0,0.0,0.0,0.0,0.0
1053500000,Володарська,0.0,2650300.0,0.0,0.0,0.0,0.0,0.0,0.0,0.0,0.0,0.0,2650300.0,0.0,0.0
1053600000,Вороньківська,0.0,0.0,0.0,0.0,0.0,0.0,0.0,0.0,0.0,0.0,0.0,0.0,0.0,0.0
1053700000,Гатненська,0.0,0.0,0.0,0.0,0.0,0.0,0.0,0.0,0.0,0.0,0.0,0.0,0.0,0.0
1051900000,Глевахівська,0.0,0.0,0.0,0.0,0.0,0.0,0.0,0.0,0.0,0.0,0.0,0.0,0.0,0.0
1053900000,Гостомельська,0.0,0.0,0.0,0.0,0.0,0.0,0.0,0.0,0.0,0.0,66840800.0,0.0,0.0,66840800.0
1054000000,Гребінківська,0.0,13882800.0,0.0,0.0,0.0,0.0,0.0,0.0,0.0,0.0,0.0,13882800.0,0.0,0.0
1053800000,Гірська,0.0,0.0,0.0,0.0,0.0,0.0,0.0,0.0,0.0,0.0,0.0,0.0,0.0,0.0
1054100000,Димерська,0.0,12410800.0,0.0,0.0,0.0,0.0,0.0,0.0,0.0,0.0,279400.0,12410800.0,0.0,279400.0
1051300000,Дмитрівська,0.0,0.0,0.0,0.0,0.0,0.0,0.0,0.0,0.0,0.0,730100.0,0.0,0.0,730100.0
1050500000,Дівичківська,0.0,2152400.0,0.0,0.0,0.0,0.0,0.0,0.0,0.0,0.0,5749100.0,2152400.0,0.0,5749100.0
1052300000,Зазимська,0.0,0.0,0.0,0.0,0.0,0.0,0.0,0.0,0.0,0.0,0.0,0.0,0.0,0.0
1054300000,Згурівська,0.0,0.0,0.0,0.0,0.0,0.0,0.0,0.0,0.0,0.0,0.0,0.0,0.0,0.0
1054400000,Золочівська,0.0,0.0,0.0,0.0,0.0,0.0,0.0,0.0,0.0,0.0,0.0,0.0,0.0,0.0
1054700000,Кагарлицька,0.0,0.0,0.0,0.0,0.0,0.0,0.0,0.0,0.0,0.0,0.0,0.0,0.0,0.0
1051200000,Калинівська,0.0,0.0,0.0,0.0,0.0,0.0,0.0,0.0,0.0,0.0,9148500.0,0.0,0.0,9148500.0
1050100000,Калитянська,0.0,8550100.0,0.0,0.0,0.0,0.0,0.0,0.0,0.0,0.0,5702100.0,8550100.0,0.0,5702100.0
1051200000,Ковалівська,0.0,0.0,0.0,0.0,0.0,0.0,0.0,0.0,0.0,0.0,9148500.0,0.0,0.0,9148500.0
1054900000,Кожанська,0.0,12502200.0,0.0,0.0,0.0,0.0,0.0,0.0,0.0,0.0,1042800.0,12502200.0,0.0,1042800.0
1055000000,Козинська,0.0,0.0,0.0,0.0,0.0,0.0,0.0,0.0,0.0,0.0,36376200.0,0.0,0.0,36376200.0
1055100000,Коцюбинська,0.0,16552400.0,0.0,0.0,0.0,0.0,0.0,0.0,0.0,0.0,0.0,16552400.0,0.0,0.0
1055200000,Макарівська,0.0,0.0,0.0,0.0,0.0,0.0,0.0,0.0,0.0,0.0,3158700.0,0.0,0.0,3158700.0
1055300000,Маловільшанська,0.0,932700.0,0.0,0.0,0.0,0.0,0.0,0.0,0.0,0.0,1860600.0,932700.0,0.0,1860600.0
1050300000,Медвинська,0.0,0.0,0.0,0.0,0.0,0.0,0.0,0.0,0.0,0.0,2721000.0,0.0,0.0,2721000.0
1051300000,Миронівська,0.0,0.0,0.0,0.0,0.0,0.0,0.0,0.0,0.0,0.0,730100.0,0.0,0.0,730100.0
1055400000,Немішаївська,0.0,3938000.0,0.0,0.0,0.0,0.0,0.0,0.0,0.0,0.0,13412100.0,3938000.0,0.0,13412100.0
1051700000,Обухівська,0.0,0.0,0.0,0.0,0.0,0.0,0.0,0.0,0.0,0.0,0.0,0.0,0.0,0.0
1055500000,Переяславська,0.0,0.0,0.0,0.0,0.0,0.0,0.0,0.0,0.0,0.0,0.0,0.0,0.0,0.0
1055600000,Петрівська,0.0,0.0,0.0,0.0,0.0,0.0,0.0,0.0,0.0,0.0,178200.0,0.0,0.0,178200.0
1055800000,Поліська,0.0,1726500.0,0.0,0.0,0.0,0.0,0.0,0.0,0.0,0.0,1153900.0,1726500.0,0.0,1153900.0
1055900000,Пристолична,0.0,0.0,0.0,0.0,0.0,0.0,0.0,0.0,0.0,0.0,0.0,0.0,0.0,0.0
1055700000,Пірнівська,0.0,3418800.0,0.0,0.0,0.0,0.0,0.0,0.0,0.0,0.0,26435400.0,3418800.0,0.0,26435400.0
1050200000,Пісківська,0.0,941700.0,0.0,0.0,0.0,0.0,0.0,0.0,0.0,0.0,13919600.0,941700.0,0.0,13919600.0
1051600000,Ржищівська,0.0,17047400.0,0.0,0.0,0.0,0.0,0.0,0.0,0.0,0.0,0.0,17047400.0,0.0,0.0
1056000000,Рокитнянська,0.0,1802100.0,0.0,0.0,0.0,0.0,0.0,0.0,0.0,0.0,1010000.0,1802100.0,0.0,1010000.0
1056100000,Сквирська,0.0,0.0,0.0,0.0,0.0,0.0,0.0,0.0,0.0,0.0,0.0,0.0,0.0,0.0
1056200000,Славутицька,0.0,0.0,0.0,0.0,0.0,0.0,55000000.0,0.0,0.0,0.0,7331200.0,0.0,0.0,62331200.0
1056300000,Ставищенська,0.0,0.0,0.0,0.0,0.0,0.0,0.0,0.0,0.0,0.0,0.0,0.0,0.0,0.0
1050900000,Студениківська,0.0,0.0,0.0,0.0,0.0,0.0,0.0,0.0,0.0,0.0,0.0,0.0,0.0,0.0
1056400000,Таращанська,0.0,9245100.0,0.0,0.0,0.0,0.0,0.0,0.0,0.0,0.0,0.0,9245100.0,0.0,0.0
1052000000,Ташанська,0.0,0.0,0.0,0.0,0.0,0.0,0.0,0.0,0.0,0.0,0.0,0.0,0.0,0.0
1050800000,Тетіївська,0.0,4407000.0,0.0,0.0,0.0,0.0,0.0,0.0,0.0,0.0,0.0,4407000.0,0.0,0.0
1052100000,Томашівська,0.0,3436300.0,0.0,0.0,0.0,0.0,0.0,0.0,0.0,0.0,3288800.0,3436300.0,0.0,3288800.0
1050700000,Узинська,0.0,22035900.0,0.0,0.0,0.0,0.0,0.0,0.0,0.0,0.0,3571000.0,22035900.0,0.0,3571000.0
1056500000,Українська,0.0,0.0,0.0,0.0,0.0,0.0,0.0,0.0,0.0,0.0,0.0,0.0,0.0,0.0
1056600000,Фастівська,0.0,0.0,0.0,0.0,0.0,0.0,0.0,0.0,0.0,0.0,0.0,0.0,0.0,0.0
1056700000,Феодосіївська,0.0,15435000.0,0.0,0.0,0.0,0.0,0.0,0.0,0.0,0.0,0.0,15435000.0,0.0,0.0
1050600000,Фурсівська,0.0,5742200.0,0.0,0.0,0.0,0.0,0.0,0.0,0.0,0.0,44900.0,5742200.0,0.0,44900.0
1052200000,Циблівська,0.0,0.0,0.0,0.0,0.0,0.0,0.0,0.0,0.0,0.0,324300.0,0.0,0.0,324300.0
1056800000,Чабанівська,0.0,0.0,0.0,0.0,0.0,0.0,0.0,0.0,0.0,0.0,0.0,0.0,0.0,0.0
1056900000,Яготинська,0.0,0.0,0.0,0.0,0.0,0.0,0.0,0.0,0.0,0.0,0.0,0.0,0.0,0.0
1250200000,Айдарська,0.0,76102600.0,0.0,0.0,0.0,0.0,0.0,0.0,0.0,0.0,22677600.0,76102600.0,0.0,22677600.0
1253100000,Алчевська,0.0,0.0,0.0,0.0,0.0,0.0,0.0,0.0,0.0,0.0,0.0,0.0,0.0,0.0
1253200000,Антрацитівська,0.0,0.0,0.0,0.0,0.0,0.0,0.0,0.0,0.0,0.0,0.0,0.0,0.0,0.0
1250500000,Біловодська,0.0,156335700.0,0.0,0.0,0.0,0.0,0.0,0.0,0.0,0.0,6637500.0,156335700.0,0.0,6637500.0
1250100000,Білокуракинська,0.0,55101500.0,0.0,0.0,0.0,0.0,0.0,0.0,0.0,0.0,15722000.0,55101500.0,0.0,15722000.0
1251600000,Білолуцька,0.0,27527400.0,0.0,0.0,0.0,0.0,0.0,0.0,0.0,0.0,8970900.0,27527400.0,0.0,8970900.0
1251700000,Гірська,0.0,61576600.0,0.0,0.0,0.0,0.0,0.0,0.0,0.0,0.0,66145400.0,61576600.0,0.0,66145400.0
1253300000,Довжанська,0.0,0.0,0.0,0.0,0.0,0.0,0.0,0.0,0.0,0.0,0.0,0.0,0.0,0.0
1253400000,Зимогір'ївська,0.0,0.0,0.0,0.0,0.0,0.0,0.0,0.0,0.0,0.0,0.0,0.0,0.0,0.0
1253500000,Кадіївська,0.0,0.0,0.0,0.0,0.0,0.0,0.0,0.0,0.0,0.0,0.0,0.0,0.0,0.0
1251500000,Коломийчиська,0.0,7103500.0,0.0,0.0,0.0,0.0,0.0,0.0,0.0,0.0,27098900.0,7103500.0,0.0,27098900.0
1250600000,Красноріченська,0.0,19170000.0,0.0,0.0,0.0,0.0,0.0,0.0,0.0,0.0,19218400.0,19170000.0,0.0,19218400.0
1251800000,Кремінська,0.0,74124000.0,0.0,0.0,0.0,0.0,0.0,0.0,0.0,0.0,32912400.0,74124000.0,0.0,32912400.0
1251900000,Лисичанська,0.0,191781800.0,0.0,0.0,0.0,0.0,0.0,0.0,0.0,0.0,339891300.0,191781800.0,0.0,339891300.0
1250900000,Лозно-Олександрівська,0.0,13604800.0,0.0,0.0,0.0,0.0,0.0,0.0,0.0,0.0,9478500.0,13604800.0,0.0,9478500.0
1253600000,Луганська,0.0,0.0,0.0,0.0,0.0,0.0,0.0,0.0,0.0,0.0,0.0,0.0,0.0,0.0
1253700000,Лутугинська,0.0,0.0,0.0,0.0,0.0,0.0,0.0,0.0,0.0,0.0,0.0,0.0,0.0,0.0
1251100000,Марківська,0.0,109204800.0,0.0,0.0,0.0,0.0,0.0,0.0,0.0,0.0,10026900.0,109204800.0,0.0,10026900.0
1252000000,Міловська,0.0,78448900.0,0.0,0.0,0.0,0.0,0.0,0.0,0.0,0.0,5359100.0,78448900.0,0.0,5359100.0
1250800000,Нижньодуванська,0.0,13066600.0,0.0,0.0,0.0,0.0,0.0,0.0,0.0,0.0,4810600.0,13066600.0,0.0,4810600.0
1252100000,Нижньотеплівська,0.0,19972200.0,0.0,0.0,0.0,0.0,0.0,0.0,0.0,0.0,14693600.0,19972200.0,0.0,14693600.0
1252200000,Новоайдарська,0.0,71248000.0,0.0,0.0,0.0,0.0,0.0,0.0,0.0,0.0,19713900.0,71248000.0,0.0,19713900.0
1253800000,Отаманівська,0.0,0.0,0.0,0.0,0.0,0.0,0.0,0.0,0.0,0.0,0.0,0.0,0.0,0.0
1252300000,Попаснянська,0.0,26434100.0,0.0,0.0,0.0,0.0,0.0,0.0,0.0,0.0,45622800.0,26434100.0,0.0,45622800.0
1253900000,Ровеньківська,0.0,0.0,0.0,0.0,0.0,0.0,0.0,0.0,0.0,0.0,0.0,0.0,0.0,0.0
1252400000,Рубіжанська,0.0,119729000.0,0.0,0.0,0.0,0.0,0.0,0.0,0.0,0.0,84268600.0,119729000.0,0.0,84268600.0
1252500000,Сватівська,0.0,74709200.0,0.0,0.0,0.0,0.0,0.0,0.0,0.0,0.0,29379800.0,74709200.0,0.0,29379800.0
1254000000,Сорокинська,0.0,0.0,0.0,0.0,0.0,0.0,0.0,0.0,0.0,0.0,0.0,0.0,0.0,0.0
1252700000,Станично-Луганська,0.0,89626200.0,0.0,0.0,0.0,0.0,0.0,0.0,0.0,0.0,7932100.0,89626200.0,0.0,7932100.0
1252800000,Старобільська,0.0,125967500.0,0.0,0.0,0.0,0.0,0.0,0.0,0.0,0.0,40462200.0,125967500.0,0.0,40462200.0
1252600000,Сіверськодонецька,0.0,199193400.0,0.0,0.0,0.0,0.0,0.0,0.0,0.0,0.0,354110900.0,199193400.0,0.0,354110900.0
1250400000,Троїцька,0.0,44710600.0,0.0,0.0,0.0,0.0,0.0,0.0,0.0,0.0,20194400.0,44710600.0,0.0,20194400.0
1254100000,Хрустальненська,0.0,0.0,0.0,0.0,0.0,0.0,0.0,0.0,0.0,0.0,0.0,0.0,0.0,0.0
1250300000,Чмирівська,0.0,33748200.0,0.0,0.0,0.0,0.0,0.0,0.0,0.0,0.0,3200600.0,33748200.0,0.0,3200600.0
1253900000,Широківська,0.0,0.0,0.0,0.0,0.0,0.0,0.0,0.0,0.0,0.0,0.0,0.0,0.0,0.0
1251000000,Шульгинська,0.0,12308500.0,0.0,0.0,0.0,0.0,0.0,0.0,0.0,0.0,4900300.0,12308500.0,0.0,4900300.0
1253000000,Щастинська,0.0,59867700.0,0.0,0.0,0.0,0.0,0.0,0.0,0.0,0.0,29288500.0,59867700.0,0.0,29288500.0
1355800000,Івано-Франківська,0.0,0.0,0.0,0.0,0.0,0.0,0.0,0.0,0.0,0.0,0.0,0.0,0.0,0.0
1354200000,Белзька,0.0,0.0,0.0,0.0,0.0,0.0,0.0,0.0,0.0,0.0,824700.0,0.0,0.0,824700.0
1354300000,Боринська,0.0,24237200.0,0.0,0.0,0.0,0.0,0.0,0.0,0.0,0.0,1315800.0,24237200.0,0.0,1315800.0
1354400000,Бориславська,0.0,18011200.0,0.0,0.0,0.0,0.0,0.0,0.0,0.0,0.0,0.0,18011200.0,0.0,0.0
1354500000,Бродівська,0.0,0.0,0.0,0.0,0.0,0.0,0.0,0.0,0.0,0.0,0.0,0.0,0.0,0.0
1354600000,Буська,0.0,11791400.0,0.0,0.0,0.0,0.0,0.0,0.0,0.0,0.0,0.0,11791400.0,0.0,0.0
1353600000,Бібрська,0.0,14808800.0,0.0,0.0,0.0,0.0,0.0,0.0,0.0,0.0,19200.0,14808800.0,0.0,19200.0
1350200000,Бісковицька,0.0,32693900.0,0.0,0.0,0.0,0.0,0.0,0.0,0.0,0.0,0.0,32693900.0,0.0,0.0
1352300000,Великолюбінська,0.0,9099900.0,0.0,0.0,0.0,0.0,0.0,0.0,0.0,0.0,5591900.0,9099900.0,0.0,5591900.0
1353200000,Великомостівська,0.0,12186500.0,0.0,0.0,0.0,0.0,0.0,0.0,0.0,0.0,0.0,12186500.0,0.0,0.0
1354700000,Глинянська,0.0,5731500.0,0.0,0.0,0.0,0.0,0.0,0.0,0.0,0.0,0.0,5731500.0,0.0,0.0
1350500000,Гніздичівська,0.0,2080000.0,0.0,0.0,0.0,0.0,0.0,0.0,0.0,0.0,0.0,2080000.0,0.0,0.0
1354900000,Грабовецько-Дулібівська,0.0,14536800.0,0.0,0.0,0.0,0.0,0.0,0.0,0.0,0.0,0.0,14536800.0,0.0,0.0
1352000000,Давидівська,0.0,0.0,0.0,0.0,0.0,0.0,0.0,0.0,0.0,0.0,0.0,0.0,0.0,0.0
1355000000,Добромильська,0.0,36076100.0,0.0,0.0,0.0,0.0,0.0,0.0,0.0,0.0,0.0,36076100.0,0.0,0.0
1355100000,Добросинсько-Магерівська,0.0,28303300.0,0.0,0.0,0.0,0.0,0.0,0.0,0.0,0.0,0.0,28303300.0,0.0,0.0
1355200000,Добротвірська,0.0,413300.0,0.0,0.0,0.0,0.0,0.0,0.0,0.0,0.0,0.0,413300.0,0.0,0.0
1355300000,Дрогобицька,0.0,88567200.0,0.0,0.0,0.0,0.0,0.0,0.0,0.0,0.0,0.0,88567200.0,0.0,0.0
1355400000,Жидачівська,0.0,0.0,0.0,0.0,0.0,0.0,0.0,0.0,0.0,0.0,0.0,0.0,0.0,0.0
1355500000,Жовківська,0.0,15291700.0,0.0,0.0,0.0,0.0,0.0,0.0,0.0,0.0,0.0,15291700.0,0.0,0.0
1352100000,Жовтанецька,0.0,0.0,0.0,0.0,0.0,0.0,0.0,0.0,0.0,0.0,0.0,0.0,0.0,0.0
1355600000,Журавненська,0.0,22378000.0,0.0,0.0,0.0,0.0,0.0,0.0,0.0,0.0,0.0,22378000.0,0.0,0.0
1350800000,Заболотцівська,0.0,6478800.0,0.0,0.0,0.0,0.0,0.0,0.0,0.0,0.0,858700.0,6478800.0,0.0,858700.0
1353700000,Зимноводівська,0.0,0.0,0.0,0.0,0.0,0.0,0.0,0.0,0.0,0.0,0.0,0.0,0.0,0.0
1355700000,Золочівська,0.0,1657300.0,0.0,0.0,0.0,0.0,0.0,0.0,0.0,0.0,264500.0,1657300.0,0.0,264500.0
1353400000,Кам'янка-Бузька,0.0,0.0,0.0,0.0,0.0,0.0,0.0,0.0,0.0,0.0,0.0,0.0,0.0,0.0
1355900000,Козівська,0.0,18485400.0,0.0,0.0,0.0,0.0,0.0,0.0,0.0,0.0,0.0,18485400.0,0.0,0.0
1356000000,Комарнівська,0.0,14515300.0,0.0,0.0,0.0,0.0,0.0,0.0,0.0,0.0,0.0,14515300.0,0.0,0.0
1356100000,Красненська,0.0,13188800.0,0.0,0.0,0.0,0.0,0.0,0.0,0.0,0.0,0.0,13188800.0,0.0,0.0
1356200000,Куликівська,0.0,0.0,0.0,0.0,0.0,0.0,0.0,0.0,0.0,0.0,0.0,0.0,0.0,0.0
1353800000,Лопатинська,0.0,12480300.0,0.0,0.0,0.0,0.0,0.0,0.0,0.0,0.0,2399400.0,12480300.0,0.0,2399400.0
1356300000,Львівська,0.0,0.0,0.0,0.0,0.0,0.0,0.0,0.0,0.0,0.0,0.0,0.0,0.0,0.0
1353900000,Меденицька,0.0,18985500.0,0.0,0.0,0.0,0.0,0.0,0.0,0.0,0.0,0.0,18985500.0,0.0,0.0
1356400000,Миколаївська,0.0,11348800.0,0.0,0.0,0.0,0.0,0.0,0.0,0.0,0.0,0.0,11348800.0,0.0,0.0
1356500000,Моршинська,0.0,1532600.0,0.0,0.0,0.0,0.0,0.0,0.0,0.0,0.0,0.0,1532600.0,0.0,0.0
1351700000,Мостиська,0.0,37040100.0,0.0,0.0,0.0,0.0,0.0,0.0,0.0,0.0,0.0,37040100.0,0.0,0.0
1353500000,Мурованська,0.0,0.0,0.0,0.0,0.0,0.0,0.0,0.0,0.0,0.0,5625700.0,0.0,0.0,5625700.0
1351100000,Новокалинівська,0.0,22399500.0,0.0,0.0,0.0,0.0,0.0,0.0,0.0,0.0,13991400.0,22399500.0,0.0,13991400.0
1356600000,Новороздільська,0.0,19416800.0,0.0,0.0,0.0,0.0,0.0,0.0,0.0,0.0,0.0,19416800.0,0.0,0.0
1356700000,Новояворівська,0.0,0.0,0.0,0.0,0.0,0.0,0.0,0.0,0.0,0.0,5190400.0,0.0,0.0,5190400.0
1356800000,Новояричівська,0.0,7895600.0,0.0,0.0,0.0,0.0,0.0,0.0,0.0,0.0,1320700.0,7895600.0,0.0,1320700.0
1356900000,Оброшинська,0.0,0.0,0.0,0.0,0.0,0.0,0.0,0.0,0.0,0.0,0.0,0.0,0.0,0.0
1357000000,Перемишлянська,0.0,18395200.0,0.0,0.0,0.0,0.0,0.0,0.0,0.0,0.0,711400.0,18395200.0,0.0,711400.0
1357200000,Поморянська,0.0,9473000.0,0.0,0.0,0.0,0.0,0.0,0.0,0.0,0.0,2653900.0,9473000.0,0.0,2653900.0
1357300000,Пустомитівська,0.0,0.0,0.0,0.0,0.0,0.0,0.0,0.0,0.0,0.0,2670600.0,0.0,0.0,2670600.0
1352700000,Підберізцівська,0.0,5764000.0,0.0,0.0,0.0,0.0,0.0,0.0,0.0,0.0,0.0,5764000.0,0.0,0.0
1357100000,Підкамінська,0.0,13093100.0,0.0,0.0,0.0,0.0,0.0,0.0,0.0,0.0,1186100.0,13093100.0,0.0,1186100.0
1357400000,Рава-Руська,0.0,22649200.0,0.0,0.0,0.0,0.0,0.0,0.0,0.0,0.0,0.0,22649200.0,0.0,0.0
1354000000,Радехівська,0.0,0.0,0.0,0.0,0.0,0.0,0.0,0.0,0.0,0.0,484400.0,0.0,0.0,484400.0
1357500000,Ралівська,0.0,19455500.0,0.0,0.0,0.0,0.0,0.0,0.0,0.0,0.0,0.0,19455500.0,0.0,0.0
1352500000,Розвадівська,0.0,5559500.0,0.0,0.0,0.0,0.0,0.0,0.0,0.0,0.0,0.0,5559500.0,0.0,0.0
1353000000,Рудківська,0.0,36796200.0,0.0,0.0,0.0,0.0,0.0,0.0,0.0,0.0,0.0,36796200.0,0.0,0.0
1357600000,Самбірська,0.0,0.0,0.0,0.0,0.0,0.0,0.0,0.0,0.0,0.0,19027900.0,0.0,0.0,19027900.0
1357700000,Сколівська,0.0,0.0,0.0,0.0,0.0,0.0,0.0,0.0,0.0,0.0,0.0,0.0,0.0,0.0
1353100000,Славська,0.0,0.0,0.0,0.0,0.0,0.0,0.0,0.0,0.0,0.0,0.0,0.0,0.0,0.0
1357800000,Сокальська,0.0,6111000.0,0.0,0.0,0.0,0.0,0.0,0.0,0.0,0.0,0.0,6111000.0,0.0,0.0
1357900000,Сокільницька,0.0,0.0,0.0,0.0,0.0,0.0,0.0,0.0,0.0,0.0,0.0,0.0,0.0,0.0
1352800000,Солонківська,0.0,0.0,0.0,0.0,0.0,0.0,0.0,0.0,0.0,0.0,0.0,0.0,0.0,0.0
1358000000,Старосамбірська,0.0,20212500.0,0.0,0.0,0.0,0.0,0.0,0.0,0.0,0.0,0.0,20212500.0,0.0,0.0
1358100000,Стрийська,0.0,0.0,0.0,0.0,0.0,0.0,0.0,0.0,0.0,0.0,0.0,0.0,0.0,0.0
1358200000,Стрілківська,0.0,32419800.0,0.0,0.0,0.0,0.0,0.0,0.0,0.0,0.0,0.0,32419800.0,0.0,0.0
1351800000,Судововишнянська,0.0,16641600.0,0.0,0.0,0.0,0.0,0.0,0.0,0.0,0.0,0.0,16641600.0,0.0,0.0
1358300000,Східницька,0.0,31359000.0,0.0,0.0,0.0,0.0,0.0,0.0,0.0,0.0,0.0,31359000.0,0.0,0.0
1351400000,Тростянецька,0.0,5949300.0,0.0,0.0,0.0,0.0,0.0,0.0,0.0,0.0,0.0,5949300.0,0.0,0.0
1358400000,Трускавецька,0.0,41002200.0,0.0,0.0,0.0,0.0,0.0,0.0,0.0,0.0,0.0,41002200.0,0.0,0.0
1358500000,Турківська,0.0,28439100.0,0.0,0.0,0.0,0.0,0.0,0.0,0.0,0.0,20425600.0,28439100.0,0.0,20425600.0
1358600000,Хирівська,0.0,31444400.0,0.0,0.0,0.0,0.0,0.0,0.0,0.0,0.0,0.0,31444400.0,0.0,0.0
1351600000,Ходорівська,0.0,22038300.0,0.0,0.0,0.0,0.0,0.0,0.0,0.0,0.0,6834200.0,22038300.0,0.0,6834200.0
1352200000,Шегинівська,0.0,0.0,0.0,0.0,0.0,0.0,0.0,0.0,0.0,0.0,0.0,0.0,0.0,0.0
1358700000,Шептицька,0.0,0.0,0.0,0.0,0.0,0.0,0.0,0.0,0.0,0.0,0.0,0.0,0.0,0.0
1352900000,Щирецька,0.0,12149000.0,0.0,0.0,0.0,0.0,0.0,0.0,0.0,0.0,0.0,12149000.0,0.0,0.0
1358800000,Яворівська,0.0,26886600.0,0.0,0.0,0.0,0.0,0.0,0.0,0.0,0.0,0.0,26886600.0,0.0,0.0
1454500000,Єланецька,0.0,8881000.0,0.0,0.0,0.0,0.0,0.0,0.0,0.0,0.0,16614800.0,8881000.0,0.0,16614800.0
1454600000,Інгульська,0.0,4287700.0,0.0,0.0,0.0,0.0,0.0,0.0,0.0,0.0,12430800.0,4287700.0,0.0,12430800.0
1452800000,Арбузинська,0.0,3292200.0,0.0,0.0,0.0,0.0,0.0,0.0,0.0,0.0,0.0,3292200.0,0.0,0.0
1450200000,Баштанська,0.0,8693700.0,0.0,0.0,0.0,0.0,0.0,0.0,0.0,0.0,4986800.0,8693700.0,0.0,4986800.0
1452200000,Березанська,0.0,10636200.0,0.0,0.0,0.0,0.0,0.0,0.0,0.0,0.0,0.0,10636200.0,0.0,0.0
1453000000,Березнегуватська,0.0,11741900.0,0.0,0.0,0.0,0.0,0.0,0.0,0.0,0.0,29817200.0,11741900.0,0.0,29817200.0
1451000000,Благодатненська,0.0,0.0,0.0,0.0,0.0,0.0,0.0,0.0,0.0,0.0,0.0,0.0,0.0,0.0
1454300000,Братська,0.0,11230600.0,0.0,0.0,0.0,0.0,0.0,0.0,0.0,0.0,0.0,11230600.0,0.0,0.0
1451100000,Бузька,0.0,3299900.0,0.0,0.0,0.0,0.0,0.0,0.0,0.0,0.0,4397400.0,3299900.0,0.0,4397400.0
1450400000,Веселинівська,0.0,16929300.0,0.0,0.0,0.0,0.0,0.0,0.0,0.0,0.0,0.0,16929300.0,0.0,0.0
1450800000,Веснянська,0.0,12428200.0,0.0,0.0,0.0,0.0,0.0,0.0,0.0,0.0,0.0,12428200.0,0.0,0.0
1452900000,Вознесенська,0.0,0.0,0.0,0.0,0.0,0.0,0.0,0.0,0.0,0.0,3243700.0,0.0,0.0,3243700.0
1452400000,Володимирівська,0.0,2436500.0,0.0,0.0,0.0,0.0,0.0,0.0,0.0,0.0,2468700.0,2436500.0,0.0,2468700.0
1450500000,Воскресенська,0.0,28613200.0,0.0,0.0,0.0,0.0,0.0,0.0,0.0,0.0,1254500.0,28613200.0,0.0,1254500.0
1454400000,Врадіївська,0.0,15762000.0,0.0,0.0,0.0,0.0,0.0,0.0,0.0,0.0,0.0,15762000.0,0.0,0.0
1453400000,Вільнозапорізька,0.0,9361100.0,0.0,0.0,0.0,0.0,0.0,0.0,0.0,0.0,0.0,9361100.0,0.0,0.0
1451200000,Галицинівська,0.0,0.0,0.0,0.0,0.0,0.0,0.0,0.0,0.0,0.0,124514200.0,0.0,0.0,124514200.0
1453500000,Горохівська,0.0,10886100.0,0.0,0.0,0.0,0.0,0.0,0.0,0.0,0.0,13482800.0,10886100.0,0.0,13482800.0
1450600000,Доманівська,0.0,15560300.0,0.0,0.0,0.0,0.0,0.0,0.0,0.0,0.0,0.0,15560300.0,0.0,0.0
1452000000,Дорошівська,0.0,8347000.0,0.0,0.0,0.0,0.0,0.0,0.0,0.0,0.0,877500.0,8347000.0,0.0,877500.0
1452500000,Казанківська,0.0,15032700.0,0.0,0.0,0.0,0.0,0.0,0.0,0.0,0.0,0.0,15032700.0,0.0,0.0
1450900000,Кам'яномостівська,0.0,0.0,0.0,0.0,0.0,0.0,0.0,0.0,0.0,0.0,59100.0,0.0,0.0,59100.0
1451300000,Коблівська,0.0,7202500.0,0.0,0.0,0.0,0.0,0.0,0.0,0.0,0.0,92205000.0,7202500.0,0.0,92205000.0
1451500000,Костянтинівська,0.0,1439700.0,0.0,0.0,0.0,0.0,0.0,0.0,0.0,0.0,152000.0,1439700.0,0.0,152000.0
1454800000,Кривоозерська,0.0,13472500.0,0.0,0.0,0.0,0.0,0.0,0.0,0.0,0.0,0.0,13472500.0,0.0,0.0
1450100000,Куцурубська,0.0,5456300.0,0.0,0.0,0.0,0.0,0.0,0.0,0.0,0.0,9745700.0,5456300.0,0.0,9745700.0
1453800000,Мигіївська,0.0,0.0,0.0,0.0,0.0,0.0,0.0,0.0,0.0,0.0,3277400.0,0.0,0.0,3277400.0
1454900000,Миколаївська,0.0,0.0,0.0,0.0,0.0,0.0,0.0,4539500.0,0.0,0.0,630910400.0,0.0,0.0,635449900.0
1451500000,Мостівська,0.0,1439700.0,0.0,0.0,0.0,0.0,0.0,0.0,0.0,0.0,152000.0,1439700.0,0.0,152000.0
1454200000,Мішково-Погорілівська,0.0,0.0,0.0,0.0,0.0,0.0,0.0,0.0,0.0,0.0,846200.0,0.0,0.0,846200.0
1451600000,Нечаянська,0.0,4130200.0,0.0,0.0,0.0,0.0,0.0,0.0,0.0,0.0,36565900.0,4130200.0,0.0,36565900.0
1453100000,Новобузька,0.0,22506000.0,0.0,0.0,0.0,0.0,0.0,0.0,0.0,0.0,2432500.0,22506000.0,0.0,2432500.0
1453900000,Новомар'ївська,0.0,2064000.0,0.0,0.0,0.0,0.0,0.0,0.0,0.0,0.0,1003900.0,2064000.0,0.0,1003900.0
1455000000,Новоодеська,0.0,12202800.0,0.0,0.0,0.0,0.0,0.0,0.0,0.0,0.0,0.0,12202800.0,0.0,0.0
1450300000,Олександрівська,0.0,7440900.0,0.0,0.0,0.0,0.0,0.0,0.0,0.0,0.0,487000.0,7440900.0,0.0,487000.0
1450700000,Ольшанська,0.0,15119600.0,0.0,0.0,0.0,0.0,0.0,0.0,0.0,0.0,6078900.0,15119600.0,0.0,6078900.0
1455100000,Очаківська,0.0,3025300.0,0.0,0.0,0.0,0.0,0.0,0.0,0.0,0.0,56862000.0,3025300.0,0.0,56862000.0
1455200000,Первомайська,0.0,74138100.0,0.0,0.0,0.0,0.0,0.0,0.0,0.0,0.0,0.0,74138100.0,0.0,0.0
1451700000,Прибужанівська,0.0,10481900.0,0.0,0.0,0.0,0.0,0.0,0.0,0.0,0.0,1628800.0,10481900.0,0.0,1628800.0
1452300000,Прибузька,0.0,1796500.0,0.0,0.0,0.0,0.0,0.0,0.0,0.0,0.0,1426400.0,1796500.0,0.0,1426400.0
1455700000,Південноукраїнська,0.0,0.0,0.0,0.0,0.0,0.0,0.0,0.0,0.0,0.0,84000000.0,0.0,0.0,84000000.0
1452700000,Радсадівська,0.0,752600.0,0.0,0.0,0.0,0.0,0.0,0.0,0.0,0.0,19149400.0,752600.0,0.0,19149400.0
1455500000,Синюшинобрідська,0.0,0.0,0.0,0.0,0.0,0.0,0.0,0.0,0.0,0.0,414500.0,0.0,0.0,414500.0
1453200000,Снігурівська,0.0,10298100.0,0.0,0.0,0.0,0.0,0.0,0.0,0.0,0.0,43864000.0,10298100.0,0.0,43864000.0
1454000000,Софіївська,0.0,6475500.0,0.0,0.0,0.0,0.0,0.0,0.0,0.0,0.0,2722300.0,6475500.0,0.0,2722300.0
1455600000,Степівська,0.0,7076500.0,0.0,0.0,0.0,0.0,0.0,0.0,0.0,0.0,9351200.0,7076500.0,0.0,9351200.0
1454100000,Сухоєланецька,0.0,8104600.0,0.0,0.0,0.0,0.0,0.0,0.0,0.0,0.0,0.0,8104600.0,0.0,0.0
1451800000,Чорноморська,0.0,10842500.0,0.0,0.0,0.0,0.0,0.0,0.0,0.0,0.0,3005900.0,10842500.0,0.0,3005900.0
1452600000,Широківська,0.0,0.0,0.0,0.0,0.0,0.0,0.0,0.0,0.0,0.0,15235100.0,0.0,0.0,15235100.0
1553800000,Іванівська,0.0,21693200.0,0.0,0.0,0.0,0.0,0.0,0.0,0.0,0.0,0.0,21693200.0,0.0,0.0
1555300000,Ізмаїльська,0.0,0.0,0.0,0.0,0.0,0.0,0.0,0.0,0.0,0.0,16451300.0,0.0,0.0,16451300.0
1551800000,Авангардівська,0.0,0.0,0.0,0.0,0.0,0.0,0.0,0.0,0.0,0.0,0.0,0.0,0.0,0.0
1553800000,Ананьївська,0.0,21693200.0,0.0,0.0,0.0,0.0,0.0,0.0,0.0,0.0,0.0,21693200.0,0.0,0.0
1553900000,Арцизька,0.0,32959500.0,0.0,0.0,0.0,0.0,0.0,0.0,0.0,0.0,3027700.0,32959500.0,0.0,3027700.0
1550100000,Балтська,0.0,9579600.0,0.0,0.0,0.0,0.0,0.0,0.0,0.0,0.0,0.0,9579600.0,0.0,0.0
1551400000,Березівська,0.0,0.0,0.0,0.0,0.0,0.0,0.0,0.0,0.0,0.0,0.0,0.0,0.0,0.0
1558200000,Бессарабська,0.0,21125500.0,0.0,0.0,0.0,0.0,0.0,0.0,0.0,0.0,2347800.0,21125500.0,0.0,2347800.0
1554100000,Болградська,0.0,31181900.0,0.0,0.0,0.0,0.0,0.0,0.0,0.0,0.0,0.0,31181900.0,0.0,0.0
1554200000,Буджацька,0.0,28189800.0,0.0,0.0,0.0,0.0,0.0,0.0,0.0,0.0,149400.0,28189800.0,0.0,149400.0
1554000000,Білгород-Дністровська,0.0,6576500.0,0.0,0.0,0.0,0.0,0.0,0.0,0.0,0.0,6416100.0,6576500.0,0.0,6416100.0
1550200000,Біляївська,0.0,0.0,0.0,0.0,0.0,0.0,0.0,0.0,0.0,0.0,138600000.0,0.0,0.0,138600000.0
1554300000,Василівська,0.0,16561200.0,0.0,0.0,0.0,0.0,0.0,0.0,0.0,0.0,3890400.0,16561200.0,0.0,3890400.0
1553000000,Великобуялицька,0.0,8437200.0,0.0,0.0,0.0,0.0,0.0,0.0,0.0,0.0,2509000.0,8437200.0,0.0,2509000.0
1554400000,Великодальницька,0.0,17610100.0,0.0,0.0,0.0,0.0,0.0,0.0,0.0,0.0,0.0,17610100.0,0.0,0.0
1554500000,Великодолинська,0.0,15042400.0,0.0,0.0,0.0,0.0,0.0,0.0,0.0,0.0,0.0,15042400.0,0.0,0.0
1550300000,Великомихайлівська,0.0,7609200.0,0.0,0.0,0.0,0.0,0.0,0.0,0.0,0.0,0.0,7609200.0,0.0,0.0
1553100000,Великоплосківська,0.0,0.0,0.0,0.0,0.0,0.0,0.0,0.0,0.0,0.0,4612700.0,0.0,0.0,4612700.0
1554600000,Вигодянська,0.0,16955200.0,0.0,0.0,0.0,0.0,0.0,0.0,0.0,0.0,3692100.0,16955200.0,0.0,3692100.0
1552900000,Визирська,0.0,0.0,0.0,0.0,0.0,0.0,0.0,0.0,0.0,0.0,6903600.0,0.0,0.0,6903600.0
1551700000,Вилківська,0.0,15418600.0,0.0,0.0,0.0,0.0,0.0,0.0,0.0,0.0,817300.0,15418600.0,0.0,817300.0
1554700000,Городненська,0.0,32687000.0,0.0,0.0,0.0,0.0,0.0,0.0,0.0,0.0,0.0,32687000.0,0.0,0.0
1551900000,Дальницька,0.0,25204300.0,0.0,0.0,0.0,0.0,0.0,0.0,0.0,0.0,2322000.0,25204300.0,0.0,2322000.0
1554800000,Дачненська,0.0,15995300.0,0.0,0.0,0.0,0.0,0.0,0.0,0.0,0.0,128954200.0,15995300.0,0.0,128954200.0
1554900000,Дивізійська,0.0,8848700.0,0.0,0.0,0.0,0.0,0.0,0.0,0.0,0.0,1482600.0,8848700.0,0.0,1482600.0
1555000000,Доброславська,0.0,1550900.0,0.0,0.0,0.0,0.0,0.0,0.0,0.0,0.0,0.0,1550900.0,0.0,0.0
1555100000,Долинська,0.0,4263400.0,0.0,0.0,0.0,0.0,0.0,0.0,0.0,0.0,1983300.0,4263400.0,0.0,1983300.0
1550900000,Затишанська,0.0,7952100.0,0.0,0.0,0.0,0.0,0.0,0.0,0.0,0.0,17300.0,7952100.0,0.0,17300.0
1555200000,Захарівська,0.0,13771900.0,0.0,0.0,0.0,0.0,0.0,0.0,0.0,0.0,0.0,13771900.0,0.0,0.0
1553200000,Зеленогірська,0.0,9184400.0,0.0,0.0,0.0,0.0,0.0,0.0,0.0,0.0,0.0,9184400.0,0.0,0.0
1552300000,Знам'янська,0.0,12869500.0,0.0,0.0,0.0,0.0,0.0,0.0,0.0,0.0,2433300.0,12869500.0,0.0,2433300.0
1555400000,Кароліно-Бугазька,0.0,4375500.0,0.0,0.0,0.0,0.0,0.0,0.0,0.0,0.0,20167300.0,4375500.0,0.0,20167300.0
1558100000,Катлабузька,0.0,16681300.0,0.0,0.0,0.0,0.0,0.0,0.0,0.0,0.0,0.0,16681300.0,0.0,0.0
1555500000,Кодимська,0.0,29469300.0,0.0,0.0,0.0,0.0,0.0,0.0,0.0,0.0,0.0,29469300.0,0.0,0.0
1551100000,Коноплянська,0.0,1220400.0,0.0,0.0,0.0,0.0,0.0,0.0,0.0,0.0,4784600.0,1220400.0,0.0,4784600.0
1550400000,Красносільська,0.0,0.0,0.0,0.0,0.0,0.0,0.0,0.0,0.0,0.0,11227300.0,0.0,0.0,11227300.0
1555600000,Криничненська,0.0,8005100.0,0.0,0.0,0.0,0.0,0.0,0.0,0.0,0.0,0.0,8005100.0,0.0,0.0
1555700000,Кубейська,0.0,20320400.0,0.0,0.0,0.0,0.0,0.0,0.0,0.0,0.0,170000.0,20320400.0,0.0,170000.0
1555800000,Кулевчанська,0.0,4213900.0,0.0,0.0,0.0,0.0,0.0,0.0,0.0,0.0,1489400.0,4213900.0,0.0,1489400.0
1555900000,Курісовська,0.0,12633300.0,0.0,0.0,0.0,0.0,0.0,0.0,0.0,0.0,2064400.0,12633300.0,0.0,2064400.0
1551300000,Куяльницька,0.0,15432600.0,0.0,0.0,0.0,0.0,0.0,0.0,0.0,0.0,2115700.0,15432600.0,0.0,2115700.0
1552600000,Кілійська,0.0,33788300.0,0.0,0.0,0.0,0.0,0.0,0.0,0.0,0.0,0.0,33788300.0,0.0,0.0
1556000000,Лиманська,0.0,24235100.0,0.0,0.0,0.0,0.0,0.0,0.0,0.0,0.0,0.0,24235100.0,0.0,0.0
1552700000,Любашівська,0.0,17216200.0,0.0,0.0,0.0,0.0,0.0,0.0,0.0,0.0,0.0,17216200.0,0.0,0.0
1550500000,Маразліївська,0.0,6949300.0,0.0,0.0,0.0,0.0,0.0,0.0,0.0,0.0,0.0,6949300.0,0.0,0.0
1552100000,Маяківська,0.0,17057100.0,0.0,0.0,0.0,0.0,0.0,0.0,0.0,0.0,0.0,17057100.0,0.0,0.0
1552400000,Миколаївська,0.0,24388200.0,0.0,0.0,0.0,0.0,0.0,0.0,0.0,0.0,736400.0,24388200.0,0.0,736400.0
1552400000,Мологівська,0.0,24388200.0,0.0,0.0,0.0,0.0,0.0,0.0,0.0,0.0,736400.0,24388200.0,0.0,736400.0
1556200000,Нерубайська,0.0,0.0,0.0,0.0,0.0,0.0,0.0,0.0,0.0,0.0,0.0,0.0,0.0,0.0
1553500000,Новоборисівська,0.0,3412400.0,0.0,0.0,0.0,0.0,0.0,0.0,0.0,0.0,0.0,3412400.0,0.0,0.0
1550800000,Новокальчевська,0.0,0.0,0.0,0.0,0.0,0.0,0.0,0.0,0.0,0.0,5450500.0,0.0,0.0,5450500.0
1556300000,Овідіопольська,0.0,0.0,0.0,0.0,0.0,0.0,0.0,0.0,0.0,0.0,0.0,0.0,0.0,0.0
1556400000,Одеська,0.0,0.0,0.0,0.0,0.0,0.0,0.0,0.0,0.0,0.0,0.0,0.0,0.0,0.0
1552800000,Окнянська,0.0,11344500.0,0.0,0.0,0.0,0.0,0.0,0.0,0.0,0.0,942200.0,11344500.0,0.0,942200.0
1556500000,Павлівська,0.0,5140900.0,0.0,0.0,0.0,0.0,0.0,0.0,0.0,0.0,109700.0,5140900.0,0.0,109700.0
1553600000,Петровірівська,0.0,5636500.0,0.0,0.0,0.0,0.0,0.0,0.0,0.0,0.0,0.0,5636500.0,0.0,0.0
1553600000,Петропавлівська,0.0,5636500.0,0.0,0.0,0.0,0.0,0.0,0.0,0.0,0.0,0.0,5636500.0,0.0,0.0
1556800000,Плахтіївська,0.0,9226000.0,0.0,0.0,0.0,0.0,0.0,0.0,0.0,0.0,0.0,9226000.0,0.0,0.0
1556900000,Подільська,0.0,1755900.0,0.0,0.0,0.0,0.0,0.0,0.0,0.0,0.0,33659900.0,1755900.0,0.0,33659900.0
1559100000,Південнівська,0.0,0.0,0.0,0.0,0.0,0.0,0.0,0.0,0.0,0.0,86970207.0,0.0,0.0,86970207.0
1557000000,Раухівська,0.0,13186900.0,0.0,0.0,0.0,0.0,0.0,0.0,0.0,0.0,0.0,13186900.0,0.0,0.0
1557100000,Ренійська,0.0,15606300.0,0.0,0.0,0.0,0.0,0.0,0.0,0.0,0.0,14650700.0,15606300.0,0.0,14650700.0
1557200000,Роздільнянська,0.0,34874300.0,0.0,0.0,0.0,0.0,0.0,0.0,0.0,0.0,0.0,34874300.0,0.0,0.0
1550600000,Розквітівська,0.0,6249400.0,0.0,0.0,0.0,0.0,0.0,0.0,0.0,0.0,0.0,6249400.0,0.0,0.0
1557300000,Савранська,0.0,19451900.0,0.0,0.0,0.0,0.0,0.0,0.0,0.0,0.0,0.0,19451900.0,0.0,0.0
1557400000,Саратська,0.0,0.0,0.0,0.0,0.0,0.0,0.0,0.0,0.0,0.0,0.0,0.0,0.0,0.0
1557500000,Саф'янівська,0.0,56566100.0,0.0,0.0,0.0,0.0,0.0,0.0,0.0,0.0,0.0,56566100.0,0.0,0.0
1557600000,Сергіївська,0.0,14218500.0,0.0,0.0,0.0,0.0,0.0,0.0,0.0,0.0,7657000.0,14218500.0,0.0,7657000.0
1557700000,Слобідська,0.0,5328800.0,0.0,0.0,0.0,0.0,0.0,0.0,0.0,0.0,1141400.0,5328800.0,0.0,1141400.0
1551500000,Старокозацька,0.0,23996100.0,0.0,0.0,0.0,0.0,0.0,0.0,0.0,0.0,0.0,23996100.0,0.0,0.0
1557800000,Старомаяківська,0.0,711100.0,0.0,0.0,0.0,0.0,0.0,0.0,0.0,0.0,2627600.0,711100.0,0.0,2627600.0
1557900000,Степанівська,0.0,1688000.0,0.0,0.0,0.0,0.0,0.0,0.0,0.0,0.0,0.0,1688000.0,0.0,0.0
1558000000,Стрюківська,0.0,3327700.0,0.0,0.0,0.0,0.0,0.0,0.0,0.0,0.0,250700.0,3327700.0,0.0,250700.0
1558300000,Татарбунарська,0.0,25336600.0,0.0,0.0,0.0,0.0,0.0,0.0,0.0,0.0,0.0,25336600.0,0.0,0.0
1552500000,Таїровська,0.0,0.0,0.0,0.0,0.0,0.0,0.0,0.0,0.0,0.0,0.0,0.0,0.0,0.0
1558400000,Теплицька,0.0,5935200.0,0.0,0.0,0.0,0.0,0.0,0.0,0.0,0.0,0.0,5935200.0,0.0,0.0
1558500000,Теплодарська,0.0,14287600.0,0.0,0.0,0.0,0.0,0.0,0.0,0.0,0.0,0.0,14287600.0,0.0,0.0
1550700000,Тузлівська,0.0,6041700.0,0.0,0.0,0.0,0.0,0.0,0.0,0.0,0.0,430000.0,6041700.0,0.0,430000.0
1558600000,Усатівська,0.0,86500.0,0.0,0.0,0.0,0.0,0.0,0.0,0.0,0.0,0.0,86500.0,0.0,0.0
1558700000,Успенівська,0.0,5285000.0,0.0,0.0,0.0,0.0,0.0,0.0,0.0,0.0,598700.0,5285000.0,0.0,598700.0
1558800000,Фонтанська,0.0,7704700.0,0.0,0.0,0.0,0.0,0.0,0.0,0.0,0.0,1742400.0,7704700.0,0.0,1742400.0
1552200000,Цебриківська,0.0,5732200.0,0.0,0.0,0.0,0.0,0.0,0.0,0.0,0.0,7700.0,5732200.0,0.0,7700.0
1553300000,Чернівська,0.0,5462200.0,0.0,0.0,0.0,0.0,0.0,0.0,0.0,0.0,0.0,5462200.0,0.0,0.0
1553700000,Чогодарівська,0.0,852100.0,0.0,0.0,0.0,0.0,0.0,0.0,0.0,0.0,2106400.0,852100.0,0.0,2106400.0
1558900000,Чорноморська,0.0,0.0,0.0,0.0,0.0,0.0,0.0,0.0,0.0,0.0,105677400.0,0.0,0.0,105677400.0
1551600000,Шабівська,0.0,316200.0,0.0,0.0,0.0,0.0,0.0,0.0,0.0,0.0,2177700.0,316200.0,0.0,2177700.0
1551000000,Ширяївська,0.0,7700600.0,0.0,0.0,0.0,0.0,0.0,0.0,0.0,0.0,0.0,7700600.0,0.0,0.0
1551200000,Яськівська,0.0,14205900.0,0.0,0.0,0.0,0.0,0.0,0.0,0.0,0.0,0.0,14205900.0,0.0,0.0
1655400000,Білицька,0.0,9092700.0,0.0,0.0,0.0,0.0,0.0,0.0,0.0,0.0,7603500.0,9092700.0,0.0,7603500.0
1650100000,Білоцерківська,0.0,0.0,0.0,0.0,0.0,0.0,0.0,0.0,0.0,0.0,3232600.0,0.0,0.0,3232600.0
1651900000,Великобагачанська,0.0,0.0,0.0,0.0,0.0,0.0,0.0,0.0,0.0,0.0,972300.0,0.0,0.0,972300.0
1654800000,Великобудищанська,0.0,0.0,0.0,0.0,0.0,0.0,0.0,0.0,0.0,0.0,1900.0,0.0,0.0,1900.0
1655500000,Великорублівська,0.0,1896500.0,0.0,0.0,0.0,0.0,0.0,0.0,0.0,0.0,2734200.0,1896500.0,0.0,2734200.0
1651600000,Великосорочинська,0.0,0.0,0.0,0.0,0.0,0.0,0.0,0.0,0.0,0.0,0.0,0.0,0.0,0.0
1654500000,Гадяцька,0.0,8115900.0,0.0,0.0,0.0,0.0,0.0,0.0,0.0,0.0,2124700.0,8115900.0,0.0,2124700.0
1650200000,Глобинська,0.0,0.0,0.0,0.0,0.0,0.0,0.0,0.0,0.0,0.0,0.0,0.0,0.0,0.0
1654900000,Гоголівська,0.0,0.0,0.0,0.0,0.0,0.0,0.0,0.0,0.0,0.0,3066100.0,0.0,0.0,3066100.0
1654600000,Горішньоплавнівська,0.0,0.0,0.0,0.0,0.0,0.0,0.0,0.0,0.0,0.0,0.0,0.0,0.0,0.0
1655600000,Градизька,0.0,11963900.0,0.0,0.0,0.0,0.0,0.0,0.0,0.0,0.0,0.0,11963900.0,0.0,0.0
1652100000,Гребінківська,0.0,0.0,0.0,0.0,0.0,0.0,0.0,0.0,0.0,0.0,4034700.0,0.0,0.0,4034700.0
1655700000,Диканська,0.0,0.0,0.0,0.0,0.0,0.0,0.0,0.0,0.0,0.0,2430500.0,0.0,0.0,2430500.0
1652600000,Драбинівська,0.0,0.0,0.0,0.0,0.0,0.0,0.0,0.0,0.0,0.0,0.0,0.0,0.0,0.0
1655800000,Заводська,0.0,2525400.0,0.0,0.0,0.0,0.0,0.0,0.0,0.0,0.0,12707700.0,2525400.0,0.0,12707700.0
1655000000,Зіньківська,0.0,0.0,0.0,0.0,0.0,0.0,0.0,0.0,0.0,0.0,342400.0,0.0,0.0,342400.0
1655900000,Кам'янопотоківська,0.0,19886200.0,0.0,0.0,0.0,0.0,0.0,0.0,0.0,0.0,0.0,19886200.0,0.0,0.0
1656000000,Карлівська,0.0,0.0,0.0,0.0,0.0,0.0,0.0,0.0,0.0,0.0,1032500.0,0.0,0.0,1032500.0
1656100000,Кобеляцька,0.0,4004700.0,0.0,0.0,0.0,0.0,0.0,0.0,0.0,0.0,1866500.0,4004700.0,0.0,1866500.0
1653400000,Козельщинська,0.0,6365100.0,0.0,0.0,0.0,0.0,0.0,0.0,0.0,0.0,0.0,6365100.0,0.0,0.0
1654100000,Коломацька,0.0,583700.0,0.0,0.0,0.0,0.0,0.0,0.0,0.0,0.0,158300.0,583700.0,0.0,158300.0
1656200000,Комишнянська,0.0,0.0,0.0,0.0,0.0,0.0,0.0,0.0,0.0,0.0,290300.0,0.0,0.0,290300.0
1656300000,Котелевська,0.0,0.0,0.0,0.0,0.0,0.0,0.0,0.0,0.0,0.0,0.0,0.0,0.0,0.0
1654200000,Краснолуцька,0.0,0.0,0.0,0.0,0.0,0.0,0.0,0.0,0.0,0.0,0.0,0.0,0.0,0.0
1656400000,Кременчуцька,0.0,0.0,0.0,0.0,0.0,0.0,0.0,0.0,0.0,0.0,30777500.0,0.0,0.0,30777500.0
1652200000,Ланнівська,0.0,0.0,0.0,0.0,0.0,0.0,0.0,0.0,0.0,0.0,0.0,0.0,0.0,0.0
1652400000,Лохвицька,0.0,0.0,0.0,0.0,0.0,0.0,0.0,0.0,0.0,0.0,0.0,0.0,0.0,0.0
1656500000,Лубенська,0.0,0.0,0.0,0.0,0.0,0.0,0.0,0.0,0.0,0.0,0.0,0.0,0.0,0.0
1656600000,Лютенська,0.0,0.0,0.0,0.0,0.0,0.0,0.0,0.0,0.0,0.0,0.0,0.0,0.0,0.0
1656700000,Мартинівська,0.0,769900.0,0.0,0.0,0.0,0.0,0.0,0.0,0.0,0.0,337200.0,769900.0,0.0,337200.0
1653900000,Мачухівська,0.0,0.0,0.0,0.0,0.0,0.0,0.0,0.0,0.0,0.0,0.0,0.0,0.0,0.0
1653500000,Машівська,0.0,0.0,0.0,0.0,0.0,0.0,0.0,0.0,0.0,0.0,0.0,0.0,0.0,0.0
1656800000,Миргородська,0.0,6449000.0,0.0,0.0,0.0,0.0,0.0,0.0,0.0,0.0,0.0,6449000.0,0.0,0.0
1653500000,Михайлівська,0.0,0.0,0.0,0.0,0.0,0.0,0.0,0.0,0.0,0.0,0.0,0.0,0.0,0.0
1652800000,Нехворощанська,0.0,0.0,0.0,0.0,0.0,0.0,0.0,0.0,0.0,0.0,0.0,0.0,0.0,0.0
1653100000,Новогалещинська,0.0,75900.0,0.0,0.0,0.0,0.0,0.0,0.0,0.0,0.0,4825400.0,75900.0,0.0,4825400.0
1655100000,Новооржицька,0.0,0.0,0.0,0.0,0.0,0.0,0.0,0.0,0.0,0.0,0.0,0.0,0.0,0.0
1653000000,Новосанжарська,0.0,10270400.0,0.0,0.0,0.0,0.0,0.0,0.0,0.0,0.0,0.0,10270400.0,0.0,0.0
1654700000,Новоселівська,0.0,0.0,0.0,0.0,0.0,0.0,0.0,0.0,0.0,0.0,26408500.0,0.0,0.0,26408500.0
1653700000,Оболонська,0.0,0.0,0.0,0.0,0.0,0.0,0.0,0.0,0.0,0.0,0.0,0.0,0.0,0.0
1650500000,Омельницька,0.0,0.0,0.0,0.0,0.0,0.0,0.0,0.0,0.0,0.0,1592500.0,0.0,0.0,1592500.0
1654300000,Опішнянська,0.0,0.0,0.0,0.0,0.0,0.0,0.0,0.0,0.0,0.0,0.0,0.0,0.0,0.0
1656900000,Оржицька,0.0,0.0,0.0,0.0,0.0,0.0,0.0,0.0,0.0,0.0,0.0,0.0,0.0,0.0
1653300000,Петрівсько-Роменська,0.0,0.0,0.0,0.0,0.0,0.0,0.0,0.0,0.0,0.0,0.0,0.0,0.0,0.0
1650600000,Пирятинська,0.0,0.0,0.0,0.0,0.0,0.0,0.0,0.0,0.0,0.0,801400.0,0.0,0.0,801400.0
1657010000,Полтавська,0.0,0.0,0.0,0.0,0.0,0.0,0.0,0.0,0.0,0.0,0.0,0.0,0.0,0.0
1650900000,Пришибська,0.0,1115800.0,0.0,0.0,0.0,0.0,0.0,0.0,0.0,0.0,1163300.0,1115800.0,0.0,1163300.0
1651500000,Решетилівська,0.0,0.0,0.0,0.0,0.0,0.0,0.0,0.0,0.0,0.0,0.0,0.0,0.0,0.0
1655300000,Ромоданівська,0.0,5348800.0,0.0,0.0,0.0,0.0,0.0,0.0,0.0,0.0,17616200.0,5348800.0,0.0,17616200.0
1651000000,Семенівська,0.0,0.0,0.0,0.0,0.0,0.0,0.0,0.0,0.0,0.0,20700.0,0.0,0.0,20700.0
1653200000,Сенчанська,0.0,0.0,0.0,0.0,0.0,0.0,0.0,0.0,0.0,0.0,0.0,0.0,0.0,0.0
1651800000,Сергіївська,0.0,0.0,0.0,0.0,0.0,0.0,0.0,0.0,0.0,0.0,980700.0,0.0,0.0,980700.0
1651300000,Скороходівська,0.0,5259000.0,0.0,0.0,0.0,0.0,0.0,0.0,0.0,0.0,0.0,5259000.0,0.0,0.0
1654000000,Терешківська,0.0,5268600.0,0.0,0.0,0.0,0.0,0.0,0.0,0.0,0.0,0.0,5268600.0,0.0,0.0
1657100000,Хорольська,0.0,0.0,0.0,0.0,0.0,0.0,0.0,0.0,0.0,0.0,0.0,0.0,0.0,0.0
1654400000,Чорнухинська,0.0,0.0,0.0,0.0,0.0,0.0,0.0,0.0,0.0,0.0,7935500.0,0.0,0.0,7935500.0
1657200000,Чутівська,0.0,5566300.0,0.0,0.0,0.0,0.0,0.0,0.0,0.0,0.0,8000300.0,5566300.0,0.0,8000300.0
1651200000,Шишацька,0.0,0.0,0.0,0.0,0.0,0.0,0.0,0.0,0.0,0.0,0.0,0.0,0.0,0.0
1653600000,Щербанівська,0.0,246700.0,0.0,0.0,0.0,0.0,0.0,0.0,0.0,0.0,0.0,246700.0,0.0,0.0
1753700000,Антонівська,0.0,11671300.0,0.0,0.0,0.0,0.0,0.0,0.0,0.0,0.0,1093400.0,11671300.0,0.0,1093400.0
1750100000,Бабинська,0.0,5758100.0,0.0,0.0,0.0,0.0,0.0,0.0,0.0,0.0,0.0,5758100.0,0.0,0.0
1754700000,Березнівська,0.0,60097500.0,0.0,0.0,0.0,0.0,0.0,0.0,0.0,0.0,0.0,60097500.0,0.0,0.0
1754600000,Березівська,0.0,21687000.0,0.0,0.0,0.0,0.0,0.0,0.0,0.0,0.0,647400.0,21687000.0,0.0,647400.0
1751900000,Бокіймівська,0.0,3945500.0,0.0,0.0,0.0,0.0,0.0,0.0,0.0,0.0,8098400.0,3945500.0,0.0,8098400.0
1751600000,Боремельська,0.0,4269800.0,0.0,0.0,0.0,0.0,0.0,0.0,0.0,0.0,1205500.0,4269800.0,0.0,1205500.0
1750200000,Бугринська,0.0,5932800.0,0.0,0.0,0.0,0.0,0.0,0.0,0.0,0.0,282400.0,5932800.0,0.0,282400.0
1754800000,Білокриницька,0.0,15222200.0,0.0,0.0,0.0,0.0,0.0,0.0,0.0,0.0,0.0,15222200.0,0.0,0.0
1753200000,Вараська,0.0,0.0,0.0,0.0,0.0,0.0,0.0,0.0,0.0,0.0,0.0,0.0,0.0,0.0
1754900000,Варковицька,0.0,4009500.0,0.0,0.0,0.0,0.0,0.0,0.0,0.0,0.0,2914600.0,4009500.0,0.0,2914600.0
1755000000,Великомежиріцька,0.0,12586100.0,0.0,0.0,0.0,0.0,0.0,0.0,0.0,0.0,0.0,12586100.0,0.0,0.0
1753800000,Великоомелянська,0.0,0.0,0.0,0.0,0.0,0.0,0.0,0.0,0.0,0.0,0.0,0.0,0.0,0.0
1755100000,Вербська,0.0,4195600.0,0.0,0.0,0.0,0.0,0.0,0.0,0.0,0.0,0.0,4195600.0,0.0,0.0
1753900000,Вирівська,0.0,13477300.0,0.0,0.0,0.0,0.0,0.0,0.0,0.0,0.0,0.0,13477300.0,0.0,0.0
1751200000,Висоцька,0.0,7639900.0,0.0,0.0,0.0,0.0,0.0,0.0,0.0,0.0,3700800.0,7639900.0,0.0,3700800.0
1755200000,Володимирецька,0.0,37716200.0,0.0,0.0,0.0,0.0,0.0,0.0,0.0,0.0,0.0,37716200.0,0.0,0.0
1754000000,Головинська,0.0,12293100.0,0.0,0.0,0.0,0.0,0.0,0.0,0.0,0.0,332800.0,12293100.0,0.0,332800.0
1755300000,Городоцька,0.0,0.0,0.0,0.0,0.0,0.0,0.0,0.0,0.0,0.0,0.0,0.0,0.0,0.0
1755400000,Гощанська,0.0,8363100.0,0.0,0.0,0.0,0.0,0.0,0.0,0.0,0.0,0.0,8363100.0,0.0,0.0
1752400000,Демидівська,0.0,8043400.0,0.0,0.0,0.0,0.0,0.0,0.0,0.0,0.0,3782400.0,8043400.0,0.0,3782400.0
1751700000,Деражненська,0.0,10320500.0,0.0,0.0,0.0,0.0,0.0,0.0,0.0,0.0,0.0,10320500.0,0.0,0.0
1755500000,Дубенська,0.0,7750800.0,0.0,0.0,0.0,0.0,0.0,0.0,0.0,0.0,23183100.0,7750800.0,0.0,23183100.0
1755600000,Дубровицька,0.0,51728800.0,0.0,0.0,0.0,0.0,0.0,0.0,0.0,0.0,0.0,51728800.0,0.0,0.0
1752900000,Дядьковицька,0.0,1443100.0,0.0,0.0,0.0,0.0,0.0,0.0,0.0,0.0,0.0,1443100.0,0.0,0.0
1755700000,Зарічненська,0.0,45010400.0,0.0,0.0,0.0,0.0,0.0,0.0,0.0,0.0,0.0,45010400.0,0.0,0.0
1755800000,Здовбицька,0.0,11191300.0,0.0,0.0,0.0,0.0,0.0,0.0,0.0,0.0,0.0,11191300.0,0.0,0.0
1755900000,Здолбунівська,0.0,0.0,0.0,0.0,0.0,0.0,0.0,0.0,0.0,0.0,0.0,0.0,0.0,0.0
1756000000,Зорянська,0.0,0.0,0.0,0.0,0.0,0.0,0.0,0.0,0.0,0.0,0.0,0.0,0.0,0.0
1754100000,Каноницька,0.0,12957700.0,0.0,0.0,0.0,0.0,0.0,0.0,0.0,0.0,0.0,12957700.0,0.0,0.0
1752200000,Клеванська,0.0,0.0,0.0,0.0,0.0,0.0,0.0,0.0,0.0,0.0,0.0,0.0,0.0,0.0
1750300000,Клесівська,0.0,0.0,0.0,0.0,0.0,0.0,0.0,0.0,0.0,0.0,602900.0,0.0,0.0,602900.0
1751400000,Козинська,0.0,4316000.0,0.0,0.0,0.0,0.0,0.0,0.0,0.0,0.0,2367900.0,4316000.0,0.0,2367900.0
1756100000,Корецька,0.0,28992500.0,0.0,0.0,0.0,0.0,0.0,0.0,0.0,0.0,0.0,28992500.0,0.0,0.0
1753000000,Корнинська,0.0,8043600.0,0.0,0.0,0.0,0.0,0.0,0.0,0.0,0.0,0.0,8043600.0,0.0,0.0
1756200000,Костопільська,0.0,11958100.0,0.0,0.0,0.0,0.0,0.0,0.0,0.0,0.0,0.0,11958100.0,0.0,0.0
1750700000,Крупецька,0.0,0.0,0.0,0.0,0.0,0.0,0.0,0.0,0.0,0.0,83400.0,0.0,0.0,83400.0
1751000000,Локницька,0.0,11427300.0,0.0,0.0,0.0,0.0,0.0,0.0,0.0,0.0,1205100.0,11427300.0,0.0,1205100.0
1753600000,Малинська,0.0,7877500.0,0.0,0.0,0.0,0.0,0.0,0.0,0.0,0.0,1832800.0,7877500.0,0.0,1832800.0
1752500000,Малолюбашанська,0.0,7456600.0,0.0,0.0,0.0,0.0,0.0,0.0,0.0,0.0,1004400.0,7456600.0,0.0,1004400.0
1750400000,Миляцька,0.0,9419100.0,0.0,0.0,0.0,0.0,0.0,0.0,0.0,0.0,52200.0,9419100.0,0.0,52200.0
1750900000,Мирогощанська,0.0,8473800.0,0.0,0.0,0.0,0.0,0.0,0.0,0.0,0.0,314900.0,8473800.0,0.0,314900.0
1751500000,Млинівська,0.0,5385300.0,0.0,0.0,0.0,0.0,0.0,0.0,0.0,0.0,3542600.0,5385300.0,0.0,3542600.0
1756300000,Мізоцька,0.0,18626700.0,0.0,0.0,0.0,0.0,0.0,0.0,0.0,0.0,343500.0,18626700.0,0.0,343500.0
1752300000,Немовицька,0.0,19231900.0,0.0,0.0,0.0,0.0,0.0,0.0,0.0,0.0,313900.0,19231900.0,0.0,313900.0
1752600000,Олександрійська,0.0,6711600.0,0.0,0.0,0.0,0.0,0.0,0.0,0.0,0.0,0.0,6711600.0,0.0,0.0
1751800000,Острожецька,0.0,4152400.0,0.0,0.0,0.0,0.0,0.0,0.0,0.0,0.0,2365800.0,4152400.0,0.0,2365800.0
1753400000,Острозька,0.0,48646800.0,0.0,0.0,0.0,0.0,0.0,0.0,0.0,0.0,0.0,48646800.0,0.0,0.0
1752800000,Повчанська,0.0,607500.0,0.0,0.0,0.0,0.0,0.0,0.0,0.0,0.0,3587100.0,607500.0,0.0,3587100.0
1754300000,Полицька,0.0,9007600.0,0.0,0.0,0.0,0.0,0.0,0.0,0.0,0.0,0.0,9007600.0,0.0,0.0
1750800000,Привільненська,0.0,4294500.0,0.0,0.0,0.0,0.0,0.0,0.0,0.0,0.0,1300600.0,4294500.0,0.0,1300600.0
1750500000,Підлозцівська,0.0,0.0,0.0,0.0,0.0,0.0,0.0,0.0,0.0,0.0,515700.0,0.0,0.0,515700.0
1750600000,Радивилівська,0.0,0.0,0.0,0.0,0.0,0.0,0.0,0.0,0.0,0.0,0.0,0.0,0.0,0.0
1754400000,Рафалівська,0.0,12645900.0,0.0,0.0,0.0,0.0,0.0,0.0,0.0,0.0,435200.0,12645900.0,0.0,435200.0
1756500000,Рокитнівська,0.0,47538500.0,0.0,0.0,0.0,0.0,0.0,0.0,0.0,0.0,0.0,47538500.0,0.0,0.0
1756400000,Рівненська,0.0,0.0,0.0,0.0,0.0,0.0,0.0,0.0,0.0,0.0,0.0,0.0,0.0,0.0
1756600000,Сарненська,0.0,52169200.0,0.0,0.0,0.0,0.0,0.0,0.0,0.0,0.0,0.0,52169200.0,0.0,0.0
1754500000,Семидубська,0.0,2545800.0,0.0,0.0,0.0,0.0,0.0,0.0,0.0,0.0,0.0,2545800.0,0.0,0.0
1751100000,Смизька,0.0,0.0,0.0,0.0,0.0,0.0,0.0,0.0,0.0,0.0,851200.0,0.0,0.0,851200.0
1756700000,Соснівська,0.0,8692600.0,0.0,0.0,0.0,0.0,0.0,0.0,0.0,0.0,0.0,8692600.0,0.0,0.0
1753100000,Старосільська,0.0,13074200.0,0.0,0.0,0.0,0.0,0.0,0.0,0.0,0.0,0.0,13074200.0,0.0,0.0
1753500000,Степанська,0.0,12519300.0,0.0,0.0,0.0,0.0,0.0,0.0,0.0,0.0,119100.0,12519300.0,0.0,119100.0
1752000000,Тараканівська,0.0,3909700.0,0.0,0.0,0.0,0.0,0.0,0.0,0.0,0.0,6155000.0,3909700.0,0.0,6155000.0
1752700000,Шпанівська,0.0,65000.0,0.0,0.0,0.0,0.0,0.0,0.0,0.0,0.0,0.0,65000.0,0.0,0.0
1752100000,Ярославицька,0.0,0.0,0.0,0.0,0.0,0.0,0.0,0.0,0.0,0.0,8096000.0,0.0,0.0,8096000.0
1852900000,Андріяшівська,0.0,0.0,0.0,0.0,0.0,0.0,0.0,0.0,0.0,0.0,11700.0,0.0,0.0,11700.0
1850900000,Бездрицька,0.0,1717000.0,0.0,0.0,0.0,0.0,0.0,0.0,0.0,0.0,330000.0,1717000.0,0.0,330000.0
1850100000,Березівська,0.0,3103900.0,0.0,0.0,0.0,0.0,0.0,0.0,0.0,0.0,4007200.0,3103900.0,0.0,4007200.0
1851000000,Боромлянська,0.0,0.0,0.0,0.0,0.0,0.0,0.0,0.0,0.0,0.0,1589500.0,0.0,0.0,1589500.0
1851800000,Бочечківська,0.0,0.0,0.0,0.0,0.0,0.0,0.0,0.0,0.0,0.0,0.0,0.0,0.0,0.0
1851900000,Буринська,0.0,0.0,0.0,0.0,0.0,0.0,0.0,0.0,0.0,0.0,11665400.0,0.0,0.0,11665400.0
1853500000,Білопільська,0.0,0.0,0.0,0.0,0.0,0.0,0.0,0.0,0.0,0.0,30514400.0,0.0,0.0,30514400.0
1853900000,Великописарівська,0.0,0.0,0.0,0.0,0.0,0.0,0.0,0.0,0.0,0.0,21733000.0,0.0,0.0,21733000.0
1852700000,Верхньосироватська,0.0,5123800.0,0.0,0.0,0.0,0.0,0.0,0.0,0.0,0.0,4138100.0,5123800.0,0.0,4138100.0
1854000000,Ворожбянська,0.0,1145400.0,0.0,0.0,0.0,0.0,0.0,0.0,0.0,0.0,4638300.0,1145400.0,0.0,4638300.0
1851500000,Вільшанська,0.0,0.0,0.0,0.0,0.0,0.0,0.0,0.0,0.0,0.0,23400.0,0.0,0.0,23400.0
1854100000,Глухівська,0.0,20988900.0,0.0,0.0,0.0,0.0,0.0,0.0,0.0,0.0,7145600.0,20988900.0,0.0,7145600.0
1851100000,Грунська,0.0,8243400.0,0.0,0.0,0.0,0.0,0.0,0.0,0.0,0.0,0.0,8243400.0,0.0,0.0
1852000000,Дубов'язівська,0.0,0.0,0.0,0.0,0.0,0.0,0.0,0.0,0.0,0.0,7145500.0,0.0,0.0,7145500.0
1854200000,Есманьська,0.0,0.0,0.0,0.0,0.0,0.0,0.0,0.0,0.0,0.0,25308000.0,0.0,0.0,25308000.0
1850300000,Зноб-Новгородська,0.0,4231300.0,0.0,0.0,0.0,0.0,0.0,0.0,0.0,0.0,6019700.0,4231300.0,0.0,6019700.0
1850400000,Кириківська,0.0,6898700.0,0.0,0.0,0.0,0.0,0.0,0.0,0.0,0.0,580500.0,6898700.0,0.0,580500.0
1852200000,Комишанська,0.0,0.0,0.0,0.0,0.0,0.0,0.0,0.0,0.0,0.0,0.0,0.0,0.0,0.0
1853400000,Конотопська,0.0,18173700.0,0.0,0.0,0.0,0.0,0.0,0.0,0.0,0.0,0.0,18173700.0,0.0,0.0
1852100000,Коровинська,0.0,1708700.0,0.0,0.0,0.0,0.0,0.0,0.0,0.0,0.0,1076700.0,1708700.0,0.0,1076700.0
1851700000,Краснопільська,0.0,0.0,0.0,0.0,0.0,0.0,0.0,0.0,0.0,0.0,33039700.0,0.0,0.0,33039700.0
1851600000,Кролевецька,0.0,24472300.0,0.0,0.0,0.0,0.0,0.0,0.0,0.0,0.0,83997500.0,24472300.0,0.0,83997500.0
1854300000,Лебединська,0.0,2172400.0,0.0,0.0,0.0,0.0,0.0,0.0,0.0,0.0,12226400.0,2172400.0,0.0,12226400.0
1853200000,Липоводолинська,0.0,0.0,0.0,0.0,0.0,0.0,0.0,0.0,0.0,0.0,0.0,0.0,0.0,0.0
1851200000,Миколаївська,0.0,0.0,0.0,0.0,0.0,0.0,0.0,0.0,0.0,0.0,14329100.0,0.0,0.0,14329100.0
1851300000,Миропільська,0.0,0.0,0.0,0.0,0.0,0.0,0.0,0.0,0.0,0.0,12420500.0,0.0,0.0,12420500.0
1850600000,Недригайлівська,0.0,0.0,0.0,0.0,0.0,0.0,0.0,0.0,0.0,0.0,17397500.0,0.0,0.0,17397500.0
1851400000,Нижньосироватська,0.0,3414300.0,0.0,0.0,0.0,0.0,0.0,0.0,0.0,0.0,85795400.0,3414300.0,0.0,85795400.0
1852400000,Новослобідська,0.0,0.0,0.0,0.0,0.0,0.0,0.0,0.0,0.0,0.0,8880000.0,0.0,0.0,8880000.0
1853700000,Охтирська,0.0,0.0,0.0,0.0,0.0,0.0,0.0,0.0,0.0,0.0,7452100.0,0.0,0.0,7452100.0
1854400000,Попівська,0.0,0.0,0.0,0.0,0.0,0.0,0.0,0.0,0.0,0.0,1096100.0,0.0,0.0,1096100.0
1853800000,Путивльська,0.0,17597200.0,0.0,0.0,0.0,0.0,0.0,0.0,0.0,0.0,6184200.0,17597200.0,0.0,6184200.0
1854500000,Роменська,0.0,0.0,0.0,0.0,0.0,0.0,0.0,0.0,0.0,0.0,18311900.0,0.0,0.0,18311900.0
1853300000,Річківська,0.0,0.0,0.0,0.0,0.0,0.0,0.0,0.0,0.0,0.0,2439000.0,0.0,0.0,2439000.0
1854600000,Садівська,0.0,0.0,0.0,0.0,0.0,0.0,0.0,0.0,0.0,0.0,852200.0,0.0,0.0,852200.0
1854700000,Свеська,0.0,8094600.0,0.0,0.0,0.0,0.0,0.0,0.0,0.0,0.0,9939000.0,8094600.0,0.0,9939000.0
1854800000,Середино-Будська,0.0,5986700.0,0.0,0.0,0.0,0.0,0.0,0.0,0.0,0.0,23380700.0,5986700.0,0.0,23380700.0
1853600000,Синівська,0.0,0.0,0.0,0.0,0.0,0.0,0.0,0.0,0.0,0.0,3736800.0,0.0,0.0,3736800.0
1852500000,Степанівська,0.0,0.0,0.0,0.0,0.0,0.0,0.0,0.0,0.0,0.0,0.0,0.0,0.0,0.0
1853100000,Сумська,0.0,0.0,0.0,0.0,0.0,0.0,0.0,0.0,0.0,0.0,145996300.0,0.0,0.0,145996300.0
1852600000,Тростянецька,0.0,0.0,0.0,0.0,0.0,0.0,0.0,0.0,0.0,0.0,6573800.0,0.0,0.0,6573800.0
1854900000,Хмелівська,0.0,0.0,0.0,0.0,0.0,0.0,0.0,0.0,0.0,0.0,2689900.0,0.0,0.0,2689900.0
1850700000,Хотінська,0.0,0.0,0.0,0.0,0.0,0.0,0.0,0.0,0.0,0.0,9751100.0,0.0,0.0,9751100.0
1850200000,Хутір-Михайлівська,0.0,0.0,0.0,0.0,0.0,0.0,0.0,0.0,0.0,0.0,9127300.0,0.0,0.0,9127300.0
1852300000,Чернеччинська,0.0,0.0,0.0,0.0,0.0,0.0,0.0,0.0,0.0,0.0,3693300.0,0.0,0.0,3693300.0
1852800000,Чупахівська,0.0,3268200.0,0.0,0.0,0.0,0.0,0.0,0.0,0.0,0.0,839500.0,3268200.0,0.0,839500.0
1850800000,Шалигинська,0.0,0.0,0.0,0.0,0.0,0.0,0.0,0.0,0.0,0.0,25824600.0,0.0,0.0,25824600.0
1853000000,Шосткинська,0.0,5435500.0,0.0,0.0,0.0,0.0,0.0,0.0,0.0,0.0,14300.0,5435500.0,0.0,14300.0
1855000000,Юнаківська,0.0,0.0,0.0,0.0,0.0,0.0,0.0,0.0,0.0,0.0,9248000.0,0.0,0.0,9248000.0
1851300000,Ямпільська,0.0,0.0,0.0,0.0,0.0,0.0,0.0,0.0,0.0,0.0,12420500.0,0.0,0.0,12420500.0
1955900000,Іване-Пустенська,0.0,8145300.0,0.0,0.0,0.0,0.0,0.0,0.0,0.0,0.0,0.0,8145300.0,0.0,0.0
1950900000,Іванівська,0.0,0.0,0.0,0.0,0.0,0.0,0.0,0.0,0.0,0.0,63900.0,0.0,0.0,63900.0
1950100000,Байковецька,0.0,0.0,0.0,0.0,0.0,0.0,0.0,0.0,0.0,0.0,0.0,0.0,0.0,0.0
1954800000,Бережанська,0.0,26020200.0,0.0,0.0,0.0,0.0,0.0,0.0,0.0,0.0,0.0,26020200.0,0.0,0.0
1953200000,Борсуківська,0.0,6844500.0,0.0,0.0,0.0,0.0,0.0,0.0,0.0,0.0,0.0,6844500.0,0.0,0.0
1952700000,Борщівська,0.0,32275900.0,0.0,0.0,0.0,0.0,0.0,0.0,0.0,0.0,0.0,32275900.0,0.0,0.0
1955500000,Бучацька,0.0,41938400.0,0.0,0.0,0.0,0.0,0.0,0.0,0.0,0.0,0.0,41938400.0,0.0,0.0
1954300000,Білецька,0.0,2751500.0,0.0,0.0,0.0,0.0,0.0,0.0,0.0,0.0,0.0,2751500.0,0.0,0.0
1950200000,Білобожницька,0.0,6895700.0,0.0,0.0,0.0,0.0,0.0,0.0,0.0,0.0,29700.0,6895700.0,0.0,29700.0
1953100000,Більче-Золотецька,0.0,314600.0,0.0,0.0,0.0,0.0,0.0,0.0,0.0,0.0,2126800.0,314600.0,0.0,2126800.0
1950300000,Васильковецька,0.0,7315900.0,0.0,0.0,0.0,0.0,0.0,0.0,0.0,0.0,1721400.0,7315900.0,0.0,1721400.0
1955600000,Великоберезовицька,0.0,0.0,0.0,0.0,0.0,0.0,0.0,0.0,0.0,0.0,0.0,0.0,0.0,0.0
1955000000,Великобірківська,0.0,0.0,0.0,0.0,0.0,0.0,0.0,0.0,0.0,0.0,0.0,0.0,0.0,0.0
1950400000,Великогаївська,0.0,0.0,0.0,0.0,0.0,0.0,0.0,0.0,0.0,0.0,0.0,0.0,0.0,0.0
1953300000,Великодедеркальська,0.0,0.0,0.0,0.0,0.0,0.0,0.0,0.0,0.0,0.0,4904700.0,0.0,0.0,4904700.0
1952800000,Вишнівецька,0.0,27816000.0,0.0,0.0,0.0,0.0,0.0,0.0,0.0,0.0,0.0,27816000.0,0.0,0.0
1952900000,Гримайлівська,0.0,2967000.0,0.0,0.0,0.0,0.0,0.0,0.0,0.0,0.0,7332900.0,2967000.0,0.0,7332900.0
1950500000,Гусятинська,0.0,2996300.0,0.0,0.0,0.0,0.0,0.0,0.0,0.0,0.0,0.0,2996300.0,0.0,0.0
1950600000,Заводська,0.0,1388100.0,0.0,0.0,0.0,0.0,0.0,0.0,0.0,0.0,0.0,1388100.0,0.0,0.0
1953000000,Залозецька,0.0,10832100.0,0.0,0.0,0.0,0.0,0.0,0.0,0.0,0.0,2504800.0,10832100.0,0.0,2504800.0
1955700000,Заліщицька,0.0,22220100.0,0.0,0.0,0.0,0.0,0.0,0.0,0.0,0.0,0.0,22220100.0,0.0,0.0
1955800000,Збаразька,0.0,20757800.0,0.0,0.0,0.0,0.0,0.0,0.0,0.0,0.0,0.0,20757800.0,0.0,0.0
1954000000,Зборівська,0.0,10321100.0,0.0,0.0,0.0,0.0,0.0,0.0,0.0,0.0,0.0,10321100.0,0.0,0.0
1950700000,Золотниківська,0.0,0.0,0.0,0.0,0.0,0.0,0.0,0.0,0.0,0.0,5871200.0,0.0,0.0,5871200.0
1950800000,Золотопотіцька,0.0,20585600.0,0.0,0.0,0.0,0.0,0.0,0.0,0.0,0.0,4151400.0,20585600.0,0.0,4151400.0
1951000000,Козлівська,0.0,2457600.0,0.0,0.0,0.0,0.0,0.0,0.0,0.0,0.0,3831200.0,2457600.0,0.0,3831200.0
1956000000,Козівська,0.0,0.0,0.0,0.0,0.0,0.0,0.0,0.0,0.0,0.0,0.0,0.0,0.0,0.0
1951100000,Колиндянська,0.0,7245300.0,0.0,0.0,0.0,0.0,0.0,0.0,0.0,0.0,0.0,7245300.0,0.0,0.0
1954400000,Копичинецька,0.0,17589100.0,0.0,0.0,0.0,0.0,0.0,0.0,0.0,0.0,0.0,17589100.0,0.0,0.0
1951300000,Коропецька,0.0,9811300.0,0.0,0.0,0.0,0.0,0.0,0.0,0.0,0.0,0.0,9811300.0,0.0,0.0
1956100000,Кременецька,0.0,30987700.0,0.0,0.0,0.0,0.0,0.0,0.0,0.0,0.0,0.0,30987700.0,0.0,0.0
1954500000,Купчинецька,0.0,0.0,0.0,0.0,0.0,0.0,0.0,0.0,0.0,0.0,0.0,0.0,0.0,0.0
1953800000,Лановецька,0.0,8294000.0,0.0,0.0,0.0,0.0,0.0,0.0,0.0,0.0,0.0,8294000.0,0.0,0.0
1951400000,Лопушненська,0.0,8296700.0,0.0,0.0,0.0,0.0,0.0,0.0,0.0,0.0,3252400.0,8296700.0,0.0,3252400.0
1951500000,Мельнице-Подільська,0.0,30176100.0,0.0,0.0,0.0,0.0,0.0,0.0,0.0,0.0,200000.0,30176100.0,0.0,200000.0
1951600000,Микулинецька,0.0,18611000.0,0.0,0.0,0.0,0.0,0.0,0.0,0.0,0.0,4600.0,18611000.0,0.0,4600.0
1954600000,Монастириська,0.0,14843100.0,0.0,0.0,0.0,0.0,0.0,0.0,0.0,0.0,0.0,14843100.0,0.0,0.0
1956200000,Нагірянська,0.0,9274400.0,0.0,0.0,0.0,0.0,0.0,0.0,0.0,0.0,0.0,9274400.0,0.0,0.0
1955300000,Нараївська,0.0,9507700.0,0.0,0.0,0.0,0.0,0.0,0.0,0.0,0.0,220100.0,9507700.0,0.0,220100.0
1951800000,Озернянська,0.0,8086900.0,0.0,0.0,0.0,0.0,0.0,0.0,0.0,0.0,0.0,8086900.0,0.0,0.0
1952100000,Почаївська,0.0,30741800.0,0.0,0.0,0.0,0.0,0.0,0.0,0.0,0.0,0.0,30741800.0,0.0,0.0
1952000000,Підволочиська,0.0,5345600.0,0.0,0.0,0.0,0.0,0.0,0.0,0.0,0.0,0.0,5345600.0,0.0,0.0
1956300000,Підгаєцька,0.0,0.0,0.0,0.0,0.0,0.0,0.0,0.0,0.0,0.0,0.0,0.0,0.0,0.0
1956400000,Підгородненська,0.0,2725800.0,0.0,0.0,0.0,0.0,0.0,0.0,0.0,0.0,0.0,2725800.0,0.0,0.0
1953700000,Саранчуківська,0.0,8592500.0,0.0,0.0,0.0,0.0,0.0,0.0,0.0,0.0,0.0,8592500.0,0.0,0.0
1952200000,Скала-Подільська,0.0,10857500.0,0.0,0.0,0.0,0.0,0.0,0.0,0.0,0.0,0.0,10857500.0,0.0,0.0
1952300000,Скалатська,0.0,9895700.0,0.0,0.0,0.0,0.0,0.0,0.0,0.0,0.0,0.0,9895700.0,0.0,0.0
1952400000,Скориківська,0.0,0.0,0.0,0.0,0.0,0.0,0.0,0.0,0.0,0.0,0.0,0.0,0.0,0.0
1952500000,Теребовлянська,0.0,22299200.0,0.0,0.0,0.0,0.0,0.0,0.0,0.0,0.0,0.0,22299200.0,0.0,0.0
1954900000,Тернопільська,0.0,0.0,0.0,0.0,0.0,0.0,0.0,0.0,0.0,0.0,0.0,0.0,0.0,0.0
1954200000,Товстенська,0.0,24705100.0,0.0,0.0,0.0,0.0,0.0,0.0,0.0,0.0,2594500.0,24705100.0,0.0,2594500.0
1953500000,Трибухівська,0.0,0.0,0.0,0.0,0.0,0.0,0.0,0.0,0.0,0.0,0.0,0.0,0.0,0.0
1953900000,Хоростківська,0.0,1283100.0,0.0,0.0,0.0,0.0,0.0,0.0,0.0,0.0,0.0,1283100.0,0.0,0.0
1955400000,Чортківська,0.0,15675000.0,0.0,0.0,0.0,0.0,0.0,0.0,0.0,0.0,18082300.0,15675000.0,0.0,18082300.0
1952600000,Шумська,0.0,13024200.0,0.0,0.0,0.0,0.0,0.0,0.0,0.0,0.0,0.0,13024200.0,0.0,0.0
0253300000,Іванівська,0.0,14685900.0,0.0,0.0,0.0,0.0,0.0,0.0,0.0,0.0,5613800.0,14685900.0,0.0,5613800.0
0250300000,Іллінецька,0.0,0.0,0.0,0.0,0.0,0.0,0.0,0.0,0.0,0.0,0.0,0.0,0.0,0.0
0254700000,Агрономічна,0.0,8543200.0,0.0,0.0,0.0,0.0,0.0,0.0,0.0,0.0,0.0,8543200.0,0.0,0.0
0251400000,Бабчинецька,0.0,4604900.0,0.0,0.0,0.0,0.0,0.0,0.0,0.0,0.0,2461500.0,4604900.0,0.0,2461500.0
0250500000,Барська,0.0,11054400.0,0.0,0.0,0.0,0.0,0.0,0.0,0.0,0.0,0.0,11054400.0,0.0,0.0
0254800000,Бершадська,0.0,36797200.0,0.0,0.0,0.0,0.0,0.0,0.0,0.0,0.0,0.0,36797200.0,0.0,0.0
0252900000,Брацлавська,0.0,3203200.0,0.0,0.0,0.0,0.0,0.0,0.0,0.0,0.0,2741200.0,3203200.0,0.0,2741200.0
0250400000,Вапнярська,0.0,4541500.0,0.0,0.0,0.0,0.0,0.0,0.0,0.0,0.0,2993200.0,4541500.0,0.0,2993200.0
0254900000,Вендичанська,0.0,14707500.0,0.0,0.0,0.0,0.0,0.0,0.0,0.0,0.0,7484700.0,14707500.0,0.0,7484700.0
0250800000,Вороновицька,0.0,17275300.0,0.0,0.0,0.0,0.0,0.0,0.0,0.0,0.0,0.0,17275300.0,0.0,0.0
0253600000,Вінницька,0.0,0.0,0.0,0.0,0.0,0.0,0.0,0.0,0.0,0.0,0.0,0.0,0.0,0.0
0255000000,Гайсинська,0.0,1449200.0,0.0,0.0,0.0,0.0,0.0,0.0,0.0,0.0,0.0,1449200.0,0.0,0.0
0252700000,Глуховецька,0.0,1882200.0,0.0,0.0,0.0,0.0,0.0,0.0,0.0,0.0,457400.0,1882200.0,0.0,457400.0
0253300000,Гніванська,0.0,14685900.0,0.0,0.0,0.0,0.0,0.0,0.0,0.0,0.0,5613800.0,14685900.0,0.0,5613800.0
0255100000,Городківська,0.0,0.0,0.0,0.0,0.0,0.0,0.0,0.0,0.0,0.0,0.0,0.0,0.0,0.0
0250900000,Дашівська,0.0,19710800.0,0.0,0.0,0.0,0.0,0.0,0.0,0.0,0.0,0.0,19710800.0,0.0,0.0
0251600000,Джулинська,0.0,9858500.0,0.0,0.0,0.0,0.0,0.0,0.0,0.0,0.0,0.0,9858500.0,0.0,0.0
0255200000,Джуринська,0.0,20076300.0,0.0,0.0,0.0,0.0,0.0,0.0,0.0,0.0,429400.0,20076300.0,0.0,429400.0
0250900000,Жданівська,0.0,19710800.0,0.0,0.0,0.0,0.0,0.0,0.0,0.0,0.0,0.0,19710800.0,0.0,0.0
0254200000,Жмеринська,0.0,0.0,0.0,0.0,0.0,0.0,0.0,0.0,0.0,0.0,21767800.0,0.0,0.0,21767800.0
0250100000,Калинівська,0.0,0.0,0.0,0.0,0.0,0.0,0.0,0.0,0.0,0.0,7928900.0,0.0,0.0,7928900.0
0255300000,Козятинська,0.0,0.0,0.0,0.0,0.0,0.0,0.0,0.0,0.0,0.0,0.0,0.0,0.0,0.0
0255400000,Копайгородська,0.0,8066800.0,0.0,0.0,0.0,0.0,0.0,0.0,0.0,0.0,2122100.0,8066800.0,0.0,2122100.0
0255500000,Краснопільська,0.0,0.0,0.0,0.0,0.0,0.0,0.0,0.0,0.0,0.0,0.0,0.0,0.0,0.0
0255500000,Крижопільська,0.0,0.0,0.0,0.0,0.0,0.0,0.0,0.0,0.0,0.0,0.0,0.0,0.0,0.0
0252400000,Кунківська,0.0,0.0,0.0,0.0,0.0,0.0,0.0,0.0,0.0,0.0,551300.0,0.0,0.0,551300.0
0255600000,Ладижинська,0.0,0.0,0.0,0.0,0.0,0.0,0.0,0.0,0.0,0.0,0.0,0.0,0.0,0.0
0255700000,Липовецька,0.0,0.0,0.0,0.0,0.0,0.0,0.0,0.0,0.0,0.0,0.0,0.0,0.0,0.0
0253000000,Лука-Мелешківська,0.0,7130300.0,0.0,0.0,0.0,0.0,0.0,0.0,0.0,0.0,0.0,7130300.0,0.0,0.0
0254100000,Літинська,0.0,0.0,0.0,0.0,0.0,0.0,0.0,0.0,0.0,0.0,0.0,0.0,0.0,0.0
0254600000,Махнівська,0.0,1907800.0,0.0,0.0,0.0,0.0,0.0,0.0,0.0,0.0,517700.0,1907800.0,0.0,517700.0
0255800000,Могилів-Подільська,0.0,29155300.0,0.0,0.0,0.0,0.0,0.0,0.0,0.0,0.0,0.0,29155300.0,0.0,0.0
0252200000,Мурафська,0.0,17794000.0,0.0,0.0,0.0,0.0,0.0,0.0,0.0,0.0,137700.0,17794000.0,0.0,137700.0
0255900000,Мурованокуриловецька,0.0,16005800.0,0.0,0.0,0.0,0.0,0.0,0.0,0.0,0.0,0.0,16005800.0,0.0,0.0
0250600000,Немирівська,0.0,0.0,0.0,0.0,0.0,0.0,0.0,0.0,0.0,0.0,0.0,0.0,0.0,0.0
0256000000,Ободівська,0.0,9687800.0,0.0,0.0,0.0,0.0,0.0,0.0,0.0,0.0,1700000.0,9687800.0,0.0,1700000.0
0256100000,Ольгопільська,0.0,7099900.0,0.0,0.0,0.0,0.0,0.0,0.0,0.0,0.0,767300.0,7099900.0,0.0,767300.0
0251000000,Оратівська,0.0,0.0,0.0,0.0,0.0,0.0,0.0,0.0,0.0,0.0,521100.0,0.0,0.0,521100.0
0256300000,Погребищенська,0.0,8140800.0,0.0,0.0,0.0,0.0,0.0,0.0,0.0,0.0,1925200.0,8140800.0,0.0,1925200.0
0256200000,Піщанська,0.0,11104000.0,0.0,0.0,0.0,0.0,0.0,0.0,0.0,0.0,0.0,11104000.0,0.0,0.0
0251900000,Райгородська,0.0,4287700.0,0.0,0.0,0.0,0.0,0.0,0.0,0.0,0.0,1960900.0,4287700.0,0.0,1960900.0
0256400000,Самгородоцька,0.0,0.0,0.0,0.0,0.0,0.0,0.0,0.0,0.0,0.0,0.0,0.0,0.0,0.0
0252000000,Северинівська,0.0,8546100.0,0.0,0.0,0.0,0.0,0.0,0.0,0.0,0.0,508900.0,8546100.0,0.0,508900.0
0254000000,Соболівська,0.0,7583900.0,0.0,0.0,0.0,0.0,0.0,0.0,0.0,0.0,3768800.0,7583900.0,0.0,3768800.0
0256500000,Станіславчицька,0.0,4042900.0,0.0,0.0,0.0,0.0,0.0,0.0,0.0,0.0,2743600.0,4042900.0,0.0,2743600.0
0256600000,Стрижавська,0.0,17107500.0,0.0,0.0,0.0,0.0,0.0,0.0,0.0,0.0,2790700.0,17107500.0,0.0,2790700.0
0250200000,Студенянська,0.0,3906500.0,0.0,0.0,0.0,0.0,0.0,0.0,0.0,0.0,1845300.0,3906500.0,0.0,1845300.0
0254300000,Сутисківська,0.0,10916000.0,0.0,0.0,0.0,0.0,0.0,0.0,0.0,0.0,0.0,10916000.0,0.0,0.0
0253800000,Теплицька,0.0,10383100.0,0.0,0.0,0.0,0.0,0.0,0.0,0.0,0.0,0.0,10383100.0,0.0,0.0
0256700000,Тиврівська,0.0,0.0,0.0,0.0,0.0,0.0,0.0,0.0,0.0,0.0,0.0,0.0,0.0,0.0
0251200000,Томашпільська,0.0,0.0,0.0,0.0,0.0,0.0,0.0,0.0,0.0,0.0,8571900.0,0.0,0.0,8571900.0
0253500000,Тростянецька,0.0,0.0,0.0,0.0,0.0,0.0,0.0,0.0,0.0,0.0,0.0,0.0,0.0,0.0
0250700000,Тульчинська,0.0,0.0,0.0,0.0,0.0,0.0,0.0,0.0,0.0,0.0,0.0,0.0,0.0,0.0
0256800000,Турбівська,0.0,14525000.0,0.0,0.0,0.0,0.0,0.0,0.0,0.0,0.0,0.0,14525000.0,0.0,0.0
0256900000,Уланівська,0.0,5457300.0,0.0,0.0,0.0,0.0,0.0,0.0,0.0,0.0,3501300.0,5457300.0,0.0,3501300.0
0253700000,Хмільницька,0.0,10850700.0,0.0,0.0,0.0,0.0,0.0,0.0,0.0,0.0,0.0,10850700.0,0.0,0.0
0257000000,Чернівецька,0.0,14183100.0,0.0,0.0,0.0,0.0,0.0,0.0,0.0,0.0,0.0,14183100.0,0.0,0.0
0257100000,Чечельницька,0.0,13958200.0,0.0,0.0,0.0,0.0,0.0,0.0,0.0,0.0,0.0,13958200.0,0.0,0.0
0257200000,Шаргородська,0.0,16694700.0,0.0,0.0,0.0,0.0,0.0,0.0,0.0,0.0,0.0,16694700.0,0.0,0.0
0251300000,Шпиківська,0.0,15126100.0,0.0,0.0,0.0,0.0,0.0,0.0,0.0,0.0,0.0,15126100.0,0.0,0.0
0252300000,Якушинецька,0.0,0.0,0.0,0.0,0.0,0.0,0.0,0.0,0.0,0.0,0.0,0.0,0.0,0.0
0257300000,Ямпільська,0.0,26965500.0,0.0,0.0,0.0,0.0,0.0,0.0,0.0,0.0,0.0,26965500.0,0.0,0.0
0257400000,Яришівська,0.0,2356000.0,0.0,0.0,0.0,0.0,0.0,0.0,0.0,0.0,0.0,2356000.0,0.0,0.0
0352200000,Іваничівська,0.0,9579200.0,0.0,0.0,0.0,0.0,0.0,0.0,0.0,0.0,0.0,9579200.0,0.0,0.0
0355500000,Берестечківська,0.0,14278800.0,0.0,0.0,0.0,0.0,0.0,0.0,0.0,0.0,0.0,14278800.0,0.0,0.0
0352500000,Боратинська,0.0,0.0,0.0,0.0,0.0,0.0,0.0,0.0,0.0,0.0,0.0,0.0,0.0,0.0
0353100000,Велимченська,0.0,8878400.0,0.0,0.0,0.0,0.0,0.0,0.0,0.0,0.0,451000.0,8878400.0,0.0,451000.0
0350100000,Велицька,0.0,5824900.0,0.0,0.0,0.0,0.0,0.0,0.0,0.0,0.0,131100.0,5824900.0,0.0,131100.0
0351800000,Вишнівська,0.0,0.0,0.0,0.0,0.0,0.0,0.0,0.0,0.0,0.0,0.0,0.0,0.0,0.0
0355600000,Володимир-Волинська,0.0,8065500.0,0.0,0.0,0.0,0.0,0.0,0.0,0.0,0.0,49071300.0,8065500.0,0.0,49071300.0
0350200000,Голобська,0.0,8267000.0,0.0,0.0,0.0,0.0,0.0,0.0,0.0,0.0,4978000.0,8267000.0,0.0,4978000.0
0352800000,Головненська,0.0,16958400.0,0.0,0.0,0.0,0.0,0.0,0.0,0.0,0.0,0.0,16958400.0,0.0,0.0
0353900000,Городищенська,0.0,2144700.0,0.0,0.0,0.0,0.0,0.0,0.0,0.0,0.0,4587500.0,2144700.0,0.0,4587500.0
0355700000,Горохівська,0.0,15812000.0,0.0,0.0,0.0,0.0,0.0,0.0,0.0,0.0,0.0,15812000.0,0.0,0.0
0355300000,Доросинівська,0.0,12369500.0,0.0,0.0,0.0,0.0,0.0,0.0,0.0,0.0,139500.0,12369500.0,0.0,139500.0
0353300000,Дубечненська,0.0,9396500.0,0.0,0.0,0.0,0.0,0.0,0.0,0.0,0.0,0.0,9396500.0,0.0,0.0
0353600000,Дубівська,0.0,1574800.0,0.0,0.0,0.0,0.0,0.0,0.0,0.0,0.0,0.0,1574800.0,0.0,0.0
0350800000,Заболоттівська,0.0,17395300.0,0.0,0.0,0.0,0.0,0.0,0.0,0.0,0.0,0.0,17395300.0,0.0,0.0
0351900000,Забродівська,0.0,19086700.0,0.0,0.0,0.0,0.0,0.0,0.0,0.0,0.0,0.0,19086700.0,0.0,0.0
0354000000,Затурцівська,0.0,5079300.0,0.0,0.0,0.0,0.0,0.0,0.0,0.0,0.0,0.0,5079300.0,0.0,0.0
0350300000,Зимнівська,0.0,10419600.0,0.0,0.0,0.0,0.0,0.0,0.0,0.0,0.0,2744200.0,10419600.0,0.0,2744200.0
0355800000,Камінь-Каширська,0.0,84593900.0,0.0,0.0,0.0,0.0,0.0,0.0,0.0,0.0,0.0,84593900.0,0.0,0.0
0355900000,Ковельська,0.0,0.0,0.0,0.0,0.0,0.0,0.0,0.0,0.0,0.0,52600900.0,0.0,0.0,52600900.0
0353000000,Колківська,0.0,35543800.0,0.0,0.0,0.0,0.0,0.0,0.0,0.0,0.0,0.0,35543800.0,0.0,0.0
0351600000,Колодяжненська,0.0,6784900.0,0.0,0.0,0.0,0.0,0.0,0.0,0.0,0.0,0.0,6784900.0,0.0,0.0
0353200000,Копачівська,0.0,8512300.0,0.0,0.0,0.0,0.0,0.0,0.0,0.0,0.0,0.0,8512300.0,0.0,0.0
0354500000,Ківерцівська,0.0,3327300.0,0.0,0.0,0.0,0.0,0.0,0.0,0.0,0.0,2098900.0,3327300.0,0.0,2098900.0
0351100000,Литовезька,0.0,2727200.0,0.0,0.0,0.0,0.0,0.0,0.0,0.0,0.0,525500.0,2727200.0,0.0,525500.0
0356000000,Локачинська,0.0,6475000.0,0.0,0.0,0.0,0.0,0.0,0.0,0.0,0.0,0.0,6475000.0,0.0,0.0
0353600000,Луківська,0.0,1574800.0,0.0,0.0,0.0,0.0,0.0,0.0,0.0,0.0,0.0,1574800.0,0.0,0.0
0355100000,Луцька,0.0,0.0,0.0,0.0,0.0,0.0,0.0,0.0,0.0,0.0,0.0,0.0,0.0,0.0
0352600000,Любешівська,0.0,48124300.0,0.0,0.0,0.0,0.0,0.0,0.0,0.0,0.0,35700.0,48124300.0,0.0,35700.0
0350600000,Люблинецька,0.0,9810900.0,0.0,0.0,0.0,0.0,0.0,0.0,0.0,0.0,67400.0,9810900.0,0.0,67400.0
0352900000,Любомльська,0.0,11505500.0,0.0,0.0,0.0,0.0,0.0,0.0,0.0,0.0,0.0,11505500.0,0.0,0.0
0356100000,Маневицька,0.0,28322800.0,0.0,0.0,0.0,0.0,0.0,0.0,0.0,0.0,0.0,28322800.0,0.0,0.0
0355200000,Мар'янівська,0.0,18162300.0,0.0,0.0,0.0,0.0,0.0,0.0,0.0,0.0,0.0,18162300.0,0.0,0.0
0356200000,Нововолинська,0.0,17575600.0,0.0,0.0,0.0,0.0,0.0,0.0,0.0,0.0,0.0,17575600.0,0.0,0.0
0353800000,Оваднівська,0.0,4832100.0,0.0,0.0,0.0,0.0,0.0,0.0,0.0,0.0,1522200.0,4832100.0,0.0,1522200.0
0356300000,Олицька,0.0,16296600.0,0.0,0.0,0.0,0.0,0.0,0.0,0.0,0.0,658600.0,16296600.0,0.0,658600.0
0353200000,Павлівська,0.0,8512300.0,0.0,0.0,0.0,0.0,0.0,0.0,0.0,0.0,0.0,8512300.0,0.0,0.0
0351300000,Поворська,0.0,7235200.0,0.0,0.0,0.0,0.0,0.0,0.0,0.0,0.0,0.0,7235200.0,0.0,0.0
0351400000,Поромівська,0.0,0.0,0.0,0.0,0.0,0.0,0.0,0.0,0.0,0.0,0.0,0.0,0.0,0.0
0351500000,Прилісненська,0.0,8883200.0,0.0,0.0,0.0,0.0,0.0,0.0,0.0,0.0,0.0,8883200.0,0.0,0.0
0354600000,Підгайцівська,0.0,0.0,0.0,0.0,0.0,0.0,0.0,0.0,0.0,0.0,0.0,0.0,0.0,0.0
0356400000,Ратнівська,0.0,20234500.0,0.0,0.0,0.0,0.0,0.0,0.0,0.0,0.0,4168000.0,20234500.0,0.0,4168000.0
0356500000,Рожищенська,0.0,15855400.0,0.0,0.0,0.0,0.0,0.0,0.0,0.0,0.0,1400600.0,15855400.0,0.0,1400600.0
0352700000,Рівненська,0.0,9142000.0,0.0,0.0,0.0,0.0,0.0,0.0,0.0,0.0,0.0,9142000.0,0.0,0.0
0352000000,Самарівська,0.0,10482300.0,0.0,0.0,0.0,0.0,0.0,0.0,0.0,0.0,490800.0,10482300.0,0.0,490800.0
0353400000,Сереховичівська,0.0,5981700.0,0.0,0.0,0.0,0.0,0.0,0.0,0.0,0.0,0.0,5981700.0,0.0,0.0
0353500000,Смідинська,0.0,9496000.0,0.0,0.0,0.0,0.0,0.0,0.0,0.0,0.0,0.0,9496000.0,0.0,0.0
0355400000,Сошичненська,0.0,18954500.0,0.0,0.0,0.0,0.0,0.0,0.0,0.0,0.0,0.0,18954500.0,0.0,0.0
0354900000,Старовижівська,0.0,15767800.0,0.0,0.0,0.0,0.0,0.0,0.0,0.0,0.0,19800.0,15767800.0,0.0,19800.0
0354100000,Торчинська,0.0,0.0,0.0,0.0,0.0,0.0,0.0,0.0,0.0,0.0,0.0,0.0,0.0,0.0
0353700000,Турійська,0.0,11475200.0,0.0,0.0,0.0,0.0,0.0,0.0,0.0,0.0,0.0,11475200.0,0.0,0.0
0350500000,Устилузька,0.0,3361700.0,0.0,0.0,0.0,0.0,0.0,0.0,0.0,0.0,9902700.0,3361700.0,0.0,9902700.0
0352400000,Цуманська,0.0,21489400.0,0.0,0.0,0.0,0.0,0.0,0.0,0.0,0.0,0.0,21489400.0,0.0,0.0
0350700000,Шацька,0.0,18738500.0,0.0,0.0,0.0,0.0,0.0,0.0,0.0,0.0,320800.0,18738500.0,0.0,320800.0
0753800000,Івановецька,0.0,9976800.0,0.0,0.0,0.0,0.0,0.0,0.0,0.0,0.0,0.0,9976800.0,0.0,0.0
0750400000,Іршавська,0.0,36229200.0,0.0,0.0,0.0,0.0,0.0,0.0,0.0,0.0,0.0,36229200.0,0.0,0.0
0750600000,Баранинська,0.0,0.0,0.0,0.0,0.0,0.0,0.0,0.0,0.0,0.0,0.0,0.0,0.0,0.0
0751800000,Батівська,0.0,16713400.0,0.0,0.0,0.0,0.0,0.0,0.0,0.0,0.0,6971300.0,16713400.0,0.0,6971300.0
0751900000,Бедевлянська,0.0,12846100.0,0.0,0.0,0.0,0.0,0.0,0.0,0.0,0.0,69700.0,12846100.0,0.0,69700.0
0751700000,Берегівська,0.0,16520900.0,0.0,0.0,0.0,0.0,0.0,0.0,0.0,0.0,0.0,16520900.0,0.0,0.0
0752100000,Богданська,0.0,19402800.0,0.0,0.0,0.0,0.0,0.0,0.0,0.0,0.0,8064600.0,19402800.0,0.0,8064600.0
0752200000,Буштинська,0.0,54568300.0,0.0,0.0,0.0,0.0,0.0,0.0,0.0,0.0,0.0,54568300.0,0.0,0.0
0752000000,Білківська,0.0,40763000.0,0.0,0.0,0.0,0.0,0.0,0.0,0.0,0.0,0.0,40763000.0,0.0,0.0
0750800000,Великоберезнянська,0.0,1720700.0,0.0,0.0,0.0,0.0,0.0,0.0,0.0,0.0,998300.0,1720700.0,0.0,998300.0
0752300000,Великоберезька,0.0,7737400.0,0.0,0.0,0.0,0.0,0.0,0.0,0.0,0.0,366300.0,7737400.0,0.0,366300.0
0752400000,Великобийганська,0.0,12225200.0,0.0,0.0,0.0,0.0,0.0,0.0,0.0,0.0,31400.0,12225200.0,0.0,31400.0
0752500000,Великобичківська,0.0,56900800.0,0.0,0.0,0.0,0.0,0.0,0.0,0.0,0.0,1099500.0,56900800.0,0.0,1099500.0
0752600000,Великодобронська,0.0,12326600.0,0.0,0.0,0.0,0.0,0.0,0.0,0.0,0.0,3864500.0,12326600.0,0.0,3864500.0
0752700000,Великолучківська,0.0,6827200.0,0.0,0.0,0.0,0.0,0.0,0.0,0.0,0.0,0.0,6827200.0,0.0,0.0
0752800000,Верхньокоропецька,0.0,8315400.0,0.0,0.0,0.0,0.0,0.0,0.0,0.0,0.0,0.0,8315400.0,0.0,0.0
0752900000,Вилоцька,0.0,29018800.0,0.0,0.0,0.0,0.0,0.0,0.0,0.0,0.0,959900.0,29018800.0,0.0,959900.0
0753000000,Виноградівська,0.0,25537700.0,0.0,0.0,0.0,0.0,0.0,0.0,0.0,0.0,0.0,25537700.0,0.0,0.0
0753100000,Вишківська,0.0,32884700.0,0.0,0.0,0.0,0.0,0.0,0.0,0.0,0.0,568800.0,32884700.0,0.0,568800.0
0753200000,Воловецька,0.0,8416300.0,0.0,0.0,0.0,0.0,0.0,0.0,0.0,0.0,7067400.0,8416300.0,0.0,7067400.0
0750100000,Вільховецька,0.0,23271000.0,0.0,0.0,0.0,0.0,0.0,0.0,0.0,0.0,1773600.0,23271000.0,0.0,1773600.0
0750900000,Горондівська,0.0,15440500.0,0.0,0.0,0.0,0.0,0.0,0.0,0.0,0.0,1230600.0,15440500.0,0.0,1230600.0
0753300000,Горінчівська,0.0,24546700.0,0.0,0.0,0.0,0.0,0.0,0.0,0.0,0.0,0.0,24546700.0,0.0,0.0
0751000000,Довжанська,0.0,33934800.0,0.0,0.0,0.0,0.0,0.0,0.0,0.0,0.0,0.0,33934800.0,0.0,0.0
0753400000,Драгівська,0.0,27058600.0,0.0,0.0,0.0,0.0,0.0,0.0,0.0,0.0,0.0,27058600.0,0.0,0.0
0753600000,Дубриницько-Малоберезнянська,0.0,8350300.0,0.0,0.0,0.0,0.0,0.0,0.0,0.0,0.0,752300.0,8350300.0,0.0,752300.0
0753500000,Дубівська,0.0,38715100.0,0.0,0.0,0.0,0.0,0.0,0.0,0.0,0.0,0.0,38715100.0,0.0,0.0
0753700000,Жденіївська,0.0,8663600.0,0.0,0.0,0.0,0.0,0.0,0.0,0.0,0.0,348900.0,8663600.0,0.0,348900.0
0751100000,Зарічанська,0.0,9750600.0,0.0,0.0,0.0,0.0,0.0,0.0,0.0,0.0,0.0,9750600.0,0.0,0.0
0751300000,Керецьківська,0.0,32579000.0,0.0,0.0,0.0,0.0,0.0,0.0,0.0,0.0,0.0,32579000.0,0.0,0.0
0753900000,Колочавська,0.0,17488800.0,0.0,0.0,0.0,0.0,0.0,0.0,0.0,0.0,2558200.0,17488800.0,0.0,2558200.0
0754000000,Кольчинська,0.0,4035100.0,0.0,0.0,0.0,0.0,0.0,0.0,0.0,0.0,1617000.0,4035100.0,0.0,1617000.0
0754100000,Королівська,0.0,48824200.0,0.0,0.0,0.0,0.0,0.0,0.0,0.0,0.0,3907200.0,48824200.0,0.0,3907200.0
0751400000,Косоньська,0.0,10731000.0,0.0,0.0,0.0,0.0,0.0,0.0,0.0,0.0,0.0,10731000.0,0.0,0.0
0754200000,Костринська,0.0,9499900.0,0.0,0.0,0.0,0.0,0.0,0.0,0.0,0.0,560200.0,9499900.0,0.0,560200.0
0750700000,Мукачівська,0.0,0.0,0.0,0.0,0.0,0.0,0.0,0.0,0.0,0.0,0.0,0.0,0.0,0.0
0754300000,Міжгірська,0.0,28188700.0,0.0,0.0,0.0,0.0,0.0,0.0,0.0,0.0,4932000.0,28188700.0,0.0,4932000.0
0754400000,Неліпинська,0.0,1793300.0,0.0,0.0,0.0,0.0,0.0,0.0,0.0,0.0,1577700.0,1793300.0,0.0,1577700.0
0754500000,Нересницька,0.0,57674300.0,0.0,0.0,0.0,0.0,0.0,0.0,0.0,0.0,944800.0,57674300.0,0.0,944800.0
0754600000,Нижньоворітська,0.0,19079500.0,0.0,0.0,0.0,0.0,0.0,0.0,0.0,0.0,0.0,19079500.0,0.0,0.0
0751500000,Оноківська,0.0,0.0,0.0,0.0,0.0,0.0,0.0,0.0,0.0,0.0,0.0,0.0,0.0,0.0
0750500000,Перечинська,0.0,0.0,0.0,0.0,0.0,0.0,0.0,0.0,0.0,0.0,0.0,0.0,0.0,0.0
0754700000,Пийтерфолвівська,0.0,28864100.0,0.0,0.0,0.0,0.0,0.0,0.0,0.0,0.0,1971100.0,28864100.0,0.0,1971100.0
0754800000,Пилипецька,0.0,16177200.0,0.0,0.0,0.0,0.0,0.0,0.0,0.0,0.0,0.0,16177200.0,0.0,0.0
0750300000,Полянська,0.0,18166300.0,0.0,0.0,0.0,0.0,0.0,0.0,0.0,0.0,417800.0,18166300.0,0.0,417800.0
0754900000,Рахівська,0.0,22392100.0,0.0,0.0,0.0,0.0,0.0,0.0,0.0,0.0,1335700.0,22392100.0,0.0,1335700.0
0755000000,Свалявська,0.0,21455400.0,0.0,0.0,0.0,0.0,0.0,0.0,0.0,0.0,0.0,21455400.0,0.0,0.0
0755100000,Середнянська,0.0,24121300.0,0.0,0.0,0.0,0.0,0.0,0.0,0.0,0.0,0.0,24121300.0,0.0,0.0
0755200000,Синевирська,0.0,11724800.0,0.0,0.0,0.0,0.0,0.0,0.0,0.0,0.0,0.0,11724800.0,0.0,0.0
0754000000,Солотвинська,0.0,4035100.0,0.0,0.0,0.0,0.0,0.0,0.0,0.0,0.0,1617000.0,4035100.0,0.0,1617000.0
0755400000,Ставненська,0.0,12336400.0,0.0,0.0,0.0,0.0,0.0,0.0,0.0,0.0,4256700.0,12336400.0,0.0,4256700.0
0755500000,Сюртівська,0.0,1482900.0,0.0,0.0,0.0,0.0,0.0,0.0,0.0,0.0,0.0,1482900.0,0.0,0.0
0755600000,Тересвянська,0.0,33063900.0,0.0,0.0,0.0,0.0,0.0,0.0,0.0,0.0,1110200.0,33063900.0,0.0,1110200.0
0755700000,Тур'є-Реметівська,0.0,26553600.0,0.0,0.0,0.0,0.0,0.0,0.0,0.0,0.0,0.0,26553600.0,0.0,0.0
0750200000,Тячівська,0.0,0.0,0.0,0.0,0.0,0.0,0.0,0.0,0.0,0.0,0.0,0.0,0.0,0.0
0755800000,Углянська,0.0,21244800.0,0.0,0.0,0.0,0.0,0.0,0.0,0.0,0.0,3123400.0,21244800.0,0.0,3123400.0
0755900000,Ужгородська,0.0,0.0,0.0,0.0,0.0,0.0,0.0,0.0,0.0,0.0,0.0,0.0,0.0,0.0
0756000000,Усть-Чорнянська,0.0,5907300.0,0.0,0.0,0.0,0.0,0.0,0.0,0.0,0.0,83800.0,5907300.0,0.0,83800.0
0751600000,Холмківська,0.0,0.0,0.0,0.0,0.0,0.0,0.0,0.0,0.0,0.0,0.0,0.0,0.0,0.0
0756100000,Хустська,0.0,89233900.0,0.0,0.0,0.0,0.0,0.0,0.0,0.0,0.0,0.0,89233900.0,0.0,0.0
0756200000,Чинадіївська,0.0,26258200.0,0.0,0.0,0.0,0.0,0.0,0.0,0.0,0.0,2005400.0,26258200.0,0.0,2005400.0
0756300000,Чопська,0.0,0.0,0.0,0.0,0.0,0.0,0.0,0.0,0.0,0.0,11105200.0,0.0,0.0,11105200.0
0756400000,Ясінянська,0.0,32568400.0,0.0,0.0,0.0,0.0,0.0,0.0,0.0,0.0,1572500.0,32568400.0,0.0,1572500.0
0854900000,Андрівська,0.0,7702800.0,0.0,0.0,0.0,0.0,0.0,0.0,0.0,0.0,4762200.0,7702800.0,0.0,4762200.0
0855700000,Андріївська,0.0,14688500.0,0.0,0.0,0.0,0.0,0.0,0.0,0.0,0.0,10552800.0,14688500.0,0.0,10552800.0
0854400000,Бердянська,0.0,226286900.0,0.0,0.0,0.0,0.0,0.0,0.0,0.0,0.0,90846000.0,226286900.0,0.0,90846000.0
0850100000,Берестівська,0.0,10044100.0,0.0,0.0,0.0,0.0,0.0,0.0,0.0,0.0,5066700.0,10044100.0,0.0,5066700.0
0853500000,Благовіщенська,0.0,12619400.0,0.0,0.0,0.0,0.0,0.0,0.0,0.0,0.0,4965100.0,12619400.0,0.0,4965100.0
0851000000,Біленьківська,0.0,14600000.0,0.0,0.0,0.0,0.0,0.0,0.0,0.0,0.0,2204800.0,14600000.0,0.0,2204800.0
0855800000,Василівська,0.0,14644500.0,0.0,0.0,0.0,0.0,0.0,0.0,0.0,0.0,76164200.0,14644500.0,0.0,76164200.0
0851900000,Великобілозерська,0.0,12010900.0,0.0,0.0,0.0,0.0,0.0,0.0,0.0,0.0,9940700.0,12010900.0,0.0,9940700.0
0850200000,Веселівська,0.0,23202600.0,0.0,0.0,0.0,0.0,0.0,0.0,0.0,0.0,10060700.0,23202600.0,0.0,10060700.0
0852400000,Водянська,0.0,26495800.0,0.0,0.0,0.0,0.0,0.0,0.0,0.0,0.0,6431000.0,26495800.0,0.0,6431000.0
0852900000,Воздвижівська,0.0,0.0,0.0,0.0,0.0,0.0,0.0,0.0,0.0,0.0,18741900.0,0.0,0.0,18741900.0
0850600000,Воскресенська,0.0,8862200.0,0.0,0.0,0.0,0.0,0.0,0.0,0.0,0.0,7705000.0,8862200.0,0.0,7705000.0
0855900000,Вільнянська,0.0,2555200.0,0.0,0.0,0.0,0.0,0.0,0.0,0.0,0.0,115503000.0,2555200.0,0.0,115503000.0
0852700000,Гаврилівська,0.0,5686200.0,0.0,0.0,0.0,0.0,0.0,0.0,0.0,0.0,3260400.0,5686200.0,0.0,3260400.0
0852100000,Гуляйпільська,0.0,0.0,0.0,0.0,0.0,0.0,0.0,0.0,0.0,0.0,92887800.0,0.0,0.0,92887800.0
0856000000,Дніпрорудненська,0.0,26125700.0,0.0,0.0,0.0,0.0,0.0,0.0,0.0,0.0,19171100.0,26125700.0,0.0,19171100.0
0854200000,Долинська,0.0,8409000.0,0.0,0.0,0.0,0.0,0.0,0.0,0.0,0.0,8403600.0,8409000.0,0.0,8403600.0
0856100000,Енергодарська,0.0,0.0,0.0,0.0,0.0,0.0,0.0,0.0,0.0,0.0,41586800.0,0.0,0.0,41586800.0
0856200000,Запорізька,0.0,0.0,0.0,0.0,0.0,0.0,0.0,13528700.0,0.0,0.0,469699200.0,0.0,0.0,483227900.0
0851700000,Кам'янсько-Дніпровська,0.0,41975300.0,0.0,0.0,0.0,0.0,0.0,0.0,0.0,0.0,16987600.0,41975300.0,0.0,16987600.0
0853200000,Кирилівська,0.0,12677400.0,0.0,0.0,0.0,0.0,0.0,0.0,0.0,0.0,5763300.0,12677400.0,0.0,5763300.0
0854100000,Коларівська,0.0,14404100.0,0.0,0.0,0.0,0.0,0.0,0.0,0.0,0.0,10219400.0,14404100.0,0.0,10219400.0
0850300000,Комиш-Зорянська,0.0,12173500.0,0.0,0.0,0.0,0.0,0.0,0.0,0.0,0.0,8777600.0,12173500.0,0.0,8777600.0
0850900000,Комишуваська,0.0,13130500.0,0.0,0.0,0.0,0.0,0.0,0.0,0.0,0.0,124068800.0,13130500.0,0.0,124068800.0
0856500000,Кушугумська,0.0,33293700.0,0.0,0.0,0.0,0.0,0.0,0.0,0.0,0.0,1741200.0,33293700.0,0.0,1741200.0
0855100000,Малинівська,0.0,730400.0,0.0,0.0,0.0,0.0,0.0,0.0,0.0,0.0,37520700.0,730400.0,0.0,37520700.0
0856600000,Малобілозерська,0.0,3450100.0,0.0,0.0,0.0,0.0,0.0,0.0,0.0,0.0,99012000.0,3450100.0,0.0,99012000.0
0851300000,Малотокмачанська,0.0,1373300.0,0.0,0.0,0.0,0.0,0.0,0.0,0.0,0.0,15589400.0,1373300.0,0.0,15589400.0
0856700000,Матвіївська,0.0,10067000.0,0.0,0.0,0.0,0.0,0.0,0.0,0.0,0.0,1426900.0,10067000.0,0.0,1426900.0
0856800000,Мелітопольська,0.0,275156200.0,0.0,0.0,0.0,0.0,0.0,0.0,0.0,0.0,116717100.0,275156200.0,0.0,116717100.0
0850500000,Мирненська,0.0,6094200.0,0.0,0.0,0.0,0.0,0.0,0.0,0.0,0.0,11906800.0,6094200.0,0.0,11906800.0
0856900000,Михайло-Лукашівська,0.0,6759100.0,0.0,0.0,0.0,0.0,0.0,0.0,0.0,0.0,4072200.0,6759100.0,0.0,4072200.0
0853700000,Михайлівська,0.0,29959300.0,0.0,0.0,0.0,0.0,0.0,0.0,0.0,0.0,15211300.0,29959300.0,0.0,15211300.0
0857000000,Молочанська,0.0,20109000.0,0.0,0.0,0.0,0.0,0.0,0.0,0.0,0.0,10025000.0,20109000.0,0.0,10025000.0
0855200000,Новенська,0.0,11599200.0,0.0,0.0,0.0,0.0,0.0,0.0,0.0,0.0,3538100.0,11599200.0,0.0,3538100.0
0853400000,Новобогданівська,0.0,10785900.0,0.0,0.0,0.0,0.0,0.0,0.0,0.0,0.0,6072200.0,10785900.0,0.0,6072200.0
0857100000,Нововасилівська,0.0,16608500.0,0.0,0.0,0.0,0.0,0.0,0.0,0.0,0.0,3826700.0,16608500.0,0.0,3826700.0
0857200000,Новомиколаївська,0.0,3071100.0,0.0,0.0,0.0,0.0,0.0,0.0,0.0,0.0,4249900.0,3071100.0,0.0,4249900.0
0854100000,Новоолександрівська,0.0,14404100.0,0.0,0.0,0.0,0.0,0.0,0.0,0.0,0.0,10219400.0,14404100.0,0.0,10219400.0
0852600000,Новоуспенівська,0.0,6804200.0,0.0,0.0,0.0,0.0,0.0,0.0,0.0,0.0,1442200.0,6804200.0,0.0,1442200.0
0854100000,Олександрівська,0.0,14404100.0,0.0,0.0,0.0,0.0,0.0,0.0,0.0,0.0,10219400.0,14404100.0,0.0,10219400.0
0851800000,Оріхівська,0.0,0.0,0.0,0.0,0.0,0.0,0.0,0.0,0.0,0.0,74418700.0,0.0,0.0,74418700.0
0851400000,Осипенківська,0.0,15906000.0,0.0,0.0,0.0,0.0,0.0,0.0,0.0,0.0,8870900.0,15906000.0,0.0,8870900.0
0852700000,Павлівська,0.0,5686200.0,0.0,0.0,0.0,0.0,0.0,0.0,0.0,0.0,3260400.0,5686200.0,0.0,3260400.0
0852800000,Петро-Михайлівська,0.0,8415800.0,0.0,0.0,0.0,0.0,0.0,0.0,0.0,0.0,2910500.0,8415800.0,0.0,2910500.0
0854700000,Пологівська,0.0,27748500.0,0.0,0.0,0.0,0.0,0.0,0.0,0.0,0.0,98437600.0,27748500.0,0.0,98437600.0
0850400000,Преображенська,0.0,1252300.0,0.0,0.0,0.0,0.0,0.0,0.0,0.0,0.0,30650800.0,1252300.0,0.0,30650800.0
0853100000,Приазовська,0.0,21897600.0,0.0,0.0,0.0,0.0,0.0,0.0,0.0,0.0,6379900.0,21897600.0,0.0,6379900.0
0850800000,Приморська,0.0,46366800.0,0.0,0.0,0.0,0.0,0.0,0.0,0.0,0.0,23440954.0,46366800.0,0.0,23440954.0
0853000000,Райхенфельдська,0.0,6591600.0,0.0,0.0,0.0,0.0,0.0,0.0,0.0,0.0,4554900.0,6591600.0,0.0,4554900.0
0854200000,Роздольська,0.0,8409000.0,0.0,0.0,0.0,0.0,0.0,0.0,0.0,0.0,8403600.0,8409000.0,0.0,8403600.0
0854800000,Розівська,0.0,15971500.0,0.0,0.0,0.0,0.0,0.0,0.0,0.0,0.0,11374700.0,15971500.0,0.0,11374700.0
0855400000,Семенівська,0.0,20048800.0,0.0,0.0,0.0,0.0,0.0,0.0,0.0,0.0,26318900.0,20048800.0,0.0,26318900.0
0850500000,Смирновська,0.0,6094200.0,0.0,0.0,0.0,0.0,0.0,0.0,0.0,0.0,11906800.0,6094200.0,0.0,11906800.0
0857300000,Степненська,0.0,9648300.0,0.0,0.0,0.0,0.0,0.0,0.0,0.0,0.0,189700.0,9648300.0,0.0,189700.0
0857400000,Степногірська,0.0,4723300.0,0.0,0.0,0.0,0.0,0.0,0.0,0.0,0.0,28453700.0,4723300.0,0.0,28453700.0
0851600000,Таврійська,0.0,2866800.0,0.0,0.0,0.0,0.0,0.0,0.0,0.0,0.0,15417600.0,2866800.0,0.0,15417600.0
0855500000,Тернуватська,0.0,3089500.0,0.0,0.0,0.0,0.0,0.0,0.0,0.0,0.0,11614800.0,3089500.0,0.0,11614800.0
0857500000,Терпіннівська,0.0,19286400.0,0.0,0.0,0.0,0.0,0.0,0.0,0.0,0.0,3576700.0,19286400.0,0.0,3576700.0
0857600000,Токмацька,0.0,63455800.0,0.0,0.0,0.0,0.0,0.0,0.0,0.0,0.0,31072800.0,63455800.0,0.0,31072800.0
0855600000,Федорівська,0.0,4106200.0,0.0,0.0,0.0,0.0,0.0,0.0,0.0,0.0,7584900.0,4106200.0,0.0,7584900.0
0852000000,Чернігівська,0.0,27284800.0,0.0,0.0,0.0,0.0,0.0,0.0,0.0,0.0,20221700.0,27284800.0,0.0,20221700.0
0852300000,Широківська,0.0,7320600.0,0.0,0.0,0.0,0.0,0.0,0.0,0.0,0.0,16613800.0,7320600.0,0.0,16613800.0
0853300000,Якимівська,0.0,49393200.0,0.0,0.0,0.0,0.0,0.0,0.0,0.0,0.0,24293900.0,49393200.0,0.0,24293900.0
0653300000,Ємільчинська,0.0,22762200.0,0.0,0.0,0.0,0.0,0.0,0.0,0.0,0.0,0.0,22762200.0,0.0,0.0
0650400000,Іршанська,0.0,320500.0,0.0,0.0,0.0,0.0,0.0,0.0,0.0,0.0,8107800.0,320500.0,0.0,8107800.0
0652200000,Андрушківська,0.0,0.0,0.0,0.0,0.0,0.0,0.0,0.0,0.0,0.0,0.0,0.0,0.0,0.0
0655700000,Андрушівська,0.0,1663600.0,0.0,0.0,0.0,0.0,0.0,0.0,0.0,0.0,0.0,1663600.0,0.0,0.0
0651100000,Баранівська,0.0,26420500.0,0.0,0.0,0.0,0.0,0.0,0.0,0.0,0.0,5889900.0,26420500.0,0.0,5889900.0
0652300000,Барашівська,0.0,10276600.0,0.0,0.0,0.0,0.0,0.0,0.0,0.0,0.0,0.0,10276600.0,0.0,0.0
0655800000,Бердичівська,0.0,23998000.0,0.0,0.0,0.0,0.0,0.0,0.0,0.0,0.0,6264100.0,23998000.0,0.0,6264100.0
0655800000,Березівська,0.0,23998000.0,0.0,0.0,0.0,0.0,0.0,0.0,0.0,0.0,6264100.0,23998000.0,0.0,6264100.0
0653500000,Брониківська,0.0,4686600.0,0.0,0.0,0.0,0.0,0.0,0.0,0.0,0.0,332400.0,4686600.0,0.0,332400.0
0651400000,Брусилівська,0.0,1554700.0,0.0,0.0,0.0,0.0,0.0,0.0,0.0,0.0,0.0,1554700.0,0.0,0.0
0652400000,Білокоровицька,0.0,7159800.0,0.0,0.0,0.0,0.0,0.0,0.0,0.0,0.0,320000.0,7159800.0,0.0,320000.0
0650100000,Високівська,0.0,0.0,0.0,0.0,0.0,0.0,0.0,0.0,0.0,0.0,288300.0,0.0,0.0,288300.0
0650200000,Вишевицька,0.0,3096300.0,0.0,0.0,0.0,0.0,0.0,0.0,0.0,0.0,0.0,3096300.0,0.0,0.0
0656000000,Волицька,0.0,5274100.0,0.0,0.0,0.0,0.0,0.0,0.0,0.0,0.0,2608300.0,5274100.0,0.0,2608300.0
0654700000,Вчорайшенська,0.0,0.0,0.0,0.0,0.0,0.0,0.0,0.0,0.0,0.0,6007400.0,0.0,0.0,6007400.0
0650400000,Вільшанська,0.0,320500.0,0.0,0.0,0.0,0.0,0.0,0.0,0.0,0.0,8107800.0,320500.0,0.0,8107800.0
0656100000,Гладковицька,0.0,3155000.0,0.0,0.0,0.0,0.0,0.0,0.0,0.0,0.0,1023700.0,3155000.0,0.0,1023700.0
0654400000,Глибочицька,0.0,13220700.0,0.0,0.0,0.0,0.0,0.0,0.0,0.0,0.0,0.0,13220700.0,0.0,0.0
0651500000,Городницька,0.0,9147400.0,0.0,0.0,0.0,0.0,0.0,0.0,0.0,0.0,2753000.0,9147400.0,0.0,2753000.0
0656200000,Городоцька,0.0,7200.0,0.0,0.0,0.0,0.0,0.0,0.0,0.0,0.0,4709800.0,7200.0,0.0,4709800.0
0652600000,Горщиківська,0.0,1643500.0,0.0,0.0,0.0,0.0,0.0,0.0,0.0,0.0,3434200.0,1643500.0,0.0,3434200.0
0654800000,Гришковецька,0.0,12283300.0,0.0,0.0,0.0,0.0,0.0,0.0,0.0,0.0,182500.0,12283300.0,0.0,182500.0
0651600000,Довбиська,0.0,13534900.0,0.0,0.0,0.0,0.0,0.0,0.0,0.0,0.0,0.0,13534900.0,0.0,0.0
0650300000,Дубрівська,0.0,4039600.0,0.0,0.0,0.0,0.0,0.0,0.0,0.0,0.0,0.0,4039600.0,0.0,0.0
0655200000,Житомирська,0.0,0.0,0.0,0.0,0.0,0.0,0.0,0.0,0.0,0.0,0.0,0.0,0.0,0.0
0655300000,Звягельська,0.0,3468900.0,0.0,0.0,0.0,0.0,0.0,0.0,0.0,0.0,57106300.0,3468900.0,0.0,57106300.0
0652700000,Квітнева,0.0,0.0,0.0,0.0,0.0,0.0,0.0,0.0,0.0,0.0,1192800.0,0.0,0.0,1192800.0
0651000000,Корнинська,0.0,10936500.0,0.0,0.0,0.0,0.0,0.0,0.0,0.0,0.0,0.0,10936500.0,0.0,0.0
0656300000,Коростенська,0.0,0.0,0.0,0.0,0.0,0.0,0.0,0.0,0.0,0.0,0.0,0.0,0.0,0.0
0651200000,Коростишівська,0.0,23075500.0,0.0,0.0,0.0,0.0,0.0,0.0,0.0,0.0,0.0,23075500.0,0.0,0.0
0652800000,Краснопільська,0.0,0.0,0.0,0.0,0.0,0.0,0.0,0.0,0.0,0.0,0.0,0.0,0.0,0.0
0653900000,Курненська,0.0,15132400.0,0.0,0.0,0.0,0.0,0.0,0.0,0.0,0.0,0.0,15132400.0,0.0,0.0
0651700000,Лугинська,0.0,18558200.0,0.0,0.0,0.0,0.0,0.0,0.0,0.0,0.0,0.0,18558200.0,0.0,0.0
0653400000,Любарська,0.0,0.0,0.0,0.0,0.0,0.0,0.0,0.0,0.0,0.0,0.0,0.0,0.0,0.0
0656400000,Малинська,0.0,0.0,0.0,0.0,0.0,0.0,0.0,0.0,0.0,0.0,0.0,0.0,0.0,0.0
0651800000,Миропільська,0.0,4246000.0,0.0,0.0,0.0,0.0,0.0,0.0,0.0,0.0,12514500.0,4246000.0,0.0,12514500.0
0650500000,Народицька,0.0,5533000.0,0.0,0.0,0.0,0.0,0.0,0.0,0.0,0.0,6354000.0,5533000.0,0.0,6354000.0
0650600000,Новоборівська,0.0,12381100.0,0.0,0.0,0.0,0.0,0.0,0.0,0.0,0.0,1670300.0,12381100.0,0.0,1670300.0
0656500000,Новогуйвинська,0.0,0.0,0.0,0.0,0.0,0.0,0.0,0.0,0.0,0.0,0.0,0.0,0.0,0.0
0653800000,Овруцька,0.0,30208400.0,0.0,0.0,0.0,0.0,0.0,0.0,0.0,0.0,5004500.0,30208400.0,0.0,5004500.0
0651300000,Олевська,0.0,37680600.0,0.0,0.0,0.0,0.0,0.0,0.0,0.0,0.0,0.0,37680600.0,0.0,0.0
0654500000,Оліївська,0.0,0.0,0.0,0.0,0.0,0.0,0.0,0.0,0.0,0.0,0.0,0.0,0.0,0.0
0651900000,Попільнянська,0.0,0.0,0.0,0.0,0.0,0.0,0.0,0.0,0.0,0.0,0.0,0.0,0.0,0.0
0650700000,Потіївська,0.0,5052500.0,0.0,0.0,0.0,0.0,0.0,0.0,0.0,0.0,0.0,5052500.0,0.0,0.0
0654200000,Пулинська,0.0,13489500.0,0.0,0.0,0.0,0.0,0.0,0.0,0.0,0.0,0.0,13489500.0,0.0,0.0
0653600000,Піщівська,0.0,5350400.0,0.0,0.0,0.0,0.0,0.0,0.0,0.0,0.0,3247200.0,5350400.0,0.0,3247200.0
0654300000,Радомишльська,0.0,4073100.0,0.0,0.0,0.0,0.0,0.0,0.0,0.0,0.0,0.0,4073100.0,0.0,0.0
0654900000,Райгородоцька,0.0,1999800.0,0.0,0.0,0.0,0.0,0.0,0.0,0.0,0.0,4733900.0,1999800.0,0.0,4733900.0
0656600000,Романівська,0.0,8069700.0,0.0,0.0,0.0,0.0,0.0,0.0,0.0,0.0,3582300.0,8069700.0,0.0,3582300.0
0656700000,Ружинська,0.0,14870300.0,0.0,0.0,0.0,0.0,0.0,0.0,0.0,0.0,0.0,14870300.0,0.0,0.0
0656600000,Семенівська,0.0,8069700.0,0.0,0.0,0.0,0.0,0.0,0.0,0.0,0.0,3582300.0,8069700.0,0.0,3582300.0
0653700000,Словечанська,0.0,10454300.0,0.0,0.0,0.0,0.0,0.0,0.0,0.0,0.0,1220300.0,10454300.0,0.0,1220300.0
0653000000,Станишівська,0.0,0.0,0.0,0.0,0.0,0.0,0.0,0.0,0.0,0.0,2302400.0,0.0,0.0,2302400.0
0655600000,Старосілецька,0.0,4231600.0,0.0,0.0,0.0,0.0,0.0,0.0,0.0,0.0,1395200.0,4231600.0,0.0,1395200.0
0655400000,Стриївська,0.0,0.0,0.0,0.0,0.0,0.0,0.0,0.0,0.0,0.0,0.0,0.0,0.0,0.0
0650800000,Тетерівська,0.0,5168500.0,0.0,0.0,0.0,0.0,0.0,0.0,0.0,0.0,23893000.0,5168500.0,0.0,23893000.0
0653100000,Ушомирська,0.0,0.0,0.0,0.0,0.0,0.0,0.0,0.0,0.0,0.0,0.0,0.0,0.0,0.0
0655500000,Харитонівська,0.0,0.0,0.0,0.0,0.0,0.0,0.0,0.0,0.0,0.0,728500.0,0.0,0.0,728500.0
0652000000,Хорошівська,0.0,20957100.0,0.0,0.0,0.0,0.0,0.0,0.0,0.0,0.0,3552000.0,20957100.0,0.0,3552000.0
0650900000,Червоненська,0.0,9247500.0,0.0,0.0,0.0,0.0,0.0,0.0,0.0,0.0,579600.0,9247500.0,0.0,579600.0
0656800000,Черняхівська,0.0,7692400.0,0.0,0.0,0.0,0.0,0.0,0.0,0.0,0.0,670100.0,7692400.0,0.0,670100.0
0653200000,Чижівська,0.0,0.0,0.0,0.0,0.0,0.0,0.0,0.0,0.0,0.0,0.0,0.0,0.0,0.0
0652100000,Чоповицька,0.0,6586200.0,0.0,0.0,0.0,0.0,0.0,0.0,0.0,0.0,1362100.0,6586200.0,0.0,1362100.0
0655000000,Чуднівська,0.0,8457300.0,0.0,0.0,0.0,0.0,0.0,0.0,0.0,0.0,2007600.0,8457300.0,0.0,2007600.0
0655100000,Швайківська,0.0,4318200.0,0.0,0.0,0.0,0.0,0.0,0.0,0.0,0.0,3027800.0,4318200.0,0.0,3027800.0
0656900000,Ярунська,0.0,6639300.0,0.0,0.0,0.0,0.0,0.0,0.0,0.0,0.0,5647000.0,6639300.0,0.0,5647000.0
