Айді громади,Назва громади,[41010100] Реверсна дотація,[41020100] Базова дотація,[41020200] На здійснення переданих з державного бюджету видатків з утримання закладів освіти та охорони здоров'я,"[41020300] На функціонування територій, на яких ведуться бойові дії",[41020400] Додаткові дотації з державного бюджету місцевим бюджетам (загальна),[41020600] [Назву стерто] Додаткова дотація (виключена наприкінці 2024 року),[41020800] Бюджету Славутицької міської територіальної громади на утримання соціальної інфраструктури,[41021000] На компенсацію втрат доходів внаслідок пільг суб’єктам космічної діяльності,[41021200] Обласним бюджетам Донецької та Луганської областей на усунення наслідків ескалації,"[41021300] На компенсацію комунальним закладам, переданим на фінансування з місцевих бюджетів",[41021400] На здійснення повноважень органів самоврядування на деокупованих та інших територіях,Сума Базова,Сума Реверсна,Сума Додаткові
2350200000,Єрківська,1194200.0,0.0,0.0,0.0,0.0,0.0,0.0,0.0,0.0,0.0,171500.0,0.0,1194200.0,171500.0
2351900000,Іваньківська,0.0,7127400.0,0.0,0.0,0.0,0.0,0.0,0.0,0.0,0.0,1926900.0,7127400.0,0.0,1926900.0
2352200000,Іркліївська,0.0,25407600.0,0.0,0.0,0.0,0.0,0.0,0.0,0.0,0.0,6430900.0,25407600.0,0.0,6430900.0
2355800000,Бабанська,0.0,9955200.0,0.0,0.0,0.0,0.0,0.0,0.0,0.0,0.0,1533400.0,9955200.0,0.0,1533400.0
2356000000,Багачевська,0.0,44690000.0,0.0,0.0,0.0,0.0,0.0,0.0,0.0,0.0,3754000.0,44690000.0,0.0,3754000.0
2352700000,Балаклеївська,0.0,6426600.0,0.0,0.0,0.0,0.0,0.0,0.0,0.0,0.0,4743100.0,6426600.0,0.0,4743100.0
2355600000,Баштечківська,0.0,6040700.0,0.0,0.0,0.0,0.0,0.0,0.0,0.0,0.0,2493200.0,6040700.0,0.0,2493200.0
2352900000,Березняківська,0.0,12932700.0,0.0,0.0,0.0,0.0,0.0,0.0,0.0,0.0,192000.0,12932700.0,0.0,192000.0
2353000000,Бобрицька,0.0,4188100.0,0.0,0.0,0.0,0.0,0.0,0.0,0.0,0.0,5748500.0,4188100.0,0.0,5748500.0
2355900000,Будищенська,0.0,0.0,0.0,0.0,0.0,0.0,0.0,0.0,0.0,0.0,0.0,0.0,0.0,0.0
2353100000,Бужанська,0.0,5604100.0,0.0,0.0,0.0,0.0,0.0,0.0,0.0,0.0,2198900.0,5604100.0,0.0,2198900.0
2352600000,Буцька,0.0,7889300.0,0.0,0.0,0.0,0.0,0.0,0.0,0.0,0.0,2197900.0,7889300.0,0.0,2197900.0
2350100000,Білозірська,0.0,10273000.0,0.0,0.0,0.0,0.0,0.0,0.0,0.0,0.0,0.0,10273000.0,0.0,0.0
2353200000,Великохутірська,0.0,4483500.0,0.0,0.0,0.0,0.0,0.0,0.0,0.0,0.0,239400.0,4483500.0,0.0,239400.0
2355700000,Виноградська,0.0,7649600.0,0.0,0.0,0.0,0.0,0.0,0.0,0.0,0.0,3972300.0,7649600.0,0.0,3972300.0
2353400000,Водяницька,0.0,7807400.0,0.0,0.0,0.0,0.0,0.0,0.0,0.0,0.0,1380300.0,7807400.0,0.0,1380300.0
2356100000,Вознесенська,0.0,4397700.0,0.0,0.0,0.0,0.0,0.0,0.0,0.0,0.0,250400.0,4397700.0,0.0,250400.0
2353300000,Вільшанська,0.0,20493300.0,0.0,0.0,0.0,0.0,0.0,0.0,0.0,0.0,2727000.0,20493300.0,0.0,2727000.0
2356200000,Гельмязівська,0.0,3125100.0,0.0,0.0,0.0,0.0,0.0,0.0,0.0,0.0,1108700.0,3125100.0,0.0,1108700.0
2356300000,Городищенська,0.0,29952400.0,0.0,0.0,0.0,0.0,0.0,0.0,0.0,0.0,2743700.0,29952400.0,0.0,2743700.0
2353500000,Дмитрушківська,0.0,16385700.0,0.0,0.0,0.0,0.0,0.0,0.0,0.0,0.0,394600.0,16385700.0,0.0,394600.0
2355500000,Драбівська,0.0,16406200.0,0.0,0.0,0.0,0.0,0.0,0.0,0.0,0.0,1945400.0,16406200.0,0.0,1945400.0
2351400000,Жашківська,0.0,24266000.0,0.0,0.0,0.0,0.0,0.0,0.0,0.0,0.0,12501800.0,24266000.0,0.0,12501800.0
2356400000,Звенигородська,0.0,0.0,0.0,0.0,0.0,0.0,0.0,0.0,0.0,0.0,766900.0,0.0,0.0,766900.0
2356500000,Золотоніська,16602700.0,0.0,0.0,0.0,0.0,0.0,0.0,0.0,0.0,0.0,0.0,0.0,16602700.0,0.0
2352400000,Зорівська,0.0,1260200.0,0.0,0.0,0.0,0.0,0.0,0.0,0.0,0.0,1716700.0,1260200.0,0.0,1716700.0
2356600000,Калинопільська,0.0,4388400.0,0.0,0.0,0.0,0.0,0.0,0.0,0.0,0.0,195100.0,4388400.0,0.0,195100.0
2351500000,Кам'янська,0.0,19287800.0,0.0,0.0,0.0,0.0,0.0,0.0,0.0,0.0,386400.0,19287800.0,0.0,386400.0
2355400000,Канівська,0.0,0.0,0.0,0.0,0.0,0.0,0.0,0.0,0.0,0.0,7976600.0,0.0,0.0,7976600.0
2356700000,Корсунь-Шевченківська,0.0,5460300.0,0.0,0.0,0.0,0.0,0.0,0.0,0.0,0.0,5251400.0,5460300.0,0.0,5251400.0
2353600000,Ладижинська,0.0,21045700.0,0.0,0.0,0.0,0.0,0.0,0.0,0.0,0.0,236100.0,21045700.0,0.0,236100.0
2353800000,Леськівська,0.0,14755500.0,0.0,0.0,0.0,0.0,0.0,0.0,0.0,0.0,1105000.0,14755500.0,0.0,1105000.0
2353900000,Лип'янська,0.0,6539600.0,0.0,0.0,0.0,0.0,0.0,0.0,0.0,0.0,1068200.0,6539600.0,0.0,1068200.0
2354000000,Лисянська,0.0,18290300.0,0.0,0.0,0.0,0.0,0.0,0.0,0.0,0.0,3761100.0,18290300.0,0.0,3761100.0
2351600000,Ліплявська,0.0,1900000.0,0.0,0.0,0.0,0.0,0.0,0.0,0.0,0.0,3907400.0,1900000.0,0.0,3907400.0
2356800000,Маньківська,0.0,10654400.0,0.0,0.0,0.0,0.0,0.0,0.0,0.0,0.0,3248700.0,10654400.0,0.0,3248700.0
2352300000,Матусівська,0.0,8109100.0,0.0,0.0,0.0,0.0,0.0,0.0,0.0,0.0,2638500.0,8109100.0,0.0,2638500.0
2354200000,Медведівська,0.0,8899900.0,0.0,0.0,0.0,0.0,0.0,0.0,0.0,0.0,0.0,8899900.0,0.0,0.0
2352500000,Михайлівська,0.0,4567600.0,0.0,0.0,0.0,0.0,0.0,0.0,0.0,0.0,2322200.0,4567600.0,0.0,2322200.0
2351100000,Мліївська,0.0,10533500.0,0.0,0.0,0.0,0.0,0.0,0.0,0.0,0.0,890700.0,10533500.0,0.0,890700.0
2350300000,Мокрокалигірська,0.0,5852000.0,0.0,0.0,0.0,0.0,0.0,0.0,0.0,0.0,43500.0,5852000.0,0.0,43500.0
2356900000,Монастирищенська,0.0,69452500.0,0.0,0.0,0.0,0.0,0.0,0.0,0.0,0.0,10552800.0,69452500.0,0.0,10552800.0
2357000000,Мошнівська,0.0,29524200.0,0.0,0.0,0.0,0.0,0.0,0.0,0.0,0.0,767200.0,29524200.0,0.0,767200.0
2350600000,Набутівська,0.0,13340600.0,0.0,0.0,0.0,0.0,0.0,0.0,0.0,0.0,2364900.0,13340600.0,0.0,2364900.0
2357100000,Новодмитрівська,0.0,7296500.0,0.0,0.0,0.0,0.0,0.0,0.0,0.0,0.0,5802600.0,7296500.0,0.0,5802600.0
2352000000,Паланська,0.0,0.0,0.0,0.0,0.0,0.0,0.0,0.0,0.0,0.0,0.0,0.0,0.0,0.0
2357200000,Піщанська,0.0,10328600.0,0.0,0.0,0.0,0.0,0.0,0.0,0.0,0.0,2992200.0,10328600.0,0.0,2992200.0
2350800000,Ротмістрівська,0.0,17328800.0,0.0,0.0,0.0,0.0,0.0,0.0,0.0,0.0,1755700.0,17328800.0,0.0,1755700.0
2354600000,Руськополянська,0.0,3885200.0,0.0,0.0,0.0,0.0,0.0,0.0,0.0,0.0,0.0,3885200.0,0.0,0.0
2354700000,Сагунівська,0.0,7795000.0,0.0,0.0,0.0,0.0,0.0,0.0,0.0,0.0,409700.0,7795000.0,0.0,409700.0
2350700000,Селищенська,0.0,10462400.0,0.0,0.0,0.0,0.0,0.0,0.0,0.0,0.0,2619200.0,10462400.0,0.0,2619200.0
2355100000,Слобідська,0.0,10382500.0,0.0,0.0,0.0,0.0,0.0,0.0,0.0,0.0,0.0,10382500.0,0.0,0.0
2357300000,Смілянська,0.0,0.0,0.0,0.0,0.0,0.0,0.0,0.0,0.0,0.0,0.0,0.0,0.0,0.0
2350500000,Стеблівська,0.0,5434800.0,0.0,0.0,0.0,0.0,0.0,0.0,0.0,0.0,2832300.0,5434800.0,0.0,2832300.0
2351000000,Степанецька,43599000.0,0.0,0.0,0.0,0.0,0.0,0.0,0.0,0.0,0.0,1609200.0,0.0,43599000.0,1609200.0
2352100000,Степанківська,12536800.0,0.0,0.0,0.0,0.0,0.0,0.0,0.0,0.0,0.0,3134500.0,0.0,12536800.0,3134500.0
2350400000,Тальнівська,0.0,37839900.0,0.0,0.0,0.0,0.0,0.0,0.0,0.0,0.0,3408500.0,37839900.0,0.0,3408500.0
2354900000,Тернівська,0.0,9100500.0,0.0,0.0,0.0,0.0,0.0,0.0,0.0,0.0,42600.0,9100500.0,0.0,42600.0
2357400000,Уманська,0.0,0.0,0.0,0.0,0.0,0.0,0.0,0.0,0.0,0.0,0.0,0.0,0.0,0.0
2357500000,Христинівська,0.0,37881400.0,0.0,0.0,0.0,0.0,0.0,0.0,0.0,0.0,3028000.0,37881400.0,0.0,3028000.0
2357600000,Черкаська,493761200.0,0.0,0.0,0.0,0.0,0.0,0.0,0.0,0.0,0.0,98293900.0,0.0,493761200.0,98293900.0
2355200000,Чигиринська,0.0,18977400.0,0.0,0.0,0.0,0.0,0.0,0.0,0.0,0.0,2609600.0,18977400.0,0.0,2609600.0
2357700000,Чорнобаївська,0.0,5924500.0,0.0,0.0,0.0,0.0,0.0,0.0,0.0,0.0,0.0,5924500.0,0.0,0.0
2355300000,Шевченківська,0.0,10198900.0,0.0,0.0,0.0,0.0,0.0,0.0,0.0,0.0,795100.0,10198900.0,0.0,795100.0
2350900000,Шполянська,0.0,27889100.0,0.0,0.0,0.0,0.0,0.0,0.0,0.0,0.0,49100100.0,27889100.0,0.0,49100100.0
2357800000,Шрамківська,0.0,21346600.0,0.0,0.0,0.0,0.0,0.0,0.0,0.0,0.0,4600000.0,21346600.0,0.0,4600000.0
2551500000,Іванівська,0.0,19332900.0,0.0,0.0,0.0,0.0,0.0,0.0,0.0,0.0,1863100.0,19332900.0,0.0,1863100.0
2552400000,Ічнянська,0.0,5777900.0,0.0,0.0,0.0,0.0,0.0,0.0,0.0,0.0,34200.0,5777900.0,0.0,34200.0
2550600000,Батуринська,0.0,11200800.0,0.0,0.0,0.0,0.0,0.0,0.0,0.0,0.0,0.0,11200800.0,0.0,0.0
2555100000,Бахмацька,0.0,26529300.0,0.0,0.0,0.0,0.0,0.0,0.0,0.0,0.0,0.0,26529300.0,0.0,0.0
2555200000,Березнянська,0.0,20021500.0,0.0,0.0,0.0,0.0,0.0,0.0,0.0,0.0,6503000.0,20021500.0,0.0,6503000.0
2552100000,Бобровицька,0.0,10061100.0,0.0,0.0,0.0,0.0,0.0,0.0,0.0,0.0,887400.0,10061100.0,0.0,887400.0
2554000000,Борзнянська,0.0,22544500.0,0.0,0.0,0.0,0.0,0.0,0.0,0.0,0.0,1655800.0,22544500.0,0.0,1655800.0
2553500000,Варвинська,2598500.0,0.0,0.0,0.0,0.0,0.0,0.0,0.0,0.0,0.0,3021500.0,0.0,2598500.0,3021500.0
2550100000,Вертіївська,9630300.0,0.0,0.0,0.0,0.0,0.0,0.0,0.0,0.0,0.0,22196800.0,0.0,9630300.0,22196800.0
2553400000,Височанська,0.0,10850500.0,0.0,0.0,0.0,0.0,0.0,0.0,0.0,0.0,514200.0,10850500.0,0.0,514200.0
2551100000,Гончарівська,111961500.0,0.0,0.0,0.0,0.0,0.0,0.0,0.0,0.0,0.0,28781600.0,0.0,111961500.0,28781600.0
2553600000,Городнянська,0.0,37625100.0,0.0,0.0,0.0,0.0,0.0,0.0,0.0,0.0,0.0,37625100.0,0.0,0.0
2550200000,Деснянська,75746000.0,0.0,0.0,0.0,0.0,0.0,0.0,0.0,0.0,0.0,19836800.0,0.0,75746000.0,19836800.0
2555300000,Дмитрівська,0.0,6073900.0,0.0,0.0,0.0,0.0,0.0,0.0,0.0,0.0,5038600.0,6073900.0,0.0,5038600.0
2554600000,Добрянська,0.0,6395800.0,0.0,0.0,0.0,0.0,0.0,0.0,0.0,0.0,1208900.0,6395800.0,0.0,1208900.0
2554700000,Киселівська,0.0,8002200.0,0.0,0.0,0.0,0.0,0.0,0.0,0.0,0.0,8193300.0,8002200.0,0.0,8193300.0
2554200000,Киїнська,0.0,12422800.0,0.0,0.0,0.0,0.0,0.0,0.0,0.0,0.0,2416500.0,12422800.0,0.0,2416500.0
2551800000,Козелецька,0.0,12474900.0,0.0,0.0,0.0,0.0,0.0,0.0,0.0,0.0,4230600.0,12474900.0,0.0,4230600.0
2551900000,Комарівська,0.0,6053900.0,0.0,0.0,0.0,0.0,0.0,0.0,0.0,0.0,3506600.0,6053900.0,0.0,3506600.0
2551200000,Коропська,0.0,26247500.0,0.0,0.0,0.0,0.0,0.0,0.0,0.0,0.0,1253400.0,26247500.0,0.0,1253400.0
2550700000,Корюківська,0.0,0.0,0.0,0.0,0.0,0.0,0.0,0.0,0.0,0.0,0.0,0.0,0.0,0.0
2555400000,Крутівська,0.0,8548600.0,0.0,0.0,0.0,0.0,0.0,0.0,0.0,0.0,0.0,8548600.0,0.0,0.0
2552500000,Куликівська,0.0,24133400.0,0.0,0.0,0.0,0.0,0.0,0.0,0.0,0.0,12959400.0,24133400.0,0.0,12959400.0
2550300000,Кіптівська,0.0,11109000.0,0.0,0.0,0.0,0.0,0.0,0.0,0.0,0.0,6259500.0,11109000.0,0.0,6259500.0
2555500000,Ладанська,0.0,18887100.0,0.0,0.0,0.0,0.0,0.0,0.0,0.0,0.0,3008400.0,18887100.0,0.0,3008400.0
2553700000,Линовицька,0.0,4508500.0,0.0,0.0,0.0,0.0,0.0,0.0,0.0,0.0,5022000.0,4508500.0,0.0,5022000.0
2551300000,Лосинівська,0.0,20826700.0,0.0,0.0,0.0,0.0,0.0,0.0,0.0,0.0,2017400.0,20826700.0,0.0,2017400.0
2552700000,Любецька,0.0,8672900.0,0.0,0.0,0.0,0.0,0.0,0.0,0.0,0.0,2666100.0,8672900.0,0.0,2666100.0
2550400000,Макіївська,0.0,0.0,0.0,0.0,0.0,0.0,0.0,0.0,0.0,0.0,1421700.0,0.0,0.0,1421700.0
2552600000,Малодівицька,0.0,7243300.0,0.0,0.0,0.0,0.0,0.0,0.0,0.0,0.0,8082300.0,7243300.0,0.0,8082300.0
2551700000,Менська,0.0,36636300.0,0.0,0.0,0.0,0.0,0.0,0.0,0.0,0.0,2760100.0,36636300.0,0.0,2760100.0
2551400000,Михайло-Коцюбинська,0.0,15839800.0,0.0,0.0,0.0,0.0,0.0,0.0,0.0,0.0,817800.0,15839800.0,0.0,817800.0
2551600000,Мринська,0.0,3724000.0,0.0,0.0,0.0,0.0,0.0,0.0,0.0,0.0,42500.0,3724000.0,0.0,42500.0
2553900000,Новгород-Сіверська,0.0,10863600.0,0.0,0.0,0.0,0.0,0.0,0.0,0.0,0.0,0.0,10863600.0,0.0,0.0
2552000000,Новобасанська,0.0,6154900.0,0.0,0.0,0.0,0.0,0.0,0.0,0.0,0.0,12666200.0,6154900.0,0.0,12666200.0
2554100000,Новобілоуська,0.0,12348800.0,0.0,0.0,0.0,0.0,0.0,0.0,0.0,0.0,1133400.0,12348800.0,0.0,1133400.0
2550800000,Носівська,0.0,34639200.0,0.0,0.0,0.0,0.0,0.0,0.0,0.0,0.0,373100.0,34639200.0,0.0,373100.0
2553800000,Ніжинська,919000.0,0.0,0.0,0.0,0.0,0.0,0.0,0.0,0.0,0.0,0.0,0.0,919000.0,0.0
2553300000,Олишівська,330000.0,0.0,0.0,0.0,0.0,0.0,0.0,0.0,0.0,0.0,822000.0,0.0,330000.0,822000.0
2550900000,Остерська,28700400.0,0.0,0.0,0.0,0.0,0.0,0.0,0.0,0.0,0.0,9681000.0,0.0,28700400.0,9681000.0
2550500000,Парафіївська,0.0,1905800.0,0.0,0.0,0.0,0.0,0.0,0.0,0.0,0.0,4998300.0,1905800.0,0.0,4998300.0
2552200000,Плисківська,0.0,6634100.0,0.0,0.0,0.0,0.0,0.0,0.0,0.0,0.0,5419400.0,6634100.0,0.0,5419400.0
2554800000,Понорницька,0.0,19105900.0,0.0,0.0,0.0,0.0,0.0,0.0,0.0,0.0,878800.0,19105900.0,0.0,878800.0
2555600000,Прилуцька,55582000.0,0.0,0.0,0.0,0.0,0.0,0.0,0.0,0.0,0.0,2748500.0,0.0,55582000.0,2748500.0
2555700000,Ріпкинська,0.0,2594100.0,0.0,0.0,0.0,0.0,0.0,0.0,0.0,0.0,0.0,2594100.0,0.0,0.0
2555800000,Седнівська,0.0,7072900.0,0.0,0.0,0.0,0.0,0.0,0.0,0.0,0.0,197400.0,7072900.0,0.0,197400.0
2552800000,Семенівська,0.0,22508200.0,0.0,0.0,0.0,0.0,0.0,0.0,0.0,0.0,0.0,22508200.0,0.0,0.0
2551000000,Сновська,0.0,24172900.0,0.0,0.0,0.0,0.0,0.0,0.0,0.0,0.0,0.0,24172900.0,0.0,0.0
2552900000,Сосницька,0.0,29451200.0,0.0,0.0,0.0,0.0,0.0,0.0,0.0,0.0,1091600.0,29451200.0,0.0,1091600.0
2553000000,Срібнянська,0.0,9716300.0,0.0,0.0,0.0,0.0,0.0,0.0,0.0,0.0,5563600.0,9716300.0,0.0,5563600.0
2554900000,Сухополов'янська,0.0,26678600.0,0.0,0.0,0.0,0.0,0.0,0.0,0.0,0.0,4248800.0,26678600.0,0.0,4248800.0
2555000000,Талалаївська,0.0,11012000.0,0.0,0.0,0.0,0.0,0.0,0.0,0.0,0.0,984800.0,11012000.0,0.0,984800.0
2552300000,Тупичівська,0.0,4988000.0,0.0,0.0,0.0,0.0,0.0,0.0,0.0,0.0,2111400.0,4988000.0,0.0,2111400.0
2553200000,Холминська,0.0,10024500.0,0.0,0.0,0.0,0.0,0.0,0.0,0.0,0.0,4568500.0,10024500.0,0.0,4568500.0
2555900000,Чернігівська,0.0,0.0,0.0,0.0,0.0,0.0,0.0,0.0,0.0,0.0,0.0,0.0,0.0,0.0
2556000000,Яблунівська,0.0,6847800.0,0.0,0.0,0.0,0.0,0.0,0.0,0.0,0.0,1410600.0,6847800.0,0.0,1410600.0
2453800000,Банилівська,0.0,20736200.0,0.0,0.0,0.0,0.0,0.0,0.0,0.0,0.0,2600.0,20736200.0,0.0,2600.0
2453900000,Берегометська,0.0,39445500.0,0.0,0.0,0.0,0.0,0.0,0.0,0.0,0.0,2522600.0,39445500.0,0.0,2522600.0
2454000000,Боянська,0.0,16318400.0,0.0,0.0,0.0,0.0,0.0,0.0,0.0,0.0,0.0,16318400.0,0.0,0.0
2454100000,Брусницька,0.0,25131200.0,0.0,0.0,0.0,0.0,0.0,0.0,0.0,0.0,71700.0,25131200.0,0.0,71700.0
2453400000,Ванчиковецька,0.0,41653700.0,0.0,0.0,0.0,0.0,0.0,0.0,0.0,0.0,0.0,41653700.0,0.0,0.0
2450100000,Вашковецька,0.0,12715200.0,0.0,0.0,0.0,0.0,0.0,0.0,0.0,0.0,348200.0,12715200.0,0.0,348200.0
2451100000,Вашківецька,0.0,29875000.0,0.0,0.0,0.0,0.0,0.0,0.0,0.0,0.0,531400.0,29875000.0,0.0,531400.0
2450200000,Великокучурівська,0.0,37670200.0,0.0,0.0,0.0,0.0,0.0,0.0,0.0,0.0,407900.0,37670200.0,0.0,407900.0
2454200000,Веренчанська,0.0,21369100.0,0.0,0.0,0.0,0.0,0.0,0.0,0.0,0.0,0.0,21369100.0,0.0,0.0
2451200000,Вижницька,0.0,0.0,0.0,0.0,0.0,0.0,0.0,0.0,0.0,0.0,24717600.0,0.0,0.0,24717600.0
2450300000,Волоківська,0.0,19337300.0,0.0,0.0,0.0,0.0,0.0,0.0,0.0,0.0,0.0,19337300.0,0.0,0.0
2452300000,Вікнянська,44996000.0,0.0,0.0,0.0,0.0,0.0,0.0,0.0,0.0,0.0,11248700.0,0.0,44996000.0,11248700.0
2452700000,Герцаївська,0.0,37650000.0,0.0,0.0,0.0,0.0,0.0,0.0,0.0,0.0,934000.0,37650000.0,0.0,934000.0
2450400000,Глибоцька,0.0,20695200.0,0.0,0.0,0.0,0.0,0.0,0.0,0.0,0.0,0.0,20695200.0,0.0,0.0
2454300000,Горішньошеровецька,0.0,16240800.0,0.0,0.0,0.0,0.0,0.0,0.0,0.0,0.0,50800.0,16240800.0,0.0,50800.0
2452800000,Заставнівська,3659000.0,0.0,0.0,0.0,0.0,0.0,0.0,0.0,0.0,0.0,30089500.0,0.0,3659000.0,30089500.0
2453700000,Кадубовецька,0.0,19537600.0,0.0,0.0,0.0,0.0,0.0,0.0,0.0,0.0,378100.0,19537600.0,0.0,378100.0
2454400000,Кам'янецька,0.0,28871200.0,0.0,0.0,0.0,0.0,0.0,0.0,0.0,0.0,0.0,28871200.0,0.0,0.0
2454500000,Кам'янська,0.0,33176000.0,0.0,0.0,0.0,0.0,0.0,0.0,0.0,0.0,0.0,33176000.0,0.0,0.0
2453500000,Карапчівська,0.0,11970900.0,0.0,0.0,0.0,0.0,0.0,0.0,0.0,0.0,889600.0,11970900.0,0.0,889600.0
2454600000,Кельменецька,0.0,58229000.0,0.0,0.0,0.0,0.0,0.0,0.0,0.0,0.0,2139400.0,58229000.0,0.0,2139400.0
2450500000,Клішковецька,0.0,40368500.0,0.0,0.0,0.0,0.0,0.0,0.0,0.0,0.0,9100.0,40368500.0,0.0,9100.0
2451700000,Конятинська,0.0,10332100.0,0.0,0.0,0.0,0.0,0.0,0.0,0.0,0.0,1490700.0,10332100.0,0.0,1490700.0
2452500000,Кострижівська,0.0,12127500.0,0.0,0.0,0.0,0.0,0.0,0.0,0.0,0.0,673000.0,12127500.0,0.0,673000.0
2451400000,Красноїльська,0.0,29438100.0,0.0,0.0,0.0,0.0,0.0,0.0,0.0,0.0,0.0,29438100.0,0.0,0.0
2452100000,Кіцманська,0.0,30084500.0,0.0,0.0,0.0,0.0,0.0,0.0,0.0,0.0,0.0,30084500.0,0.0,0.0
2454700000,Лівинецька,0.0,18493500.0,0.0,0.0,0.0,0.0,0.0,0.0,0.0,0.0,550100.0,18493500.0,0.0,550100.0
2452200000,Магальська,0.0,16908700.0,0.0,0.0,0.0,0.0,0.0,0.0,0.0,0.0,0.0,16908700.0,0.0,0.0
2450600000,Мамалигівська,0.0,24519200.0,0.0,0.0,0.0,0.0,0.0,0.0,0.0,0.0,0.0,24519200.0,0.0,0.0
2452000000,Мамаївська,0.0,43149700.0,0.0,0.0,0.0,0.0,0.0,0.0,0.0,0.0,0.0,43149700.0,0.0,0.0
2450700000,Недобоївська,0.0,31294700.0,0.0,0.0,0.0,0.0,0.0,0.0,0.0,0.0,0.0,31294700.0,0.0,0.0
2452900000,Неполоковецька,0.0,16606700.0,0.0,0.0,0.0,0.0,0.0,0.0,0.0,0.0,0.0,16606700.0,0.0,0.0
2453300000,Новодністровська,5363700.0,0.0,0.0,0.0,0.0,0.0,0.0,0.0,0.0,0.0,604600.0,0.0,5363700.0,604600.0
2452600000,Новоселицька,0.0,51018000.0,0.0,0.0,0.0,0.0,0.0,0.0,0.0,0.0,3192900.0,51018000.0,0.0,3192900.0
2451900000,Острицька,0.0,37526500.0,0.0,0.0,0.0,0.0,0.0,0.0,0.0,0.0,0.0,37526500.0,0.0,0.0
2454800000,Петровецька,0.0,23923600.0,0.0,0.0,0.0,0.0,0.0,0.0,0.0,0.0,0.0,23923600.0,0.0,0.0
2454900000,Путильська,0.0,15095300.0,0.0,0.0,0.0,0.0,0.0,0.0,0.0,0.0,0.0,15095300.0,0.0,0.0
2450800000,Рукшинська,0.0,19767100.0,0.0,0.0,0.0,0.0,0.0,0.0,0.0,0.0,531100.0,19767100.0,0.0,531100.0
2451800000,Селятинська,0.0,5780400.0,0.0,0.0,0.0,0.0,0.0,0.0,0.0,0.0,425000.0,5780400.0,0.0,425000.0
2450900000,Сокирянська,0.0,55046900.0,0.0,0.0,0.0,0.0,0.0,0.0,0.0,0.0,0.0,55046900.0,0.0,0.0
2453000000,Ставчанська,0.0,17679700.0,0.0,0.0,0.0,0.0,0.0,0.0,0.0,0.0,358200.0,17679700.0,0.0,358200.0
2451300000,Сторожинецька,0.0,77627500.0,0.0,0.0,0.0,0.0,0.0,0.0,0.0,0.0,0.0,77627500.0,0.0,0.0
2453600000,Сучевенська,0.0,23310200.0,0.0,0.0,0.0,0.0,0.0,0.0,0.0,0.0,4200.0,23310200.0,0.0,4200.0
2455000000,Тарашанська,0.0,22492400.0,0.0,0.0,0.0,0.0,0.0,0.0,0.0,0.0,0.0,22492400.0,0.0,0.0
2451500000,Тереблеченська,0.0,13063100.0,0.0,0.0,0.0,0.0,0.0,0.0,0.0,0.0,1032000.0,13063100.0,0.0,1032000.0
2455100000,Топорівська,0.0,34330500.0,0.0,0.0,0.0,0.0,0.0,0.0,0.0,0.0,0.0,34330500.0,0.0,0.0
2451000000,Усть-Путильська,0.0,13875300.0,0.0,0.0,0.0,0.0,0.0,0.0,0.0,0.0,763500.0,13875300.0,0.0,763500.0
2453100000,Хотинська,0.0,20226500.0,0.0,0.0,0.0,0.0,0.0,0.0,0.0,0.0,237100.0,20226500.0,0.0,237100.0
2453200000,Чагорська,0.0,8184900.0,0.0,0.0,0.0,0.0,0.0,0.0,0.0,0.0,7512000.0,8184900.0,0.0,7512000.0
2455200000,Чернівецька,34144600.0,0.0,0.0,0.0,0.0,0.0,0.0,0.0,0.0,0.0,23259200.0,0.0,34144600.0,23259200.0
2451600000,Чудейська,0.0,42485200.0,0.0,0.0,0.0,0.0,0.0,0.0,0.0,0.0,109300.0,42485200.0,0.0,109300.0
2452400000,Юрковецька,0.0,13873500.0,0.0,0.0,0.0,0.0,0.0,0.0,0.0,0.0,0.0,13873500.0,0.0,0.0
0450100000,Апостолівська,0.0,17493100.0,0.0,0.0,0.0,0.0,0.0,0.0,0.0,0.0,853600.0,17493100.0,0.0,853600.0
0450200000,Богданівська,28705300.0,0.0,0.0,0.0,0.0,0.0,0.0,2303300.0,0.0,0.0,1008000.0,0.0,28705300.0,3311300.0
0451800000,Божедарівська,0.0,13987400.0,0.0,0.0,0.0,0.0,0.0,0.0,0.0,0.0,3144600.0,13987400.0,0.0,3144600.0
0457200000,Брагинівська,0.0,6081000.0,0.0,0.0,0.0,0.0,0.0,0.0,0.0,0.0,1935200.0,6081000.0,0.0,1935200.0
0450500000,Вакулівська,0.0,5446700.0,0.0,0.0,0.0,0.0,0.0,0.0,0.0,0.0,1270700.0,5446700.0,0.0,1270700.0
0451900000,Васильківська,0.0,38832700.0,0.0,0.0,0.0,0.0,0.0,0.0,0.0,0.0,161600.0,38832700.0,0.0,161600.0
0452900000,Великомихайлівська,0.0,7699100.0,0.0,0.0,0.0,0.0,0.0,0.0,0.0,0.0,644200.0,7699100.0,0.0,644200.0
0450300000,Вербківська,52125200.0,0.0,0.0,0.0,0.0,0.0,0.0,0.0,0.0,0.0,1678100.0,0.0,52125200.0,1678100.0
0453600000,Верхньодніпровська,0.0,35881900.0,0.0,0.0,0.0,0.0,0.0,0.0,0.0,0.0,613500.0,35881900.0,0.0,613500.0
0457300000,Верхівцівська,0.0,12617900.0,0.0,0.0,0.0,0.0,0.0,0.0,0.0,0.0,0.0,12617900.0,0.0,0.0
0452000000,Вишнівська,0.0,7585400.0,0.0,0.0,0.0,0.0,0.0,0.0,0.0,0.0,0.0,7585400.0,0.0,0.0
0457400000,Вільногірська,2730600.0,0.0,0.0,0.0,0.0,0.0,0.0,0.0,0.0,0.0,15048800.0,0.0,2730600.0,15048800.0
0456300000,Глеюватська,3235000.0,0.0,0.0,0.0,0.0,0.0,0.0,0.0,0.0,0.0,8673100.0,0.0,3235000.0,8673100.0
0453000000,Гречаноподівська,0.0,8837100.0,0.0,0.0,0.0,0.0,0.0,0.0,0.0,0.0,527300.0,8837100.0,0.0,527300.0
0450700000,Грушівська,0.0,14659700.0,0.0,0.0,0.0,0.0,0.0,0.0,0.0,0.0,1977900.0,14659700.0,0.0,1977900.0
0457500000,Губиниська,0.0,4359200.0,0.0,0.0,0.0,0.0,0.0,0.0,0.0,0.0,0.0,4359200.0,0.0,0.0
0455600000,Девладівська,0.0,7117500.0,0.0,0.0,0.0,0.0,0.0,0.0,0.0,0.0,558500.0,7117500.0,0.0,558500.0
0457600000,Дніпровська,1814074000.0,0.0,0.0,0.0,0.0,0.0,0.0,327297000.0,0.0,0.0,102100600.0,0.0,1814074000.0,429397600.0
0453500000,Дубовиківська,0.0,13831600.0,0.0,0.0,0.0,0.0,0.0,0.0,0.0,0.0,843200.0,13831600.0,0.0,843200.0
0457700000,Жовтоводська,0.0,61538400.0,0.0,0.0,0.0,0.0,0.0,0.0,0.0,0.0,24347800.0,61538400.0,0.0,24347800.0
0454500000,Зайцівська,0.0,1117600.0,0.0,0.0,0.0,0.0,0.0,0.0,0.0,0.0,480400.0,1117600.0,0.0,480400.0
0456400000,Затишнянська,0.0,6650600.0,0.0,0.0,0.0,0.0,0.0,0.0,0.0,0.0,804100.0,6650600.0,0.0,804100.0
0450600000,Зеленодольська,0.0,22468800.0,0.0,0.0,0.0,0.0,0.0,0.0,0.0,0.0,0.0,22468800.0,0.0,0.0
0455400000,Кам'янська,0.0,3988400.0,0.0,0.0,0.0,0.0,0.0,0.0,0.0,0.0,1314600.0,3988400.0,0.0,1314600.0
0455000000,Карпівська,5512200.0,0.0,0.0,0.0,0.0,0.0,0.0,0.0,0.0,0.0,2681000.0,0.0,5512200.0,2681000.0
0454800000,Китайгородська,0.0,7179200.0,0.0,0.0,0.0,0.0,0.0,0.0,0.0,0.0,1337000.0,7179200.0,0.0,1337000.0
0457810000,Криворізька,367900600.0,0.0,0.0,0.0,0.0,0.0,0.0,0.0,0.0,0.0,5610900.0,0.0,367900600.0,5610900.0
0452100000,Криничанська,0.0,10815400.0,0.0,0.0,0.0,0.0,0.0,0.0,0.0,0.0,0.0,10815400.0,0.0,0.0
0452200000,Лихівська,0.0,11095400.0,0.0,0.0,0.0,0.0,0.0,0.0,0.0,0.0,1635200.0,11095400.0,0.0,1635200.0
0455700000,Личківська,0.0,6573900.0,0.0,0.0,0.0,0.0,0.0,0.0,0.0,0.0,565400.0,6573900.0,0.0,565400.0
0457900000,Лозуватська,0.0,17450100.0,0.0,0.0,0.0,0.0,0.0,0.0,0.0,0.0,1327200.0,17450100.0,0.0,1327200.0
0455300000,Любимівська,0.0,5630800.0,0.0,0.0,0.0,0.0,0.0,0.0,0.0,0.0,920500.0,5630800.0,0.0,920500.0
0450800000,Ляшківська,0.0,5481400.0,0.0,0.0,0.0,0.0,0.0,0.0,0.0,0.0,142200.0,5481400.0,0.0,142200.0
0456500000,Магдалинівська,0.0,17141600.0,0.0,0.0,0.0,0.0,0.0,0.0,0.0,0.0,0.0,17141600.0,0.0,0.0
0453100000,Маломихайлівська,0.0,22177400.0,0.0,0.0,0.0,0.0,0.0,0.0,0.0,0.0,1907400.0,22177400.0,0.0,1907400.0
0456100000,Марганецька,0.0,48866700.0,0.0,0.0,0.0,0.0,0.0,0.0,0.0,0.0,2557800.0,48866700.0,0.0,2557800.0
0454100000,Межиріцька,0.0,15157500.0,0.0,0.0,0.0,0.0,0.0,0.0,0.0,0.0,533400.0,15157500.0,0.0,533400.0
0453700000,Межівська,0.0,19561800.0,0.0,0.0,0.0,0.0,0.0,0.0,0.0,0.0,5196200.0,19561800.0,0.0,5196200.0
0450900000,Миколаївська,0.0,6743700.0,0.0,0.0,0.0,0.0,0.0,0.0,0.0,0.0,1648900.0,6743700.0,0.0,1648900.0
0451600000,Мирівська,0.0,10214100.0,0.0,0.0,0.0,0.0,0.0,0.0,0.0,0.0,5515200.0,10214100.0,0.0,5515200.0
0450900000,Могилівська,0.0,6743700.0,0.0,0.0,0.0,0.0,0.0,0.0,0.0,0.0,1648900.0,6743700.0,0.0,1648900.0
0453900000,Мозолевська,0.0,0.0,0.0,0.0,0.0,0.0,0.0,0.0,0.0,0.0,13221100.0,0.0,0.0,13221100.0
0451000000,Нивотрудівська,0.0,10821900.0,0.0,0.0,0.0,0.0,0.0,0.0,0.0,0.0,398400.0,10821900.0,0.0,398400.0
0453200000,Новолатівська,17350800.0,0.0,0.0,0.0,0.0,0.0,0.0,0.0,0.0,0.0,24454300.0,0.0,17350800.0,24454300.0
0453200000,Новоолександрівська,17350800.0,0.0,0.0,0.0,0.0,0.0,0.0,0.0,0.0,0.0,24454300.0,0.0,17350800.0,24454300.0
0453300000,Новопавлівська,0.0,8969700.0,0.0,0.0,0.0,0.0,0.0,0.0,0.0,0.0,4331700.0,8969700.0,0.0,4331700.0
0452300000,Новопокровська,0.0,28044700.0,0.0,0.0,0.0,0.0,0.0,0.0,0.0,0.0,5387800.0,28044700.0,0.0,5387800.0
0458300000,Новопільська,0.0,18883000.0,0.0,0.0,0.0,0.0,0.0,0.0,0.0,0.0,5200600.0,18883000.0,0.0,5200600.0
0458100000,Нікопольська,31986500.0,0.0,0.0,0.0,0.0,0.0,0.0,0.0,0.0,0.0,48965600.0,0.0,31986500.0,48965600.0
0456600000,Обухівська,0.0,24877400.0,0.0,0.0,0.0,0.0,0.0,0.0,0.0,0.0,2517600.0,24877400.0,0.0,2517600.0
0458800000,П'ятихатська,0.0,24607000.0,0.0,0.0,0.0,0.0,0.0,0.0,0.0,0.0,0.0,24607000.0,0.0,0.0
0458400000,Павлоградська,0.0,0.0,0.0,0.0,0.0,0.0,0.0,47231000.0,0.0,0.0,0.0,0.0,0.0,47231000.0
0455800000,Перещепинська,0.0,31910800.0,0.0,0.0,0.0,0.0,0.0,0.0,0.0,0.0,3333200.0,31910800.0,0.0,3333200.0
0454300000,Петриківська,0.0,0.0,0.0,0.0,0.0,0.0,0.0,0.0,0.0,0.0,0.0,0.0,0.0,0.0
0458600000,Петропавлівська,0.0,4978900.0,0.0,0.0,0.0,0.0,0.0,0.0,0.0,0.0,1946100.0,4978900.0,0.0,1946100.0
0452300000,Покровська,0.0,28044700.0,0.0,0.0,0.0,0.0,0.0,0.0,0.0,0.0,5387800.0,28044700.0,0.0,5387800.0
0456800000,Підгородненська,0.0,42424300.0,0.0,0.0,0.0,0.0,0.0,0.0,0.0,0.0,2272200.0,42424300.0,0.0,2272200.0
0454600000,Раївська,0.0,16939100.0,0.0,0.0,0.0,0.0,0.0,0.0,0.0,0.0,778200.0,16939100.0,0.0,778200.0
0452400000,Роздорська,0.0,5294900.0,0.0,0.0,0.0,0.0,0.0,0.0,0.0,0.0,1457800.0,5294900.0,0.0,1457800.0
0455500000,Саксаганська,0.0,10966500.0,0.0,0.0,0.0,0.0,0.0,0.0,0.0,0.0,406800.0,10966500.0,0.0,406800.0
0458200000,Самарівська,0.0,21425100.0,0.0,0.0,0.0,0.0,0.0,0.0,0.0,0.0,1437000.0,21425100.0,0.0,1437000.0
0450400000,Святовасилівська,0.0,8145700.0,0.0,0.0,0.0,0.0,0.0,0.0,0.0,0.0,1920100.0,8145700.0,0.0,1920100.0
0458900000,Синельниківська,0.0,24975600.0,0.0,0.0,0.0,0.0,0.0,0.0,0.0,0.0,1947900.0,24975600.0,0.0,1947900.0
0454800000,Славгородська,0.0,7179200.0,0.0,0.0,0.0,0.0,0.0,0.0,0.0,0.0,1337000.0,7179200.0,0.0,1337000.0
0451500000,Слобожанська,82168900.0,0.0,0.0,0.0,0.0,0.0,0.0,0.0,0.0,0.0,5906100.0,0.0,82168900.0,5906100.0
0459000000,Слов'янська,0.0,2347800.0,0.0,0.0,0.0,0.0,0.0,0.0,0.0,0.0,3445100.0,2347800.0,0.0,3445100.0
0451300000,Солонянська,0.0,25932300.0,0.0,0.0,0.0,0.0,0.0,0.0,0.0,0.0,264200.0,25932300.0,0.0,264200.0
0452500000,Софіївська,0.0,11550400.0,0.0,0.0,0.0,0.0,0.0,0.0,0.0,0.0,75800.0,11550400.0,0.0,75800.0
0451400000,Сурсько-Литовська,0.0,13297500.0,0.0,0.0,0.0,0.0,0.0,0.0,0.0,0.0,1243900.0,13297500.0,0.0,1243900.0
0459100000,Тернівська,8298700.0,0.0,0.0,0.0,0.0,0.0,0.0,0.0,0.0,0.0,8178500.0,0.0,8298700.0,8178500.0
0452600000,Томаківська,0.0,10826000.0,0.0,0.0,0.0,0.0,0.0,0.0,0.0,0.0,9406000.0,10826000.0,0.0,9406000.0
0454200000,Троїцька,28000700.0,0.0,0.0,0.0,0.0,0.0,0.0,0.0,0.0,0.0,1041300.0,0.0,28000700.0,1041300.0
0455400000,Українська,0.0,3988400.0,0.0,0.0,0.0,0.0,0.0,0.0,0.0,0.0,1314600.0,3988400.0,0.0,1314600.0
0452700000,Царичанська,0.0,16447500.0,0.0,0.0,0.0,0.0,0.0,0.0,0.0,0.0,0.0,16447500.0,0.0,0.0
0454000000,Червоногригорівська,0.0,19177100.0,0.0,0.0,0.0,0.0,0.0,0.0,0.0,0.0,4085900.0,19177100.0,0.0,4085900.0
0456000000,Чумаківська,3265700.0,0.0,0.0,0.0,0.0,0.0,0.0,0.0,0.0,0.0,8046100.0,0.0,3265700.0,8046100.0
0451600000,Широківська,0.0,10214100.0,0.0,0.0,0.0,0.0,0.0,0.0,0.0,0.0,5515200.0,10214100.0,0.0,5515200.0
0455200000,Юріївська,0.0,7374300.0,0.0,0.0,0.0,0.0,0.0,0.0,0.0,0.0,692600.0,7374300.0,0.0,692600.0
0454700000,Яворницька,0.0,25221900.0,0.0,0.0,0.0,0.0,0.0,0.0,0.0,0.0,736300.0,25221900.0,0.0,736300.0
0555400000,Єнакієвська,0.0,0.0,0.0,0.0,0.0,0.0,0.0,0.0,0.0,0.0,0.0,0.0,0.0,0.0
0550600000,Іллінівська,1633100.0,0.0,0.0,0.0,0.0,0.0,0.0,0.0,0.0,0.0,4404200.0,0.0,1633100.0,4404200.0
0555600000,Іловайська,0.0,0.0,0.0,0.0,0.0,0.0,0.0,0.0,0.0,0.0,0.0,0.0,0.0,0.0
0551400000,Авдіївська,0.0,26676400.0,0.0,0.0,0.0,0.0,0.0,0.0,0.0,0.0,112250900.0,26676400.0,0.0,112250900.0
0554700000,Амвросіївська,0.0,0.0,0.0,0.0,0.0,0.0,0.0,0.0,0.0,0.0,0.0,0.0,0.0,0.0
0550900000,Андріївська,0.0,0.0,0.0,0.0,0.0,0.0,0.0,0.0,0.0,0.0,5808500.0,0.0,0.0,5808500.0
0551100000,Бахмутська,156603400.0,0.0,0.0,0.0,0.0,0.0,0.0,0.0,0.0,0.0,123881100.0,0.0,156603400.0,123881100.0
0554800000,Бойківська,0.0,0.0,0.0,0.0,0.0,0.0,0.0,0.0,0.0,0.0,0.0,0.0,0.0,0.0
0551500000,Білозерська,0.0,28404700.0,0.0,0.0,0.0,0.0,0.0,0.0,0.0,0.0,19609700.0,28404700.0,0.0,19609700.0
0551600000,Великоновосілківська,0.0,34466900.0,0.0,0.0,0.0,0.0,0.0,0.0,0.0,0.0,26529000.0,34466900.0,0.0,26529000.0
0551700000,Волноваська,0.0,25603600.0,0.0,0.0,0.0,0.0,0.0,0.0,0.0,0.0,96576600.0,25603600.0,0.0,96576600.0
0554900000,Вуглегірська,0.0,0.0,0.0,0.0,0.0,0.0,0.0,0.0,0.0,0.0,0.0,0.0,0.0,0.0
0551200000,Вугледарська,0.0,31025000.0,0.0,0.0,0.0,0.0,0.0,0.0,0.0,0.0,137698200.0,31025000.0,0.0,137698200.0
0555000000,Горлівська,0.0,0.0,0.0,0.0,0.0,0.0,0.0,0.0,0.0,0.0,0.0,0.0,0.0,0.0
0551800000,Гродівська,3479900.0,0.0,0.0,0.0,0.0,0.0,0.0,0.0,0.0,0.0,4439900.0,0.0,3479900.0,4439900.0
0555100000,Дебальцівська,0.0,0.0,0.0,0.0,0.0,0.0,0.0,0.0,0.0,0.0,0.0,0.0,0.0,0.0
0551900000,Добропільська,0.0,0.0,0.0,0.0,0.0,0.0,0.0,0.0,0.0,0.0,31007600.0,0.0,0.0,31007600.0
0555200000,Докучаєвська,0.0,0.0,0.0,0.0,0.0,0.0,0.0,0.0,0.0,0.0,0.0,0.0,0.0,0.0
0555300000,Донецька,0.0,0.0,0.0,0.0,0.0,0.0,0.0,0.0,0.0,0.0,0.0,0.0,0.0,0.0
0552000000,Дружківська,0.0,18851800.0,0.0,0.0,0.0,0.0,0.0,0.0,0.0,0.0,85256400.0,18851800.0,0.0,85256400.0
0555500000,Жданівська,0.0,0.0,0.0,0.0,0.0,0.0,0.0,0.0,0.0,0.0,0.0,0.0,0.0,0.0
0550800000,Званівська,0.0,5585200.0,0.0,0.0,0.0,0.0,0.0,0.0,0.0,0.0,4040200.0,5585200.0,0.0,4040200.0
0555700000,Кальміуська,0.0,0.0,0.0,0.0,0.0,0.0,0.0,0.0,0.0,0.0,0.0,0.0,0.0,0.0
0552100000,Кальчицька,0.0,31791300.0,0.0,0.0,0.0,0.0,0.0,0.0,0.0,0.0,19186100.0,31791300.0,0.0,19186100.0
0552200000,Комарська,0.0,17506700.0,0.0,0.0,0.0,0.0,0.0,0.0,0.0,0.0,611000.0,17506700.0,0.0,611000.0
0552300000,Костянтинівська,0.0,125908600.0,0.0,0.0,0.0,0.0,0.0,0.0,0.0,0.0,32153000.0,125908600.0,0.0,32153000.0
0552400000,Краматорська,31826200.0,0.0,0.0,0.0,0.0,0.0,0.0,0.0,0.0,0.0,13624300.0,0.0,31826200.0,13624300.0
0551300000,Криворізька,0.0,5957800.0,0.0,0.0,0.0,0.0,0.0,0.0,0.0,0.0,6581100.0,5957800.0,0.0,6581100.0
0552500000,Курахівська,0.0,0.0,0.0,0.0,0.0,0.0,0.0,0.0,0.0,0.0,0.0,0.0,0.0,0.0
0550100000,Лиманська,0.0,33078500.0,0.0,0.0,0.0,0.0,0.0,0.0,0.0,0.0,152493000.0,33078500.0,0.0,152493000.0
0555800000,Макіївська,0.0,0.0,0.0,0.0,0.0,0.0,0.0,0.0,0.0,0.0,0.0,0.0,0.0,0.0
0552600000,Мангушська,0.0,49117800.0,0.0,0.0,0.0,0.0,0.0,0.0,0.0,0.0,51253700.0,49117800.0,0.0,51253700.0
0552700000,Мар'їнська,0.0,88117200.0,0.0,0.0,0.0,0.0,0.0,0.0,0.0,0.0,27275100.0,88117200.0,0.0,27275100.0
0552800000,Маріупольська,0.0,0.0,0.0,0.0,0.0,0.0,0.0,0.0,0.0,0.0,1998674900.0,0.0,0.0,1998674900.0
0553100000,Миколаївська,0.0,40779300.0,0.0,0.0,0.0,0.0,0.0,0.0,0.0,0.0,56637300.0,40779300.0,0.0,56637300.0
0553100000,Микільська,0.0,40779300.0,0.0,0.0,0.0,0.0,0.0,0.0,0.0,0.0,56637300.0,40779300.0,0.0,56637300.0
0552700000,Мирненська,0.0,88117200.0,0.0,0.0,0.0,0.0,0.0,0.0,0.0,0.0,27275100.0,88117200.0,0.0,27275100.0
0553000000,Мирноградська,118054000.0,0.0,0.0,0.0,0.0,0.0,0.0,0.0,0.0,0.0,67300900.0,0.0,118054000.0,67300900.0
0555900000,Новоазовська,0.0,0.0,0.0,0.0,0.0,0.0,0.0,0.0,0.0,0.0,0.0,0.0,0.0,0.0
0553200000,Новогродівська,190816300.0,0.0,0.0,0.0,0.0,0.0,0.0,0.0,0.0,0.0,5245300.0,0.0,190816300.0,5245300.0
0553300000,Новодонецька,0.0,11667500.0,0.0,0.0,0.0,0.0,0.0,0.0,0.0,0.0,26601300.0,11667500.0,0.0,26601300.0
0550900000,Олександрівська,0.0,0.0,0.0,0.0,0.0,0.0,0.0,0.0,0.0,0.0,5808500.0,0.0,0.0,5808500.0
0553400000,Ольгинська,0.0,45311000.0,0.0,0.0,0.0,0.0,0.0,0.0,0.0,0.0,71844800.0,45311000.0,0.0,71844800.0
0553500000,Очеретинська,0.0,62329100.0,0.0,0.0,0.0,0.0,0.0,0.0,0.0,0.0,16696300.0,62329100.0,0.0,16696300.0
0553600000,Покровська,95109700.0,0.0,0.0,0.0,0.0,0.0,0.0,0.0,0.0,0.0,32588500.0,0.0,95109700.0,32588500.0
0553700000,Сартанська,0.0,66181400.0,0.0,0.0,0.0,0.0,0.0,0.0,0.0,0.0,20968400.0,66181400.0,0.0,20968400.0
0553900000,Святогірська,0.0,16229200.0,0.0,0.0,0.0,0.0,0.0,0.0,0.0,0.0,18812400.0,16229200.0,0.0,18812400.0
0553800000,Світлодарська,8150500.0,0.0,0.0,0.0,0.0,0.0,0.0,0.0,0.0,0.0,22814800.0,0.0,8150500.0,22814800.0
0554000000,Селидівська,0.0,34475300.0,0.0,0.0,0.0,0.0,0.0,0.0,0.0,0.0,4152600.0,34475300.0,0.0,4152600.0
0554100000,Слов'янська,0.0,59248300.0,0.0,0.0,0.0,0.0,0.0,0.0,0.0,0.0,0.0,59248300.0,0.0,0.0
0556000000,Сніжнянська,0.0,0.0,0.0,0.0,0.0,0.0,0.0,0.0,0.0,0.0,0.0,0.0,0.0,0.0
0550500000,Соледарська,0.0,9733500.0,0.0,0.0,0.0,0.0,0.0,0.0,0.0,0.0,87458900.0,9733500.0,0.0,87458900.0
0556100000,Старобешівська,0.0,0.0,0.0,0.0,0.0,0.0,0.0,0.0,0.0,0.0,0.0,0.0,0.0,0.0
0554200000,Старомлинівська,0.0,35414800.0,0.0,0.0,0.0,0.0,0.0,0.0,0.0,0.0,20255800.0,35414800.0,0.0,20255800.0
0550700000,Сіверська,0.0,38221700.0,0.0,0.0,0.0,0.0,0.0,0.0,0.0,0.0,5188200.0,38221700.0,0.0,5188200.0
0554300000,Торецька,28124100.0,0.0,0.0,0.0,0.0,0.0,0.0,0.0,0.0,0.0,265520000.0,0.0,28124100.0,265520000.0
0554400000,Удачненська,770700.0,0.0,0.0,0.0,0.0,0.0,0.0,0.0,0.0,0.0,7021600.0,0.0,770700.0,7021600.0
0556200000,Харцизька,0.0,0.0,0.0,0.0,0.0,0.0,0.0,0.0,0.0,0.0,0.0,0.0,0.0,0.0
0554500000,Хлібодарівська,0.0,34754700.0,0.0,0.0,0.0,0.0,0.0,0.0,0.0,0.0,40386300.0,34754700.0,0.0,40386300.0
0556300000,Хрестівська,0.0,0.0,0.0,0.0,0.0,0.0,0.0,0.0,0.0,0.0,0.0,0.0,0.0,0.0
0554600000,Часовоярська,0.0,22427700.0,0.0,0.0,0.0,0.0,0.0,0.0,0.0,0.0,0.0,22427700.0,0.0,0.0
0550300000,Черкаська,0.0,22150300.0,0.0,0.0,0.0,0.0,0.0,0.0,0.0,0.0,9027100.0,22150300.0,0.0,9027100.0
0556400000,Чистяківська,0.0,0.0,0.0,0.0,0.0,0.0,0.0,0.0,0.0,0.0,0.0,0.0,0.0,0.0
0556500000,Шахтарська,0.0,0.0,0.0,0.0,0.0,0.0,0.0,0.0,0.0,0.0,0.0,0.0,0.0,0.0
0550200000,Шахівська,0.0,0.0,0.0,0.0,0.0,0.0,0.0,0.0,0.0,0.0,1791000.0,0.0,0.0,1791000.0
0556600000,Ясинуватська,0.0,0.0,0.0,0.0,0.0,0.0,0.0,0.0,0.0,0.0,0.0,0.0,0.0,0.0
0953600000,Єзупільська,0.0,20072600.0,0.0,0.0,0.0,0.0,0.0,0.0,0.0,0.0,0.0,20072600.0,0.0,0.0
0953300000,Івано-Франківська,123992300.0,0.0,0.0,0.0,0.0,0.0,0.0,0.0,0.0,0.0,24090600.0,0.0,123992300.0,24090600.0
0954000000,Богородчанська,0.0,11082100.0,0.0,0.0,0.0,0.0,0.0,0.0,0.0,0.0,12085800.0,11082100.0,0.0,12085800.0
0954100000,Болехівська,0.0,41066100.0,0.0,0.0,0.0,0.0,0.0,0.0,0.0,0.0,3498000.0,41066100.0,0.0,3498000.0
0952000000,Брошнів-Осадська,0.0,13328700.0,0.0,0.0,0.0,0.0,0.0,0.0,0.0,0.0,4132100.0,13328700.0,0.0,4132100.0
0952600000,Букачівська,0.0,11809200.0,0.0,0.0,0.0,0.0,0.0,0.0,0.0,0.0,315200.0,11809200.0,0.0,315200.0
0954200000,Бурштинська,0.0,9361700.0,0.0,0.0,0.0,0.0,0.0,0.0,0.0,0.0,0.0,9361700.0,0.0,0.0
0950400000,Білоберізька,4328800.0,0.0,0.0,0.0,0.0,0.0,0.0,0.0,0.0,0.0,0.0,0.0,4328800.0,0.0
0950600000,Більшівцівська,0.0,18771900.0,0.0,0.0,0.0,0.0,0.0,0.0,0.0,0.0,0.0,18771900.0,0.0,0.0
0950100000,Верхнянська,0.0,24725900.0,0.0,0.0,0.0,0.0,0.0,0.0,0.0,0.0,0.0,24725900.0,0.0,0.0
0954300000,Верховинська,0.0,31261300.0,0.0,0.0,0.0,0.0,0.0,0.0,0.0,0.0,5988200.0,31261300.0,0.0,5988200.0
0952700000,Вигодська,0.0,20005200.0,0.0,0.0,0.0,0.0,0.0,0.0,0.0,0.0,1269700.0,20005200.0,0.0,1269700.0
0950700000,Витвицька,0.0,16193900.0,0.0,0.0,0.0,0.0,0.0,0.0,0.0,0.0,239400.0,16193900.0,0.0,239400.0
0952100000,Войнилівська,0.0,27254700.0,0.0,0.0,0.0,0.0,0.0,0.0,0.0,0.0,0.0,27254700.0,0.0,0.0
0954400000,Ворохтянська,0.0,5385200.0,0.0,0.0,0.0,0.0,0.0,0.0,0.0,0.0,7924700.0,5385200.0,0.0,7924700.0
0954500000,Галицька,0.0,24834500.0,0.0,0.0,0.0,0.0,0.0,0.0,0.0,0.0,197100.0,24834500.0,0.0,197100.0
0953400000,Гвіздецька,2155300.0,0.0,0.0,0.0,0.0,0.0,0.0,0.0,0.0,0.0,248900.0,0.0,2155300.0,248900.0
0954600000,Городенківська,0.0,79440400.0,0.0,0.0,0.0,0.0,0.0,0.0,0.0,0.0,463700.0,79440400.0,0.0,463700.0
0952200000,Делятинська,0.0,23267000.0,0.0,0.0,0.0,0.0,0.0,0.0,0.0,0.0,0.0,23267000.0,0.0,0.0
0951300000,Дзвиняцька,0.0,18319600.0,0.0,0.0,0.0,0.0,0.0,0.0,0.0,0.0,0.0,18319600.0,0.0,0.0
0953200000,Долинська,0.0,11531400.0,0.0,0.0,0.0,0.0,0.0,0.0,0.0,0.0,671900.0,11531400.0,0.0,671900.0
0954700000,Дубовецька,19340600.0,0.0,0.0,0.0,0.0,0.0,0.0,0.0,0.0,0.0,25210700.0,0.0,19340600.0,25210700.0
0953500000,Дубівська,0.0,17277300.0,0.0,0.0,0.0,0.0,0.0,0.0,0.0,0.0,334900.0,17277300.0,0.0,334900.0
0951800000,Заболотівська,0.0,52290200.0,0.0,0.0,0.0,0.0,0.0,0.0,0.0,0.0,2713700.0,52290200.0,0.0,2713700.0
0952400000,Загвіздянська,0.0,14979000.0,0.0,0.0,0.0,0.0,0.0,0.0,0.0,0.0,1278400.0,14979000.0,0.0,1278400.0
0954800000,Зеленська,0.0,2519000.0,0.0,0.0,0.0,0.0,0.0,0.0,0.0,0.0,261800.0,2519000.0,0.0,261800.0
0953100000,Калуська,0.0,14538500.0,0.0,0.0,0.0,0.0,0.0,0.0,0.0,0.0,1140300.0,14538500.0,0.0,1140300.0
0953000000,Коломийська,201460300.0,0.0,0.0,0.0,0.0,0.0,0.0,0.0,0.0,0.0,56831000.0,0.0,201460300.0,56831000.0
0952800000,Коршівська,0.0,22757100.0,0.0,0.0,0.0,0.0,0.0,0.0,0.0,0.0,0.0,22757100.0,0.0,0.0
0950800000,Космацька,0.0,23616700.0,0.0,0.0,0.0,0.0,0.0,0.0,0.0,0.0,217500.0,23616700.0,0.0,217500.0
0954900000,Косівська,0.0,51415400.0,0.0,0.0,0.0,0.0,0.0,0.0,0.0,0.0,4501000.0,51415400.0,0.0,4501000.0
0955000000,Кутська,0.0,44868300.0,0.0,0.0,0.0,0.0,0.0,0.0,0.0,0.0,745300.0,44868300.0,0.0,745300.0
0951700000,Ланчинська,0.0,32314300.0,0.0,0.0,0.0,0.0,0.0,0.0,0.0,0.0,175200.0,32314300.0,0.0,175200.0
0955100000,Лисецька,13926600.0,0.0,0.0,0.0,0.0,0.0,0.0,0.0,0.0,0.0,3481200.0,0.0,13926600.0,3481200.0
0950900000,Матеївецька,0.0,20971200.0,0.0,0.0,0.0,0.0,0.0,0.0,0.0,0.0,223800.0,20971200.0,0.0,223800.0
0955200000,Надвірнянська,0.0,4245900.0,0.0,0.0,0.0,0.0,0.0,0.0,0.0,0.0,0.0,4245900.0,0.0,0.0
0951000000,Нижньовербізька,0.0,36565600.0,0.0,0.0,0.0,0.0,0.0,0.0,0.0,0.0,260400.0,36565600.0,0.0,260400.0
0952900000,Новицька,0.0,39833900.0,0.0,0.0,0.0,0.0,0.0,0.0,0.0,0.0,0.0,39833900.0,0.0,0.0
0955300000,Обертинська,0.0,23314200.0,0.0,0.0,0.0,0.0,0.0,0.0,0.0,0.0,293300.0,23314200.0,0.0,293300.0
0951200000,Олешанська,0.0,23545700.0,0.0,0.0,0.0,0.0,0.0,0.0,0.0,0.0,162800.0,23545700.0,0.0,162800.0
0955400000,Отинійська,0.0,55059100.0,0.0,0.0,0.0,0.0,0.0,0.0,0.0,0.0,0.0,55059100.0,0.0,0.0
0951100000,П'ядицька,0.0,20181500.0,0.0,0.0,0.0,0.0,0.0,0.0,0.0,0.0,0.0,20181500.0,0.0,0.0
0953800000,Пасічнянська,0.0,36694100.0,0.0,0.0,0.0,0.0,0.0,0.0,0.0,0.0,1134100.0,36694100.0,0.0,1134100.0
0955500000,Перегінська,0.0,55380200.0,0.0,0.0,0.0,0.0,0.0,0.0,0.0,0.0,769700.0,55380200.0,0.0,769700.0
0951600000,Переріслянська,0.0,25556100.0,0.0,0.0,0.0,0.0,0.0,0.0,0.0,0.0,134300.0,25556100.0,0.0,134300.0
0950200000,Печеніжинська,0.0,45690900.0,0.0,0.0,0.0,0.0,0.0,0.0,0.0,0.0,0.0,45690900.0,0.0,0.0
0955600000,Поляницька,5206100.0,0.0,0.0,0.0,0.0,0.0,0.0,0.0,0.0,0.0,10824800.0,0.0,5206100.0,10824800.0
0953900000,Підгайчиківська,0.0,13522300.0,0.0,0.0,0.0,0.0,0.0,0.0,0.0,0.0,35900.0,13522300.0,0.0,35900.0
0955700000,Рогатинська,0.0,42363900.0,0.0,0.0,0.0,0.0,0.0,0.0,0.0,0.0,822200.0,42363900.0,0.0,822200.0
0955800000,Рожнятівська,0.0,37648400.0,0.0,0.0,0.0,0.0,0.0,0.0,0.0,0.0,0.0,37648400.0,0.0,0.0
0951400000,Рожнівська,0.0,35501400.0,0.0,0.0,0.0,0.0,0.0,0.0,0.0,0.0,65400.0,35501400.0,0.0,65400.0
0955900000,Снятинська,0.0,74471400.0,0.0,0.0,0.0,0.0,0.0,0.0,0.0,0.0,0.0,74471400.0,0.0,0.0
0956000000,Солотвинська,0.0,69457600.0,0.0,0.0,0.0,0.0,0.0,0.0,0.0,0.0,1838100.0,69457600.0,0.0,1838100.0
0952300000,Спаська,0.0,12526500.0,0.0,0.0,0.0,0.0,0.0,0.0,0.0,0.0,754900.0,12526500.0,0.0,754900.0
0950300000,Старобогородчанська,0.0,16484400.0,0.0,0.0,0.0,0.0,0.0,0.0,0.0,0.0,247900.0,16484400.0,0.0,247900.0
0956100000,Тисменицька,0.0,58971700.0,0.0,0.0,0.0,0.0,0.0,0.0,0.0,0.0,0.0,58971700.0,0.0,0.0
0950500000,Тлумацька,0.0,59388900.0,0.0,0.0,0.0,0.0,0.0,0.0,0.0,0.0,173400.0,59388900.0,0.0,173400.0
0952500000,Угринівська,0.0,4383400.0,776300.0,0.0,0.0,0.0,0.0,0.0,0.0,0.0,1526800.0,4383400.0,0.0,2303100.0
0956200000,Чернелицька,0.0,15994300.0,0.0,0.0,0.0,0.0,0.0,0.0,0.0,0.0,921100.0,15994300.0,0.0,921100.0
0951500000,Яблунівська,0.0,11328600.0,0.0,0.0,0.0,0.0,0.0,0.0,0.0,0.0,23636100.0,11328600.0,0.0,23636100.0
0951900000,Ямницька,21004200.0,0.0,0.0,0.0,0.0,0.0,0.0,0.0,0.0,0.0,0.0,0.0,21004200.0,0.0
0956300000,Яремчанська,0.0,0.0,0.0,0.0,0.0,0.0,0.0,0.0,0.0,0.0,12565100.0,0.0,0.0,12565100.0
2051800000,Ізюмська,0.0,140591900.0,0.0,0.0,0.0,0.0,0.0,0.0,0.0,0.0,56294300.0,140591900.0,0.0,56294300.0
2052400000,Балаклійська,0.0,106032500.0,0.0,0.0,0.0,0.0,0.0,0.0,0.0,0.0,82061800.0,106032500.0,0.0,82061800.0
2052500000,Барвінківська,0.0,42324700.0,0.0,0.0,0.0,0.0,0.0,0.0,0.0,0.0,9878900.0,42324700.0,0.0,9878900.0
2052600000,Безлюдівська,0.0,24275300.0,0.0,0.0,0.0,0.0,0.0,10700.0,0.0,0.0,38699300.0,24275300.0,0.0,38710000.0
2054000000,Берестинська,0.0,10280500.0,0.0,0.0,0.0,0.0,0.0,0.0,0.0,0.0,17353300.0,10280500.0,0.0,17353300.0
2052800000,Близнюківська,0.0,30027800.0,0.0,0.0,0.0,0.0,0.0,0.0,0.0,0.0,13466200.0,30027800.0,0.0,13466200.0
2052900000,Богодухівська,0.0,29545000.0,0.0,0.0,0.0,0.0,0.0,0.0,0.0,0.0,34985400.0,29545000.0,0.0,34985400.0
2053000000,Борівська,0.0,27190000.0,0.0,0.0,0.0,0.0,0.0,0.0,0.0,0.0,25698900.0,27190000.0,0.0,25698900.0
2052700000,Біляївська,0.0,1153000.0,0.0,0.0,0.0,0.0,0.0,0.0,0.0,0.0,5175300.0,1153000.0,0.0,5175300.0
2053100000,Валківська,0.0,38024100.0,0.0,0.0,0.0,0.0,0.0,0.0,0.0,0.0,54170400.0,38024100.0,0.0,54170400.0
2051300000,Великобурлуцька,0.0,25464800.0,0.0,0.0,0.0,0.0,0.0,0.0,0.0,0.0,50742800.0,25464800.0,0.0,50742800.0
2053200000,Височанська,0.0,63740900.0,0.0,0.0,0.0,0.0,0.0,0.0,0.0,0.0,33250800.0,63740900.0,0.0,33250800.0
2053500000,Вовчанська,0.0,84539100.0,0.0,0.0,0.0,0.0,0.0,0.0,0.0,0.0,95577100.0,84539100.0,0.0,95577100.0
2053400000,Вільхуватська,0.0,15283400.0,0.0,0.0,0.0,0.0,0.0,0.0,0.0,0.0,17038800.0,15283400.0,0.0,17038800.0
2053300000,Вільхівська,0.0,20175700.0,0.0,0.0,0.0,0.0,0.0,0.0,0.0,0.0,50288000.0,20175700.0,0.0,50288000.0
2053600000,Дворічанська,0.0,45225900.0,0.0,0.0,0.0,0.0,0.0,0.0,0.0,0.0,54995700.0,45225900.0,0.0,54995700.0
2053700000,Дергачівська,0.0,53687500.0,0.0,0.0,0.0,0.0,0.0,0.0,0.0,0.0,0.0,53687500.0,0.0,0.0
2052000000,Донецька,35311900.0,0.0,0.0,0.0,0.0,0.0,0.0,0.0,0.0,0.0,24892000.0,0.0,35311900.0,24892000.0
2050700000,Зачепилівська,0.0,23666200.0,0.0,0.0,0.0,0.0,0.0,0.0,0.0,0.0,7544400.0,23666200.0,0.0,7544400.0
2054700000,Златопільська,0.0,40461900.0,0.0,0.0,0.0,0.0,0.0,0.0,0.0,0.0,18409000.0,40461900.0,0.0,18409000.0
2053800000,Зміївська,0.0,80453300.0,0.0,0.0,0.0,0.0,0.0,0.0,0.0,0.0,41163500.0,80453300.0,0.0,41163500.0
2050800000,Золочівська,0.0,44939800.0,0.0,0.0,0.0,0.0,0.0,0.0,0.0,0.0,35627400.0,44939800.0,0.0,35627400.0
2053900000,Кегичівська,0.0,30501700.0,0.0,0.0,0.0,0.0,0.0,0.0,0.0,0.0,14519200.0,30501700.0,0.0,14519200.0
2051000000,Коломацька,0.0,9031100.0,0.0,0.0,0.0,0.0,0.0,0.0,0.0,0.0,11834000.0,9031100.0,0.0,11834000.0
2054100000,Краснокутська,0.0,35335900.0,0.0,0.0,0.0,0.0,0.0,0.0,0.0,0.0,33437200.0,35335900.0,0.0,33437200.0
2054200000,Куньєвська,0.0,10663900.0,0.0,0.0,0.0,0.0,0.0,0.0,0.0,0.0,15101900.0,10663900.0,0.0,15101900.0
2054300000,Куп'янська,0.0,126960000.0,0.0,0.0,0.0,0.0,0.0,0.0,0.0,0.0,127552900.0,126960000.0,0.0,127552900.0
2052200000,Курилівська,0.0,28047200.0,0.0,0.0,0.0,0.0,0.0,0.0,0.0,0.0,22278000.0,28047200.0,0.0,22278000.0
2052100000,Кіндрашівська,0.0,19390700.0,0.0,0.0,0.0,0.0,0.0,0.0,0.0,0.0,14335900.0,19390700.0,0.0,14335900.0
2054400000,Липецька,0.0,38591300.0,0.0,0.0,0.0,0.0,0.0,0.0,0.0,0.0,20895100.0,38591300.0,0.0,20895100.0
2051700000,Лозівська,0.0,90145300.0,0.0,0.0,0.0,0.0,0.0,0.0,0.0,0.0,5097400.0,90145300.0,0.0,5097400.0
2054500000,Люботинська,0.0,50108300.0,0.0,0.0,0.0,0.0,0.0,0.0,0.0,0.0,27363200.0,50108300.0,0.0,27363200.0
2051200000,Малинівська,0.0,17535300.0,0.0,0.0,0.0,0.0,0.0,0.0,0.0,0.0,36927300.0,17535300.0,0.0,36927300.0
2050600000,Малоданилівська,0.0,36052000.0,0.0,0.0,0.0,0.0,0.0,0.0,0.0,0.0,18733500.0,36052000.0,0.0,18733500.0
2050200000,Мереф'янська,0.0,35918200.0,0.0,0.0,0.0,0.0,0.0,0.0,0.0,0.0,19132700.0,35918200.0,0.0,19132700.0
2051100000,Наталинська,31541800.0,0.0,0.0,0.0,0.0,0.0,0.0,0.0,0.0,0.0,10916200.0,0.0,31541800.0,10916200.0
2050500000,Нововодолазька,0.0,13857700.0,0.0,0.0,0.0,0.0,0.0,0.0,0.0,0.0,26260400.0,13857700.0,0.0,26260400.0
2054600000,Новопокровська,0.0,46759800.0,0.0,0.0,0.0,0.0,0.0,0.0,0.0,0.0,16467900.0,46759800.0,0.0,16467900.0
2051900000,Олексіївська,0.0,12095600.0,0.0,0.0,0.0,0.0,0.0,0.0,0.0,0.0,7682500.0,12095600.0,0.0,7682500.0
2050900000,Оскільська,0.0,24147100.0,0.0,0.0,0.0,0.0,0.0,0.0,0.0,0.0,15238000.0,24147100.0,0.0,15238000.0
2052300000,Петропавлівська,0.0,15681500.0,0.0,0.0,0.0,0.0,0.0,0.0,0.0,0.0,11433900.0,15681500.0,0.0,11433900.0
2054800000,Печенізька,0.0,24899800.0,0.0,0.0,0.0,0.0,0.0,0.0,0.0,0.0,15573500.0,24899800.0,0.0,15573500.0
2050300000,Пролісненська,0.0,32195000.0,0.0,0.0,0.0,0.0,0.0,0.0,0.0,0.0,20068100.0,32195000.0,0.0,20068100.0
2054900000,Південна,0.0,39073200.0,0.0,0.0,0.0,0.0,0.0,0.0,0.0,0.0,15494800.0,39073200.0,0.0,15494800.0
2051400000,Пісочинська,0.0,72399400.0,0.0,0.0,0.0,0.0,0.0,0.0,0.0,0.0,53558700.0,72399400.0,0.0,53558700.0
2050400000,Роганська,0.0,6366400.0,0.0,0.0,0.0,0.0,0.0,0.0,0.0,0.0,1433300.0,6366400.0,0.0,1433300.0
2055000000,Савинська,0.0,33554000.0,0.0,0.0,0.0,0.0,0.0,0.0,0.0,0.0,9105300.0,33554000.0,0.0,9105300.0
2055100000,Сахновщинська,0.0,35925700.0,0.0,0.0,0.0,0.0,0.0,0.0,0.0,0.0,12608400.0,35925700.0,0.0,12608400.0
2055200000,Слобожанська,0.0,27254200.0,0.0,0.0,0.0,0.0,0.0,0.0,0.0,0.0,44267900.0,27254200.0,0.0,44267900.0
2055300000,Солоницівська,0.0,48467700.0,0.0,0.0,0.0,0.0,0.0,0.0,0.0,0.0,61218500.0,48467700.0,0.0,61218500.0
2051500000,Старовірівська,0.0,15324200.0,0.0,0.0,0.0,0.0,0.0,0.0,0.0,0.0,17748300.0,15324200.0,0.0,17748300.0
2050100000,Старосалтівська,0.0,22508900.0,0.0,0.0,0.0,0.0,0.0,0.0,0.0,0.0,19348900.0,22508900.0,0.0,19348900.0
2055400000,Харківська,69542900.0,0.0,0.0,0.0,0.0,0.0,0.0,291342700.0,0.0,0.0,0.0,0.0,69542900.0,291342700.0
2051600000,Циркунівська,0.0,25976000.0,0.0,0.0,0.0,0.0,0.0,0.0,0.0,0.0,16381800.0,25976000.0,0.0,16381800.0
2055500000,Чугуївська,144428600.0,0.0,0.0,0.0,0.0,0.0,0.0,0.0,0.0,0.0,229561500.0,0.0,144428600.0,229561500.0
2055600000,Шевченківська,0.0,46792300.0,0.0,0.0,0.0,0.0,0.0,0.0,0.0,0.0,42302700.0,46792300.0,0.0,42302700.0
2152200000,Іванівська,0.0,31206800.0,0.0,0.0,0.0,0.0,0.0,0.0,0.0,0.0,27223300.0,31206800.0,0.0,27223300.0
2150200000,Асканія-Нова,0.0,13843500.0,0.0,0.0,0.0,0.0,0.0,0.0,0.0,0.0,8089400.0,13843500.0,0.0,8089400.0
2153400000,Бериславська,0.0,25228500.0,0.0,0.0,0.0,0.0,0.0,0.0,0.0,0.0,25455000.0,25228500.0,0.0,25455000.0
2151900000,Бехтерська,0.0,28104500.0,0.0,0.0,0.0,0.0,0.0,0.0,0.0,0.0,15585700.0,28104500.0,0.0,15585700.0
2151700000,Борозенська,0.0,10222400.0,0.0,0.0,0.0,0.0,0.0,0.0,0.0,0.0,11549600.0,10222400.0,0.0,11549600.0
2151600000,Білозерська,0.0,55567300.0,0.0,0.0,0.0,0.0,0.0,0.0,0.0,0.0,25324200.0,55567300.0,0.0,25324200.0
2150700000,Великокопанівська,0.0,19948700.0,0.0,0.0,0.0,0.0,0.0,0.0,0.0,0.0,5217500.0,19948700.0,0.0,5217500.0
2153500000,Великолепетиська,0.0,22848000.0,0.0,0.0,0.0,0.0,0.0,0.0,0.0,0.0,25092200.0,22848000.0,0.0,25092200.0
2153600000,Великоолександрівська,0.0,35200600.0,0.0,0.0,0.0,0.0,0.0,0.0,0.0,0.0,24193600.0,35200600.0,0.0,24193600.0
2153700000,Верхньорогачицька,0.0,29624600.0,0.0,0.0,0.0,0.0,0.0,0.0,0.0,0.0,15921200.0,29624600.0,0.0,15921200.0
2151300000,Виноградівська,0.0,37292700.0,0.0,0.0,0.0,0.0,0.0,0.0,0.0,0.0,9376700.0,37292700.0,0.0,9376700.0
2151800000,Високопільська,0.0,28488600.0,0.0,0.0,0.0,0.0,0.0,0.0,0.0,0.0,13829700.0,28488600.0,0.0,13829700.0
2153800000,Генічеська,0.0,125870300.0,0.0,0.0,0.0,0.0,0.0,0.0,0.0,0.0,87342600.0,125870300.0,0.0,87342600.0
2152900000,Голопристанська,0.0,68592800.0,0.0,0.0,0.0,0.0,0.0,0.0,0.0,0.0,47949000.0,68592800.0,0.0,47949000.0
2151400000,Горностаївська,0.0,36014500.0,0.0,0.0,0.0,0.0,0.0,0.0,0.0,0.0,22245500.0,36014500.0,0.0,22245500.0
2153900000,Дар'ївська,0.0,39653500.0,0.0,0.0,0.0,0.0,0.0,0.0,0.0,0.0,17666900.0,39653500.0,0.0,17666900.0
2152500000,Долматівська,0.0,13098100.0,0.0,0.0,0.0,0.0,0.0,0.0,0.0,0.0,4630700.0,13098100.0,0.0,4630700.0
2150600000,Зеленопідська,0.0,22276800.0,0.0,0.0,0.0,0.0,0.0,0.0,0.0,0.0,22347900.0,22276800.0,0.0,22347900.0
2150300000,Каланчацька,0.0,41786700.0,0.0,0.0,0.0,0.0,0.0,0.0,0.0,0.0,33014000.0,41786700.0,0.0,33014000.0
2154000000,Калинівська,0.0,9180900.0,0.0,0.0,0.0,0.0,0.0,0.0,0.0,0.0,3983500.0,9180900.0,0.0,3983500.0
2154100000,Каховська,0.0,53556200.0,0.0,0.0,0.0,0.0,0.0,0.0,0.0,0.0,90224500.0,53556200.0,0.0,90224500.0
2152100000,Костянтинівська,0.0,10637900.0,0.0,0.0,0.0,0.0,0.0,0.0,0.0,0.0,10499300.0,10637900.0,0.0,10499300.0
2150100000,Кочубеївська,0.0,7440300.0,0.0,0.0,0.0,0.0,0.0,0.0,0.0,0.0,2605000.0,7440300.0,0.0,2605000.0
2154200000,Лазурненська,0.0,19022300.0,0.0,0.0,0.0,0.0,0.0,0.0,0.0,0.0,6180300.0,19022300.0,0.0,6180300.0
2152400000,Любимівська,0.0,17327400.0,0.0,0.0,0.0,0.0,0.0,0.0,0.0,0.0,15899800.0,17327400.0,0.0,15899800.0
2153000000,Милівська,0.0,19170200.0,0.0,0.0,0.0,0.0,0.0,0.0,0.0,0.0,8464100.0,19170200.0,0.0,8464100.0
2150400000,Мирненська,0.0,9957500.0,0.0,0.0,0.0,0.0,0.0,0.0,0.0,0.0,12414000.0,9957500.0,0.0,12414000.0
2151000000,Музиківська,0.0,7418700.0,0.0,0.0,0.0,0.0,0.0,0.0,0.0,0.0,14298600.0,7418700.0,0.0,14298600.0
2154300000,Нижньосірогозька,0.0,35129200.0,0.0,0.0,0.0,0.0,0.0,0.0,0.0,0.0,28628800.0,35129200.0,0.0,28628800.0
2154400000,Нововоронцовська,0.0,32824500.0,0.0,0.0,0.0,0.0,0.0,0.0,0.0,0.0,11250700.0,32824500.0,0.0,11250700.0
2152800000,Новокаховська,0.0,121192200.0,0.0,0.0,0.0,0.0,0.0,0.0,0.0,0.0,144845500.0,121192200.0,0.0,144845500.0
2154500000,Новомиколаївська,0.0,18609200.0,0.0,0.0,0.0,0.0,0.0,0.0,0.0,0.0,1917400.0,18609200.0,0.0,1917400.0
2154600000,Новоолександрівська,0.0,16770100.0,0.0,0.0,0.0,0.0,0.0,0.0,0.0,0.0,6640400.0,16770100.0,0.0,6640400.0
2152700000,Новорайська,0.0,17362900.0,365900.0,0.0,0.0,0.0,0.0,0.0,0.0,0.0,17104800.0,17362900.0,0.0,17470700.0
2154700000,Новотроїцька,0.0,71522700.0,0.0,0.0,0.0,0.0,0.0,0.0,0.0,0.0,57921500.0,71522700.0,0.0,57921500.0
2154800000,Олешківська,0.0,81904400.0,0.0,0.0,0.0,0.0,0.0,0.0,0.0,0.0,54983100.0,81904400.0,0.0,54983100.0
2150900000,Присиваська,0.0,11001200.0,0.0,0.0,0.0,0.0,0.0,0.0,0.0,0.0,11740600.0,11001200.0,0.0,11740600.0
2154900000,Рубанівська,0.0,7519800.0,0.0,0.0,0.0,0.0,0.0,0.0,0.0,0.0,10854900.0,7519800.0,0.0,10854900.0
2155000000,Скадовська,0.0,73185900.0,0.0,0.0,0.0,0.0,0.0,0.0,0.0,0.0,31655800.0,73185900.0,0.0,31655800.0
2151500000,Станіславська,0.0,29502400.0,0.0,0.0,0.0,0.0,0.0,0.0,0.0,0.0,8602800.0,29502400.0,0.0,8602800.0
2151100000,Тавричанська,0.0,11538700.0,0.0,0.0,0.0,0.0,0.0,0.0,0.0,0.0,17247700.0,11538700.0,0.0,17247700.0
2155100000,Таврійська,0.0,43755000.0,0.0,0.0,0.0,0.0,0.0,0.0,0.0,0.0,36178200.0,43755000.0,0.0,36178200.0
2155200000,Тягинська,0.0,28918600.0,0.0,0.0,0.0,0.0,0.0,0.0,0.0,0.0,7466900.0,28918600.0,0.0,7466900.0
2155310000,Херсонська,0.0,0.0,0.0,0.0,0.0,0.0,0.0,0.0,0.0,0.0,0.0,0.0,0.0,0.0
2151200000,Хрестівська,0.0,13109300.0,0.0,0.0,0.0,0.0,0.0,0.0,0.0,0.0,14974300.0,13109300.0,0.0,14974300.0
2150500000,Чаплинська,0.0,35725300.0,0.0,0.0,0.0,0.0,0.0,0.0,0.0,0.0,32806800.0,35725300.0,0.0,32806800.0
2155400000,Чорнобаївська,0.0,26669900.0,0.0,0.0,0.0,0.0,0.0,0.0,0.0,0.0,6645600.0,26669900.0,0.0,6645600.0
2152000000,Чулаківська,0.0,20578700.0,0.0,0.0,0.0,0.0,0.0,0.0,0.0,0.0,8755200.0,20578700.0,0.0,8755200.0
2152300000,Ювілейна,0.0,38659900.0,0.0,0.0,0.0,0.0,0.0,0.0,0.0,0.0,12902400.0,38659900.0,0.0,12902400.0
2255700000,Ізяславська,0.0,31212800.0,0.0,0.0,0.0,0.0,0.0,0.0,0.0,0.0,5177400.0,31212800.0,0.0,5177400.0
2252900000,Антонінська,0.0,16222500.0,0.0,0.0,0.0,0.0,0.0,0.0,0.0,0.0,615500.0,16222500.0,0.0,615500.0
2250100000,Берездівська,0.0,18934400.0,0.0,0.0,0.0,0.0,0.0,0.0,0.0,0.0,1498500.0,18934400.0,0.0,1498500.0
2254000000,Білогірська,0.0,20577000.0,0.0,0.0,0.0,0.0,0.0,0.0,0.0,0.0,2142500.0,20577000.0,0.0,2142500.0
2253400000,Вовковинецька,0.0,13088900.0,0.0,0.0,0.0,0.0,0.0,0.0,0.0,0.0,1373800.0,13088900.0,0.0,1373800.0
2250300000,Волочиська,0.0,0.0,0.0,0.0,0.0,0.0,0.0,0.0,0.0,0.0,1609100.0,0.0,0.0,1609100.0
2250200000,Війтовецька,0.0,13749800.0,0.0,0.0,0.0,0.0,0.0,0.0,0.0,0.0,156000.0,13749800.0,0.0,156000.0
2255300000,Віньковецька,0.0,25375500.0,0.0,0.0,0.0,0.0,0.0,0.0,0.0,0.0,1272600.0,25375500.0,0.0,1272600.0
2250400000,Ганнопільська,0.0,14076700.0,0.0,0.0,0.0,0.0,0.0,0.0,0.0,0.0,609100.0,14076700.0,0.0,609100.0
2250500000,Гвардійська,0.0,12796000.0,0.0,0.0,0.0,0.0,0.0,0.0,0.0,0.0,1513800.0,12796000.0,0.0,1513800.0
2252700000,Городоцька,0.0,42670900.0,0.0,0.0,0.0,0.0,0.0,0.0,0.0,0.0,3445100.0,42670900.0,0.0,3445100.0
2253300000,Грицівська,0.0,11239800.0,0.0,0.0,0.0,0.0,0.0,0.0,0.0,0.0,2003800.0,11239800.0,0.0,2003800.0
2252400000,Гуківська,0.0,4312700.0,0.0,0.0,0.0,0.0,0.0,0.0,0.0,0.0,638100.0,4312700.0,0.0,638100.0
2250600000,Гуменецька,0.0,421000.0,0.0,0.0,0.0,0.0,0.0,0.0,0.0,0.0,2004300.0,421000.0,0.0,2004300.0
2255400000,Деражнянська,0.0,24688500.0,0.0,0.0,0.0,0.0,0.0,0.0,0.0,0.0,1738500.0,24688500.0,0.0,1738500.0
2250700000,Дунаєвецька,0.0,46401700.0,0.0,0.0,0.0,0.0,0.0,0.0,0.0,0.0,1987200.0,46401700.0,0.0,1987200.0
2253600000,Жванецька,0.0,16190100.0,0.0,0.0,0.0,0.0,0.0,0.0,0.0,0.0,804100.0,16190100.0,0.0,804100.0
2255500000,Закупненська,0.0,11594000.0,0.0,0.0,0.0,0.0,0.0,0.0,0.0,0.0,21700.0,11594000.0,0.0,21700.0
2254800000,Заслучненська,0.0,8176500.0,0.0,0.0,0.0,0.0,0.0,0.0,0.0,0.0,169400.0,8176500.0,0.0,169400.0
2255600000,Зіньківська,0.0,5657700.0,0.0,0.0,0.0,0.0,0.0,0.0,0.0,0.0,44400.0,5657700.0,0.0,44400.0
2255800000,Кам'янець-Подільська,0.0,0.0,0.0,0.0,0.0,0.0,0.0,0.0,0.0,0.0,0.0,0.0,0.0,0.0
2250900000,Китайгородська,0.0,11567400.0,0.0,0.0,0.0,0.0,0.0,0.0,0.0,0.0,31800.0,11567400.0,0.0,31800.0
2253000000,Красилівська,0.0,11912200.0,0.0,0.0,0.0,0.0,0.0,0.0,0.0,0.0,0.0,11912200.0,0.0,0.0
2253800000,Крупецька,970000.0,0.0,0.0,0.0,0.0,0.0,0.0,0.0,0.0,0.0,242400.0,0.0,970000.0,242400.0
2252500000,Ленковецька,0.0,13760800.0,0.0,0.0,0.0,0.0,0.0,0.0,0.0,0.0,1594100.0,13760800.0,0.0,1594100.0
2251100000,Летичівська,0.0,14982400.0,0.0,0.0,0.0,0.0,0.0,0.0,0.0,0.0,2571300.0,14982400.0,0.0,2571300.0
2251200000,Лісовогринівецька,0.0,9646000.0,0.0,0.0,0.0,0.0,0.0,0.0,0.0,0.0,0.0,9646000.0,0.0,0.0
2251300000,Маківська,0.0,8249200.0,0.0,0.0,0.0,0.0,0.0,0.0,0.0,0.0,232100.0,8249200.0,0.0,232100.0
2251400000,Меджибізька,0.0,3451200.0,0.0,0.0,0.0,0.0,0.0,0.0,0.0,0.0,20385700.0,3451200.0,0.0,20385700.0
2255900000,Миролюбненська,0.0,5530200.0,0.0,0.0,0.0,0.0,0.0,0.0,0.0,0.0,1418500.0,5530200.0,0.0,1418500.0
2256000000,Михайлюцька,0.0,11982700.0,0.0,0.0,0.0,0.0,0.0,0.0,0.0,0.0,799000.0,11982700.0,0.0,799000.0
2251500000,Наркевицька,0.0,10062600.0,0.0,0.0,0.0,0.0,0.0,0.0,0.0,0.0,0.0,10062600.0,0.0,0.0
2254600000,Нетішинська,102074200.0,0.0,0.0,0.0,0.0,0.0,0.0,0.0,0.0,0.0,0.0,0.0,102074200.0,0.0
2250800000,Новодунаєвецька,0.0,17099400.0,0.0,0.0,0.0,0.0,0.0,0.0,0.0,0.0,3524000.0,17099400.0,0.0,3524000.0
2251600000,Новоушицька,0.0,44215200.0,0.0,0.0,0.0,0.0,0.0,0.0,0.0,0.0,1998500.0,44215200.0,0.0,1998500.0
2256100000,Орининська,0.0,18568300.0,0.0,0.0,0.0,0.0,0.0,0.0,0.0,0.0,0.0,18568300.0,0.0,0.0
2254700000,Плужненська,0.0,14432500.0,0.0,0.0,0.0,0.0,0.0,0.0,0.0,0.0,1246500.0,14432500.0,0.0,1246500.0
2251700000,Полонська,0.0,49663800.0,0.0,0.0,0.0,0.0,0.0,0.0,0.0,0.0,3589300.0,49663800.0,0.0,3589300.0
2251800000,Понінківська,0.0,9963900.0,0.0,0.0,0.0,0.0,0.0,0.0,0.0,0.0,2538600.0,9963900.0,0.0,2538600.0
2251900000,Розсошанська,3419600.0,0.0,0.0,0.0,0.0,0.0,0.0,0.0,0.0,0.0,4336300.0,0.0,3419600.0,4336300.0
2252000000,Сатанівська,0.0,17809800.0,0.0,0.0,0.0,0.0,0.0,0.0,0.0,0.0,1861000.0,17809800.0,0.0,1861000.0
2254900000,Сахновецька,0.0,679100.0,0.0,0.0,0.0,0.0,0.0,0.0,0.0,0.0,2333000.0,679100.0,0.0,2333000.0
2254500000,Славутська,0.0,29904300.0,0.0,0.0,0.0,0.0,0.0,0.0,0.0,0.0,1500.0,29904300.0,0.0,1500.0
2252800000,Слобідсько-Кульчієвецька,0.0,17871200.0,0.0,0.0,0.0,0.0,0.0,0.0,0.0,0.0,1003200.0,17871200.0,0.0,1003200.0
2253500000,Смотрицька,0.0,10241800.0,0.0,0.0,0.0,0.0,0.0,0.0,0.0,0.0,664700.0,10241800.0,0.0,664700.0
2253200000,Солобковецька,0.0,4389300.0,0.0,0.0,0.0,0.0,0.0,0.0,0.0,0.0,771900.0,4389300.0,0.0,771900.0
2255200000,Старокостянтинівська,37789200.0,0.0,0.0,0.0,0.0,0.0,0.0,0.0,0.0,0.0,0.0,0.0,37789200.0,0.0
2256200000,Староостропільська,0.0,8434200.0,0.0,0.0,0.0,0.0,0.0,0.0,0.0,0.0,195500.0,8434200.0,0.0,195500.0
2252100000,Старосинявська,0.0,18016200.0,0.0,0.0,0.0,0.0,0.0,0.0,0.0,0.0,3494500.0,18016200.0,0.0,3494500.0
2253700000,Староушицька,0.0,17398600.0,0.0,0.0,0.0,0.0,0.0,0.0,0.0,0.0,1240400.0,17398600.0,0.0,1240400.0
2252600000,Судилківська,0.0,27441100.0,0.0,0.0,0.0,0.0,0.0,0.0,0.0,0.0,1675800.0,27441100.0,0.0,1675800.0
2256300000,Теофіпольська,0.0,15869800.0,0.0,0.0,0.0,0.0,0.0,0.0,0.0,0.0,554700.0,15869800.0,0.0,554700.0
2254300000,Улашанівська,101700.0,0.0,0.0,0.0,0.0,0.0,0.0,0.0,0.0,0.0,0.0,0.0,101700.0,0.0
2256400000,Хмельницька,328100700.0,0.0,0.0,0.0,0.0,0.0,0.0,0.0,0.0,0.0,16579700.0,0.0,328100700.0,16579700.0
2252300000,Чемеровецька,0.0,31711300.0,0.0,0.0,0.0,0.0,0.0,0.0,0.0,0.0,260600.0,31711300.0,0.0,260600.0
2252200000,Чорноострівська,0.0,12853400.0,0.0,0.0,0.0,0.0,0.0,0.0,0.0,66116.0,0.0,12853400.0,0.0,66116.0
2256500000,Шепетівська,51044000.0,0.0,0.0,0.0,0.0,0.0,0.0,0.0,0.0,0.0,1182800.0,0.0,51044000.0,1182800.0
2256600000,Щиборівська,0.0,5662500.0,0.0,0.0,0.0,0.0,0.0,0.0,0.0,0.0,443300.0,5662500.0,0.0,443300.0
2254400000,Ямпільська,0.0,9986300.0,0.0,0.0,0.0,0.0,0.0,0.0,0.0,0.0,403800.0,9986300.0,0.0,403800.0
2256700000,Ярмолинецька,110952000.0,0.0,0.0,0.0,0.0,0.0,0.0,0.0,0.0,0.0,27738000.0,0.0,110952000.0,27738000.0
1152900000,Аджамська,10384000.0,0.0,0.0,0.0,0.0,0.0,0.0,0.0,0.0,0.0,2596300.0,0.0,10384000.0,2596300.0
1153000000,Благовіщенська,0.0,31219700.0,0.0,0.0,0.0,0.0,0.0,0.0,0.0,0.0,771000.0,31219700.0,0.0,771000.0
1150100000,Бобринецька,0.0,8567400.0,0.0,0.0,0.0,0.0,0.0,0.0,0.0,0.0,1030400.0,8567400.0,0.0,1030400.0
1150400000,Великоандрусівська,0.0,15183500.0,0.0,0.0,0.0,0.0,0.0,0.0,0.0,0.0,571400.0,15183500.0,0.0,571400.0
1150700000,Великосеверинівська,0.0,6491100.0,0.0,0.0,0.0,0.0,0.0,0.0,0.0,0.0,1153300.0,6491100.0,0.0,1153300.0
1153200000,Гайворонська,0.0,37283600.0,0.0,0.0,0.0,0.0,0.0,0.0,0.0,0.0,1755800.0,37283600.0,0.0,1755800.0
1150600000,Ганнівська,0.0,2536800.0,0.0,0.0,0.0,0.0,0.0,0.0,0.0,0.0,724700.0,2536800.0,0.0,724700.0
1152300000,Глодоська,0.0,6230800.0,0.0,0.0,0.0,0.0,0.0,0.0,0.0,0.0,381400.0,6230800.0,0.0,381400.0
1153300000,Голованівська,2890400.0,0.0,0.0,0.0,0.0,0.0,0.0,0.0,0.0,0.0,0.0,0.0,2890400.0,0.0
1152400000,Гурівська,0.0,7907200.0,0.0,0.0,0.0,0.0,0.0,0.0,0.0,0.0,3465900.0,7907200.0,0.0,3465900.0
1151400000,Дмитрівська,0.0,7054300.0,0.0,0.0,0.0,0.0,0.0,0.0,0.0,0.0,1224500.0,7054300.0,0.0,1224500.0
1151700000,Добровеличківська,0.0,8233800.0,0.0,0.0,0.0,0.0,0.0,0.0,0.0,0.0,613900.0,8233800.0,0.0,613900.0
1153400000,Долинська,0.0,27573800.0,0.0,0.0,0.0,0.0,0.0,0.0,0.0,0.0,0.0,27573800.0,0.0,0.0
1153500000,Заваллівська,0.0,23272400.0,0.0,0.0,0.0,0.0,0.0,0.0,0.0,0.0,1675600.0,23272400.0,0.0,1675600.0
1152500000,Злинська,0.0,11041000.0,0.0,0.0,0.0,0.0,0.0,0.0,0.0,0.0,353300.0,11041000.0,0.0,353300.0
1153600000,Знам'янська,26116500.0,0.0,0.0,0.0,0.0,0.0,0.0,0.0,0.0,0.0,2092600.0,0.0,26116500.0,2092600.0
1153900000,Кам'янецька,0.0,8433800.0,0.0,0.0,0.0,0.0,0.0,0.0,0.0,0.0,876500.0,8433800.0,0.0,876500.0
1150900000,Катеринівська,0.0,4755100.0,0.0,0.0,0.0,0.0,0.0,0.0,0.0,0.0,3169900.0,4755100.0,0.0,3169900.0
1153700000,Кетрисанівська,0.0,27384200.0,0.0,0.0,0.0,0.0,0.0,0.0,0.0,0.0,2712400.0,27384200.0,0.0,2712400.0
1151100000,Компаніївська,0.0,8603200.0,0.0,0.0,0.0,0.0,0.0,0.0,0.0,0.0,0.0,8603200.0,0.0,0.0
1152810000,Кропивницька,183460200.0,0.0,0.0,0.0,0.0,0.0,0.0,0.0,0.0,0.0,5350600.0,0.0,183460200.0,5350600.0
1150200000,Маловисківська,0.0,13645200.0,0.0,0.0,0.0,0.0,0.0,0.0,0.0,0.0,0.0,13645200.0,0.0,0.0
1150600000,Мар'янівська,0.0,2536800.0,0.0,0.0,0.0,0.0,0.0,0.0,0.0,0.0,724700.0,2536800.0,0.0,724700.0
1153800000,Надлацька,0.0,10098400.0,0.0,0.0,0.0,0.0,0.0,0.0,0.0,0.0,751100.0,10098400.0,0.0,751100.0
1154000000,Новоархангельська,0.0,6671500.0,0.0,0.0,0.0,0.0,0.0,0.0,0.0,0.0,1277400.0,6671500.0,0.0,1277400.0
1154100000,Новомиргородська,0.0,24650300.0,0.0,0.0,0.0,0.0,0.0,0.0,0.0,0.0,301100.0,24650300.0,0.0,301100.0
1151500000,Новопразька,0.0,15374900.0,0.0,0.0,0.0,0.0,0.0,0.0,0.0,0.0,635900.0,15374900.0,0.0,635900.0
1150300000,Новоукраїнська,0.0,0.0,0.0,0.0,0.0,0.0,0.0,0.0,0.0,0.0,0.0,0.0,0.0,0.0
1154300000,Олександрівська,0.0,66168500.0,0.0,0.0,0.0,0.0,0.0,0.0,0.0,0.0,6358000.0,66168500.0,0.0,6358000.0
1154300000,Олександрійська,0.0,66168500.0,0.0,0.0,0.0,0.0,0.0,0.0,0.0,0.0,6358000.0,66168500.0,0.0,6358000.0
1154400000,Онуфріївська,0.0,24101900.0,0.0,0.0,0.0,0.0,0.0,0.0,0.0,0.0,72300.0,24101900.0,0.0,72300.0
1154500000,Пантаївська,0.0,11073800.0,0.0,0.0,0.0,0.0,0.0,0.0,0.0,0.0,139700.0,11073800.0,0.0,139700.0
1151000000,Первозванівська,0.0,1650200.0,0.0,0.0,0.0,0.0,0.0,0.0,0.0,0.0,3104400.0,1650200.0,0.0,3104400.0
1154600000,Перегонівська,0.0,10121200.0,0.0,0.0,0.0,0.0,0.0,0.0,0.0,0.0,2292000.0,10121200.0,0.0,2292000.0
1152100000,Петрівська,0.0,0.0,0.0,0.0,0.0,0.0,0.0,0.0,0.0,0.0,2120000.0,0.0,0.0,2120000.0
1154800000,Побузька,1250700.0,0.0,0.0,0.0,0.0,0.0,0.0,0.0,0.0,0.0,11986600.0,0.0,1250700.0,11986600.0
1151300000,Помічнянська,0.0,0.0,0.0,0.0,0.0,0.0,0.0,0.0,0.0,0.0,5069100.0,0.0,0.0,5069100.0
1152000000,Попельнастівська,0.0,6772000.0,0.0,0.0,0.0,0.0,0.0,0.0,0.0,0.0,1166700.0,6772000.0,0.0,1166700.0
1151600000,Приютівська,0.0,16237000.0,0.0,0.0,0.0,0.0,0.0,0.0,0.0,0.0,0.0,16237000.0,0.0,0.0
1154700000,Підвисоцька,0.0,12738600.0,0.0,0.0,0.0,0.0,0.0,0.0,0.0,0.0,6032100.0,12738600.0,0.0,6032100.0
1151900000,Піщанобрідська,0.0,1928000.0,0.0,0.0,0.0,0.0,0.0,0.0,0.0,0.0,968400.0,1928000.0,0.0,968400.0
1154900000,Рівнянська,0.0,12419400.0,0.0,0.0,0.0,0.0,0.0,0.0,0.0,0.0,1377900.0,12419400.0,0.0,1377900.0
1155000000,Світловодська,0.0,66908800.0,0.0,0.0,0.0,0.0,0.0,0.0,0.0,0.0,16972100.0,66908800.0,0.0,16972100.0
1151200000,Смолінська,0.0,13783400.0,0.0,0.0,0.0,0.0,0.0,0.0,0.0,0.0,9371600.0,13783400.0,0.0,9371600.0
1150500000,Соколівська,0.0,0.0,0.0,0.0,0.0,0.0,0.0,0.0,0.0,0.0,4907800.0,0.0,0.0,4907800.0
1155100000,Суботцівська,0.0,0.0,0.0,0.0,0.0,0.0,0.0,0.0,0.0,0.0,1526300.0,0.0,0.0,1526300.0
1150800000,Тишківська,0.0,1774700.0,0.0,0.0,0.0,0.0,0.0,0.0,0.0,0.0,993500.0,1774700.0,0.0,993500.0
1155200000,Устинівська,0.0,6826500.0,0.0,0.0,0.0,0.0,0.0,0.0,0.0,0.0,1150000.0,6826500.0,0.0,1150000.0
1054500000,Іванківська,0.0,0.0,0.0,0.0,0.0,0.0,0.0,0.0,0.0,0.0,3772200.0,0.0,0.0,3772200.0
1054600000,Ірпінська,0.0,71088300.0,0.0,0.0,0.0,0.0,0.0,0.0,0.0,0.0,61779700.0,71088300.0,0.0,61779700.0
1051000000,Баришівська,0.0,0.0,0.0,0.0,0.0,0.0,0.0,0.0,0.0,0.0,6048700.0,0.0,0.0,6048700.0
1051400000,Березанська,0.0,0.0,0.0,0.0,0.0,0.0,0.0,0.0,0.0,0.0,0.0,0.0,0.0,0.0
1052500000,Бишівська,0.0,3031800.0,0.0,0.0,0.0,0.0,0.0,0.0,0.0,0.0,5429300.0,3031800.0,0.0,5429300.0
1051800000,Богуславська,0.0,27823100.0,0.0,0.0,0.0,0.0,0.0,0.0,0.0,0.0,12005200.0,27823100.0,0.0,12005200.0
1052800000,Бориспільська,59643400.0,0.0,0.0,0.0,0.0,0.0,0.0,0.0,0.0,0.0,4169700.0,0.0,59643400.0,4169700.0
1051100000,Бородянська,0.0,41781500.0,0.0,0.0,0.0,0.0,0.0,0.0,0.0,0.0,3577300.0,41781500.0,0.0,3577300.0
1052900000,Борщагівська,112866600.0,0.0,0.0,0.0,0.0,0.0,0.0,0.0,0.0,0.0,138253500.0,0.0,112866600.0,138253500.0
1053000000,Боярська,0.0,0.0,0.0,0.0,0.0,0.0,0.0,0.0,0.0,0.0,2875400.0,0.0,0.0,2875400.0
1053100000,Броварська,0.0,0.0,0.0,0.0,0.0,0.0,0.0,0.0,0.0,0.0,6197100.0,0.0,0.0,6197100.0
1051500000,Бучанська,0.0,33162100.0,0.0,0.0,0.0,0.0,0.0,0.0,0.0,0.0,16267600.0,33162100.0,0.0,16267600.0
1052600000,Білогородська,2897500.0,0.0,0.0,0.0,0.0,0.0,0.0,0.0,0.0,0.0,21553200.0,0.0,2897500.0,21553200.0
1052700000,Білоцерківська,174556600.0,0.0,0.0,0.0,0.0,0.0,0.0,0.0,0.0,0.0,0.0,0.0,174556600.0,0.0
1053200000,Васильківська,20646700.0,0.0,0.0,0.0,0.0,0.0,0.0,0.0,0.0,0.0,345400.0,0.0,20646700.0,345400.0
1050400000,Великодимерська,0.0,3325100.0,0.0,0.0,0.0,0.0,0.0,0.0,0.0,0.0,0.0,3325100.0,0.0,0.0
1053300000,Вишгородська,102404300.0,0.0,0.0,0.0,0.0,0.0,0.0,0.0,0.0,0.0,4835700.0,0.0,102404300.0,4835700.0
1053400000,Вишнева,44412500.0,0.0,0.0,0.0,0.0,0.0,0.0,0.0,0.0,0.0,7761400.0,0.0,44412500.0,7761400.0
1053500000,Володарська,0.0,3602200.0,0.0,0.0,0.0,0.0,0.0,0.0,0.0,0.0,9490300.0,3602200.0,0.0,9490300.0
1053600000,Вороньківська,9826200.0,0.0,0.0,0.0,0.0,0.0,0.0,0.0,0.0,0.0,3482600.0,0.0,9826200.0,3482600.0
1053700000,Гатненська,0.0,0.0,0.0,0.0,0.0,0.0,0.0,0.0,0.0,0.0,1813200.0,0.0,0.0,1813200.0
1051900000,Глевахівська,11209900.0,0.0,0.0,0.0,0.0,0.0,0.0,0.0,0.0,0.0,1989600.0,0.0,11209900.0,1989600.0
1053900000,Гостомельська,52666700.0,0.0,0.0,0.0,0.0,0.0,0.0,0.0,0.0,0.0,13166600.0,0.0,52666700.0,13166600.0
1054000000,Гребінківська,0.0,20386600.0,0.0,0.0,0.0,0.0,0.0,0.0,0.0,0.0,7776200.0,20386600.0,0.0,7776200.0
1053800000,Гірська,75098400.0,0.0,0.0,0.0,0.0,0.0,0.0,0.0,0.0,0.0,32867200.0,0.0,75098400.0,32867200.0
1054100000,Димерська,0.0,23021700.0,0.0,0.0,0.0,0.0,0.0,0.0,0.0,0.0,0.0,23021700.0,0.0,0.0
1051300000,Дмитрівська,72588200.0,0.0,0.0,0.0,0.0,0.0,0.0,0.0,0.0,0.0,10606700.0,0.0,72588200.0,10606700.0
1050500000,Дівичківська,61098700.0,0.0,0.0,0.0,0.0,0.0,0.0,0.0,0.0,0.0,70956300.0,0.0,61098700.0,70956300.0
1052300000,Зазимська,0.0,0.0,0.0,0.0,0.0,0.0,0.0,0.0,0.0,0.0,2656600.0,0.0,0.0,2656600.0
1054300000,Згурівська,3842500.0,0.0,0.0,0.0,0.0,0.0,0.0,0.0,0.0,0.0,5213000.0,0.0,3842500.0,5213000.0
1054400000,Золочівська,0.0,0.0,0.0,0.0,0.0,0.0,0.0,0.0,0.0,0.0,3210300.0,0.0,0.0,3210300.0
1054700000,Кагарлицька,0.0,12652500.0,0.0,0.0,0.0,0.0,0.0,0.0,0.0,0.0,18851400.0,12652500.0,0.0,18851400.0
1051200000,Калинівська,0.0,0.0,0.0,0.0,0.0,0.0,0.0,0.0,0.0,0.0,28784800.0,0.0,0.0,28784800.0
1050100000,Калитянська,0.0,0.0,0.0,0.0,0.0,0.0,0.0,0.0,0.0,0.0,0.0,0.0,0.0,0.0
1051200000,Ковалівська,0.0,0.0,0.0,0.0,0.0,0.0,0.0,0.0,0.0,0.0,28784800.0,0.0,0.0,28784800.0
1054900000,Кожанська,0.0,18604000.0,0.0,0.0,0.0,0.0,0.0,0.0,0.0,0.0,9162500.0,18604000.0,0.0,9162500.0
1055000000,Козинська,14290500.0,0.0,0.0,0.0,0.0,0.0,0.0,0.0,0.0,0.0,19525900.0,0.0,14290500.0,19525900.0
1055100000,Коцюбинська,0.0,37166200.0,0.0,0.0,0.0,0.0,0.0,0.0,0.0,0.0,0.0,37166200.0,0.0,0.0
1055200000,Макарівська,0.0,0.0,0.0,0.0,0.0,0.0,0.0,0.0,0.0,0.0,35346100.0,0.0,0.0,35346100.0
1055300000,Маловільшанська,0.0,13595900.0,0.0,0.0,0.0,0.0,0.0,0.0,0.0,0.0,6326900.0,13595900.0,0.0,6326900.0
1050300000,Медвинська,0.0,6711400.0,1023300.0,0.0,0.0,0.0,0.0,0.0,0.0,0.0,4011400.0,6711400.0,0.0,5034700.0
1051300000,Миронівська,72588200.0,0.0,0.0,0.0,0.0,0.0,0.0,0.0,0.0,0.0,10606700.0,0.0,72588200.0,10606700.0
1055400000,Немішаївська,0.0,32050100.0,0.0,0.0,0.0,0.0,0.0,0.0,0.0,0.0,4484300.0,32050100.0,0.0,4484300.0
1051700000,Обухівська,68786000.0,0.0,0.0,0.0,0.0,0.0,0.0,0.0,0.0,0.0,6564300.0,0.0,68786000.0,6564300.0
1055500000,Переяславська,11544100.0,0.0,0.0,0.0,0.0,0.0,0.0,0.0,0.0,0.0,2945400.0,0.0,11544100.0,2945400.0
1055600000,Петрівська,11128400.0,0.0,0.0,0.0,0.0,0.0,0.0,0.0,0.0,0.0,1042600.0,0.0,11128400.0,1042600.0
1055800000,Поліська,0.0,7654400.0,0.0,0.0,0.0,0.0,0.0,0.0,0.0,0.0,0.0,7654400.0,0.0,0.0
1055900000,Пристолична,71369900.0,0.0,0.0,0.0,0.0,0.0,0.0,0.0,0.0,0.0,2157100.0,0.0,71369900.0,2157100.0
1055700000,Пірнівська,0.0,8246200.0,0.0,0.0,0.0,0.0,0.0,0.0,0.0,0.0,3248600.0,8246200.0,0.0,3248600.0
1050200000,Пісківська,0.0,3725100.0,0.0,0.0,0.0,0.0,0.0,0.0,0.0,0.0,14067700.0,3725100.0,0.0,14067700.0
1051600000,Ржищівська,0.0,90000.0,0.0,0.0,0.0,0.0,0.0,0.0,0.0,0.0,11088200.0,90000.0,0.0,11088200.0
1056000000,Рокитнянська,0.0,0.0,0.0,0.0,0.0,0.0,0.0,0.0,0.0,0.0,6574400.0,0.0,0.0,6574400.0
1056100000,Сквирська,0.0,19541500.0,0.0,0.0,0.0,0.0,0.0,0.0,0.0,0.0,12173600.0,19541500.0,0.0,12173600.0
1056200000,Славутицька,56524900.0,0.0,0.0,0.0,0.0,0.0,30000000.0,0.0,0.0,0.0,0.0,0.0,56524900.0,30000000.0
1056300000,Ставищенська,0.0,7502300.0,0.0,0.0,0.0,0.0,0.0,0.0,0.0,0.0,12785400.0,7502300.0,0.0,12785400.0
1050900000,Студениківська,11326000.0,0.0,0.0,0.0,0.0,0.0,0.0,0.0,0.0,0.0,3166300.0,0.0,11326000.0,3166300.0
1056400000,Таращанська,0.0,24235900.0,0.0,0.0,0.0,0.0,0.0,0.0,0.0,0.0,15382100.0,24235900.0,0.0,15382100.0
1052000000,Ташанська,20058300.0,0.0,0.0,0.0,0.0,0.0,0.0,0.0,0.0,0.0,16801900.0,0.0,20058300.0,16801900.0
1050800000,Тетіївська,0.0,37253500.0,0.0,0.0,0.0,0.0,0.0,0.0,0.0,0.0,10197000.0,37253500.0,0.0,10197000.0
1052100000,Томашівська,0.0,6119500.0,0.0,0.0,0.0,0.0,0.0,0.0,0.0,0.0,12791400.0,6119500.0,0.0,12791400.0
1050700000,Узинська,0.0,31557200.0,0.0,0.0,0.0,0.0,0.0,0.0,0.0,0.0,5400900.0,31557200.0,0.0,5400900.0
1056500000,Українська,18845600.0,0.0,0.0,0.0,0.0,0.0,0.0,0.0,0.0,0.0,4972200.0,0.0,18845600.0,4972200.0
1056600000,Фастівська,0.0,4080100.0,0.0,0.0,0.0,0.0,0.0,0.0,0.0,0.0,3521800.0,4080100.0,0.0,3521800.0
1056700000,Феодосіївська,0.0,18330800.0,0.0,0.0,0.0,0.0,0.0,0.0,0.0,0.0,5089000.0,18330800.0,0.0,5089000.0
1050600000,Фурсівська,0.0,15488300.0,0.0,0.0,0.0,0.0,0.0,0.0,0.0,0.0,6599000.0,15488300.0,0.0,6599000.0
1052200000,Циблівська,0.0,4564800.0,0.0,0.0,0.0,0.0,0.0,0.0,0.0,0.0,2396100.0,4564800.0,0.0,2396100.0
1056800000,Чабанівська,5630400.0,0.0,0.0,0.0,0.0,0.0,0.0,0.0,0.0,0.0,705800.0,0.0,5630400.0,705800.0
1056900000,Яготинська,0.0,0.0,0.0,0.0,0.0,0.0,0.0,0.0,0.0,0.0,5054400.0,0.0,0.0,5054400.0
1250200000,Айдарська,0.0,61392800.0,0.0,0.0,0.0,0.0,0.0,0.0,0.0,0.0,71812100.0,61392800.0,0.0,71812100.0
1253100000,Алчевська,0.0,0.0,0.0,0.0,0.0,0.0,0.0,0.0,0.0,0.0,0.0,0.0,0.0,0.0
1253200000,Антрацитівська,0.0,0.0,0.0,0.0,0.0,0.0,0.0,0.0,0.0,0.0,0.0,0.0,0.0,0.0
1250500000,Біловодська,0.0,58990000.0,0.0,0.0,0.0,0.0,0.0,0.0,0.0,0.0,72464600.0,58990000.0,0.0,72464600.0
1250100000,Білокуракинська,0.0,35542900.0,0.0,0.0,0.0,0.0,0.0,0.0,0.0,0.0,53923200.0,35542900.0,0.0,53923200.0
1251600000,Білолуцька,0.0,27730900.0,0.0,0.0,0.0,0.0,0.0,0.0,0.0,0.0,22279900.0,27730900.0,0.0,22279900.0
1251700000,Гірська,0.0,69790100.0,0.0,0.0,0.0,0.0,0.0,0.0,0.0,0.0,83889500.0,69790100.0,0.0,83889500.0
1253300000,Довжанська,0.0,0.0,0.0,0.0,0.0,0.0,0.0,0.0,0.0,0.0,0.0,0.0,0.0,0.0
1253400000,Зимогір'ївська,0.0,0.0,0.0,0.0,0.0,0.0,0.0,0.0,0.0,0.0,0.0,0.0,0.0,0.0
1253500000,Кадіївська,0.0,0.0,0.0,0.0,0.0,0.0,0.0,0.0,0.0,0.0,0.0,0.0,0.0,0.0
1251500000,Коломийчиська,0.0,9661700.0,0.0,0.0,0.0,0.0,0.0,0.0,0.0,0.0,11415300.0,9661700.0,0.0,11415300.0
1250600000,Красноріченська,0.0,23751400.0,0.0,0.0,0.0,0.0,0.0,0.0,0.0,0.0,13899200.0,23751400.0,0.0,13899200.0
1251800000,Кремінська,0.0,42702900.0,0.0,0.0,0.0,0.0,0.0,0.0,0.0,0.0,3554200.0,42702900.0,0.0,3554200.0
1251900000,Лисичанська,251592000.0,0.0,0.0,0.0,0.0,0.0,0.0,0.0,0.0,0.0,467477900.0,0.0,251592000.0,467477900.0
1250900000,Лозно-Олександрівська,0.0,10959700.0,0.0,0.0,0.0,0.0,0.0,0.0,0.0,0.0,17934400.0,10959700.0,0.0,17934400.0
1253600000,Луганська,0.0,0.0,0.0,0.0,0.0,0.0,0.0,0.0,0.0,0.0,0.0,0.0,0.0,0.0
1253700000,Лутугинська,0.0,0.0,0.0,0.0,0.0,0.0,0.0,0.0,0.0,0.0,0.0,0.0,0.0,0.0
1251100000,Марківська,0.0,26364300.0,0.0,0.0,0.0,0.0,0.0,0.0,0.0,0.0,58436900.0,26364300.0,0.0,58436900.0
1252000000,Міловська,0.0,38769600.0,0.0,0.0,0.0,0.0,0.0,0.0,0.0,0.0,39689200.0,38769600.0,0.0,39689200.0
1250800000,Нижньодуванська,0.0,13153600.0,0.0,0.0,0.0,0.0,0.0,0.0,0.0,0.0,16931000.0,13153600.0,0.0,16931000.0
1252100000,Нижньотеплівська,0.0,21053500.0,0.0,0.0,0.0,0.0,0.0,0.0,0.0,0.0,14171200.0,21053500.0,0.0,14171200.0
1252200000,Новоайдарська,0.0,49087300.0,0.0,0.0,0.0,0.0,0.0,0.0,0.0,0.0,54392400.0,49087300.0,0.0,54392400.0
1253800000,Отаманівська,0.0,0.0,0.0,0.0,0.0,0.0,0.0,0.0,0.0,0.0,0.0,0.0,0.0,0.0
1252300000,Попаснянська,0.0,48471800.0,0.0,0.0,0.0,0.0,0.0,0.0,0.0,0.0,66280600.0,48471800.0,0.0,66280600.0
1253900000,Ровеньківська,0.0,0.0,0.0,0.0,0.0,0.0,0.0,0.0,0.0,0.0,0.0,0.0,0.0,0.0
1252400000,Рубіжанська,0.0,135434700.0,0.0,0.0,0.0,0.0,0.0,0.0,0.0,0.0,105470100.0,135434700.0,0.0,105470100.0
1252500000,Сватівська,0.0,25165700.0,0.0,0.0,0.0,0.0,0.0,0.0,0.0,0.0,60998400.0,25165700.0,0.0,60998400.0
1254000000,Сорокинська,0.0,0.0,0.0,0.0,0.0,0.0,0.0,0.0,0.0,0.0,0.0,0.0,0.0,0.0
1252700000,Станично-Луганська,0.0,66673500.0,0.0,0.0,0.0,0.0,0.0,0.0,0.0,0.0,56067900.0,66673500.0,0.0,56067900.0
1252800000,Старобільська,0.0,25612700.0,0.0,0.0,0.0,0.0,0.0,0.0,0.0,0.0,112676400.0,25612700.0,0.0,112676400.0
1252600000,Сіверськодонецька,139033400.0,0.0,0.0,0.0,0.0,0.0,0.0,0.0,0.0,0.0,106114000.0,0.0,139033400.0,106114000.0
1250400000,Троїцька,0.0,39331400.0,0.0,0.0,0.0,0.0,0.0,0.0,0.0,0.0,63883900.0,39331400.0,0.0,63883900.0
1254100000,Хрустальненська,0.0,0.0,0.0,0.0,0.0,0.0,0.0,0.0,0.0,0.0,0.0,0.0,0.0,0.0
1250300000,Чмирівська,0.0,26757400.0,0.0,0.0,0.0,0.0,0.0,0.0,0.0,0.0,19621000.0,26757400.0,0.0,19621000.0
1253900000,Широківська,0.0,0.0,0.0,0.0,0.0,0.0,0.0,0.0,0.0,0.0,0.0,0.0,0.0,0.0
1251000000,Шульгинська,0.0,11282300.0,0.0,0.0,0.0,0.0,0.0,0.0,0.0,0.0,10132100.0,11282300.0,0.0,10132100.0
1253000000,Щастинська,0.0,56500400.0,0.0,0.0,0.0,0.0,0.0,0.0,0.0,0.0,68120300.0,56500400.0,0.0,68120300.0
1355800000,Івано-Франківська,51396800.0,0.0,0.0,0.0,0.0,0.0,0.0,0.0,0.0,0.0,12848900.0,0.0,51396800.0,12848900.0
1354200000,Белзька,0.0,12847800.0,1655000.0,0.0,0.0,0.0,0.0,0.0,0.0,0.0,0.0,12847800.0,0.0,1655000.0
1354300000,Боринська,0.0,52611400.0,0.0,0.0,0.0,0.0,0.0,0.0,0.0,0.0,0.0,52611400.0,0.0,0.0
1354400000,Бориславська,0.0,48656400.0,0.0,0.0,0.0,0.0,0.0,0.0,0.0,0.0,1864500.0,48656400.0,0.0,1864500.0
1354500000,Бродівська,26784600.0,0.0,0.0,0.0,0.0,0.0,0.0,0.0,0.0,0.0,0.0,0.0,26784600.0,0.0
1354600000,Буська,0.0,36422000.0,0.0,0.0,0.0,0.0,0.0,0.0,0.0,0.0,385200.0,36422000.0,0.0,385200.0
1353600000,Бібрська,0.0,26992700.0,0.0,0.0,0.0,0.0,0.0,0.0,0.0,0.0,0.0,26992700.0,0.0,0.0
1350200000,Бісковицька,0.0,45886900.0,0.0,0.0,0.0,0.0,0.0,0.0,0.0,0.0,0.0,45886900.0,0.0,0.0
1352300000,Великолюбінська,0.0,19678900.0,0.0,0.0,0.0,0.0,0.0,0.0,0.0,0.0,16905100.0,19678900.0,0.0,16905100.0
1353200000,Великомостівська,28128900.0,0.0,0.0,0.0,0.0,0.0,0.0,0.0,0.0,0.0,0.0,0.0,28128900.0,0.0
1354700000,Глинянська,0.0,18651900.0,0.0,0.0,0.0,0.0,0.0,0.0,0.0,259552.0,0.0,18651900.0,0.0,259552.0
1350500000,Гніздичівська,0.0,9874900.0,0.0,0.0,0.0,0.0,0.0,0.0,0.0,0.0,0.0,9874900.0,0.0,0.0
1354900000,Грабовецько-Дулібівська,0.0,25963200.0,0.0,0.0,0.0,0.0,0.0,0.0,0.0,0.0,0.0,25963200.0,0.0,0.0
1352000000,Давидівська,0.0,8548300.0,0.0,0.0,0.0,0.0,0.0,0.0,0.0,0.0,0.0,8548300.0,0.0,0.0
1355000000,Добромильська,0.0,50772000.0,0.0,0.0,0.0,0.0,0.0,0.0,0.0,0.0,336600.0,50772000.0,0.0,336600.0
1355100000,Добросинсько-Магерівська,0.0,40810800.0,0.0,0.0,0.0,0.0,0.0,0.0,0.0,0.0,866200.0,40810800.0,0.0,866200.0
1355200000,Добротвірська,82400.0,0.0,0.0,0.0,0.0,0.0,0.0,0.0,0.0,0.0,596400.0,0.0,82400.0,596400.0
1355300000,Дрогобицька,0.0,75820600.0,0.0,0.0,0.0,0.0,0.0,0.0,0.0,0.0,0.0,75820600.0,0.0,0.0
1355400000,Жидачівська,0.0,12181500.0,0.0,0.0,0.0,0.0,0.0,0.0,0.0,0.0,0.0,12181500.0,0.0,0.0
1355500000,Жовківська,0.0,28888900.0,0.0,0.0,0.0,0.0,0.0,0.0,0.0,0.0,0.0,28888900.0,0.0,0.0
1352100000,Жовтанецька,0.0,0.0,0.0,0.0,0.0,0.0,0.0,0.0,0.0,0.0,50800.0,0.0,0.0,50800.0
1355600000,Журавненська,0.0,32426400.0,0.0,0.0,0.0,0.0,0.0,0.0,0.0,0.0,0.0,32426400.0,0.0,0.0
1350800000,Заболотцівська,0.0,12356900.0,0.0,0.0,0.0,0.0,0.0,0.0,0.0,0.0,4756400.0,12356900.0,0.0,4756400.0
1353700000,Зимноводівська,0.0,18823500.0,0.0,0.0,0.0,0.0,0.0,0.0,0.0,0.0,352200.0,18823500.0,0.0,352200.0
1355700000,Золочівська,5561500.0,0.0,0.0,0.0,0.0,0.0,0.0,0.0,0.0,0.0,3437000.0,0.0,5561500.0,3437000.0
1353400000,Кам'янка-Бузька,3534200.0,0.0,0.0,0.0,0.0,0.0,0.0,0.0,0.0,0.0,265700.0,0.0,3534200.0,265700.0
1355900000,Козівська,0.0,23474100.0,0.0,0.0,0.0,0.0,0.0,0.0,0.0,0.0,891400.0,23474100.0,0.0,891400.0
1356000000,Комарнівська,0.0,26695100.0,0.0,0.0,0.0,0.0,0.0,0.0,0.0,0.0,430800.0,26695100.0,0.0,430800.0
1356100000,Красненська,0.0,35421600.0,0.0,0.0,0.0,0.0,0.0,0.0,0.0,0.0,0.0,35421600.0,0.0,0.0
1356200000,Куликівська,0.0,10257100.0,0.0,0.0,0.0,0.0,0.0,0.0,0.0,0.0,0.0,10257100.0,0.0,0.0
1353800000,Лопатинська,0.0,28740400.0,0.0,0.0,0.0,0.0,0.0,0.0,0.0,0.0,921700.0,28740400.0,0.0,921700.0
1356300000,Львівська,1364046700.0,0.0,0.0,0.0,0.0,0.0,0.0,0.0,0.0,0.0,54412400.0,0.0,1364046700.0,54412400.0
1353900000,Меденицька,0.0,41324500.0,0.0,0.0,0.0,0.0,0.0,0.0,0.0,0.0,247100.0,41324500.0,0.0,247100.0
1356400000,Миколаївська,0.0,42674100.0,0.0,0.0,0.0,0.0,0.0,0.0,0.0,0.0,0.0,42674100.0,0.0,0.0
1356500000,Моршинська,0.0,11861000.0,0.0,0.0,0.0,0.0,0.0,0.0,0.0,0.0,8905900.0,11861000.0,0.0,8905900.0
1351700000,Мостиська,0.0,49704600.0,0.0,0.0,0.0,0.0,0.0,0.0,0.0,0.0,0.0,49704600.0,0.0,0.0
1353500000,Мурованська,0.0,0.0,0.0,0.0,0.0,0.0,0.0,0.0,0.0,0.0,0.0,0.0,0.0,0.0
1351100000,Новокалинівська,7998300.0,0.0,0.0,0.0,0.0,0.0,0.0,0.0,0.0,0.0,2250800.0,0.0,7998300.0,2250800.0
1356600000,Новороздільська,0.0,57494000.0,0.0,0.0,0.0,0.0,0.0,0.0,0.0,0.0,0.0,57494000.0,0.0,0.0
1356700000,Новояворівська,270702900.0,0.0,0.0,0.0,0.0,0.0,0.0,0.0,0.0,0.0,67675500.0,0.0,270702900.0,67675500.0
1356800000,Новояричівська,0.0,31589600.0,0.0,0.0,0.0,0.0,0.0,0.0,0.0,0.0,0.0,31589600.0,0.0,0.0
1356900000,Оброшинська,0.0,0.0,0.0,0.0,0.0,0.0,0.0,0.0,0.0,0.0,0.0,0.0,0.0,0.0
1357000000,Перемишлянська,0.0,5638200.0,0.0,0.0,0.0,0.0,0.0,0.0,0.0,0.0,16560200.0,5638200.0,0.0,16560200.0
1357200000,Поморянська,0.0,20336100.0,0.0,0.0,0.0,0.0,0.0,0.0,0.0,0.0,192900.0,20336100.0,0.0,192900.0
1357300000,Пустомитівська,10720600.0,0.0,0.0,0.0,0.0,0.0,0.0,0.0,0.0,0.0,0.0,0.0,10720600.0,0.0
1352700000,Підберізцівська,0.0,14198800.0,0.0,0.0,0.0,0.0,0.0,0.0,0.0,0.0,671200.0,14198800.0,0.0,671200.0
1357100000,Підкамінська,0.0,27666000.0,0.0,0.0,0.0,0.0,0.0,0.0,0.0,0.0,0.0,27666000.0,0.0,0.0
1357400000,Рава-Руська,0.0,41163100.0,0.0,0.0,0.0,0.0,0.0,0.0,0.0,0.0,0.0,41163100.0,0.0,0.0
1354000000,Радехівська,0.0,18114500.0,0.0,0.0,0.0,0.0,0.0,0.0,0.0,0.0,0.0,18114500.0,0.0,0.0
1357500000,Ралівська,0.0,31798200.0,0.0,0.0,0.0,0.0,0.0,0.0,0.0,0.0,0.0,31798200.0,0.0,0.0
1352500000,Розвадівська,0.0,20174400.0,0.0,0.0,0.0,0.0,0.0,0.0,0.0,0.0,0.0,20174400.0,0.0,0.0
1353000000,Рудківська,0.0,61832500.0,0.0,0.0,0.0,0.0,0.0,0.0,0.0,0.0,0.0,61832500.0,0.0,0.0
1357600000,Самбірська,48111500.0,0.0,0.0,0.0,0.0,0.0,0.0,0.0,0.0,0.0,463900.0,0.0,48111500.0,463900.0
1357700000,Сколівська,0.0,27566300.0,0.0,0.0,0.0,0.0,0.0,0.0,0.0,0.0,2001600.0,27566300.0,0.0,2001600.0
1353100000,Славська,94946600.0,0.0,0.0,0.0,0.0,0.0,0.0,0.0,0.0,0.0,8608800.0,0.0,94946600.0,8608800.0
1357800000,Сокальська,0.0,41223800.0,0.0,0.0,0.0,0.0,0.0,0.0,0.0,0.0,0.0,41223800.0,0.0,0.0
1357900000,Сокільницька,10442800.0,0.0,0.0,0.0,0.0,0.0,0.0,0.0,0.0,0.0,251900.0,0.0,10442800.0,251900.0
1352800000,Солонківська,55096400.0,0.0,0.0,0.0,0.0,0.0,0.0,0.0,0.0,0.0,14815900.0,0.0,55096400.0,14815900.0
1358000000,Старосамбірська,0.0,34972600.0,0.0,0.0,0.0,0.0,0.0,0.0,0.0,0.0,5693800.0,34972600.0,0.0,5693800.0
1358100000,Стрийська,27397800.0,0.0,0.0,0.0,0.0,0.0,0.0,0.0,0.0,0.0,0.0,0.0,27397800.0,0.0
1358200000,Стрілківська,0.0,41160500.0,0.0,0.0,0.0,0.0,0.0,0.0,0.0,0.0,196200.0,41160500.0,0.0,196200.0
1351800000,Судововишнянська,0.0,30094500.0,0.0,0.0,0.0,0.0,0.0,0.0,0.0,0.0,0.0,30094500.0,0.0,0.0
1358300000,Східницька,0.0,37781600.0,0.0,0.0,0.0,0.0,0.0,0.0,0.0,0.0,8447000.0,37781600.0,0.0,8447000.0
1351400000,Тростянецька,0.0,1168600.0,0.0,0.0,0.0,0.0,0.0,0.0,0.0,0.0,4299800.0,1168600.0,0.0,4299800.0
1358400000,Трускавецька,0.0,37319400.0,0.0,0.0,0.0,0.0,0.0,0.0,0.0,0.0,27937700.0,37319400.0,0.0,27937700.0
1358500000,Турківська,0.0,39947200.0,0.0,0.0,0.0,0.0,0.0,0.0,0.0,0.0,26568800.0,39947200.0,0.0,26568800.0
1358600000,Хирівська,0.0,37915800.0,0.0,0.0,0.0,0.0,0.0,0.0,0.0,0.0,484800.0,37915800.0,0.0,484800.0
1351600000,Ходорівська,0.0,42661300.0,0.0,0.0,0.0,0.0,0.0,0.0,0.0,0.0,0.0,42661300.0,0.0,0.0
1352200000,Шегинівська,0.0,7552500.0,0.0,0.0,0.0,0.0,0.0,0.0,0.0,0.0,0.0,7552500.0,0.0,0.0
1358700000,Шептицька,12990300.0,0.0,0.0,0.0,0.0,0.0,0.0,0.0,0.0,0.0,0.0,0.0,12990300.0,0.0
1352900000,Щирецька,0.0,25608600.0,0.0,0.0,0.0,0.0,0.0,0.0,0.0,0.0,0.0,25608600.0,0.0,0.0
1358800000,Яворівська,365355400.0,0.0,0.0,0.0,0.0,0.0,0.0,0.0,0.0,0.0,91338700.0,0.0,365355400.0,91338700.0
1454500000,Єланецька,0.0,26070700.0,0.0,0.0,0.0,0.0,0.0,0.0,0.0,0.0,11847400.0,26070700.0,0.0,11847400.0
1454600000,Інгульська,0.0,21658000.0,0.0,0.0,0.0,0.0,0.0,0.0,0.0,0.0,7070700.0,21658000.0,0.0,7070700.0
1452800000,Арбузинська,0.0,12290700.0,0.0,0.0,0.0,0.0,0.0,0.0,0.0,0.0,0.0,12290700.0,0.0,0.0
1450200000,Баштанська,0.0,0.0,0.0,0.0,0.0,0.0,0.0,0.0,0.0,0.0,0.0,0.0,0.0,0.0
1452200000,Березанська,0.0,25023000.0,0.0,0.0,0.0,0.0,0.0,0.0,0.0,0.0,5600000.0,25023000.0,0.0,5600000.0
1453000000,Березнегуватська,0.0,37541900.0,0.0,0.0,0.0,0.0,0.0,0.0,0.0,0.0,9031900.0,37541900.0,0.0,9031900.0
1451000000,Благодатненська,907800.0,0.0,0.0,0.0,0.0,0.0,0.0,0.0,0.0,0.0,35400.0,0.0,907800.0,35400.0
1454300000,Братська,0.0,15972600.0,0.0,0.0,0.0,0.0,0.0,0.0,0.0,0.0,2285800.0,15972600.0,0.0,2285800.0
1451100000,Бузька,1821000.0,0.0,0.0,0.0,0.0,0.0,0.0,0.0,0.0,0.0,297800.0,0.0,1821000.0,297800.0
1450400000,Веселинівська,0.0,34488400.0,0.0,0.0,0.0,0.0,0.0,0.0,0.0,0.0,4983300.0,34488400.0,0.0,4983300.0
1450800000,Веснянська,0.0,12494100.0,0.0,0.0,0.0,0.0,0.0,0.0,0.0,0.0,15496600.0,12494100.0,0.0,15496600.0
1452900000,Вознесенська,61625100.0,0.0,0.0,0.0,0.0,0.0,0.0,0.0,0.0,0.0,15787600.0,0.0,61625100.0,15787600.0
1452400000,Володимирівська,0.0,5436200.0,0.0,0.0,0.0,0.0,0.0,0.0,0.0,0.0,4171300.0,5436200.0,0.0,4171300.0
1450500000,Воскресенська,0.0,42096200.0,0.0,0.0,0.0,0.0,0.0,0.0,0.0,0.0,9727000.0,42096200.0,0.0,9727000.0
1454400000,Врадіївська,0.0,28517800.0,0.0,0.0,0.0,0.0,0.0,0.0,0.0,0.0,992800.0,28517800.0,0.0,992800.0
1453400000,Вільнозапорізька,0.0,12364700.0,0.0,0.0,0.0,0.0,0.0,0.0,0.0,0.0,7609800.0,12364700.0,0.0,7609800.0
1451200000,Галицинівська,36545200.0,0.0,0.0,0.0,0.0,0.0,0.0,0.0,0.0,0.0,77642600.0,0.0,36545200.0,77642600.0
1453500000,Горохівська,0.0,21968500.0,0.0,0.0,0.0,0.0,0.0,0.0,0.0,0.0,13046100.0,21968500.0,0.0,13046100.0
1450600000,Доманівська,0.0,24566400.0,0.0,0.0,0.0,0.0,0.0,0.0,0.0,0.0,706900.0,24566400.0,0.0,706900.0
1452000000,Дорошівська,0.0,14944900.0,0.0,0.0,0.0,0.0,0.0,0.0,0.0,0.0,2598900.0,14944900.0,0.0,2598900.0
1452500000,Казанківська,0.0,18717600.0,0.0,0.0,0.0,0.0,0.0,0.0,0.0,0.0,3331900.0,18717600.0,0.0,3331900.0
1450900000,Кам'яномостівська,0.0,12605900.0,0.0,0.0,0.0,0.0,0.0,0.0,0.0,0.0,0.0,12605900.0,0.0,0.0
1451300000,Коблівська,0.0,9113900.0,0.0,0.0,0.0,0.0,0.0,0.0,0.0,0.0,10113800.0,9113900.0,0.0,10113800.0
1451500000,Костянтинівська,0.0,8580500.0,0.0,0.0,0.0,0.0,0.0,0.0,0.0,0.0,823600.0,8580500.0,0.0,823600.0
1454800000,Кривоозерська,0.0,32635500.0,0.0,0.0,0.0,0.0,0.0,0.0,0.0,0.0,2707400.0,32635500.0,0.0,2707400.0
1450100000,Куцурубська,0.0,15199300.0,0.0,0.0,0.0,0.0,0.0,0.0,0.0,0.0,5039200.0,15199300.0,0.0,5039200.0
1453800000,Мигіївська,0.0,3153600.0,0.0,0.0,0.0,0.0,0.0,0.0,0.0,0.0,7980000.0,3153600.0,0.0,7980000.0
1454900000,Миколаївська,468801200.0,0.0,0.0,0.0,0.0,0.0,0.0,3947300.0,0.0,0.0,0.0,0.0,468801200.0,3947300.0
1451500000,Мостівська,0.0,8580500.0,0.0,0.0,0.0,0.0,0.0,0.0,0.0,0.0,823600.0,8580500.0,0.0,823600.0
1454200000,Мішково-Погорілівська,0.0,840200.0,0.0,0.0,0.0,0.0,0.0,0.0,0.0,0.0,7398000.0,840200.0,0.0,7398000.0
1451600000,Нечаянська,0.0,11402700.0,0.0,0.0,0.0,0.0,0.0,0.0,0.0,0.0,1737200.0,11402700.0,0.0,1737200.0
1453100000,Новобузька,0.0,23317100.0,0.0,0.0,0.0,0.0,0.0,0.0,0.0,0.0,7010500.0,23317100.0,0.0,7010500.0
1453900000,Новомар'ївська,0.0,5922500.0,0.0,0.0,0.0,0.0,0.0,0.0,0.0,0.0,1563900.0,5922500.0,0.0,1563900.0
1455000000,Новоодеська,0.0,27255100.0,0.0,0.0,0.0,0.0,0.0,0.0,0.0,0.0,8164200.0,27255100.0,0.0,8164200.0
1450300000,Олександрівська,0.0,14906000.0,0.0,0.0,0.0,0.0,0.0,0.0,0.0,0.0,94100.0,14906000.0,0.0,94100.0
1450700000,Ольшанська,0.0,17373500.0,0.0,0.0,0.0,0.0,0.0,0.0,0.0,0.0,12388500.0,17373500.0,0.0,12388500.0
1455100000,Очаківська,84287600.0,0.0,0.0,0.0,0.0,0.0,0.0,0.0,0.0,0.0,0.0,0.0,84287600.0,0.0
1455200000,Первомайська,25575000.0,0.0,0.0,0.0,0.0,0.0,0.0,0.0,0.0,0.0,16558800.0,0.0,25575000.0,16558800.0
1451700000,Прибужанівська,0.0,6115100.0,0.0,0.0,0.0,0.0,0.0,0.0,0.0,0.0,320200.0,6115100.0,0.0,320200.0
1452300000,Прибузька,0.0,9439900.0,0.0,0.0,0.0,0.0,0.0,0.0,0.0,0.0,1984000.0,9439900.0,0.0,1984000.0
1455700000,Південноукраїнська,165345200.0,0.0,0.0,0.0,0.0,0.0,0.0,0.0,0.0,0.0,0.0,0.0,165345200.0,0.0
1452700000,Радсадівська,0.0,3195400.0,0.0,0.0,0.0,0.0,0.0,0.0,0.0,0.0,4308300.0,3195400.0,0.0,4308300.0
1455500000,Синюшинобрідська,17667200.0,0.0,0.0,0.0,0.0,0.0,0.0,0.0,0.0,0.0,4416500.0,0.0,17667200.0,4416500.0
1453200000,Снігурівська,0.0,49372400.0,0.0,0.0,0.0,0.0,0.0,0.0,0.0,0.0,37454300.0,49372400.0,0.0,37454300.0
1454000000,Софіївська,0.0,12189800.0,0.0,0.0,0.0,0.0,0.0,0.0,0.0,0.0,3527700.0,12189800.0,0.0,3527700.0
1455600000,Степівська,0.0,1678100.0,0.0,0.0,0.0,0.0,0.0,0.0,0.0,0.0,4370200.0,1678100.0,0.0,4370200.0
1454100000,Сухоєланецька,0.0,12872700.0,0.0,0.0,0.0,0.0,0.0,0.0,0.0,0.0,2769900.0,12872700.0,0.0,2769900.0
1451800000,Чорноморська,29565200.0,0.0,0.0,0.0,0.0,0.0,0.0,0.0,0.0,0.0,35264600.0,0.0,29565200.0,35264600.0
1452600000,Широківська,0.0,7573700.0,0.0,0.0,0.0,0.0,0.0,0.0,0.0,0.0,8975700.0,7573700.0,0.0,8975700.0
1553800000,Іванівська,0.0,24471100.0,0.0,0.0,0.0,0.0,0.0,0.0,0.0,0.0,0.0,24471100.0,0.0,0.0
1555300000,Ізмаїльська,0.0,0.0,0.0,0.0,0.0,0.0,0.0,0.0,0.0,0.0,1999300.0,0.0,0.0,1999300.0
1551800000,Авангардівська,25860800.0,0.0,0.0,0.0,0.0,0.0,0.0,0.0,0.0,0.0,2330300.0,0.0,25860800.0,2330300.0
1553800000,Ананьївська,0.0,24471100.0,0.0,0.0,0.0,0.0,0.0,0.0,0.0,0.0,0.0,24471100.0,0.0,0.0
1553900000,Арцизька,0.0,50645000.0,0.0,0.0,0.0,0.0,0.0,0.0,0.0,0.0,0.0,50645000.0,0.0,0.0
1550100000,Балтська,0.0,19641000.0,0.0,0.0,0.0,0.0,0.0,0.0,0.0,0.0,0.0,19641000.0,0.0,0.0
1551400000,Березівська,0.0,0.0,0.0,0.0,0.0,0.0,0.0,0.0,0.0,0.0,4483100.0,0.0,0.0,4483100.0
1558200000,Бессарабська,0.0,32997200.0,0.0,0.0,0.0,0.0,0.0,0.0,0.0,0.0,134900.0,32997200.0,0.0,134900.0
1554100000,Болградська,4960500.0,0.0,0.0,0.0,0.0,0.0,0.0,0.0,0.0,0.0,0.0,0.0,4960500.0,0.0
1554200000,Буджацька,0.0,43270400.0,0.0,0.0,0.0,0.0,0.0,0.0,0.0,0.0,544700.0,43270400.0,0.0,544700.0
1554000000,Білгород-Дністровська,14341800.0,0.0,0.0,0.0,0.0,0.0,0.0,0.0,0.0,0.0,0.0,0.0,14341800.0,0.0
1550200000,Біляївська,0.0,3483400.0,0.0,0.0,0.0,0.0,0.0,0.0,0.0,0.0,990900.0,3483400.0,0.0,990900.0
1554300000,Василівська,0.0,30741800.0,0.0,0.0,0.0,0.0,0.0,0.0,0.0,0.0,1065900.0,30741800.0,0.0,1065900.0
1553000000,Великобуялицька,0.0,14962700.0,0.0,0.0,0.0,0.0,0.0,0.0,0.0,0.0,448300.0,14962700.0,0.0,448300.0
1554400000,Великодальницька,0.0,17783100.0,0.0,0.0,0.0,0.0,0.0,0.0,0.0,0.0,2364600.0,17783100.0,0.0,2364600.0
1554500000,Великодолинська,0.0,24589800.0,0.0,0.0,0.0,0.0,0.0,0.0,0.0,0.0,3294000.0,24589800.0,0.0,3294000.0
1550300000,Великомихайлівська,0.0,9305200.0,0.0,0.0,0.0,0.0,0.0,0.0,0.0,0.0,207700.0,9305200.0,0.0,207700.0
1553100000,Великоплосківська,0.0,5900100.0,0.0,0.0,0.0,0.0,0.0,0.0,0.0,0.0,3129500.0,5900100.0,0.0,3129500.0
1554600000,Вигодянська,0.0,33438000.0,0.0,0.0,0.0,0.0,0.0,0.0,0.0,0.0,451400.0,33438000.0,0.0,451400.0
1552900000,Визирська,108321000.0,0.0,0.0,0.0,0.0,0.0,0.0,0.0,0.0,0.0,102808200.0,0.0,108321000.0,102808200.0
1551700000,Вилківська,0.0,22733900.0,0.0,0.0,0.0,0.0,0.0,0.0,0.0,0.0,0.0,22733900.0,0.0,0.0
1554700000,Городненська,0.0,43397600.0,0.0,0.0,0.0,0.0,0.0,0.0,0.0,0.0,0.0,43397600.0,0.0,0.0
1551900000,Дальницька,0.0,31659700.0,0.0,0.0,0.0,0.0,0.0,0.0,0.0,0.0,0.0,31659700.0,0.0,0.0
1554800000,Дачненська,234851800.0,0.0,0.0,0.0,0.0,0.0,0.0,0.0,0.0,0.0,59091900.0,0.0,234851800.0,59091900.0
1554900000,Дивізійська,0.0,16260600.0,0.0,0.0,0.0,0.0,0.0,0.0,0.0,0.0,0.0,16260600.0,0.0,0.0
1555000000,Доброславська,31557800.0,0.0,0.0,0.0,0.0,0.0,0.0,0.0,0.0,0.0,7889600.0,0.0,31557800.0,7889600.0
1555100000,Долинська,0.0,9262200.0,0.0,0.0,0.0,0.0,0.0,0.0,0.0,0.0,1066400.0,9262200.0,0.0,1066400.0
1550900000,Затишанська,0.0,15563700.0,0.0,0.0,0.0,0.0,0.0,0.0,0.0,0.0,0.0,15563700.0,0.0,0.0
1555200000,Захарівська,0.0,22259700.0,0.0,0.0,0.0,0.0,0.0,0.0,0.0,0.0,0.0,22259700.0,0.0,0.0
1553200000,Зеленогірська,0.0,17686200.0,0.0,0.0,0.0,0.0,0.0,0.0,0.0,0.0,0.0,17686200.0,0.0,0.0
1552300000,Знам'янська,0.0,22642200.0,0.0,0.0,0.0,0.0,0.0,0.0,0.0,0.0,1242700.0,22642200.0,0.0,1242700.0
1555400000,Кароліно-Бугазька,0.0,4152300.0,0.0,0.0,0.0,0.0,0.0,0.0,0.0,0.0,490600.0,4152300.0,0.0,490600.0
1558100000,Катлабузька,0.0,29621600.0,0.0,0.0,0.0,0.0,0.0,0.0,0.0,0.0,0.0,29621600.0,0.0,0.0
1555500000,Кодимська,0.0,51680000.0,0.0,0.0,0.0,0.0,0.0,0.0,0.0,0.0,0.0,51680000.0,0.0,0.0
1551100000,Коноплянська,0.0,13066100.0,0.0,0.0,0.0,0.0,0.0,0.0,0.0,0.0,386600.0,13066100.0,0.0,386600.0
1550400000,Красносільська,7960800.0,0.0,0.0,0.0,0.0,0.0,0.0,0.0,0.0,0.0,331500.0,0.0,7960800.0,331500.0
1555600000,Криничненська,0.0,12022500.0,0.0,0.0,0.0,0.0,0.0,0.0,0.0,0.0,43100.0,12022500.0,0.0,43100.0
1555700000,Кубейська,0.0,29242100.0,0.0,0.0,0.0,0.0,0.0,0.0,0.0,0.0,425000.0,29242100.0,0.0,425000.0
1555800000,Кулевчанська,0.0,12889900.0,0.0,0.0,0.0,0.0,0.0,0.0,0.0,0.0,0.0,12889900.0,0.0,0.0
1555900000,Курісовська,0.0,23973000.0,0.0,0.0,0.0,0.0,0.0,0.0,0.0,0.0,2191300.0,23973000.0,0.0,2191300.0
1551300000,Куяльницька,0.0,42791500.0,0.0,0.0,0.0,0.0,0.0,0.0,0.0,0.0,255100.0,42791500.0,0.0,255100.0
1552600000,Кілійська,0.0,56431200.0,0.0,0.0,0.0,0.0,0.0,0.0,0.0,0.0,0.0,56431200.0,0.0,0.0
1556000000,Лиманська,0.0,31272100.0,0.0,0.0,0.0,0.0,0.0,0.0,0.0,0.0,0.0,31272100.0,0.0,0.0
1552700000,Любашівська,0.0,33047700.0,0.0,0.0,0.0,0.0,0.0,0.0,0.0,0.0,0.0,33047700.0,0.0,0.0
1550500000,Маразліївська,0.0,18201000.0,0.0,0.0,0.0,0.0,0.0,0.0,0.0,0.0,0.0,18201000.0,0.0,0.0
1552100000,Маяківська,0.0,16601400.0,0.0,0.0,0.0,0.0,0.0,0.0,0.0,0.0,0.0,16601400.0,0.0,0.0
1552400000,Миколаївська,0.0,38384500.0,0.0,0.0,0.0,0.0,0.0,0.0,0.0,0.0,1869800.0,38384500.0,0.0,1869800.0
1552400000,Мологівська,0.0,38384500.0,0.0,0.0,0.0,0.0,0.0,0.0,0.0,0.0,1869800.0,38384500.0,0.0,1869800.0
1556200000,Нерубайська,0.0,0.0,0.0,0.0,0.0,0.0,0.0,0.0,0.0,0.0,0.0,0.0,0.0,0.0
1553500000,Новоборисівська,0.0,10512400.0,0.0,0.0,0.0,0.0,0.0,0.0,0.0,0.0,3900.0,10512400.0,0.0,3900.0
1550800000,Новокальчевська,0.0,8781700.0,0.0,0.0,0.0,0.0,0.0,0.0,0.0,0.0,1561000.0,8781700.0,0.0,1561000.0
1556300000,Овідіопольська,0.0,4731400.0,0.0,0.0,0.0,0.0,0.0,0.0,0.0,0.0,211500.0,4731400.0,0.0,211500.0
1556400000,Одеська,231327300.0,0.0,0.0,0.0,0.0,0.0,0.0,0.0,0.0,0.0,0.0,0.0,231327300.0,0.0
1552800000,Окнянська,0.0,23411000.0,0.0,0.0,0.0,0.0,0.0,0.0,0.0,0.0,425100.0,23411000.0,0.0,425100.0
1556500000,Павлівська,0.0,11353100.0,0.0,0.0,0.0,0.0,0.0,0.0,0.0,0.0,298100.0,11353100.0,0.0,298100.0
1553600000,Петровірівська,0.0,11947300.0,0.0,0.0,0.0,0.0,0.0,0.0,0.0,0.0,0.0,11947300.0,0.0,0.0
1553600000,Петропавлівська,0.0,11947300.0,0.0,0.0,0.0,0.0,0.0,0.0,0.0,0.0,0.0,11947300.0,0.0,0.0
1556800000,Плахтіївська,0.0,17558600.0,0.0,0.0,0.0,0.0,0.0,0.0,0.0,0.0,1894100.0,17558600.0,0.0,1894100.0
1556900000,Подільська,5784900.0,0.0,0.0,0.0,0.0,0.0,0.0,0.0,0.0,0.0,0.0,0.0,5784900.0,0.0
1559100000,Південнівська,37085200.0,0.0,0.0,0.0,0.0,0.0,0.0,0.0,0.0,0.0,39314700.0,0.0,37085200.0,39314700.0
1557000000,Раухівська,0.0,17982200.0,0.0,0.0,0.0,0.0,0.0,0.0,0.0,0.0,0.0,17982200.0,0.0,0.0
1557100000,Ренійська,0.0,38086900.0,0.0,0.0,0.0,0.0,0.0,0.0,0.0,0.0,2318800.0,38086900.0,0.0,2318800.0
1557200000,Роздільнянська,0.0,34554400.0,0.0,0.0,0.0,0.0,0.0,0.0,0.0,0.0,20370300.0,34554400.0,0.0,20370300.0
1550600000,Розквітівська,0.0,10175900.0,0.0,0.0,0.0,0.0,0.0,0.0,0.0,0.0,846900.0,10175900.0,0.0,846900.0
1557300000,Савранська,0.0,37106200.0,0.0,0.0,0.0,0.0,0.0,0.0,0.0,0.0,0.0,37106200.0,0.0,0.0
1557400000,Саратська,0.0,3832400.0,0.0,0.0,0.0,0.0,0.0,0.0,0.0,0.0,0.0,3832400.0,0.0,0.0
1557500000,Саф'янівська,0.0,98838600.0,0.0,0.0,0.0,0.0,0.0,0.0,0.0,0.0,0.0,98838600.0,0.0,0.0
1557600000,Сергіївська,0.0,19537700.0,0.0,0.0,0.0,0.0,0.0,0.0,0.0,0.0,0.0,19537700.0,0.0,0.0
1557700000,Слобідська,0.0,4948600.0,0.0,0.0,0.0,0.0,0.0,0.0,0.0,0.0,267700.0,4948600.0,0.0,267700.0
1551500000,Старокозацька,0.0,38137100.0,0.0,0.0,0.0,0.0,0.0,0.0,0.0,0.0,151100.0,38137100.0,0.0,151100.0
1557800000,Старомаяківська,0.0,9511100.0,0.0,0.0,0.0,0.0,0.0,0.0,0.0,0.0,621200.0,9511100.0,0.0,621200.0
1557900000,Степанівська,0.0,6958500.0,0.0,0.0,0.0,0.0,0.0,0.0,0.0,0.0,0.0,6958500.0,0.0,0.0
1558000000,Стрюківська,0.0,7749900.0,0.0,0.0,0.0,0.0,0.0,0.0,0.0,0.0,0.0,7749900.0,0.0,0.0
1558300000,Татарбунарська,0.0,46983100.0,0.0,0.0,0.0,0.0,0.0,0.0,0.0,0.0,0.0,46983100.0,0.0,0.0
1552500000,Таїровська,0.0,2196100.0,0.0,0.0,0.0,0.0,0.0,0.0,0.0,0.0,23535200.0,2196100.0,0.0,23535200.0
1558400000,Теплицька,0.0,12590300.0,0.0,0.0,0.0,0.0,0.0,0.0,0.0,0.0,651200.0,12590300.0,0.0,651200.0
1558500000,Теплодарська,0.0,22248800.0,0.0,0.0,0.0,0.0,0.0,0.0,0.0,0.0,0.0,22248800.0,0.0,0.0
1550700000,Тузлівська,0.0,5775900.0,0.0,0.0,0.0,0.0,0.0,0.0,0.0,0.0,0.0,5775900.0,0.0,0.0
1558600000,Усатівська,0.0,0.0,0.0,0.0,0.0,0.0,0.0,0.0,0.0,0.0,0.0,0.0,0.0,0.0
1558700000,Успенівська,0.0,15354400.0,0.0,0.0,0.0,0.0,0.0,0.0,0.0,0.0,493300.0,15354400.0,0.0,493300.0
1558800000,Фонтанська,0.0,15835500.0,0.0,0.0,0.0,0.0,0.0,0.0,0.0,0.0,19544700.0,15835500.0,0.0,19544700.0
1552200000,Цебриківська,0.0,12764100.0,0.0,0.0,0.0,0.0,0.0,0.0,0.0,0.0,862400.0,12764100.0,0.0,862400.0
1553300000,Чернівська,0.0,11479700.0,0.0,0.0,0.0,0.0,0.0,0.0,0.0,0.0,82300.0,11479700.0,0.0,82300.0
1553700000,Чогодарівська,0.0,4992200.0,0.0,0.0,0.0,0.0,0.0,0.0,0.0,0.0,388000.0,4992200.0,0.0,388000.0
1558900000,Чорноморська,10294700.0,0.0,0.0,0.0,0.0,0.0,0.0,0.0,0.0,0.0,0.0,0.0,10294700.0,0.0
1551600000,Шабівська,0.0,14198400.0,0.0,0.0,0.0,0.0,0.0,0.0,0.0,0.0,1207800.0,14198400.0,0.0,1207800.0
1551000000,Ширяївська,0.0,17067900.0,0.0,0.0,0.0,0.0,0.0,0.0,0.0,0.0,0.0,17067900.0,0.0,0.0
1551200000,Яськівська,0.0,20670900.0,0.0,0.0,0.0,0.0,0.0,0.0,0.0,0.0,253100.0,20670900.0,0.0,253100.0
1655400000,Білицька,0.0,19479400.0,0.0,0.0,0.0,0.0,0.0,0.0,0.0,0.0,2827400.0,19479400.0,0.0,2827400.0
1650100000,Білоцерківська,2284500.0,0.0,0.0,0.0,0.0,0.0,0.0,0.0,0.0,0.0,711300.0,0.0,2284500.0,711300.0
1651900000,Великобагачанська,0.0,9564000.0,0.0,0.0,0.0,0.0,0.0,0.0,0.0,0.0,1381400.0,9564000.0,0.0,1381400.0
1654800000,Великобудищанська,0.0,3810500.0,0.0,0.0,0.0,0.0,0.0,0.0,0.0,0.0,300600.0,3810500.0,0.0,300600.0
1655500000,Великорублівська,0.0,7750900.0,0.0,0.0,0.0,0.0,0.0,0.0,0.0,0.0,969800.0,7750900.0,0.0,969800.0
1651600000,Великосорочинська,963100.0,0.0,0.0,0.0,0.0,0.0,0.0,0.0,0.0,0.0,770500.0,0.0,963100.0,770500.0
1654500000,Гадяцька,0.0,27949100.0,0.0,0.0,0.0,0.0,0.0,0.0,0.0,0.0,493700.0,27949100.0,0.0,493700.0
1650200000,Глобинська,19890800.0,0.0,0.0,0.0,0.0,0.0,0.0,0.0,0.0,0.0,1330800.0,0.0,19890800.0,1330800.0
1654900000,Гоголівська,0.0,25900.0,0.0,0.0,0.0,0.0,0.0,0.0,0.0,0.0,2901000.0,25900.0,0.0,2901000.0
1654600000,Горішньоплавнівська,106251000.0,0.0,0.0,0.0,0.0,0.0,0.0,0.0,0.0,0.0,7471100.0,0.0,106251000.0,7471100.0
1655600000,Градизька,0.0,25875300.0,0.0,0.0,0.0,0.0,0.0,0.0,0.0,0.0,1602100.0,25875300.0,0.0,1602100.0
1652100000,Гребінківська,0.0,0.0,0.0,0.0,0.0,0.0,0.0,0.0,0.0,0.0,3256400.0,0.0,0.0,3256400.0
1655700000,Диканська,170800.0,0.0,0.0,0.0,0.0,0.0,0.0,0.0,0.0,0.0,136600.0,0.0,170800.0,136600.0
1652600000,Драбинівська,4964100.0,0.0,0.0,0.0,0.0,0.0,0.0,0.0,0.0,0.0,443000.0,0.0,4964100.0,443000.0
1655800000,Заводська,0.0,23533900.0,0.0,0.0,0.0,0.0,0.0,0.0,0.0,0.0,11394900.0,23533900.0,0.0,11394900.0
1655000000,Зіньківська,0.0,15705300.0,0.0,0.0,0.0,0.0,0.0,0.0,0.0,0.0,3037000.0,15705300.0,0.0,3037000.0
1655900000,Кам'янопотоківська,0.0,29167200.0,0.0,0.0,0.0,0.0,0.0,0.0,0.0,0.0,459200.0,29167200.0,0.0,459200.0
1656000000,Карлівська,0.0,8237200.0,0.0,0.0,0.0,0.0,0.0,0.0,0.0,0.0,4981800.0,8237200.0,0.0,4981800.0
1656100000,Кобеляцька,0.0,33208900.0,0.0,0.0,0.0,0.0,0.0,0.0,0.0,0.0,5303900.0,33208900.0,0.0,5303900.0
1653400000,Козельщинська,0.0,8724700.0,0.0,0.0,0.0,0.0,0.0,0.0,0.0,0.0,6748000.0,8724700.0,0.0,6748000.0
1654100000,Коломацька,0.0,8018700.0,0.0,0.0,0.0,0.0,0.0,0.0,0.0,0.0,487700.0,8018700.0,0.0,487700.0
1656200000,Комишнянська,0.0,13603400.0,697400.0,0.0,0.0,0.0,0.0,0.0,0.0,0.0,15863800.0,13603400.0,0.0,16561200.0
1656300000,Котелевська,0.0,2589100.0,0.0,0.0,0.0,0.0,0.0,0.0,0.0,0.0,1385400.0,2589100.0,0.0,1385400.0
1654200000,Краснолуцька,0.0,3989400.0,0.0,0.0,0.0,0.0,0.0,0.0,0.0,0.0,1747200.0,3989400.0,0.0,1747200.0
1656400000,Кременчуцька,211133100.0,0.0,0.0,0.0,0.0,0.0,0.0,0.0,0.0,0.0,19261000.0,0.0,211133100.0,19261000.0
1652200000,Ланнівська,0.0,3382400.0,0.0,0.0,0.0,0.0,0.0,0.0,0.0,0.0,2031100.0,3382400.0,0.0,2031100.0
1652400000,Лохвицька,0.0,8740600.0,0.0,0.0,0.0,0.0,0.0,0.0,0.0,0.0,3107200.0,8740600.0,0.0,3107200.0
1656500000,Лубенська,0.0,17226100.0,0.0,0.0,0.0,0.0,0.0,0.0,0.0,0.0,4742200.0,17226100.0,0.0,4742200.0
1656600000,Лютенська,0.0,5158500.0,0.0,0.0,0.0,0.0,0.0,0.0,0.0,0.0,592100.0,5158500.0,0.0,592100.0
1656700000,Мартинівська,0.0,6590700.0,0.0,0.0,0.0,0.0,0.0,0.0,0.0,0.0,2466400.0,6590700.0,0.0,2466400.0
1653900000,Мачухівська,52051500.0,0.0,0.0,0.0,0.0,0.0,0.0,0.0,0.0,0.0,95321200.0,0.0,52051500.0,95321200.0
1653500000,Машівська,15332600.0,0.0,0.0,0.0,0.0,0.0,0.0,0.0,0.0,0.0,1516600.0,0.0,15332600.0,1516600.0
1656800000,Миргородська,3968000.0,0.0,0.0,0.0,0.0,0.0,0.0,0.0,0.0,0.0,3174400.0,0.0,3968000.0,3174400.0
1653500000,Михайлівська,15332600.0,0.0,0.0,0.0,0.0,0.0,0.0,0.0,0.0,0.0,1516600.0,0.0,15332600.0,1516600.0
1652800000,Нехворощанська,1236700.0,0.0,0.0,0.0,0.0,0.0,0.0,0.0,0.0,0.0,1559900.0,0.0,1236700.0,1559900.0
1653100000,Новогалещинська,0.0,1970800.0,0.0,0.0,0.0,0.0,0.0,0.0,0.0,0.0,802700.0,1970800.0,0.0,802700.0
1655100000,Новооржицька,0.0,11802200.0,0.0,0.0,0.0,0.0,0.0,0.0,0.0,0.0,4335100.0,11802200.0,0.0,4335100.0
1653000000,Новосанжарська,0.0,27723100.0,0.0,0.0,0.0,0.0,0.0,0.0,0.0,0.0,4031800.0,27723100.0,0.0,4031800.0
1654700000,Новоселівська,38631600.0,0.0,0.0,0.0,0.0,0.0,0.0,0.0,0.0,0.0,80328100.0,0.0,38631600.0,80328100.0
1653700000,Оболонська,0.0,7874900.0,0.0,0.0,0.0,0.0,0.0,0.0,0.0,0.0,279800.0,7874900.0,0.0,279800.0
1650500000,Омельницька,0.0,4699800.0,0.0,0.0,0.0,0.0,0.0,0.0,0.0,0.0,0.0,4699800.0,0.0,0.0
1654300000,Опішнянська,0.0,2537700.0,0.0,0.0,0.0,0.0,0.0,0.0,0.0,0.0,5926500.0,2537700.0,0.0,5926500.0
1656900000,Оржицька,0.0,17589000.0,0.0,0.0,0.0,0.0,0.0,0.0,0.0,0.0,96700.0,17589000.0,0.0,96700.0
1653300000,Петрівсько-Роменська,0.0,8969300.0,0.0,0.0,0.0,0.0,0.0,0.0,0.0,0.0,799400.0,8969300.0,0.0,799400.0
1650600000,Пирятинська,0.0,853800.0,0.0,0.0,0.0,0.0,0.0,0.0,0.0,0.0,2479700.0,853800.0,0.0,2479700.0
1657010000,Полтавська,409640700.0,0.0,0.0,0.0,0.0,0.0,0.0,0.0,0.0,0.0,47066400.0,0.0,409640700.0,47066400.0
1650900000,Пришибська,0.0,5281800.0,0.0,0.0,0.0,0.0,0.0,0.0,0.0,0.0,418400.0,5281800.0,0.0,418400.0
1651500000,Решетилівська,0.0,8902900.0,0.0,0.0,0.0,0.0,0.0,0.0,0.0,0.0,1880400.0,8902900.0,0.0,1880400.0
1655300000,Ромоданівська,0.0,9351300.0,0.0,0.0,0.0,0.0,0.0,0.0,0.0,0.0,604600.0,9351300.0,0.0,604600.0
1651000000,Семенівська,0.0,19183300.0,0.0,0.0,0.0,0.0,0.0,0.0,0.0,0.0,0.0,19183300.0,0.0,0.0
1653200000,Сенчанська,0.0,0.0,0.0,0.0,0.0,0.0,0.0,0.0,0.0,0.0,1032400.0,0.0,0.0,1032400.0
1651800000,Сергіївська,0.0,479400.0,0.0,0.0,0.0,0.0,0.0,0.0,0.0,0.0,1724500.0,479400.0,0.0,1724500.0
1651300000,Скороходівська,0.0,14617300.0,0.0,0.0,0.0,0.0,0.0,0.0,0.0,0.0,5238600.0,14617300.0,0.0,5238600.0
1654000000,Терешківська,0.0,19381200.0,0.0,0.0,0.0,0.0,0.0,0.0,0.0,0.0,1502600.0,19381200.0,0.0,1502600.0
1657100000,Хорольська,0.0,9942800.0,0.0,0.0,0.0,0.0,0.0,0.0,0.0,0.0,1848300.0,9942800.0,0.0,1848300.0
1654400000,Чорнухинська,0.0,9063500.0,0.0,0.0,0.0,0.0,0.0,0.0,0.0,0.0,2352400.0,9063500.0,0.0,2352400.0
1657200000,Чутівська,0.0,13895900.0,0.0,0.0,0.0,0.0,0.0,0.0,0.0,0.0,14603600.0,13895900.0,0.0,14603600.0
1651200000,Шишацька,1967400.0,0.0,0.0,0.0,0.0,0.0,0.0,0.0,0.0,0.0,1230300.0,0.0,1967400.0,1230300.0
1653600000,Щербанівська,7930400.0,0.0,0.0,0.0,0.0,0.0,0.0,0.0,0.0,0.0,4057700.0,0.0,7930400.0,4057700.0
1753700000,Антонівська,0.0,16089900.0,0.0,0.0,0.0,0.0,0.0,0.0,0.0,0.0,1444900.0,16089900.0,0.0,1444900.0
1750100000,Бабинська,0.0,13171000.0,0.0,0.0,0.0,0.0,0.0,0.0,0.0,0.0,95100.0,13171000.0,0.0,95100.0
1754700000,Березнівська,0.0,98652900.0,0.0,0.0,0.0,0.0,0.0,0.0,0.0,0.0,0.0,98652900.0,0.0,0.0
1754600000,Березівська,0.0,30743000.0,0.0,0.0,0.0,0.0,0.0,0.0,0.0,0.0,0.0,30743000.0,0.0,0.0
1751900000,Бокіймівська,0.0,14378500.0,0.0,0.0,0.0,0.0,0.0,0.0,0.0,0.0,2402600.0,14378500.0,0.0,2402600.0
1751600000,Боремельська,0.0,7872800.0,0.0,0.0,0.0,0.0,0.0,0.0,0.0,0.0,414200.0,7872800.0,0.0,414200.0
1750200000,Бугринська,0.0,11245100.0,0.0,0.0,0.0,0.0,0.0,0.0,0.0,0.0,0.0,11245100.0,0.0,0.0
1754800000,Білокриницька,0.0,19487300.0,0.0,0.0,0.0,0.0,0.0,0.0,0.0,0.0,0.0,19487300.0,0.0,0.0
1753200000,Вараська,167495600.0,0.0,0.0,0.0,0.0,0.0,0.0,0.0,0.0,0.0,0.0,0.0,167495600.0,0.0
1754900000,Варковицька,0.0,10287700.0,0.0,0.0,0.0,0.0,0.0,0.0,0.0,0.0,406400.0,10287700.0,0.0,406400.0
1755000000,Великомежиріцька,0.0,21448500.0,0.0,0.0,0.0,0.0,0.0,0.0,0.0,0.0,99700.0,21448500.0,0.0,99700.0
1753800000,Великоомелянська,0.0,4761700.0,0.0,0.0,0.0,0.0,0.0,0.0,0.0,0.0,0.0,4761700.0,0.0,0.0
1755100000,Вербська,6884600.0,0.0,0.0,0.0,0.0,0.0,0.0,0.0,0.0,0.0,1721300.0,0.0,6884600.0,1721300.0
1753900000,Вирівська,0.0,25386600.0,0.0,0.0,0.0,0.0,0.0,0.0,0.0,0.0,3314700.0,25386600.0,0.0,3314700.0
1751200000,Висоцька,0.0,6371000.0,0.0,0.0,0.0,0.0,0.0,0.0,0.0,0.0,389800.0,6371000.0,0.0,389800.0
1755200000,Володимирецька,0.0,32620100.0,0.0,0.0,0.0,0.0,0.0,0.0,0.0,0.0,0.0,32620100.0,0.0,0.0
1754000000,Головинська,0.0,17510100.0,0.0,0.0,0.0,0.0,0.0,0.0,0.0,0.0,1263800.0,17510100.0,0.0,1263800.0
1755300000,Городоцька,19439000.0,0.0,0.0,0.0,0.0,0.0,0.0,0.0,0.0,0.0,0.0,0.0,19439000.0,0.0
1755400000,Гощанська,0.0,30378800.0,0.0,0.0,0.0,0.0,0.0,0.0,0.0,0.0,0.0,30378800.0,0.0,0.0
1752400000,Демидівська,0.0,20176800.0,0.0,0.0,0.0,0.0,0.0,0.0,0.0,0.0,2612500.0,20176800.0,0.0,2612500.0
1751700000,Деражненська,0.0,15063700.0,0.0,0.0,0.0,0.0,0.0,0.0,0.0,0.0,0.0,15063700.0,0.0,0.0
1755500000,Дубенська,8273100.0,0.0,0.0,0.0,0.0,0.0,0.0,0.0,0.0,0.0,0.0,0.0,8273100.0,0.0
1755600000,Дубровицька,0.0,76330300.0,0.0,0.0,0.0,0.0,0.0,0.0,0.0,0.0,0.0,76330300.0,0.0,0.0
1752900000,Дядьковицька,0.0,9817300.0,0.0,0.0,0.0,0.0,0.0,0.0,0.0,0.0,0.0,9817300.0,0.0,0.0
1755700000,Зарічненська,0.0,59949300.0,0.0,0.0,0.0,0.0,0.0,0.0,0.0,0.0,0.0,59949300.0,0.0,0.0
1755800000,Здовбицька,0.0,24192400.0,0.0,0.0,0.0,0.0,0.0,0.0,0.0,0.0,906400.0,24192400.0,0.0,906400.0
1755900000,Здолбунівська,0.0,6752600.0,0.0,0.0,0.0,0.0,0.0,0.0,0.0,0.0,4818700.0,6752600.0,0.0,4818700.0
1756000000,Зорянська,0.0,15799100.0,0.0,0.0,0.0,0.0,0.0,0.0,0.0,0.0,1438700.0,15799100.0,0.0,1438700.0
1754100000,Каноницька,0.0,18394100.0,0.0,0.0,0.0,0.0,0.0,0.0,0.0,0.0,165400.0,18394100.0,0.0,165400.0
1752200000,Клеванська,14150500.0,0.0,0.0,0.0,0.0,0.0,0.0,0.0,0.0,0.0,0.0,0.0,14150500.0,0.0
1750300000,Клесівська,0.0,2749600.0,0.0,0.0,0.0,0.0,0.0,0.0,0.0,0.0,9042600.0,2749600.0,0.0,9042600.0
1751400000,Козинська,0.0,10236800.0,0.0,0.0,0.0,0.0,0.0,0.0,0.0,0.0,0.0,10236800.0,0.0,0.0
1756100000,Корецька,0.0,47612700.0,0.0,0.0,0.0,0.0,0.0,0.0,0.0,0.0,0.0,47612700.0,0.0,0.0
1753000000,Корнинська,0.0,17046000.0,0.0,0.0,0.0,0.0,0.0,0.0,0.0,0.0,0.0,17046000.0,0.0,0.0
1756200000,Костопільська,0.0,15685700.0,0.0,0.0,0.0,0.0,0.0,0.0,0.0,0.0,0.0,15685700.0,0.0,0.0
1750700000,Крупецька,0.0,6946400.0,0.0,0.0,0.0,0.0,0.0,0.0,0.0,0.0,0.0,6946400.0,0.0,0.0
1751000000,Локницька,0.0,14321400.0,0.0,0.0,0.0,0.0,0.0,0.0,0.0,0.0,20300.0,14321400.0,0.0,20300.0
1753600000,Малинська,0.0,13212700.0,0.0,0.0,0.0,0.0,0.0,0.0,0.0,0.0,1288400.0,13212700.0,0.0,1288400.0
1752500000,Малолюбашанська,81832700.0,0.0,0.0,0.0,0.0,0.0,0.0,0.0,0.0,0.0,117174400.0,0.0,81832700.0,117174400.0
1750400000,Миляцька,0.0,12666500.0,0.0,0.0,0.0,0.0,0.0,0.0,0.0,0.0,47600.0,12666500.0,0.0,47600.0
1750900000,Мирогощанська,0.0,15297000.0,0.0,0.0,0.0,0.0,0.0,0.0,0.0,0.0,0.0,15297000.0,0.0,0.0
1751500000,Млинівська,0.0,0.0,0.0,0.0,0.0,0.0,0.0,0.0,0.0,0.0,0.0,0.0,0.0,0.0
1756300000,Мізоцька,0.0,37530100.0,0.0,0.0,0.0,0.0,0.0,0.0,0.0,0.0,0.0,37530100.0,0.0,0.0
1752300000,Немовицька,0.0,21288700.0,0.0,0.0,0.0,0.0,0.0,0.0,0.0,0.0,2843000.0,21288700.0,0.0,2843000.0
1752600000,Олександрійська,6581300.0,0.0,0.0,0.0,0.0,0.0,0.0,0.0,0.0,0.0,0.0,0.0,6581300.0,0.0
1751800000,Острожецька,0.0,6926600.0,0.0,0.0,0.0,0.0,0.0,0.0,0.0,0.0,2569100.0,6926600.0,0.0,2569100.0
1753400000,Острозька,0.0,83917700.0,0.0,0.0,0.0,0.0,0.0,0.0,0.0,0.0,0.0,83917700.0,0.0,0.0
1752800000,Повчанська,0.0,7313000.0,0.0,0.0,0.0,0.0,0.0,0.0,0.0,0.0,598400.0,7313000.0,0.0,598400.0
1754300000,Полицька,0.0,11514300.0,0.0,0.0,0.0,0.0,0.0,0.0,0.0,0.0,1521500.0,11514300.0,0.0,1521500.0
1750800000,Привільненська,0.0,0.0,0.0,0.0,0.0,0.0,0.0,0.0,0.0,0.0,0.0,0.0,0.0,0.0
1750500000,Підлозцівська,0.0,3455900.0,0.0,0.0,0.0,0.0,0.0,0.0,0.0,0.0,705500.0,3455900.0,0.0,705500.0
1750600000,Радивилівська,0.0,0.0,0.0,0.0,0.0,0.0,0.0,0.0,0.0,0.0,8218200.0,0.0,0.0,8218200.0
1754400000,Рафалівська,0.0,17970200.0,0.0,0.0,0.0,0.0,0.0,0.0,0.0,0.0,207200.0,17970200.0,0.0,207200.0
1756500000,Рокитнівська,0.0,75682000.0,0.0,0.0,0.0,0.0,0.0,0.0,0.0,0.0,1806800.0,75682000.0,0.0,1806800.0
1756400000,Рівненська,160733100.0,0.0,0.0,0.0,0.0,0.0,0.0,0.0,0.0,0.0,0.0,0.0,160733100.0,0.0
1756600000,Сарненська,0.0,70067400.0,0.0,0.0,0.0,0.0,0.0,0.0,0.0,0.0,0.0,70067400.0,0.0,0.0
1754500000,Семидубська,0.0,0.0,0.0,0.0,0.0,0.0,0.0,0.0,0.0,0.0,6338700.0,0.0,0.0,6338700.0
1751100000,Смизька,13500700.0,0.0,0.0,0.0,0.0,0.0,0.0,0.0,0.0,0.0,3374800.0,0.0,13500700.0,3374800.0
1756700000,Соснівська,0.0,9159300.0,0.0,0.0,0.0,0.0,0.0,0.0,0.0,0.0,3209400.0,9159300.0,0.0,3209400.0
1753100000,Старосільська,0.0,18534100.0,0.0,0.0,0.0,0.0,0.0,0.0,0.0,0.0,170900.0,18534100.0,0.0,170900.0
1753500000,Степанська,0.0,18382000.0,0.0,0.0,0.0,0.0,0.0,0.0,0.0,0.0,18900.0,18382000.0,0.0,18900.0
1752000000,Тараканівська,0.0,17136600.0,0.0,0.0,0.0,0.0,0.0,0.0,0.0,0.0,1018200.0,17136600.0,0.0,1018200.0
1752700000,Шпанівська,0.0,23060300.0,0.0,0.0,0.0,0.0,0.0,0.0,0.0,0.0,0.0,23060300.0,0.0,0.0
1752100000,Ярославицька,0.0,3969200.0,0.0,0.0,0.0,0.0,0.0,0.0,0.0,0.0,3094800.0,3969200.0,0.0,3094800.0
1852900000,Андріяшівська,0.0,8512000.0,0.0,0.0,0.0,0.0,0.0,0.0,0.0,0.0,8310500.0,8512000.0,0.0,8310500.0
1850900000,Бездрицька,0.0,6061200.0,0.0,0.0,0.0,0.0,0.0,0.0,0.0,0.0,197700.0,6061200.0,0.0,197700.0
1850100000,Березівська,0.0,6825900.0,0.0,0.0,0.0,0.0,0.0,0.0,0.0,0.0,575000.0,6825900.0,0.0,575000.0
1851000000,Боромлянська,0.0,0.0,0.0,0.0,0.0,0.0,0.0,0.0,0.0,0.0,10270400.0,0.0,0.0,10270400.0
1851800000,Бочечківська,0.0,2197400.0,0.0,0.0,0.0,0.0,0.0,0.0,0.0,0.0,0.0,2197400.0,0.0,0.0
1851900000,Буринська,0.0,35866000.0,0.0,0.0,0.0,0.0,0.0,0.0,0.0,0.0,2791000.0,35866000.0,0.0,2791000.0
1853500000,Білопільська,0.0,31832500.0,0.0,0.0,0.0,0.0,0.0,0.0,0.0,0.0,0.0,31832500.0,0.0,0.0
1853900000,Великописарівська,0.0,0.0,0.0,0.0,0.0,0.0,0.0,0.0,0.0,0.0,783000.0,0.0,0.0,783000.0
1852700000,Верхньосироватська,0.0,14968900.0,0.0,0.0,0.0,0.0,0.0,0.0,0.0,0.0,3080500.0,14968900.0,0.0,3080500.0
1854000000,Ворожбянська,0.0,19392800.0,0.0,0.0,0.0,0.0,0.0,0.0,0.0,0.0,85000.0,19392800.0,0.0,85000.0
1851500000,Вільшанська,0.0,8936800.0,0.0,0.0,0.0,0.0,0.0,0.0,0.0,0.0,3615800.0,8936800.0,0.0,3615800.0
1854100000,Глухівська,0.0,0.0,0.0,0.0,0.0,0.0,0.0,0.0,0.0,0.0,13682800.0,0.0,0.0,13682800.0
1851100000,Грунська,0.0,13304600.0,0.0,0.0,0.0,0.0,0.0,0.0,0.0,0.0,4687100.0,13304600.0,0.0,4687100.0
1852000000,Дубов'язівська,0.0,4803700.0,0.0,0.0,0.0,0.0,0.0,0.0,0.0,0.0,0.0,4803700.0,0.0,0.0
1854200000,Есманьська,0.0,1553700.0,0.0,0.0,0.0,0.0,0.0,0.0,0.0,0.0,294100.0,1553700.0,0.0,294100.0
1850300000,Зноб-Новгородська,0.0,6275600.0,0.0,0.0,0.0,0.0,0.0,0.0,0.0,0.0,1358800.0,6275600.0,0.0,1358800.0
1850400000,Кириківська,0.0,13832100.0,0.0,0.0,0.0,0.0,0.0,0.0,0.0,0.0,2524500.0,13832100.0,0.0,2524500.0
1852200000,Комишанська,9645100.0,0.0,0.0,0.0,0.0,0.0,0.0,0.0,0.0,0.0,1178300.0,0.0,9645100.0,1178300.0
1853400000,Конотопська,3240400.0,0.0,0.0,0.0,0.0,0.0,0.0,0.0,0.0,0.0,0.0,0.0,3240400.0,0.0
1852100000,Коровинська,0.0,8175500.0,0.0,0.0,0.0,0.0,0.0,0.0,0.0,0.0,0.0,8175500.0,0.0,0.0
1851700000,Краснопільська,0.0,15637100.0,0.0,0.0,0.0,0.0,0.0,0.0,0.0,0.0,1461900.0,15637100.0,0.0,1461900.0
1851600000,Кролевецька,0.0,55062400.0,0.0,0.0,0.0,0.0,0.0,0.0,0.0,0.0,10753600.0,55062400.0,0.0,10753600.0
1854300000,Лебединська,0.0,69079500.0,0.0,0.0,0.0,0.0,0.0,0.0,0.0,0.0,0.0,69079500.0,0.0,0.0
1853200000,Липоводолинська,0.0,0.0,0.0,0.0,0.0,0.0,0.0,0.0,0.0,0.0,0.0,0.0,0.0,0.0
1851200000,Миколаївська,55384900.0,0.0,0.0,0.0,0.0,0.0,0.0,0.0,0.0,0.0,13846300.0,0.0,55384900.0,13846300.0
1851300000,Миропільська,0.0,6064800.0,0.0,0.0,0.0,0.0,0.0,0.0,0.0,0.0,0.0,6064800.0,0.0,0.0
1850600000,Недригайлівська,0.0,15576200.0,0.0,0.0,0.0,0.0,0.0,0.0,0.0,0.0,3604500.0,15576200.0,0.0,3604500.0
1851400000,Нижньосироватська,0.0,13655300.0,0.0,0.0,0.0,0.0,0.0,0.0,0.0,0.0,0.0,13655300.0,0.0,0.0
1852400000,Новослобідська,0.0,4967200.0,0.0,0.0,0.0,0.0,0.0,0.0,0.0,0.0,845400.0,4967200.0,0.0,845400.0
1853700000,Охтирська,1597300.0,0.0,0.0,0.0,0.0,0.0,0.0,0.0,0.0,0.0,0.0,0.0,1597300.0,0.0
1854400000,Попівська,0.0,0.0,0.0,0.0,0.0,0.0,0.0,0.0,0.0,0.0,0.0,0.0,0.0,0.0
1853800000,Путивльська,0.0,38768100.0,0.0,0.0,0.0,0.0,0.0,0.0,0.0,0.0,684400.0,38768100.0,0.0,684400.0
1854500000,Роменська,0.0,0.0,0.0,0.0,0.0,0.0,0.0,0.0,0.0,0.0,0.0,0.0,0.0,0.0
1853300000,Річківська,0.0,7100000.0,0.0,0.0,0.0,0.0,0.0,0.0,0.0,0.0,1894500.0,7100000.0,0.0,1894500.0
1854600000,Садівська,0.0,11429400.0,0.0,0.0,0.0,0.0,0.0,0.0,0.0,0.0,10909300.0,11429400.0,0.0,10909300.0
1854700000,Свеська,0.0,17049400.0,0.0,0.0,0.0,0.0,0.0,0.0,0.0,0.0,1282000.0,17049400.0,0.0,1282000.0
1854800000,Середино-Будська,0.0,9954200.0,0.0,0.0,0.0,0.0,0.0,0.0,0.0,0.0,10289000.0,9954200.0,0.0,10289000.0
1853600000,Синівська,0.0,7000700.0,0.0,0.0,0.0,0.0,0.0,0.0,0.0,0.0,435500.0,7000700.0,0.0,435500.0
1852500000,Степанівська,0.0,0.0,0.0,0.0,0.0,0.0,0.0,0.0,0.0,0.0,1012800.0,0.0,0.0,1012800.0
1853100000,Сумська,126998500.0,0.0,0.0,0.0,0.0,0.0,0.0,0.0,0.0,0.0,7344000.0,0.0,126998500.0,7344000.0
1852600000,Тростянецька,0.0,5389700.0,0.0,0.0,0.0,0.0,0.0,0.0,0.0,0.0,0.0,5389700.0,0.0,0.0
1854900000,Хмелівська,0.0,11134300.0,0.0,0.0,0.0,0.0,0.0,0.0,0.0,0.0,806700.0,11134300.0,0.0,806700.0
1850700000,Хотінська,0.0,0.0,0.0,0.0,0.0,0.0,0.0,0.0,0.0,0.0,0.0,0.0,0.0,0.0
1850200000,Хутір-Михайлівська,1755900.0,0.0,0.0,0.0,0.0,0.0,0.0,0.0,0.0,0.0,316000.0,0.0,1755900.0,316000.0
1852300000,Чернеччинська,593900.0,0.0,0.0,0.0,0.0,0.0,0.0,0.0,0.0,0.0,475100.0,0.0,593900.0,475100.0
1852800000,Чупахівська,0.0,14429400.0,0.0,0.0,0.0,0.0,0.0,0.0,0.0,0.0,2112200.0,14429400.0,0.0,2112200.0
1850800000,Шалигинська,461300.0,0.0,0.0,0.0,0.0,0.0,0.0,0.0,0.0,0.0,822200.0,0.0,461300.0,822200.0
1853000000,Шосткинська,0.0,30022900.0,0.0,0.0,0.0,0.0,0.0,0.0,0.0,0.0,0.0,30022900.0,0.0,0.0
1855000000,Юнаківська,0.0,3693600.0,0.0,0.0,0.0,0.0,0.0,0.0,0.0,0.0,669300.0,3693600.0,0.0,669300.0
1851300000,Ямпільська,0.0,6064800.0,0.0,0.0,0.0,0.0,0.0,0.0,0.0,0.0,0.0,6064800.0,0.0,0.0
1955900000,Іване-Пустенська,0.0,13547300.0,0.0,0.0,0.0,0.0,0.0,0.0,0.0,0.0,943400.0,13547300.0,0.0,943400.0
1950900000,Іванівська,0.0,3894500.0,0.0,0.0,0.0,0.0,0.0,0.0,0.0,0.0,202600.0,3894500.0,0.0,202600.0
1950100000,Байковецька,32972700.0,0.0,0.0,0.0,0.0,0.0,0.0,0.0,0.0,0.0,0.0,0.0,32972700.0,0.0
1954800000,Бережанська,0.0,18645200.0,0.0,0.0,0.0,0.0,0.0,0.0,0.0,0.0,0.0,18645200.0,0.0,0.0
1953200000,Борсуківська,0.0,12735700.0,0.0,0.0,0.0,0.0,0.0,0.0,0.0,0.0,375400.0,12735700.0,0.0,375400.0
1952700000,Борщівська,0.0,55310000.0,0.0,0.0,0.0,0.0,0.0,0.0,0.0,0.0,0.0,55310000.0,0.0,0.0
1955500000,Бучацька,0.0,71522600.0,0.0,0.0,0.0,0.0,0.0,0.0,0.0,0.0,0.0,71522600.0,0.0,0.0
1954300000,Білецька,39457200.0,0.0,0.0,0.0,0.0,0.0,0.0,0.0,0.0,0.0,9864300.0,0.0,39457200.0,9864300.0
1950200000,Білобожницька,0.0,2613900.0,0.0,0.0,0.0,0.0,0.0,0.0,0.0,0.0,0.0,2613900.0,0.0,0.0
1953100000,Більче-Золотецька,0.0,8579400.0,0.0,0.0,0.0,0.0,0.0,0.0,0.0,0.0,164100.0,8579400.0,0.0,164100.0
1950300000,Васильковецька,0.0,16099800.0,0.0,0.0,0.0,0.0,0.0,0.0,0.0,0.0,200700.0,16099800.0,0.0,200700.0
1955600000,Великоберезовицька,0.0,31055200.0,0.0,0.0,0.0,0.0,0.0,0.0,0.0,0.0,762300.0,31055200.0,0.0,762300.0
1955000000,Великобірківська,0.0,0.0,0.0,0.0,0.0,0.0,0.0,0.0,0.0,0.0,0.0,0.0,0.0,0.0
1950400000,Великогаївська,12786500.0,0.0,0.0,0.0,0.0,0.0,0.0,0.0,0.0,0.0,0.0,0.0,12786500.0,0.0
1953300000,Великодедеркальська,0.0,15307400.0,0.0,0.0,0.0,0.0,0.0,0.0,0.0,0.0,0.0,15307400.0,0.0,0.0
1952800000,Вишнівецька,0.0,41752700.0,0.0,0.0,0.0,0.0,0.0,0.0,0.0,0.0,4010100.0,41752700.0,0.0,4010100.0
1952900000,Гримайлівська,0.0,19853200.0,0.0,0.0,0.0,0.0,0.0,0.0,0.0,0.0,1066000.0,19853200.0,0.0,1066000.0
1950500000,Гусятинська,0.0,13262000.0,0.0,0.0,0.0,0.0,0.0,0.0,0.0,0.0,0.0,13262000.0,0.0,0.0
1950600000,Заводська,0.0,14688100.0,0.0,0.0,0.0,0.0,0.0,0.0,0.0,0.0,0.0,14688100.0,0.0,0.0
1953000000,Залозецька,0.0,26757200.0,0.0,0.0,0.0,0.0,0.0,0.0,0.0,0.0,62800.0,26757200.0,0.0,62800.0
1955700000,Заліщицька,0.0,41938200.0,0.0,0.0,0.0,0.0,0.0,0.0,0.0,0.0,0.0,41938200.0,0.0,0.0
1955800000,Збаразька,0.0,60258900.0,0.0,0.0,0.0,0.0,0.0,0.0,0.0,0.0,0.0,60258900.0,0.0,0.0
1954000000,Зборівська,0.0,15134600.0,0.0,0.0,0.0,0.0,0.0,0.0,0.0,0.0,5626600.0,15134600.0,0.0,5626600.0
1950700000,Золотниківська,0.0,15407100.0,0.0,0.0,0.0,0.0,0.0,0.0,0.0,0.0,575200.0,15407100.0,0.0,575200.0
1950800000,Золотопотіцька,0.0,36461000.0,0.0,0.0,0.0,0.0,0.0,0.0,0.0,0.0,834500.0,36461000.0,0.0,834500.0
1951000000,Козлівська,0.0,9293200.0,0.0,0.0,0.0,0.0,0.0,0.0,0.0,0.0,0.0,9293200.0,0.0,0.0
1956000000,Козівська,0.0,22405000.0,0.0,0.0,0.0,0.0,0.0,0.0,0.0,0.0,1581700.0,22405000.0,0.0,1581700.0
1951100000,Колиндянська,0.0,16396500.0,0.0,0.0,0.0,0.0,0.0,0.0,0.0,0.0,0.0,16396500.0,0.0,0.0
1954400000,Копичинецька,0.0,28625200.0,0.0,0.0,0.0,0.0,0.0,0.0,0.0,0.0,0.0,28625200.0,0.0,0.0
1951300000,Коропецька,0.0,16684000.0,0.0,0.0,0.0,0.0,0.0,0.0,0.0,0.0,15900.0,16684000.0,0.0,15900.0
1956100000,Кременецька,0.0,45925800.0,0.0,0.0,0.0,0.0,0.0,0.0,0.0,0.0,0.0,45925800.0,0.0,0.0
1954500000,Купчинецька,0.0,7228900.0,0.0,0.0,0.0,0.0,0.0,0.0,0.0,0.0,917400.0,7228900.0,0.0,917400.0
1953800000,Лановецька,0.0,34464000.0,0.0,0.0,0.0,0.0,0.0,0.0,0.0,0.0,0.0,34464000.0,0.0,0.0
1951400000,Лопушненська,0.0,13571700.0,0.0,0.0,0.0,0.0,0.0,0.0,0.0,0.0,1893400.0,13571700.0,0.0,1893400.0
1951500000,Мельнице-Подільська,0.0,44113800.0,0.0,0.0,0.0,0.0,0.0,0.0,0.0,0.0,0.0,44113800.0,0.0,0.0
1951600000,Микулинецька,0.0,35748000.0,0.0,0.0,0.0,0.0,0.0,0.0,0.0,0.0,173800.0,35748000.0,0.0,173800.0
1954600000,Монастириська,0.0,32070600.0,0.0,0.0,0.0,0.0,0.0,0.0,0.0,0.0,0.0,32070600.0,0.0,0.0
1956200000,Нагірянська,0.0,20821500.0,0.0,0.0,0.0,0.0,0.0,0.0,0.0,0.0,0.0,20821500.0,0.0,0.0
1955300000,Нараївська,0.0,16528600.0,0.0,0.0,0.0,0.0,0.0,0.0,0.0,0.0,364500.0,16528600.0,0.0,364500.0
1951800000,Озернянська,0.0,12569200.0,0.0,0.0,0.0,0.0,0.0,0.0,0.0,0.0,385000.0,12569200.0,0.0,385000.0
1952100000,Почаївська,0.0,41739600.0,0.0,0.0,0.0,0.0,0.0,0.0,0.0,0.0,2032600.0,41739600.0,0.0,2032600.0
1952000000,Підволочиська,0.0,24090300.0,0.0,0.0,0.0,0.0,0.0,0.0,0.0,0.0,0.0,24090300.0,0.0,0.0
1956300000,Підгаєцька,0.0,3906700.0,0.0,0.0,0.0,0.0,0.0,0.0,0.0,0.0,18000.0,3906700.0,0.0,18000.0
1956400000,Підгородненська,0.0,14853100.0,0.0,0.0,0.0,0.0,0.0,0.0,0.0,0.0,23300.0,14853100.0,0.0,23300.0
1953700000,Саранчуківська,0.0,15401200.0,0.0,0.0,0.0,0.0,0.0,0.0,0.0,0.0,759600.0,15401200.0,0.0,759600.0
1952200000,Скала-Подільська,0.0,21539800.0,0.0,0.0,0.0,0.0,0.0,0.0,0.0,0.0,1120900.0,21539800.0,0.0,1120900.0
1952300000,Скалатська,0.0,23479200.0,0.0,0.0,0.0,0.0,0.0,0.0,0.0,0.0,1060800.0,23479200.0,0.0,1060800.0
1952400000,Скориківська,0.0,9922700.0,0.0,0.0,0.0,0.0,0.0,0.0,0.0,0.0,0.0,9922700.0,0.0,0.0
1952500000,Теребовлянська,0.0,0.0,0.0,0.0,0.0,0.0,0.0,0.0,0.0,0.0,405200.0,0.0,0.0,405200.0
1954900000,Тернопільська,162700600.0,0.0,0.0,0.0,0.0,0.0,0.0,0.0,0.0,0.0,15808600.0,0.0,162700600.0,15808600.0
1954200000,Товстенська,0.0,42551000.0,0.0,0.0,0.0,0.0,0.0,0.0,0.0,0.0,0.0,42551000.0,0.0,0.0
1953500000,Трибухівська,0.0,3253200.0,0.0,0.0,0.0,0.0,0.0,0.0,0.0,0.0,0.0,3253200.0,0.0,0.0
1953900000,Хоростківська,0.0,20012000.0,0.0,0.0,0.0,0.0,0.0,0.0,0.0,0.0,0.0,20012000.0,0.0,0.0
1955400000,Чортківська,0.0,0.0,0.0,0.0,0.0,0.0,0.0,0.0,0.0,0.0,9826500.0,0.0,0.0,9826500.0
1952600000,Шумська,0.0,33531800.0,0.0,0.0,0.0,0.0,0.0,0.0,0.0,0.0,0.0,33531800.0,0.0,0.0
0253300000,Іванівська,0.0,0.0,0.0,0.0,0.0,0.0,0.0,0.0,0.0,0.0,0.0,0.0,0.0,0.0
0250300000,Іллінецька,1750400.0,0.0,0.0,0.0,0.0,0.0,0.0,0.0,0.0,0.0,1400300.0,0.0,1750400.0,1400300.0
0254700000,Агрономічна,0.0,13086200.0,0.0,0.0,0.0,0.0,0.0,0.0,0.0,0.0,16600.0,13086200.0,0.0,16600.0
0251400000,Бабчинецька,0.0,13027300.0,0.0,0.0,0.0,0.0,0.0,0.0,0.0,0.0,395600.0,13027300.0,0.0,395600.0
0250500000,Барська,0.0,8821700.0,0.0,0.0,0.0,0.0,0.0,0.0,0.0,0.0,2417300.0,8821700.0,0.0,2417300.0
0254800000,Бершадська,0.0,76808500.0,0.0,0.0,0.0,0.0,0.0,0.0,0.0,0.0,349000.0,76808500.0,0.0,349000.0
0252900000,Брацлавська,0.0,20709500.0,0.0,0.0,0.0,0.0,0.0,0.0,0.0,0.0,0.0,20709500.0,0.0,0.0
0250400000,Вапнярська,0.0,11901300.0,0.0,0.0,0.0,0.0,0.0,0.0,0.0,0.0,1905500.0,11901300.0,0.0,1905500.0
0254900000,Вендичанська,0.0,32263800.0,0.0,0.0,0.0,0.0,0.0,0.0,0.0,0.0,5466000.0,32263800.0,0.0,5466000.0
0250800000,Вороновицька,0.0,27870300.0,0.0,0.0,0.0,0.0,0.0,0.0,0.0,0.0,4945100.0,27870300.0,0.0,4945100.0
0253600000,Вінницька,388584200.0,0.0,0.0,0.0,0.0,0.0,0.0,0.0,0.0,0.0,10995700.0,0.0,388584200.0,10995700.0
0255000000,Гайсинська,209989900.0,0.0,0.0,0.0,0.0,0.0,0.0,0.0,0.0,0.0,52744900.0,0.0,209989900.0,52744900.0
0252700000,Глуховецька,0.0,12919600.0,0.0,0.0,0.0,0.0,0.0,0.0,0.0,0.0,7782700.0,12919600.0,0.0,7782700.0
0253300000,Гніванська,0.0,0.0,0.0,0.0,0.0,0.0,0.0,0.0,0.0,0.0,0.0,0.0,0.0,0.0
0255100000,Городківська,0.0,14809300.0,0.0,0.0,0.0,0.0,0.0,0.0,0.0,0.0,308600.0,14809300.0,0.0,308600.0
0250900000,Дашівська,0.0,33378100.0,0.0,0.0,0.0,0.0,0.0,0.0,0.0,0.0,2715100.0,33378100.0,0.0,2715100.0
0251600000,Джулинська,0.0,29292800.0,0.0,0.0,0.0,0.0,0.0,0.0,0.0,0.0,719400.0,29292800.0,0.0,719400.0
0255200000,Джуринська,0.0,34396600.0,0.0,0.0,0.0,0.0,0.0,0.0,0.0,0.0,268900.0,34396600.0,0.0,268900.0
0250900000,Жданівська,0.0,33378100.0,0.0,0.0,0.0,0.0,0.0,0.0,0.0,0.0,2715100.0,33378100.0,0.0,2715100.0
0254200000,Жмеринська,0.0,0.0,0.0,0.0,0.0,0.0,0.0,0.0,0.0,0.0,0.0,0.0,0.0,0.0
0250100000,Калинівська,32949200.0,0.0,0.0,0.0,0.0,0.0,0.0,0.0,0.0,0.0,0.0,0.0,32949200.0,0.0
0255300000,Козятинська,10917600.0,0.0,0.0,0.0,0.0,0.0,0.0,0.0,0.0,0.0,797800.0,0.0,10917600.0,797800.0
0255400000,Копайгородська,0.0,20391400.0,0.0,0.0,0.0,0.0,0.0,0.0,0.0,0.0,927300.0,20391400.0,0.0,927300.0
0255500000,Краснопільська,0.0,9302100.0,0.0,0.0,0.0,0.0,0.0,0.0,0.0,0.0,1469200.0,9302100.0,0.0,1469200.0
0255500000,Крижопільська,0.0,9302100.0,0.0,0.0,0.0,0.0,0.0,0.0,0.0,0.0,1469200.0,9302100.0,0.0,1469200.0
0252400000,Кунківська,11411300.0,0.0,0.0,0.0,0.0,0.0,0.0,0.0,0.0,0.0,3407900.0,0.0,11411300.0,3407900.0
0255600000,Ладижинська,64730900.0,0.0,0.0,0.0,0.0,0.0,0.0,0.0,0.0,0.0,961000.0,0.0,64730900.0,961000.0
0255700000,Липовецька,0.0,14462300.0,0.0,0.0,0.0,0.0,0.0,0.0,0.0,0.0,3017100.0,14462300.0,0.0,3017100.0
0253000000,Лука-Мелешківська,0.0,21254000.0,0.0,0.0,0.0,0.0,0.0,0.0,0.0,0.0,0.0,21254000.0,0.0,0.0
0254100000,Літинська,0.0,19706800.0,0.0,0.0,0.0,0.0,0.0,0.0,0.0,0.0,1128600.0,19706800.0,0.0,1128600.0
0254600000,Махнівська,0.0,16353000.0,0.0,0.0,0.0,0.0,0.0,0.0,0.0,0.0,3082200.0,16353000.0,0.0,3082200.0
0255800000,Могилів-Подільська,20626300.0,0.0,0.0,0.0,0.0,0.0,0.0,0.0,0.0,0.0,44204400.0,0.0,20626300.0,44204400.0
0252200000,Мурафська,0.0,26804900.0,0.0,0.0,0.0,0.0,0.0,0.0,0.0,0.0,1732900.0,26804900.0,0.0,1732900.0
0255900000,Мурованокуриловецька,0.0,34839600.0,0.0,0.0,0.0,0.0,0.0,0.0,0.0,0.0,2613800.0,34839600.0,0.0,2613800.0
0250600000,Немирівська,0.0,27648200.0,0.0,0.0,0.0,0.0,0.0,0.0,0.0,0.0,0.0,27648200.0,0.0,0.0
0256000000,Ободівська,0.0,22474200.0,0.0,0.0,0.0,0.0,0.0,0.0,0.0,0.0,567900.0,22474200.0,0.0,567900.0
0256100000,Ольгопільська,0.0,15653000.0,0.0,0.0,0.0,0.0,0.0,0.0,0.0,0.0,1019800.0,15653000.0,0.0,1019800.0
0251000000,Оратівська,0.0,18134500.0,0.0,0.0,0.0,0.0,0.0,0.0,0.0,0.0,7803100.0,18134500.0,0.0,7803100.0
0256300000,Погребищенська,0.0,41985300.0,0.0,0.0,0.0,0.0,0.0,0.0,0.0,0.0,10963600.0,41985300.0,0.0,10963600.0
0256200000,Піщанська,0.0,16786600.0,0.0,0.0,0.0,0.0,0.0,0.0,0.0,0.0,2591600.0,16786600.0,0.0,2591600.0
0251900000,Райгородська,0.0,14949300.0,0.0,0.0,0.0,0.0,0.0,0.0,0.0,0.0,917400.0,14949300.0,0.0,917400.0
0256400000,Самгородоцька,0.0,8734800.0,0.0,0.0,0.0,0.0,0.0,0.0,0.0,0.0,1599500.0,8734800.0,0.0,1599500.0
0252000000,Северинівська,0.0,1741100.0,0.0,0.0,0.0,0.0,0.0,0.0,0.0,0.0,153200.0,1741100.0,0.0,153200.0
0254000000,Соболівська,0.0,18578800.0,0.0,0.0,0.0,0.0,0.0,0.0,0.0,0.0,574000.0,18578800.0,0.0,574000.0
0256500000,Станіславчицька,0.0,18653000.0,0.0,0.0,0.0,0.0,0.0,0.0,0.0,0.0,2073200.0,18653000.0,0.0,2073200.0
0256600000,Стрижавська,0.0,29283200.0,0.0,0.0,0.0,0.0,0.0,0.0,0.0,0.0,6898600.0,29283200.0,0.0,6898600.0
0250200000,Студенянська,0.0,5284000.0,0.0,0.0,0.0,0.0,0.0,0.0,0.0,0.0,0.0,5284000.0,0.0,0.0
0254300000,Сутисківська,0.0,17669700.0,0.0,0.0,0.0,0.0,0.0,0.0,0.0,0.0,145400.0,17669700.0,0.0,145400.0
0253800000,Теплицька,0.0,27841600.0,0.0,0.0,0.0,0.0,0.0,0.0,0.0,0.0,4894100.0,27841600.0,0.0,4894100.0
0256700000,Тиврівська,0.0,3797400.0,0.0,0.0,0.0,0.0,0.0,0.0,0.0,0.0,2131600.0,3797400.0,0.0,2131600.0
0251200000,Томашпільська,0.0,23089200.0,0.0,0.0,0.0,0.0,0.0,0.0,0.0,0.0,796400.0,23089200.0,0.0,796400.0
0253500000,Тростянецька,0.0,0.0,0.0,0.0,0.0,0.0,0.0,0.0,0.0,0.0,0.0,0.0,0.0,0.0
0250700000,Тульчинська,0.0,26861900.0,0.0,0.0,0.0,0.0,0.0,0.0,0.0,0.0,739400.0,26861900.0,0.0,739400.0
0256800000,Турбівська,0.0,31681500.0,0.0,0.0,0.0,0.0,0.0,0.0,0.0,0.0,444700.0,31681500.0,0.0,444700.0
0256900000,Уланівська,0.0,29675800.0,0.0,0.0,0.0,0.0,0.0,0.0,0.0,0.0,1746600.0,29675800.0,0.0,1746600.0
0253700000,Хмільницька,0.0,33391200.0,0.0,0.0,0.0,0.0,0.0,0.0,0.0,0.0,5126200.0,33391200.0,0.0,5126200.0
0257000000,Чернівецька,0.0,27550100.0,0.0,0.0,0.0,0.0,0.0,0.0,0.0,0.0,558300.0,27550100.0,0.0,558300.0
0257100000,Чечельницька,0.0,21844100.0,0.0,0.0,0.0,0.0,0.0,0.0,0.0,0.0,2346900.0,21844100.0,0.0,2346900.0
0257200000,Шаргородська,0.0,39803600.0,0.0,0.0,0.0,0.0,0.0,0.0,0.0,0.0,1715900.0,39803600.0,0.0,1715900.0
0251300000,Шпиківська,0.0,38157200.0,0.0,0.0,0.0,0.0,0.0,0.0,0.0,0.0,1211000.0,38157200.0,0.0,1211000.0
0252300000,Якушинецька,0.0,11507600.0,0.0,0.0,0.0,0.0,0.0,0.0,0.0,0.0,0.0,11507600.0,0.0,0.0
0257300000,Ямпільська,0.0,52949900.0,0.0,0.0,0.0,0.0,0.0,0.0,0.0,0.0,2946800.0,52949900.0,0.0,2946800.0
0257400000,Яришівська,0.0,9264100.0,0.0,0.0,0.0,0.0,0.0,0.0,0.0,0.0,2071900.0,9264100.0,0.0,2071900.0
0352200000,Іваничівська,0.0,14784300.0,0.0,0.0,0.0,0.0,0.0,0.0,0.0,0.0,456400.0,14784300.0,0.0,456400.0
0355500000,Берестечківська,0.0,27240800.0,0.0,0.0,0.0,0.0,0.0,0.0,0.0,0.0,4339200.0,27240800.0,0.0,4339200.0
0352500000,Боратинська,30767600.0,0.0,0.0,0.0,0.0,0.0,0.0,0.0,0.0,0.0,0.0,0.0,30767600.0,0.0
0353100000,Велимченська,0.0,9540800.0,0.0,0.0,0.0,0.0,0.0,0.0,0.0,0.0,698500.0,9540800.0,0.0,698500.0
0350100000,Велицька,0.0,10309400.0,0.0,0.0,0.0,0.0,0.0,0.0,0.0,0.0,192000.0,10309400.0,0.0,192000.0
0351800000,Вишнівська,0.0,3868400.0,0.0,0.0,0.0,0.0,0.0,0.0,0.0,0.0,0.0,3868400.0,0.0,0.0
0355600000,Володимир-Волинська,305712000.0,0.0,0.0,0.0,0.0,0.0,0.0,0.0,0.0,0.0,76428000.0,0.0,305712000.0,76428000.0
0350200000,Голобська,0.0,19355100.0,0.0,0.0,0.0,0.0,0.0,0.0,0.0,0.0,1218400.0,19355100.0,0.0,1218400.0
0352800000,Головненська,0.0,22703700.0,0.0,0.0,0.0,0.0,0.0,0.0,0.0,0.0,0.0,22703700.0,0.0,0.0
0353900000,Городищенська,0.0,13534100.0,0.0,0.0,0.0,0.0,0.0,0.0,0.0,0.0,1812400.0,13534100.0,0.0,1812400.0
0355700000,Горохівська,0.0,45516100.0,0.0,0.0,0.0,0.0,0.0,0.0,0.0,0.0,2077300.0,45516100.0,0.0,2077300.0
0355300000,Доросинівська,0.0,20035200.0,0.0,0.0,0.0,0.0,0.0,0.0,0.0,0.0,1562700.0,20035200.0,0.0,1562700.0
0353300000,Дубечненська,0.0,21032600.0,0.0,0.0,0.0,0.0,0.0,0.0,0.0,0.0,0.0,21032600.0,0.0,0.0
0353600000,Дубівська,0.0,8167300.0,0.0,0.0,0.0,0.0,0.0,0.0,0.0,0.0,0.0,8167300.0,0.0,0.0
0350800000,Заболоттівська,0.0,21389500.0,0.0,0.0,0.0,0.0,0.0,0.0,0.0,0.0,0.0,21389500.0,0.0,0.0
0351900000,Забродівська,0.0,26078800.0,0.0,0.0,0.0,0.0,0.0,0.0,0.0,0.0,127300.0,26078800.0,0.0,127300.0
0354000000,Затурцівська,0.0,17246900.0,0.0,0.0,0.0,0.0,0.0,0.0,0.0,0.0,0.0,17246900.0,0.0,0.0
0350300000,Зимнівська,0.0,15402000.0,0.0,0.0,0.0,0.0,0.0,0.0,0.0,0.0,2367900.0,15402000.0,0.0,2367900.0
0355800000,Камінь-Каширська,0.0,103835700.0,0.0,0.0,0.0,0.0,0.0,0.0,0.0,0.0,0.0,103835700.0,0.0,0.0
0355900000,Ковельська,0.0,16265100.0,0.0,0.0,0.0,0.0,0.0,0.0,0.0,0.0,0.0,16265100.0,0.0,0.0
0353000000,Колківська,0.0,57390400.0,0.0,0.0,0.0,0.0,0.0,0.0,0.0,0.0,0.0,57390400.0,0.0,0.0
0351600000,Колодяжненська,0.0,18397300.0,0.0,0.0,0.0,0.0,0.0,0.0,0.0,0.0,0.0,18397300.0,0.0,0.0
0353200000,Копачівська,0.0,13920900.0,0.0,0.0,0.0,0.0,0.0,0.0,0.0,0.0,816400.0,13920900.0,0.0,816400.0
0354500000,Ківерцівська,0.0,107100.0,0.0,0.0,0.0,0.0,0.0,0.0,0.0,0.0,0.0,107100.0,0.0,0.0
0351100000,Литовезька,0.0,5235100.0,0.0,0.0,0.0,0.0,0.0,0.0,0.0,0.0,0.0,5235100.0,0.0,0.0
0356000000,Локачинська,0.0,19338300.0,0.0,0.0,0.0,0.0,0.0,0.0,0.0,0.0,0.0,19338300.0,0.0,0.0
0353600000,Луківська,0.0,8167300.0,0.0,0.0,0.0,0.0,0.0,0.0,0.0,0.0,0.0,8167300.0,0.0,0.0
0355100000,Луцька,133591600.0,0.0,0.0,0.0,0.0,0.0,0.0,0.0,0.0,0.0,0.0,0.0,133591600.0,0.0
0352600000,Любешівська,0.0,60575400.0,0.0,0.0,0.0,0.0,0.0,0.0,0.0,0.0,13000.0,60575400.0,0.0,13000.0
0350600000,Люблинецька,0.0,11000200.0,0.0,0.0,0.0,0.0,0.0,0.0,0.0,0.0,0.0,11000200.0,0.0,0.0
0352900000,Любомльська,0.0,17618900.0,0.0,0.0,0.0,0.0,0.0,0.0,0.0,0.0,0.0,17618900.0,0.0,0.0
0356100000,Маневицька,0.0,39099300.0,0.0,0.0,0.0,0.0,0.0,0.0,0.0,0.0,100000.0,39099300.0,0.0,100000.0
0355200000,Мар'янівська,0.0,29124700.0,0.0,0.0,0.0,0.0,0.0,0.0,0.0,0.0,0.0,29124700.0,0.0,0.0
0356200000,Нововолинська,0.0,62269300.0,0.0,0.0,0.0,0.0,0.0,0.0,0.0,0.0,1514000.0,62269300.0,0.0,1514000.0
0353800000,Оваднівська,0.0,2493700.0,0.0,0.0,0.0,0.0,0.0,0.0,0.0,0.0,0.0,2493700.0,0.0,0.0
0356300000,Олицька,0.0,31404000.0,0.0,0.0,0.0,0.0,0.0,0.0,0.0,0.0,2445500.0,31404000.0,0.0,2445500.0
0353200000,Павлівська,0.0,13920900.0,0.0,0.0,0.0,0.0,0.0,0.0,0.0,0.0,816400.0,13920900.0,0.0,816400.0
0351300000,Поворська,0.0,7883900.0,0.0,0.0,0.0,0.0,0.0,0.0,0.0,0.0,0.0,7883900.0,0.0,0.0
0351400000,Поромівська,0.0,144300.0,0.0,0.0,0.0,0.0,0.0,0.0,0.0,0.0,1204100.0,144300.0,0.0,1204100.0
0351500000,Прилісненська,0.0,17114300.0,0.0,0.0,0.0,0.0,0.0,0.0,0.0,0.0,0.0,17114300.0,0.0,0.0
0354600000,Підгайцівська,27191600.0,0.0,0.0,0.0,0.0,0.0,0.0,0.0,0.0,0.0,0.0,0.0,27191600.0,0.0
0356400000,Ратнівська,0.0,18166800.0,0.0,0.0,0.0,0.0,0.0,0.0,0.0,0.0,84900.0,18166800.0,0.0,84900.0
0356500000,Рожищенська,0.0,49726000.0,0.0,0.0,0.0,0.0,0.0,0.0,0.0,0.0,0.0,49726000.0,0.0,0.0
0352700000,Рівненська,0.0,9761100.0,0.0,0.0,0.0,0.0,0.0,0.0,0.0,0.0,0.0,9761100.0,0.0,0.0
0352000000,Самарівська,0.0,2473500.0,0.0,0.0,0.0,0.0,0.0,0.0,0.0,0.0,981600.0,2473500.0,0.0,981600.0
0353400000,Сереховичівська,0.0,8700300.0,0.0,0.0,0.0,0.0,0.0,0.0,0.0,0.0,3800.0,8700300.0,0.0,3800.0
0353500000,Смідинська,0.0,10223800.0,0.0,0.0,0.0,0.0,0.0,0.0,0.0,0.0,0.0,10223800.0,0.0,0.0
0355400000,Сошичненська,0.0,22873100.0,0.0,0.0,0.0,0.0,0.0,0.0,0.0,0.0,169100.0,22873100.0,0.0,169100.0
0354900000,Старовижівська,0.0,21420300.0,0.0,0.0,0.0,0.0,0.0,0.0,0.0,0.0,0.0,21420300.0,0.0,0.0
0354100000,Торчинська,0.0,13601100.0,0.0,0.0,0.0,0.0,0.0,0.0,0.0,0.0,0.0,13601100.0,0.0,0.0
0353700000,Турійська,0.0,31411100.0,0.0,0.0,0.0,0.0,0.0,0.0,0.0,0.0,1403400.0,31411100.0,0.0,1403400.0
0350500000,Устилузька,0.0,7882600.0,0.0,0.0,0.0,0.0,0.0,0.0,0.0,0.0,6125200.0,7882600.0,0.0,6125200.0
0352400000,Цуманська,0.0,41329500.0,0.0,0.0,0.0,0.0,0.0,0.0,0.0,0.0,348100.0,41329500.0,0.0,348100.0
0350700000,Шацька,0.0,4028400.0,0.0,0.0,0.0,0.0,0.0,0.0,0.0,0.0,0.0,4028400.0,0.0,0.0
0753800000,Івановецька,0.0,17764500.0,0.0,0.0,0.0,0.0,0.0,0.0,0.0,0.0,0.0,17764500.0,0.0,0.0
0750400000,Іршавська,0.0,59712100.0,0.0,0.0,0.0,0.0,0.0,0.0,0.0,0.0,0.0,59712100.0,0.0,0.0
0750600000,Баранинська,0.0,11804400.0,0.0,0.0,0.0,0.0,0.0,0.0,0.0,0.0,1262000.0,11804400.0,0.0,1262000.0
0751800000,Батівська,0.0,30137600.0,0.0,0.0,0.0,0.0,0.0,0.0,0.0,0.0,0.0,30137600.0,0.0,0.0
0751900000,Бедевлянська,0.0,17818000.0,0.0,0.0,0.0,0.0,0.0,0.0,0.0,0.0,0.0,17818000.0,0.0,0.0
0751700000,Берегівська,0.0,20871400.0,0.0,0.0,0.0,0.0,0.0,0.0,0.0,0.0,6206600.0,20871400.0,0.0,6206600.0
0752100000,Богданська,0.0,26231500.0,0.0,0.0,0.0,0.0,0.0,0.0,0.0,0.0,730200.0,26231500.0,0.0,730200.0
0752200000,Буштинська,0.0,57649600.0,0.0,0.0,0.0,0.0,0.0,0.0,0.0,0.0,0.0,57649600.0,0.0,0.0
0752000000,Білківська,0.0,58111700.0,0.0,0.0,0.0,0.0,0.0,0.0,0.0,0.0,75400.0,58111700.0,0.0,75400.0
0750800000,Великоберезнянська,0.0,3367300.0,0.0,0.0,0.0,0.0,0.0,0.0,0.0,0.0,70000.0,3367300.0,0.0,70000.0
0752300000,Великоберезька,0.0,13434800.0,0.0,0.0,0.0,0.0,0.0,0.0,0.0,0.0,0.0,13434800.0,0.0,0.0
0752400000,Великобийганська,0.0,14356200.0,0.0,0.0,0.0,0.0,0.0,0.0,0.0,0.0,1563100.0,14356200.0,0.0,1563100.0
0752500000,Великобичківська,0.0,75979300.0,0.0,0.0,0.0,0.0,0.0,0.0,0.0,0.0,801300.0,75979300.0,0.0,801300.0
0752600000,Великодобронська,0.0,29912000.0,0.0,0.0,0.0,0.0,0.0,0.0,0.0,0.0,0.0,29912000.0,0.0,0.0
0752700000,Великолучківська,0.0,53719300.0,0.0,0.0,0.0,0.0,0.0,0.0,0.0,0.0,3057700.0,53719300.0,0.0,3057700.0
0752800000,Верхньокоропецька,0.0,12273000.0,0.0,0.0,0.0,0.0,0.0,0.0,0.0,0.0,391200.0,12273000.0,0.0,391200.0
0752900000,Вилоцька,0.0,35754100.0,0.0,0.0,0.0,0.0,0.0,0.0,0.0,0.0,1610900.0,35754100.0,0.0,1610900.0
0753000000,Виноградівська,0.0,42836800.0,0.0,0.0,0.0,0.0,0.0,0.0,0.0,0.0,17300.0,42836800.0,0.0,17300.0
0753100000,Вишківська,0.0,39481600.0,0.0,0.0,0.0,0.0,0.0,0.0,0.0,0.0,5759700.0,39481600.0,0.0,5759700.0
0753200000,Воловецька,0.0,7161100.0,0.0,0.0,0.0,0.0,0.0,0.0,0.0,0.0,2605000.0,7161100.0,0.0,2605000.0
0750100000,Вільховецька,0.0,34135000.0,0.0,0.0,0.0,0.0,0.0,0.0,0.0,0.0,0.0,34135000.0,0.0,0.0
0750900000,Горондівська,0.0,23807800.0,0.0,0.0,0.0,0.0,0.0,0.0,0.0,0.0,0.0,23807800.0,0.0,0.0
0753300000,Горінчівська,0.0,35125700.0,0.0,0.0,0.0,0.0,0.0,0.0,0.0,0.0,0.0,35125700.0,0.0,0.0
0751000000,Довжанська,0.0,47364400.0,0.0,0.0,0.0,0.0,0.0,0.0,0.0,0.0,541500.0,47364400.0,0.0,541500.0
0753400000,Драгівська,0.0,37976600.0,0.0,0.0,0.0,0.0,0.0,0.0,0.0,0.0,25000.0,37976600.0,0.0,25000.0
0753600000,Дубриницько-Малоберезнянська,0.0,15275500.0,0.0,0.0,0.0,0.0,0.0,0.0,0.0,0.0,0.0,15275500.0,0.0,0.0
0753500000,Дубівська,0.0,53154900.0,0.0,0.0,0.0,0.0,0.0,0.0,0.0,0.0,1857400.0,53154900.0,0.0,1857400.0
0753700000,Жденіївська,0.0,11039300.0,0.0,0.0,0.0,0.0,0.0,0.0,0.0,0.0,744900.0,11039300.0,0.0,744900.0
0751100000,Зарічанська,0.0,19642600.0,0.0,0.0,0.0,0.0,0.0,0.0,0.0,0.0,0.0,19642600.0,0.0,0.0
0751300000,Керецьківська,0.0,44544400.0,0.0,0.0,0.0,0.0,0.0,0.0,0.0,0.0,198200.0,44544400.0,0.0,198200.0
0753900000,Колочавська,0.0,22240100.0,0.0,0.0,0.0,0.0,0.0,0.0,0.0,0.0,469900.0,22240100.0,0.0,469900.0
0754000000,Кольчинська,0.0,15804700.0,0.0,0.0,0.0,0.0,0.0,0.0,0.0,0.0,249200.0,15804700.0,0.0,249200.0
0754100000,Королівська,0.0,65524100.0,0.0,0.0,0.0,0.0,0.0,0.0,0.0,0.0,463700.0,65524100.0,0.0,463700.0
0751400000,Косоньська,0.0,18819200.0,0.0,0.0,0.0,0.0,0.0,0.0,0.0,0.0,0.0,18819200.0,0.0,0.0
0754200000,Костринська,0.0,13391300.0,0.0,0.0,0.0,0.0,0.0,0.0,0.0,0.0,822200.0,13391300.0,0.0,822200.0
0750700000,Мукачівська,351554300.0,0.0,0.0,0.0,0.0,0.0,0.0,0.0,0.0,0.0,101674100.0,0.0,351554300.0,101674100.0
0754300000,Міжгірська,0.0,42699400.0,0.0,0.0,0.0,0.0,0.0,0.0,0.0,0.0,73000.0,42699400.0,0.0,73000.0
0754400000,Неліпинська,0.0,5596700.0,0.0,0.0,0.0,0.0,0.0,0.0,0.0,0.0,150100.0,5596700.0,0.0,150100.0
0754500000,Нересницька,0.0,82847000.0,0.0,0.0,0.0,0.0,0.0,0.0,0.0,0.0,0.0,82847000.0,0.0,0.0
0754600000,Нижньоворітська,0.0,25483500.0,0.0,0.0,0.0,0.0,0.0,0.0,0.0,0.0,522800.0,25483500.0,0.0,522800.0
0751500000,Оноківська,1264200.0,0.0,0.0,0.0,0.0,0.0,0.0,0.0,0.0,0.0,1011400.0,0.0,1264200.0,1011400.0
0750500000,Перечинська,12238100.0,0.0,0.0,0.0,0.0,0.0,0.0,0.0,0.0,0.0,1039300.0,0.0,12238100.0,1039300.0
0754700000,Пийтерфолвівська,0.0,48136200.0,0.0,0.0,0.0,0.0,0.0,0.0,0.0,0.0,0.0,48136200.0,0.0,0.0
0754800000,Пилипецька,0.0,18220400.0,0.0,0.0,0.0,0.0,0.0,0.0,0.0,0.0,3218100.0,18220400.0,0.0,3218100.0
0750300000,Полянська,0.0,18364000.0,0.0,0.0,0.0,0.0,0.0,0.0,0.0,0.0,15229400.0,18364000.0,0.0,15229400.0
0754900000,Рахівська,0.0,5255000.0,0.0,0.0,0.0,0.0,0.0,0.0,0.0,0.0,1816300.0,5255000.0,0.0,1816300.0
0755000000,Свалявська,0.0,40462400.0,0.0,0.0,0.0,0.0,0.0,0.0,0.0,0.0,2121200.0,40462400.0,0.0,2121200.0
0755100000,Середнянська,0.0,34508000.0,0.0,0.0,0.0,0.0,0.0,0.0,0.0,0.0,65200.0,34508000.0,0.0,65200.0
0755200000,Синевирська,0.0,15641800.0,0.0,0.0,0.0,0.0,0.0,0.0,0.0,0.0,435200.0,15641800.0,0.0,435200.0
0754000000,Солотвинська,0.0,15804700.0,0.0,0.0,0.0,0.0,0.0,0.0,0.0,0.0,249200.0,15804700.0,0.0,249200.0
0755400000,Ставненська,0.0,17081400.0,0.0,0.0,0.0,0.0,0.0,0.0,0.0,0.0,0.0,17081400.0,0.0,0.0
0755500000,Сюртівська,0.0,13846300.0,0.0,0.0,0.0,0.0,0.0,0.0,0.0,0.0,0.0,13846300.0,0.0,0.0
0755600000,Тересвянська,0.0,45154300.0,0.0,0.0,0.0,0.0,0.0,0.0,0.0,0.0,436500.0,45154300.0,0.0,436500.0
0755700000,Тур'є-Реметівська,0.0,42277200.0,0.0,0.0,0.0,0.0,0.0,0.0,0.0,0.0,0.0,42277200.0,0.0,0.0
0750200000,Тячівська,0.0,0.0,0.0,0.0,0.0,0.0,0.0,0.0,0.0,0.0,2293600.0,0.0,0.0,2293600.0
0755800000,Углянська,0.0,29652800.0,0.0,0.0,0.0,0.0,0.0,0.0,0.0,0.0,57700.0,29652800.0,0.0,57700.0
0755900000,Ужгородська,246392400.0,0.0,0.0,0.0,0.0,0.0,0.0,0.0,0.0,0.0,30544600.0,0.0,246392400.0,30544600.0
0756000000,Усть-Чорнянська,0.0,9025200.0,0.0,0.0,0.0,0.0,0.0,0.0,0.0,0.0,1222000.0,9025200.0,0.0,1222000.0
0751600000,Холмківська,44670500.0,0.0,0.0,0.0,0.0,0.0,0.0,0.0,0.0,0.0,3792600.0,0.0,44670500.0,3792600.0
0756100000,Хустська,0.0,117068200.0,0.0,0.0,0.0,0.0,0.0,0.0,0.0,0.0,2053100.0,117068200.0,0.0,2053100.0
0756200000,Чинадіївська,0.0,35385900.0,0.0,0.0,0.0,0.0,0.0,0.0,0.0,0.0,2597700.0,35385900.0,0.0,2597700.0
0756300000,Чопська,55205900.0,0.0,0.0,0.0,0.0,0.0,0.0,0.0,0.0,0.0,52147000.0,0.0,55205900.0,52147000.0
0756400000,Ясінянська,0.0,44315000.0,0.0,0.0,0.0,0.0,0.0,0.0,0.0,0.0,3595000.0,44315000.0,0.0,3595000.0
0854900000,Андрівська,0.0,8746600.0,0.0,0.0,0.0,0.0,0.0,0.0,0.0,0.0,8358400.0,8746600.0,0.0,8358400.0
0855700000,Андріївська,0.0,16539800.0,0.0,0.0,0.0,0.0,0.0,0.0,0.0,0.0,16860400.0,16539800.0,0.0,16860400.0
0854400000,Бердянська,0.0,176332700.0,0.0,0.0,0.0,0.0,0.0,0.0,0.0,0.0,115253600.0,176332700.0,0.0,115253600.0
0850100000,Берестівська,0.0,12257300.0,0.0,0.0,0.0,0.0,0.0,0.0,0.0,0.0,11261400.0,12257300.0,0.0,11261400.0
0853500000,Благовіщенська,0.0,15400400.0,0.0,0.0,0.0,0.0,0.0,0.0,0.0,0.0,8995000.0,15400400.0,0.0,8995000.0
0851000000,Біленьківська,0.0,19486300.0,0.0,0.0,0.0,0.0,0.0,0.0,0.0,0.0,4710200.0,19486300.0,0.0,4710200.0
0855800000,Василівська,0.0,28344000.0,0.0,0.0,0.0,0.0,0.0,0.0,0.0,0.0,1701800.0,28344000.0,0.0,1701800.0
0851900000,Великобілозерська,0.0,15427100.0,0.0,0.0,0.0,0.0,0.0,0.0,0.0,0.0,19759600.0,15427100.0,0.0,19759600.0
0850200000,Веселівська,0.0,31591700.0,0.0,0.0,0.0,0.0,0.0,0.0,0.0,0.0,23878800.0,31591700.0,0.0,23878800.0
0852400000,Водянська,0.0,31224200.0,0.0,0.0,0.0,0.0,0.0,0.0,0.0,0.0,8807300.0,31224200.0,0.0,8807300.0
0852900000,Воздвижівська,0.0,3151100.0,0.0,0.0,0.0,0.0,0.0,0.0,0.0,0.0,4331900.0,3151100.0,0.0,4331900.0
0850600000,Воскресенська,0.0,15312800.0,0.0,0.0,0.0,0.0,0.0,0.0,0.0,0.0,13149400.0,15312800.0,0.0,13149400.0
0855900000,Вільнянська,0.0,9999900.0,0.0,0.0,0.0,0.0,0.0,0.0,0.0,0.0,9149800.0,9999900.0,0.0,9149800.0
0852700000,Гаврилівська,0.0,8993900.0,0.0,0.0,0.0,0.0,0.0,0.0,0.0,0.0,7269800.0,8993900.0,0.0,7269800.0
0852100000,Гуляйпільська,0.0,40737700.0,0.0,0.0,0.0,0.0,0.0,0.0,0.0,0.0,38758300.0,40737700.0,0.0,38758300.0
0856000000,Дніпрорудненська,0.0,37115200.0,0.0,0.0,0.0,0.0,0.0,0.0,0.0,0.0,17723400.0,37115200.0,0.0,17723400.0
0854200000,Долинська,0.0,18358100.0,0.0,0.0,0.0,0.0,0.0,0.0,0.0,0.0,13608500.0,18358100.0,0.0,13608500.0
0856100000,Енергодарська,236329000.0,0.0,0.0,0.0,0.0,0.0,0.0,0.0,0.0,0.0,110961000.0,0.0,236329000.0,110961000.0
0856200000,Запорізька,602107700.0,0.0,0.0,0.0,0.0,0.0,0.0,11871400.0,0.0,0.0,184900400.0,0.0,602107700.0,196771800.0
0851700000,Кам'янсько-Дніпровська,0.0,43606900.0,0.0,0.0,0.0,0.0,0.0,0.0,0.0,0.0,27900600.0,43606900.0,0.0,27900600.0
0853200000,Кирилівська,0.0,15434400.0,0.0,0.0,0.0,0.0,0.0,0.0,0.0,0.0,12416600.0,15434400.0,0.0,12416600.0
0854100000,Коларівська,0.0,15416000.0,0.0,0.0,0.0,0.0,0.0,0.0,0.0,0.0,22640300.0,15416000.0,0.0,22640300.0
0850300000,Комиш-Зорянська,0.0,16583200.0,0.0,0.0,0.0,0.0,0.0,0.0,0.0,0.0,19426700.0,16583200.0,0.0,19426700.0
0850900000,Комишуваська,0.0,34741700.0,0.0,0.0,0.0,0.0,0.0,0.0,0.0,0.0,0.0,34741700.0,0.0,0.0
0856500000,Кушугумська,0.0,49720100.0,0.0,0.0,0.0,0.0,0.0,0.0,0.0,0.0,224200.0,49720100.0,0.0,224200.0
0855100000,Малинівська,0.0,7848500.0,0.0,0.0,0.0,0.0,0.0,0.0,0.0,0.0,13187200.0,7848500.0,0.0,13187200.0
0856600000,Малобілозерська,10216500.0,0.0,0.0,0.0,0.0,0.0,0.0,0.0,0.0,0.0,136816400.0,0.0,10216500.0,136816400.0
0851300000,Малотокмачанська,0.0,7231700.0,0.0,0.0,0.0,0.0,0.0,0.0,0.0,0.0,8123100.0,7231700.0,0.0,8123100.0
0856700000,Матвіївська,0.0,8190700.0,0.0,0.0,0.0,0.0,0.0,0.0,0.0,0.0,5399200.0,8190700.0,0.0,5399200.0
0856800000,Мелітопольська,0.0,298543900.0,0.0,0.0,0.0,0.0,0.0,0.0,0.0,0.0,180868100.0,298543900.0,0.0,180868100.0
0850500000,Мирненська,0.0,5761500.0,0.0,0.0,0.0,0.0,0.0,0.0,0.0,0.0,17358300.0,5761500.0,0.0,17358300.0
0856900000,Михайло-Лукашівська,0.0,10530200.0,0.0,0.0,0.0,0.0,0.0,0.0,0.0,0.0,2173500.0,10530200.0,0.0,2173500.0
0853700000,Михайлівська,0.0,43645100.0,0.0,0.0,0.0,0.0,0.0,0.0,0.0,0.0,23082300.0,43645100.0,0.0,23082300.0
0857000000,Молочанська,0.0,26559100.0,0.0,0.0,0.0,0.0,0.0,0.0,0.0,0.0,25693600.0,26559100.0,0.0,25693600.0
0855200000,Новенська,0.0,14382700.0,0.0,0.0,0.0,0.0,0.0,0.0,0.0,0.0,9443800.0,14382700.0,0.0,9443800.0
0853400000,Новобогданівська,0.0,14132200.0,0.0,0.0,0.0,0.0,0.0,0.0,0.0,0.0,11968500.0,14132200.0,0.0,11968500.0
0857100000,Нововасилівська,0.0,21470900.0,0.0,0.0,0.0,0.0,0.0,0.0,0.0,0.0,12357200.0,21470900.0,0.0,12357200.0
0857200000,Новомиколаївська,0.0,17249100.0,0.0,0.0,0.0,0.0,0.0,0.0,0.0,0.0,3592500.0,17249100.0,0.0,3592500.0
0854100000,Новоолександрівська,0.0,15416000.0,0.0,0.0,0.0,0.0,0.0,0.0,0.0,0.0,22640300.0,15416000.0,0.0,22640300.0
0852600000,Новоуспенівська,0.0,10215800.0,0.0,0.0,0.0,0.0,0.0,0.0,0.0,0.0,4287800.0,10215800.0,0.0,4287800.0
0854100000,Олександрівська,0.0,15416000.0,0.0,0.0,0.0,0.0,0.0,0.0,0.0,0.0,22640300.0,15416000.0,0.0,22640300.0
0851800000,Оріхівська,0.0,26217100.0,0.0,0.0,0.0,0.0,0.0,0.0,0.0,0.0,27699400.0,26217100.0,0.0,27699400.0
0851400000,Осипенківська,0.0,17830100.0,0.0,0.0,0.0,0.0,0.0,0.0,0.0,0.0,18521500.0,17830100.0,0.0,18521500.0
0852700000,Павлівська,0.0,8993900.0,0.0,0.0,0.0,0.0,0.0,0.0,0.0,0.0,7269800.0,8993900.0,0.0,7269800.0
0852800000,Петро-Михайлівська,0.0,8286000.0,0.0,0.0,0.0,0.0,0.0,0.0,0.0,0.0,4528600.0,8286000.0,0.0,4528600.0
0854700000,Пологівська,0.0,38146900.0,0.0,0.0,0.0,0.0,0.0,0.0,0.0,0.0,101899800.0,38146900.0,0.0,101899800.0
0850400000,Преображенська,0.0,14591800.0,0.0,0.0,0.0,0.0,0.0,0.0,0.0,0.0,10184200.0,14591800.0,0.0,10184200.0
0853100000,Приазовська,0.0,28036800.0,0.0,0.0,0.0,0.0,0.0,0.0,0.0,0.0,23764900.0,28036800.0,0.0,23764900.0
0850800000,Приморська,0.0,47676000.0,0.0,0.0,0.0,0.0,0.0,0.0,0.0,0.0,37485300.0,47676000.0,0.0,37485300.0
0853000000,Райхенфельдська,0.0,8643200.0,0.0,0.0,0.0,0.0,0.0,0.0,0.0,0.0,8588700.0,8643200.0,0.0,8588700.0
0854200000,Роздольська,0.0,18358100.0,0.0,0.0,0.0,0.0,0.0,0.0,0.0,0.0,13608500.0,18358100.0,0.0,13608500.0
0854800000,Розівська,0.0,20500200.0,0.0,0.0,0.0,0.0,0.0,0.0,0.0,0.0,25282900.0,20500200.0,0.0,25282900.0
0855400000,Семенівська,0.0,13385300.0,0.0,0.0,0.0,0.0,0.0,0.0,0.0,0.0,12449400.0,13385300.0,0.0,12449400.0
0850500000,Смирновська,0.0,5761500.0,0.0,0.0,0.0,0.0,0.0,0.0,0.0,0.0,17358300.0,5761500.0,0.0,17358300.0
0857300000,Степненська,0.0,16045600.0,0.0,0.0,0.0,0.0,0.0,0.0,0.0,0.0,697000.0,16045600.0,0.0,697000.0
0857400000,Степногірська,0.0,25008100.0,0.0,0.0,0.0,0.0,0.0,0.0,0.0,0.0,4936800.0,25008100.0,0.0,4936800.0
0851600000,Таврійська,0.0,10237400.0,0.0,0.0,0.0,0.0,0.0,0.0,0.0,0.0,5767700.0,10237400.0,0.0,5767700.0
0855500000,Тернуватська,0.0,3927700.0,0.0,0.0,0.0,0.0,0.0,0.0,0.0,0.0,6975700.0,3927700.0,0.0,6975700.0
0857500000,Терпіннівська,0.0,23299700.0,0.0,0.0,0.0,0.0,0.0,0.0,0.0,0.0,12334700.0,23299700.0,0.0,12334700.0
0857600000,Токмацька,0.0,81848700.0,0.0,0.0,0.0,0.0,0.0,0.0,0.0,0.0,50367500.0,81848700.0,0.0,50367500.0
0855600000,Федорівська,0.0,7031200.0,0.0,0.0,0.0,0.0,0.0,0.0,0.0,0.0,12026700.0,7031200.0,0.0,12026700.0
0852000000,Чернігівська,0.0,34042000.0,0.0,0.0,0.0,0.0,0.0,0.0,0.0,0.0,39702100.0,34042000.0,0.0,39702100.0
0852300000,Широківська,0.0,11987300.0,0.0,0.0,0.0,0.0,0.0,0.0,0.0,0.0,11119900.0,11987300.0,0.0,11119900.0
0853300000,Якимівська,0.0,57929600.0,0.0,0.0,0.0,0.0,0.0,0.0,0.0,0.0,46369100.0,57929600.0,0.0,46369100.0
0653300000,Ємільчинська,0.0,32464200.0,0.0,0.0,0.0,0.0,0.0,0.0,0.0,0.0,2348000.0,32464200.0,0.0,2348000.0
0650400000,Іршанська,0.0,0.0,0.0,0.0,0.0,0.0,0.0,0.0,0.0,0.0,13765600.0,0.0,0.0,13765600.0
0652200000,Андрушківська,0.0,132000.0,0.0,0.0,0.0,0.0,0.0,0.0,0.0,0.0,2873300.0,132000.0,0.0,2873300.0
0655700000,Андрушівська,0.0,21051800.0,0.0,0.0,0.0,0.0,0.0,0.0,0.0,0.0,5723500.0,21051800.0,0.0,5723500.0
0651100000,Баранівська,0.0,42018200.0,0.0,0.0,0.0,0.0,0.0,0.0,0.0,0.0,1727000.0,42018200.0,0.0,1727000.0
0652300000,Барашівська,0.0,15679600.0,0.0,0.0,0.0,0.0,0.0,0.0,0.0,0.0,1034200.0,15679600.0,0.0,1034200.0
0655800000,Бердичівська,76747800.0,0.0,0.0,0.0,0.0,0.0,0.0,0.0,0.0,0.0,1243100.0,0.0,76747800.0,1243100.0
0655800000,Березівська,76747800.0,0.0,0.0,0.0,0.0,0.0,0.0,0.0,0.0,0.0,1243100.0,0.0,76747800.0,1243100.0
0653500000,Брониківська,0.0,16002800.0,0.0,0.0,0.0,0.0,0.0,0.0,0.0,0.0,186700.0,16002800.0,0.0,186700.0
0651400000,Брусилівська,0.0,11645000.0,0.0,0.0,0.0,0.0,0.0,0.0,0.0,0.0,14437900.0,11645000.0,0.0,14437900.0
0652400000,Білокоровицька,0.0,10794600.0,0.0,0.0,0.0,0.0,0.0,0.0,0.0,0.0,550800.0,10794600.0,0.0,550800.0
0650100000,Високівська,0.0,3412200.0,0.0,0.0,0.0,0.0,0.0,0.0,0.0,0.0,184200.0,3412200.0,0.0,184200.0
0650200000,Вишевицька,0.0,4803600.0,0.0,0.0,0.0,0.0,0.0,0.0,0.0,0.0,1308900.0,4803600.0,0.0,1308900.0
0656000000,Волицька,1631100.0,0.0,0.0,0.0,0.0,0.0,0.0,0.0,0.0,0.0,0.0,0.0,1631100.0,0.0
0654700000,Вчорайшенська,0.0,10858300.0,0.0,0.0,0.0,0.0,0.0,0.0,0.0,0.0,4794100.0,10858300.0,0.0,4794100.0
0650400000,Вільшанська,0.0,0.0,0.0,0.0,0.0,0.0,0.0,0.0,0.0,0.0,13765600.0,0.0,0.0,13765600.0
0656100000,Гладковицька,0.0,7697000.0,0.0,0.0,0.0,0.0,0.0,0.0,0.0,0.0,4824000.0,7697000.0,0.0,4824000.0
0654400000,Глибочицька,0.0,8244100.0,0.0,0.0,0.0,0.0,0.0,0.0,0.0,0.0,2686300.0,8244100.0,0.0,2686300.0
0651500000,Городницька,0.0,19800500.0,0.0,0.0,0.0,0.0,0.0,0.0,0.0,0.0,184100.0,19800500.0,0.0,184100.0
0656200000,Городоцька,4121600.0,0.0,0.0,0.0,0.0,0.0,0.0,0.0,0.0,0.0,1030100.0,0.0,4121600.0,1030100.0
0652600000,Горщиківська,0.0,1568700.0,0.0,0.0,0.0,0.0,0.0,0.0,0.0,0.0,3441700.0,1568700.0,0.0,3441700.0
0654800000,Гришковецька,0.0,7257300.0,0.0,0.0,0.0,0.0,0.0,0.0,0.0,0.0,0.0,7257300.0,0.0,0.0
0651600000,Довбиська,0.0,19522800.0,0.0,0.0,0.0,0.0,0.0,0.0,0.0,0.0,1808600.0,19522800.0,0.0,1808600.0
0650300000,Дубрівська,0.0,8134400.0,0.0,0.0,0.0,0.0,0.0,0.0,0.0,0.0,454500.0,8134400.0,0.0,454500.0
0655200000,Житомирська,379020400.0,0.0,0.0,0.0,0.0,0.0,0.0,0.0,0.0,0.0,0.0,0.0,379020400.0,0.0
0655300000,Звягельська,295273500.0,0.0,0.0,0.0,0.0,0.0,0.0,0.0,0.0,0.0,73818600.0,0.0,295273500.0,73818600.0
0652700000,Квітнева,7518700.0,0.0,0.0,0.0,0.0,0.0,0.0,0.0,0.0,0.0,5414600.0,0.0,7518700.0,5414600.0
0651000000,Корнинська,0.0,12948100.0,0.0,0.0,0.0,0.0,0.0,0.0,0.0,0.0,5193000.0,12948100.0,0.0,5193000.0
0656300000,Коростенська,0.0,44479300.0,0.0,0.0,0.0,0.0,0.0,0.0,0.0,0.0,9152900.0,44479300.0,0.0,9152900.0
0651200000,Коростишівська,0.0,43463900.0,0.0,0.0,0.0,0.0,0.0,0.0,0.0,0.0,0.0,43463900.0,0.0,0.0
0652800000,Краснопільська,0.0,15920700.0,0.0,0.0,0.0,0.0,0.0,0.0,0.0,0.0,3171800.0,15920700.0,0.0,3171800.0
0653900000,Курненська,0.0,21874700.0,0.0,0.0,0.0,0.0,0.0,0.0,0.0,0.0,1155500.0,21874700.0,0.0,1155500.0
0651700000,Лугинська,0.0,28521800.0,0.0,0.0,0.0,0.0,0.0,0.0,0.0,0.0,1620900.0,28521800.0,0.0,1620900.0
0653400000,Любарська,0.0,27414100.0,0.0,0.0,0.0,0.0,0.0,0.0,0.0,0.0,305700.0,27414100.0,0.0,305700.0
0656400000,Малинська,0.0,20039000.0,0.0,0.0,0.0,0.0,0.0,0.0,0.0,0.0,17193000.0,20039000.0,0.0,17193000.0
0651800000,Миропільська,1217600.0,0.0,0.0,0.0,0.0,0.0,0.0,0.0,0.0,0.0,1097900.0,0.0,1217600.0,1097900.0
0650500000,Народицька,0.0,16256400.0,0.0,0.0,0.0,0.0,0.0,0.0,0.0,0.0,0.0,16256400.0,0.0,0.0
0650600000,Новоборівська,0.0,19146100.0,0.0,0.0,0.0,0.0,0.0,0.0,0.0,0.0,2622200.0,19146100.0,0.0,2622200.0
0656500000,Новогуйвинська,46652400.0,0.0,0.0,0.0,0.0,0.0,0.0,0.0,0.0,0.0,11663100.0,0.0,46652400.0,11663100.0
0653800000,Овруцька,0.0,50028200.0,0.0,0.0,0.0,0.0,0.0,0.0,0.0,0.0,0.0,50028200.0,0.0,0.0
0651300000,Олевська,0.0,54621400.0,0.0,0.0,0.0,0.0,0.0,0.0,0.0,0.0,351100.0,54621400.0,0.0,351100.0
0654500000,Оліївська,33422900.0,0.0,0.0,0.0,0.0,0.0,0.0,0.0,0.0,0.0,48900.0,0.0,33422900.0,48900.0
0651900000,Попільнянська,0.0,1865200.0,0.0,0.0,0.0,0.0,0.0,0.0,0.0,0.0,9022100.0,1865200.0,0.0,9022100.0
0650700000,Потіївська,0.0,8136000.0,0.0,0.0,0.0,0.0,0.0,0.0,0.0,0.0,1274300.0,8136000.0,0.0,1274300.0
0654200000,Пулинська,0.0,23070500.0,0.0,0.0,0.0,0.0,0.0,0.0,0.0,0.0,155000.0,23070500.0,0.0,155000.0
0653600000,Піщівська,0.0,7762800.0,0.0,0.0,0.0,0.0,0.0,0.0,0.0,0.0,1746700.0,7762800.0,0.0,1746700.0
0654300000,Радомишльська,0.0,16062600.0,0.0,0.0,0.0,0.0,0.0,0.0,0.0,0.0,7844200.0,16062600.0,0.0,7844200.0
0654900000,Райгородоцька,0.0,11607400.0,0.0,0.0,0.0,0.0,0.0,0.0,0.0,0.0,1056700.0,11607400.0,0.0,1056700.0
0656600000,Романівська,0.0,20570400.0,0.0,0.0,0.0,0.0,0.0,0.0,0.0,0.0,1417900.0,20570400.0,0.0,1417900.0
0656700000,Ружинська,0.0,24397400.0,0.0,0.0,0.0,0.0,0.0,0.0,0.0,0.0,10829600.0,24397400.0,0.0,10829600.0
0656600000,Семенівська,0.0,20570400.0,0.0,0.0,0.0,0.0,0.0,0.0,0.0,0.0,1417900.0,20570400.0,0.0,1417900.0
0653700000,Словечанська,0.0,16821800.0,0.0,0.0,0.0,0.0,0.0,0.0,0.0,0.0,590900.0,16821800.0,0.0,590900.0
0653000000,Станишівська,0.0,0.0,0.0,0.0,0.0,0.0,0.0,0.0,0.0,0.0,0.0,0.0,0.0,0.0
0655600000,Старосілецька,0.0,11159100.0,0.0,0.0,0.0,0.0,0.0,0.0,0.0,0.0,3294500.0,11159100.0,0.0,3294500.0
0655400000,Стриївська,0.0,6851900.0,0.0,0.0,0.0,0.0,0.0,0.0,0.0,0.0,1656500.0,6851900.0,0.0,1656500.0
0650800000,Тетерівська,0.0,9779600.0,0.0,0.0,0.0,0.0,0.0,0.0,0.0,0.0,0.0,9779600.0,0.0,0.0
0653100000,Ушомирська,47961600.0,0.0,0.0,0.0,0.0,0.0,0.0,0.0,0.0,0.0,0.0,0.0,47961600.0,0.0
0655500000,Харитонівська,0.0,337600.0,0.0,0.0,0.0,0.0,0.0,0.0,0.0,0.0,247500.0,337600.0,0.0,247500.0
0652000000,Хорошівська,0.0,35238100.0,0.0,0.0,0.0,0.0,0.0,0.0,0.0,0.0,0.0,35238100.0,0.0,0.0
0650900000,Червоненська,0.0,11856400.0,0.0,0.0,0.0,0.0,0.0,0.0,0.0,0.0,1593500.0,11856400.0,0.0,1593500.0
0656800000,Черняхівська,31602500.0,0.0,0.0,0.0,0.0,0.0,0.0,0.0,0.0,0.0,7901000.0,0.0,31602500.0,7901000.0
0653200000,Чижівська,0.0,0.0,0.0,0.0,0.0,0.0,0.0,0.0,0.0,0.0,6025400.0,0.0,0.0,6025400.0
0652100000,Чоповицька,0.0,13096300.0,0.0,0.0,0.0,0.0,0.0,0.0,0.0,0.0,2121200.0,13096300.0,0.0,2121200.0
0655000000,Чуднівська,0.0,10320000.0,0.0,0.0,0.0,0.0,0.0,0.0,0.0,0.0,905900.0,10320000.0,0.0,905900.0
0655100000,Швайківська,0.0,6584500.0,0.0,0.0,0.0,0.0,0.0,0.0,0.0,0.0,470800.0,6584500.0,0.0,470800.0
0656900000,Ярунська,0.0,15684500.0,0.0,0.0,0.0,0.0,0.0,0.0,0.0,0.0,3120800.0,15684500.0,0.0,3120800.0
