Айді громади,Назва громади,[41010100] Реверсна дотація,[41020100] Базова дотація,[41020200] На здійснення переданих з державного бюджету видатків з утримання закладів освіти та охорони здоров'я,"[41020300] На функціонування територій, на яких ведуться бойові дії",[41020400] Додаткові дотації з державного бюджету місцевим бюджетам (загальна),[41020600] [Назву стерто] Додаткова дотація (виключена наприкінці 2024 року),[41020800] Бюджету Славутицької міської територіальної громади на утримання соціальної інфраструктури,[41021000] На компенсацію втрат доходів внаслідок пільг суб’єктам космічної діяльності,[41021100] [Назву стерто] Додаткова дотація (виключена наприкінці 2023 року),[41021200] Обласним бюджетам Донецької та Луганської областей на усунення наслідків ескалації,"[41021300] На компенсацію комунальним закладам, переданим на фінансування з місцевих бюджетів",[41021400] На здійснення повноважень органів самоврядування на деокупованих та інших територіях,Сума Базова,Сума Реверсна,Сума Додаткові
2350200000,Єрківська,3954500.0,0.0,0,0.0,0.0,0.0,0,0.0,0.0,0.0,0.0,0.0,0.0,3954500.0,0.0
2351900000,Іваньківська,0.0,1707300.0,0,0.0,0.0,0.0,0,0.0,0.0,0.0,0.0,0.0,1707300.0,0.0,0.0
2352200000,Іркліївська,0.0,2611300.0,0,0.0,0.0,0.0,0,0.0,0.0,0.0,0.0,0.0,2611300.0,0.0,0.0
2355800000,Бабанська,0.0,1870500.0,0,0.0,0.0,0.0,0,0.0,0.0,0.0,0.0,0.0,1870500.0,0.0,0.0
2356000000,Багачевська,0.0,29221900.0,0,0.0,0.0,0.0,0,0.0,0.0,0.0,0.0,0.0,29221900.0,0.0,0.0
2352700000,Балаклеївська,0.0,0.0,0,0.0,0.0,0.0,0,0.0,0.0,0.0,0.0,0.0,0.0,0.0,0.0
2355600000,Баштечківська,0.0,610600.0,0,0.0,0.0,0.0,0,0.0,0.0,0.0,0.0,0.0,610600.0,0.0,0.0
2352900000,Березняківська,0.0,3535000.0,0,0.0,0.0,0.0,0,0.0,0.0,0.0,0.0,0.0,3535000.0,0.0,0.0
2353000000,Бобрицька,0.0,0.0,0,0.0,0.0,0.0,0,0.0,0.0,0.0,0.0,0.0,0.0,0.0,0.0
2355900000,Будищенська,0.0,0.0,0,0.0,0.0,0.0,0,0.0,0.0,0.0,0.0,0.0,0.0,0.0,0.0
2353100000,Бужанська,0.0,967500.0,0,0.0,0.0,0.0,0,0.0,0.0,0.0,0.0,0.0,967500.0,0.0,0.0
2352600000,Буцька,0.0,1478700.0,0,0.0,0.0,0.0,0,0.0,0.0,0.0,0.0,0.0,1478700.0,0.0,0.0
2350100000,Білозірська,0.0,9280200.0,0,0.0,0.0,0.0,0,0.0,0.0,0.0,0.0,0.0,9280200.0,0.0,0.0
2353200000,Великохутірська,0.0,221900.0,0,0.0,0.0,0.0,0,0.0,0.0,0.0,0.0,0.0,221900.0,0.0,0.0
2355700000,Виноградська,0.0,1144700.0,0,0.0,0.0,0.0,0,0.0,0.0,0.0,0.0,0.0,1144700.0,0.0,0.0
2353400000,Водяницька,0.0,1676800.0,0,0.0,0.0,0.0,0,0.0,0.0,0.0,0.0,0.0,1676800.0,0.0,0.0
2356100000,Вознесенська,0.0,513700.0,0,0.0,0.0,0.0,0,0.0,0.0,0.0,0.0,0.0,513700.0,0.0,0.0
2353300000,Вільшанська,0.0,9124800.0,0,0.0,0.0,0.0,0,0.0,0.0,0.0,0.0,0.0,9124800.0,0.0,0.0
2356200000,Гельмязівська,0.0,0.0,0,0.0,0.0,0.0,0,0.0,0.0,0.0,0.0,0.0,0.0,0.0,0.0
2356300000,Городищенська,0.0,8730200.0,0,0.0,0.0,0.0,0,0.0,0.0,0.0,0.0,0.0,8730200.0,0.0,0.0
2353500000,Дмитрушківська,0.0,6832300.0,0,0.0,0.0,0.0,0,0.0,0.0,0.0,0.0,0.0,6832300.0,0.0,0.0
2355500000,Драбівська,0.0,207200.0,0,0.0,0.0,0.0,0,0.0,0.0,0.0,0.0,0.0,207200.0,0.0,0.0
2351400000,Жашківська,0.0,1356000.0,0,0.0,0.0,0.0,0,0.0,0.0,0.0,0.0,0.0,1356000.0,0.0,0.0
2356400000,Звенигородська,0.0,6821800.0,0,0.0,0.0,0.0,0,0.0,0.0,0.0,0.0,0.0,6821800.0,0.0,0.0
2356500000,Золотоніська,0.0,0.0,0,0.0,0.0,0.0,0,0.0,0.0,0.0,0.0,0.0,0.0,0.0,0.0
2352400000,Зорівська,230200.0,0.0,0,0.0,0.0,0.0,0,0.0,0.0,0.0,0.0,0.0,0.0,230200.0,0.0
2356600000,Калинопільська,0.0,3853400.0,0,0.0,0.0,0.0,0,0.0,0.0,0.0,0.0,0.0,3853400.0,0.0,0.0
2351500000,Кам'янська,0.0,4940700.0,0,0.0,0.0,0.0,0,0.0,0.0,0.0,0.0,0.0,4940700.0,0.0,0.0
2355400000,Канівська,8929100.0,0.0,0,0.0,0.0,0.0,0,0.0,0.0,0.0,0.0,0.0,0.0,8929100.0,0.0
2356700000,Корсунь-Шевченківська,0.0,595600.0,0,0.0,0.0,0.0,0,0.0,0.0,0.0,0.0,0.0,595600.0,0.0,0.0
2353600000,Ладижинська,0.0,4321600.0,0,0.0,0.0,0.0,0,0.0,0.0,0.0,0.0,0.0,4321600.0,0.0,0.0
2353800000,Леськівська,0.0,8920900.0,0,0.0,0.0,0.0,0,0.0,0.0,0.0,0.0,0.0,8920900.0,0.0,0.0
2353900000,Лип'янська,0.0,588200.0,0,0.0,0.0,0.0,0,0.0,0.0,0.0,0.0,0.0,588200.0,0.0,0.0
2354000000,Лисянська,0.0,7592600.0,0,0.0,0.0,0.0,0,0.0,0.0,0.0,0.0,0.0,7592600.0,0.0,0.0
2351600000,Ліплявська,0.0,0.0,0,0.0,0.0,0.0,0,0.0,0.0,0.0,0.0,0.0,0.0,0.0,0.0
2356800000,Маньківська,0.0,0.0,0,0.0,0.0,0.0,0,0.0,0.0,0.0,0.0,0.0,0.0,0.0,0.0
2352300000,Матусівська,0.0,2176000.0,0,0.0,0.0,0.0,0,0.0,0.0,0.0,0.0,0.0,2176000.0,0.0,0.0
2354200000,Медведівська,0.0,3944200.0,0,0.0,0.0,0.0,0,0.0,0.0,0.0,0.0,0.0,3944200.0,0.0,0.0
2352500000,Михайлівська,0.0,2909300.0,0,0.0,0.0,0.0,0,0.0,0.0,0.0,0.0,0.0,2909300.0,0.0,0.0
2351100000,Мліївська,0.0,5379600.0,0,0.0,0.0,0.0,0,0.0,0.0,0.0,0.0,0.0,5379600.0,0.0,0.0
2350300000,Мокрокалигірська,0.0,914700.0,0,0.0,0.0,0.0,0,0.0,0.0,0.0,0.0,0.0,914700.0,0.0,0.0
2356900000,Монастирищенська,0.0,31074300.0,0,0.0,0.0,0.0,0,0.0,0.0,0.0,0.0,0.0,31074300.0,0.0,0.0
2357000000,Мошнівська,0.0,20788900.0,0,0.0,0.0,0.0,0,0.0,0.0,0.0,0.0,0.0,20788900.0,0.0,0.0
2350600000,Набутівська,0.0,2389400.0,0,0.0,0.0,0.0,0,0.0,0.0,0.0,0.0,0.0,2389400.0,0.0,0.0
2357100000,Новодмитрівська,0.0,0.0,0,0.0,0.0,0.0,0,0.0,0.0,0.0,0.0,0.0,0.0,0.0,0.0
2352000000,Паланська,304600.0,0.0,0,0.0,0.0,0.0,0,0.0,0.0,0.0,0.0,0.0,0.0,304600.0,0.0
2357200000,Піщанська,0.0,4868100.0,0,0.0,0.0,0.0,0,0.0,0.0,0.0,0.0,0.0,4868100.0,0.0,0.0
2350800000,Ротмістрівська,0.0,7762100.0,0,0.0,0.0,0.0,0,0.0,0.0,0.0,0.0,0.0,7762100.0,0.0,0.0
2354600000,Руськополянська,0.0,8328500.0,0,0.0,0.0,0.0,0,0.0,0.0,0.0,0.0,0.0,8328500.0,0.0,0.0
2354700000,Сагунівська,0.0,3648400.0,0,0.0,0.0,0.0,0,0.0,0.0,0.0,0.0,0.0,3648400.0,0.0,0.0
2350700000,Селищенська,0.0,3696900.0,0,0.0,0.0,0.0,0,0.0,0.0,0.0,0.0,0.0,3696900.0,0.0,0.0
2355100000,Слобідська,0.0,0.0,0,0.0,0.0,0.0,0,0.0,0.0,0.0,0.0,0.0,0.0,0.0,0.0
2357300000,Смілянська,0.0,20760100.0,0,0.0,0.0,0.0,0,0.0,0.0,0.0,0.0,0.0,20760100.0,0.0,0.0
2350500000,Стеблівська,0.0,0.0,0,0.0,0.0,0.0,0,0.0,0.0,0.0,0.0,0.0,0.0,0.0,0.0
2351000000,Степанецька,29503200.0,0.0,0,0.0,0.0,0.0,0,0.0,0.0,0.0,0.0,0.0,0.0,29503200.0,0.0
2352100000,Степанківська,0.0,1325100.0,0,0.0,0.0,0.0,0,0.0,0.0,0.0,0.0,0.0,1325100.0,0.0,0.0
2350400000,Тальнівська,0.0,6960900.0,0,0.0,0.0,0.0,0,0.0,0.0,0.0,0.0,0.0,6960900.0,0.0,0.0
2354900000,Тернівська,0.0,4556600.0,0,0.0,0.0,0.0,0,0.0,0.0,0.0,0.0,0.0,4556600.0,0.0,0.0
2357400000,Уманська,0.0,0.0,0,0.0,0.0,0.0,0,0.0,0.0,0.0,0.0,0.0,0.0,0.0,0.0
2357500000,Христинівська,0.0,2827800.0,0,0.0,0.0,0.0,0,0.0,0.0,0.0,0.0,0.0,2827800.0,0.0,0.0
2357600000,Черкаська,112519400.0,0.0,0,0.0,0.0,0.0,0,0.0,0.0,0.0,0.0,0.0,0.0,112519400.0,0.0
2355200000,Чигиринська,0.0,6963600.0,0,0.0,0.0,0.0,0,0.0,0.0,0.0,0.0,0.0,6963600.0,0.0,0.0
2357700000,Чорнобаївська,0.0,0.0,0,0.0,0.0,0.0,0,0.0,0.0,0.0,0.0,0.0,0.0,0.0,0.0
2355300000,Шевченківська,0.0,3370800.0,0,0.0,0.0,0.0,0,0.0,0.0,0.0,0.0,0.0,3370800.0,0.0,0.0
2350900000,Шполянська,0.0,0.0,0,0.0,0.0,0.0,0,0.0,0.0,0.0,0.0,0.0,0.0,0.0,0.0
2357800000,Шрамківська,0.0,8785900.0,0,0.0,0.0,0.0,0,0.0,0.0,0.0,0.0,0.0,8785900.0,0.0,0.0
2551500000,Іванівська,0.0,9259900.0,0,0.0,0.0,0.0,0,0.0,0.0,0.0,0.0,0.0,9259900.0,0.0,0.0
2552400000,Ічнянська,0.0,0.0,0,0.0,0.0,0.0,0,0.0,0.0,0.0,0.0,0.0,0.0,0.0,0.0
2550600000,Батуринська,0.0,0.0,0,0.0,0.0,0.0,0,0.0,0.0,0.0,0.0,0.0,0.0,0.0,0.0
2555100000,Бахмацька,0.0,0.0,0,0.0,0.0,0.0,0,0.0,0.0,0.0,0.0,0.0,0.0,0.0,0.0
2555200000,Березнянська,0.0,10273700.0,0,0.0,0.0,0.0,0,0.0,0.0,0.0,0.0,0.0,10273700.0,0.0,0.0
2552100000,Бобровицька,854000.0,0.0,0,0.0,0.0,0.0,0,0.0,0.0,0.0,0.0,0.0,0.0,854000.0,0.0
2554000000,Борзнянська,0.0,7578200.0,0,0.0,0.0,0.0,0,0.0,0.0,0.0,0.0,0.0,7578200.0,0.0,0.0
2553500000,Варвинська,10904100.0,0.0,0,0.0,0.0,0.0,0,0.0,0.0,0.0,0.0,0.0,0.0,10904100.0,0.0
2550100000,Вертіївська,0.0,4272300.0,0,0.0,0.0,0.0,0,0.0,0.0,0.0,0.0,0.0,4272300.0,0.0,0.0
2553400000,Височанська,0.0,4929400.0,0,0.0,0.0,0.0,0,0.0,0.0,0.0,0.0,0.0,4929400.0,0.0,0.0
2551100000,Гончарівська,11977200.0,0.0,0,0.0,0.0,0.0,0,0.0,0.0,0.0,0.0,0.0,0.0,11977200.0,0.0
2553600000,Городнянська,0.0,17228700.0,0,0.0,0.0,0.0,0,0.0,0.0,0.0,0.0,0.0,17228700.0,0.0,0.0
2550200000,Деснянська,16438700.0,0.0,0,0.0,0.0,0.0,0,0.0,0.0,0.0,0.0,0.0,0.0,16438700.0,0.0
2555300000,Дмитрівська,0.0,296800.0,0,0.0,0.0,0.0,0,0.0,0.0,0.0,0.0,0.0,296800.0,0.0,0.0
2554600000,Добрянська,0.0,1271700.0,0,0.0,0.0,0.0,0,0.0,0.0,0.0,0.0,0.0,1271700.0,0.0,0.0
2554700000,Киселівська,0.0,0.0,0,0.0,0.0,0.0,0,0.0,0.0,0.0,0.0,0.0,0.0,0.0,0.0
2554200000,Киїнська,0.0,6756600.0,0,0.0,0.0,0.0,0,0.0,0.0,0.0,0.0,0.0,6756600.0,0.0,0.0
2551800000,Козелецька,0.0,0.0,0,0.0,0.0,0.0,0,0.0,0.0,0.0,0.0,0.0,0.0,0.0,0.0
2551900000,Комарівська,0.0,0.0,0,0.0,0.0,0.0,0,0.0,0.0,0.0,0.0,0.0,0.0,0.0,0.0
2551200000,Коропська,0.0,10056100.0,0,0.0,0.0,0.0,0,0.0,0.0,0.0,0.0,0.0,10056100.0,0.0,0.0
2550700000,Корюківська,0.0,0.0,0,0.0,0.0,0.0,0,0.0,0.0,0.0,0.0,0.0,0.0,0.0,0.0
2555400000,Крутівська,0.0,4601200.0,0,0.0,0.0,0.0,0,0.0,0.0,0.0,0.0,0.0,4601200.0,0.0,0.0
2552500000,Куликівська,0.0,7064200.0,0,0.0,0.0,0.0,0,0.0,0.0,0.0,0.0,0.0,7064200.0,0.0,0.0
2550300000,Кіптівська,0.0,3939700.0,0,0.0,0.0,0.0,0,0.0,0.0,0.0,0.0,0.0,3939700.0,0.0,0.0
2555500000,Ладанська,0.0,7445100.0,0,0.0,0.0,0.0,0,0.0,0.0,0.0,0.0,0.0,7445100.0,0.0,0.0
2553700000,Линовицька,0.0,0.0,0,0.0,0.0,0.0,0,0.0,0.0,0.0,0.0,0.0,0.0,0.0,0.0
2551300000,Лосинівська,0.0,9657300.0,0,0.0,0.0,0.0,0,0.0,0.0,0.0,0.0,0.0,9657300.0,0.0,0.0
2552700000,Любецька,0.0,1876200.0,0,0.0,0.0,0.0,0,0.0,0.0,0.0,0.0,0.0,1876200.0,0.0,0.0
2550400000,Макіївська,2355400.0,0.0,0,0.0,0.0,0.0,0,0.0,0.0,0.0,0.0,0.0,0.0,2355400.0,0.0
2552600000,Малодівицька,0.0,0.0,0,0.0,0.0,0.0,0,0.0,0.0,0.0,0.0,0.0,0.0,0.0,0.0
2551700000,Менська,0.0,7745400.0,0,0.0,0.0,0.0,0,0.0,0.0,0.0,0.0,0.0,7745400.0,0.0,0.0
2551400000,Михайло-Коцюбинська,0.0,3825700.0,0,0.0,0.0,0.0,0,0.0,0.0,0.0,0.0,0.0,3825700.0,0.0,0.0
2551600000,Мринська,0.0,665500.0,0,0.0,0.0,0.0,0,0.0,0.0,0.0,0.0,0.0,665500.0,0.0,0.0
2553900000,Новгород-Сіверська,0.0,9219100.0,0,0.0,0.0,0.0,0,0.0,0.0,0.0,0.0,0.0,9219100.0,0.0,0.0
2552000000,Новобасанська,3617600.0,0.0,0,0.0,0.0,0.0,0,0.0,0.0,0.0,0.0,0.0,0.0,3617600.0,0.0
2554100000,Новобілоуська,0.0,0.0,0,0.0,0.0,0.0,0,0.0,0.0,0.0,0.0,0.0,0.0,0.0,0.0
2550800000,Носівська,0.0,13713900.0,0,0.0,0.0,0.0,0,0.0,0.0,0.0,0.0,0.0,13713900.0,0.0,0.0
2553800000,Ніжинська,0.0,2868000.0,0,0.0,0.0,0.0,0,0.0,0.0,0.0,0.0,0.0,2868000.0,0.0,0.0
2553300000,Олишівська,1818500.0,0.0,0,0.0,0.0,0.0,0,0.0,0.0,0.0,0.0,0.0,0.0,1818500.0,0.0
2550900000,Остерська,0.0,10014200.0,0,0.0,0.0,0.0,0,0.0,0.0,0.0,0.0,0.0,10014200.0,0.0,0.0
2550500000,Парафіївська,1589500.0,0.0,0,0.0,0.0,0.0,0,0.0,0.0,0.0,0.0,0.0,0.0,1589500.0,0.0
2552200000,Плисківська,0.0,43500.0,0,0.0,0.0,0.0,0,0.0,0.0,0.0,0.0,0.0,43500.0,0.0,0.0
2554800000,Понорницька,0.0,10083500.0,0,0.0,0.0,0.0,0,0.0,0.0,0.0,0.0,0.0,10083500.0,0.0,0.0
2555600000,Прилуцька,13419900.0,0.0,0,0.0,0.0,0.0,0,0.0,0.0,0.0,0.0,0.0,0.0,13419900.0,0.0
2555700000,Ріпкинська,0.0,10041800.0,0,0.0,0.0,0.0,0,0.0,0.0,0.0,0.0,0.0,10041800.0,0.0,0.0
2555800000,Седнівська,0.0,4557500.0,0,0.0,0.0,0.0,0,0.0,0.0,0.0,0.0,0.0,4557500.0,0.0,0.0
2552800000,Семенівська,0.0,8130700.0,0,0.0,0.0,0.0,0,0.0,0.0,0.0,0.0,0.0,8130700.0,0.0,0.0
2551000000,Сновська,0.0,10670500.0,0,0.0,0.0,0.0,0,0.0,0.0,0.0,0.0,0.0,10670500.0,0.0,0.0
2552900000,Сосницька,0.0,11991400.0,0,0.0,0.0,0.0,0,0.0,0.0,0.0,0.0,0.0,11991400.0,0.0,0.0
2553000000,Срібнянська,4313100.0,0.0,0,0.0,0.0,0.0,0,0.0,0.0,0.0,0.0,0.0,0.0,4313100.0,0.0
2554900000,Сухополов'янська,0.0,7034300.0,0,0.0,0.0,0.0,0,0.0,0.0,0.0,0.0,0.0,7034300.0,0.0,0.0
2555000000,Талалаївська,0.0,6625300.0,0,0.0,0.0,0.0,0,0.0,0.0,0.0,0.0,0.0,6625300.0,0.0,0.0
2552300000,Тупичівська,0.0,28800.0,0,0.0,0.0,0.0,0,0.0,0.0,0.0,0.0,0.0,28800.0,0.0,0.0
2553200000,Холминська,0.0,4561200.0,0,0.0,0.0,0.0,0,0.0,0.0,0.0,0.0,0.0,4561200.0,0.0,0.0
2555900000,Чернігівська,48700800.0,0.0,0,0.0,0.0,0.0,0,0.0,0.0,0.0,0.0,0.0,0.0,48700800.0,0.0
2556000000,Яблунівська,0.0,904300.0,0,0.0,0.0,0.0,0,0.0,0.0,0.0,0.0,0.0,904300.0,0.0,0.0
2453800000,Банилівська,0.0,14175200.0,0,0.0,0.0,0.0,0,0.0,0.0,0.0,0.0,0.0,14175200.0,0.0,0.0
2453900000,Берегометська,0.0,25251300.0,0,0.0,0.0,0.0,0,0.0,0.0,0.0,0.0,0.0,25251300.0,0.0,0.0
2454000000,Боянська,0.0,11375200.0,0,0.0,0.0,0.0,0,0.0,0.0,0.0,0.0,0.0,11375200.0,0.0,0.0
2454100000,Брусницька,0.0,17002100.0,0,0.0,0.0,0.0,0,0.0,0.0,0.0,0.0,0.0,17002100.0,0.0,0.0
2453400000,Ванчиковецька,0.0,28322800.0,0,0.0,0.0,0.0,0,0.0,0.0,0.0,0.0,0.0,28322800.0,0.0,0.0
2450100000,Вашковецька,0.0,7906800.0,0,0.0,0.0,0.0,0,0.0,0.0,0.0,0.0,0.0,7906800.0,0.0,0.0
2451100000,Вашківецька,0.0,21564700.0,0,0.0,0.0,0.0,0,0.0,0.0,0.0,0.0,0.0,21564700.0,0.0,0.0
2450200000,Великокучурівська,0.0,26986600.0,0,0.0,0.0,0.0,0,0.0,0.0,0.0,0.0,0.0,26986600.0,0.0,0.0
2454200000,Веренчанська,0.0,12515100.0,0,0.0,0.0,0.0,0,0.0,0.0,0.0,0.0,0.0,12515100.0,0.0,0.0
2451200000,Вижницька,0.0,14168000.0,0,0.0,0.0,0.0,0,0.0,0.0,0.0,0.0,0.0,14168000.0,0.0,0.0
2450300000,Волоківська,0.0,11897000.0,0,0.0,0.0,0.0,0,0.0,0.0,0.0,0.0,0.0,11897000.0,0.0,0.0
2452300000,Вікнянська,2141400.0,0.0,0,0.0,0.0,0.0,0,0.0,0.0,0.0,0.0,0.0,0.0,2141400.0,0.0
2452700000,Герцаївська,0.0,25968700.0,0,0.0,0.0,0.0,0,0.0,0.0,0.0,0.0,0.0,25968700.0,0.0,0.0
2450400000,Глибоцька,0.0,13735100.0,0,0.0,0.0,0.0,0,0.0,0.0,0.0,0.0,0.0,13735100.0,0.0,0.0
2454300000,Горішньошеровецька,0.0,10872600.0,0,0.0,0.0,0.0,0,0.0,0.0,0.0,0.0,0.0,10872600.0,0.0,0.0
2452800000,Заставнівська,0.0,7737600.0,0,0.0,0.0,0.0,0,0.0,0.0,0.0,0.0,0.0,7737600.0,0.0,0.0
2453700000,Кадубовецька,0.0,13670100.0,0,0.0,0.0,0.0,0,0.0,0.0,0.0,0.0,0.0,13670100.0,0.0,0.0
2454400000,Кам'янецька,0.0,18728100.0,0,0.0,0.0,0.0,0,0.0,0.0,0.0,0.0,0.0,18728100.0,0.0,0.0
2454500000,Кам'янська,0.0,22296100.0,0,0.0,0.0,0.0,0,0.0,0.0,0.0,0.0,0.0,22296100.0,0.0,0.0
2453500000,Карапчівська,0.0,8246500.0,0,0.0,0.0,0.0,0,0.0,0.0,0.0,0.0,0.0,8246500.0,0.0,0.0
2454600000,Кельменецька,0.0,40933100.0,0,0.0,0.0,0.0,0,0.0,0.0,0.0,0.0,0.0,40933100.0,0.0,0.0
2450500000,Клішковецька,0.0,27591500.0,0,0.0,0.0,0.0,0,0.0,0.0,0.0,0.0,0.0,27591500.0,0.0,0.0
2451700000,Конятинська,0.0,8542900.0,0,0.0,0.0,0.0,0,0.0,0.0,0.0,0.0,0.0,8542900.0,0.0,0.0
2452500000,Кострижівська,0.0,6565800.0,0,0.0,0.0,0.0,0,0.0,0.0,0.0,0.0,0.0,6565800.0,0.0,0.0
2451400000,Красноїльська,0.0,20729600.0,0,0.0,0.0,0.0,0,0.0,0.0,0.0,0.0,0.0,20729600.0,0.0,0.0
2452100000,Кіцманська,0.0,16236100.0,0,0.0,0.0,0.0,0,0.0,0.0,0.0,0.0,0.0,16236100.0,0.0,0.0
2454700000,Лівинецька,0.0,11516000.0,0,0.0,0.0,0.0,0,0.0,0.0,0.0,0.0,0.0,11516000.0,0.0,0.0
2452200000,Магальська,0.0,14304900.0,0,0.0,0.0,0.0,0,0.0,0.0,0.0,0.0,0.0,14304900.0,0.0,0.0
2450600000,Мамалигівська,0.0,17362000.0,0,0.0,0.0,0.0,0,0.0,0.0,0.0,0.0,0.0,17362000.0,0.0,0.0
2452000000,Мамаївська,0.0,30701900.0,0,0.0,0.0,0.0,0,0.0,0.0,0.0,0.0,0.0,30701900.0,0.0,0.0
2450700000,Недобоївська,0.0,21186100.0,0,0.0,0.0,0.0,0,0.0,0.0,0.0,0.0,0.0,21186100.0,0.0,0.0
2452900000,Неполоковецька,0.0,9732700.0,0,0.0,0.0,0.0,0,0.0,0.0,0.0,0.0,0.0,9732700.0,0.0,0.0
2453300000,Новодністровська,0.0,0.0,0,0.0,0.0,0.0,0,0.0,0.0,0.0,0.0,0.0,0.0,0.0,0.0
2452600000,Новоселицька,0.0,31046200.0,0,0.0,0.0,0.0,0,0.0,0.0,0.0,0.0,0.0,31046200.0,0.0,0.0
2451900000,Острицька,0.0,23267000.0,0,0.0,0.0,0.0,0,0.0,0.0,0.0,0.0,0.0,23267000.0,0.0,0.0
2454800000,Петровецька,0.0,16367700.0,0,0.0,0.0,0.0,0,0.0,0.0,0.0,0.0,0.0,16367700.0,0.0,0.0
2454900000,Путильська,0.0,7909000.0,0,0.0,0.0,0.0,0,0.0,0.0,0.0,0.0,0.0,7909000.0,0.0,0.0
2450800000,Рукшинська,0.0,12861900.0,0,0.0,0.0,0.0,0,0.0,0.0,0.0,0.0,0.0,12861900.0,0.0,0.0
2451800000,Селятинська,0.0,5588100.0,0,0.0,0.0,0.0,0,0.0,0.0,0.0,0.0,0.0,5588100.0,0.0,0.0
2450900000,Сокирянська,0.0,38151100.0,0,0.0,0.0,0.0,0,0.0,0.0,0.0,0.0,0.0,38151100.0,0.0,0.0
2453000000,Ставчанська,0.0,11333800.0,0,0.0,0.0,0.0,0,0.0,0.0,0.0,0.0,0.0,11333800.0,0.0,0.0
2451300000,Сторожинецька,0.0,56041600.0,0,0.0,0.0,0.0,0,0.0,0.0,0.0,0.0,0.0,56041600.0,0.0,0.0
2453600000,Сучевенська,0.0,15331100.0,0,0.0,0.0,0.0,0,0.0,0.0,0.0,0.0,0.0,15331100.0,0.0,0.0
2455000000,Тарашанська,0.0,14361100.0,0,0.0,0.0,0.0,0,0.0,0.0,0.0,0.0,0.0,14361100.0,0.0,0.0
2451500000,Тереблеченська,0.0,9319300.0,0,0.0,0.0,0.0,0,0.0,0.0,0.0,0.0,0.0,9319300.0,0.0,0.0
2455100000,Топорівська,0.0,23502100.0,0,0.0,0.0,0.0,0,0.0,0.0,0.0,0.0,0.0,23502100.0,0.0,0.0
2451000000,Усть-Путильська,0.0,9245100.0,0,0.0,0.0,0.0,0,0.0,0.0,0.0,0.0,0.0,9245100.0,0.0,0.0
2453100000,Хотинська,0.0,12170200.0,0,0.0,0.0,0.0,0,0.0,0.0,0.0,0.0,0.0,12170200.0,0.0,0.0
2453200000,Чагорська,0.0,17344200.0,0,0.0,0.0,0.0,0,0.0,0.0,0.0,0.0,0.0,17344200.0,0.0,0.0
2455200000,Чернівецька,0.0,0.0,0,0.0,0.0,0.0,0,0.0,0.0,0.0,0.0,0.0,0.0,0.0,0.0
2451600000,Чудейська,0.0,28127500.0,0,0.0,0.0,0.0,0,0.0,0.0,0.0,0.0,0.0,28127500.0,0.0,0.0
2452400000,Юрковецька,0.0,17282800.0,0,0.0,0.0,0.0,0,0.0,0.0,0.0,0.0,0.0,17282800.0,0.0,0.0
0450100000,Апостолівська,0.0,9225600.0,0,0.0,0.0,0.0,0,0.0,0.0,0.0,0.0,0.0,9225600.0,0.0,0.0
0450200000,Богданівська,33908900.0,0.0,0,0.0,0.0,0.0,0,1980800.0,0.0,0.0,0.0,0.0,0.0,33908900.0,1980800.0
0451800000,Божедарівська,0.0,4318900.0,0,0.0,0.0,0.0,0,0.0,0.0,0.0,0.0,0.0,4318900.0,0.0,0.0
0457200000,Брагинівська,0.0,4099900.0,0,0.0,0.0,0.0,0,0.0,0.0,0.0,0.0,0.0,4099900.0,0.0,0.0
0450500000,Вакулівська,0.0,2789900.0,0,0.0,0.0,0.0,0,0.0,0.0,0.0,0.0,0.0,2789900.0,0.0,0.0
0451900000,Васильківська,0.0,21064100.0,0,0.0,0.0,0.0,0,0.0,0.0,0.0,0.0,0.0,21064100.0,0.0,0.0
0452900000,Великомихайлівська,0.0,3973900.0,0,0.0,0.0,0.0,0,0.0,0.0,0.0,0.0,0.0,3973900.0,0.0,0.0
0450300000,Вербківська,47178200.0,0.0,0,0.0,0.0,0.0,0,0.0,0.0,0.0,0.0,0.0,0.0,47178200.0,0.0
0453600000,Верхньодніпровська,0.0,13823300.0,0,0.0,0.0,0.0,0,0.0,0.0,0.0,0.0,0.0,13823300.0,0.0,0.0
0457300000,Верхівцівська,0.0,2471400.0,0,0.0,0.0,0.0,0,0.0,0.0,0.0,0.0,0.0,2471400.0,0.0,0.0
0452000000,Вишнівська,0.0,4193500.0,0,0.0,0.0,0.0,0,0.0,0.0,0.0,0.0,0.0,4193500.0,0.0,0.0
0457400000,Вільногірська,12720200.0,0.0,0,0.0,0.0,0.0,0,0.0,0.0,0.0,0.0,0.0,0.0,12720200.0,0.0
0456300000,Глеюватська,4294700.0,0.0,0,0.0,0.0,0.0,0,0.0,0.0,0.0,0.0,0.0,0.0,4294700.0,0.0
0453000000,Гречаноподівська,0.0,4780500.0,0,0.0,0.0,0.0,0,0.0,0.0,0.0,0.0,0.0,4780500.0,0.0,0.0
0450700000,Грушівська,0.0,9740200.0,0,0.0,0.0,0.0,0,0.0,0.0,0.0,0.0,0.0,9740200.0,0.0,0.0
0457500000,Губиниська,0.0,0.0,0,0.0,0.0,0.0,0,0.0,0.0,0.0,0.0,0.0,0.0,0.0,0.0
0455600000,Девладівська,0.0,2280900.0,0,0.0,0.0,0.0,0,0.0,0.0,0.0,0.0,0.0,2280900.0,0.0,0.0
0457600000,Дніпровська,1184370800.0,0.0,0,0.0,0.0,0.0,0,298052000.0,0.0,0.0,0.0,0.0,0.0,1184370800.0,298052000.0
0453500000,Дубовиківська,0.0,8451800.0,0,0.0,0.0,0.0,0,0.0,0.0,0.0,0.0,0.0,8451800.0,0.0,0.0
0457700000,Жовтоводська,0.0,3371300.0,0,0.0,0.0,0.0,0,0.0,0.0,0.0,0.0,0.0,3371300.0,0.0,0.0
0454500000,Зайцівська,2196900.0,0.0,0,0.0,0.0,0.0,0,0.0,0.0,0.0,0.0,0.0,0.0,2196900.0,0.0
0456400000,Затишнянська,0.0,2487800.0,0,0.0,0.0,0.0,0,0.0,0.0,0.0,0.0,0.0,2487800.0,0.0,0.0
0450600000,Зеленодольська,0.0,8107400.0,0,0.0,0.0,0.0,0,0.0,0.0,0.0,0.0,0.0,8107400.0,0.0,0.0
0455400000,Кам'янська,0.0,1700800.0,0,0.0,0.0,0.0,0,0.0,0.0,0.0,0.0,0.0,1700800.0,0.0,0.0
0455000000,Карпівська,11964500.0,0.0,0,0.0,0.0,0.0,0,0.0,0.0,0.0,0.0,0.0,0.0,11964500.0,0.0
0454800000,Китайгородська,0.0,1258900.0,0,0.0,0.0,0.0,0,0.0,0.0,0.0,0.0,0.0,1258900.0,0.0,0.0
0457810000,Криворізька,0.0,0.0,0,0.0,0.0,0.0,0,0.0,0.0,0.0,0.0,0.0,0.0,0.0,0.0
0452100000,Криничанська,0.0,6486900.0,0,0.0,0.0,0.0,0,0.0,0.0,0.0,0.0,0.0,6486900.0,0.0,0.0
0452200000,Лихівська,0.0,4311800.0,0,0.0,0.0,0.0,0,0.0,0.0,0.0,0.0,0.0,4311800.0,0.0,0.0
0455700000,Личківська,0.0,1286500.0,0,0.0,0.0,0.0,0,0.0,0.0,0.0,0.0,0.0,1286500.0,0.0,0.0
0457900000,Лозуватська,0.0,7246600.0,0,0.0,0.0,0.0,0,0.0,0.0,0.0,0.0,0.0,7246600.0,0.0,0.0
0455300000,Любимівська,0.0,2576300.0,0,0.0,0.0,0.0,0,0.0,0.0,0.0,0.0,0.0,2576300.0,0.0,0.0
0450800000,Ляшківська,0.0,2618900.0,0,0.0,0.0,0.0,0,0.0,0.0,0.0,0.0,0.0,2618900.0,0.0,0.0
0456500000,Магдалинівська,0.0,2168300.0,0,0.0,0.0,0.0,0,0.0,0.0,0.0,0.0,0.0,2168300.0,0.0,0.0
0453100000,Маломихайлівська,0.0,15308000.0,0,0.0,0.0,0.0,0,0.0,0.0,0.0,0.0,0.0,15308000.0,0.0,0.0
0456100000,Марганецька,0.0,26343000.0,0,0.0,0.0,0.0,0,0.0,0.0,0.0,0.0,0.0,26343000.0,0.0,0.0
0454100000,Межиріцька,0.0,6532400.0,0,0.0,0.0,0.0,0,0.0,0.0,0.0,0.0,0.0,6532400.0,0.0,0.0
0453700000,Межівська,0.0,7414400.0,0,0.0,0.0,0.0,0,0.0,0.0,0.0,0.0,0.0,7414400.0,0.0,0.0
0450900000,Миколаївська,0.0,1536900.0,0,0.0,0.0,0.0,0,0.0,0.0,0.0,0.0,0.0,1536900.0,0.0,0.0
0451600000,Мирівська,0.0,3301500.0,0,0.0,0.0,0.0,0,0.0,0.0,0.0,0.0,0.0,3301500.0,0.0,0.0
0450900000,Могилівська,0.0,1536900.0,0,0.0,0.0,0.0,0,0.0,0.0,0.0,0.0,0.0,1536900.0,0.0,0.0
0453900000,Мозолевська,8194700.0,0.0,0,0.0,0.0,0.0,0,0.0,0.0,0.0,0.0,0.0,0.0,8194700.0,0.0
0451000000,Нивотрудівська,0.0,8359700.0,0,0.0,0.0,0.0,0,0.0,0.0,0.0,0.0,0.0,8359700.0,0.0,0.0
0453200000,Новолатівська,0.0,1681500.0,0,0.0,0.0,0.0,0,0.0,0.0,0.0,0.0,0.0,1681500.0,0.0,0.0
0453200000,Новоолександрівська,0.0,1681500.0,0,0.0,0.0,0.0,0,0.0,0.0,0.0,0.0,0.0,1681500.0,0.0,0.0
0453300000,Новопавлівська,0.0,2242300.0,0,0.0,0.0,0.0,0,0.0,0.0,0.0,0.0,0.0,2242300.0,0.0,0.0
0452300000,Новопокровська,0.0,12025200.0,0,0.0,0.0,0.0,0,0.0,0.0,0.0,0.0,0.0,12025200.0,0.0,0.0
0458300000,Новопільська,0.0,3878500.0,0,0.0,0.0,0.0,0,0.0,0.0,0.0,0.0,0.0,3878500.0,0.0,0.0
0458100000,Нікопольська,30652500.0,0.0,0,0.0,0.0,0.0,0,0.0,0.0,0.0,0.0,0.0,0.0,30652500.0,0.0
0456600000,Обухівська,0.0,16849400.0,0,0.0,0.0,0.0,0,0.0,0.0,0.0,0.0,0.0,16849400.0,0.0,0.0
0458800000,П'ятихатська,0.0,7074800.0,0,0.0,0.0,0.0,0,0.0,0.0,0.0,0.0,0.0,7074800.0,0.0,0.0
0458400000,Павлоградська,0.0,9088200.0,0,0.0,0.0,0.0,0,14309700.0,0.0,0.0,0.0,0.0,9088200.0,0.0,14309700.0
0455800000,Перещепинська,0.0,11662900.0,0,0.0,0.0,0.0,0,0.0,0.0,0.0,0.0,0.0,11662900.0,0.0,0.0
0454300000,Петриківська,1202700.0,0.0,0,0.0,0.0,0.0,0,0.0,0.0,0.0,0.0,0.0,0.0,1202700.0,0.0
0458600000,Петропавлівська,0.0,3576600.0,0,0.0,0.0,0.0,0,0.0,0.0,0.0,0.0,0.0,3576600.0,0.0,0.0
0452300000,Покровська,0.0,12025200.0,0,0.0,0.0,0.0,0,0.0,0.0,0.0,0.0,0.0,12025200.0,0.0,0.0
0456800000,Підгородненська,0.0,25163100.0,0,0.0,0.0,0.0,0,0.0,0.0,0.0,0.0,0.0,25163100.0,0.0,0.0
0454600000,Раївська,0.0,1751400.0,0,0.0,0.0,0.0,0,0.0,0.0,0.0,0.0,0.0,1751400.0,0.0,0.0
0452400000,Роздорська,0.0,1736900.0,0,0.0,0.0,0.0,0,0.0,0.0,0.0,0.0,0.0,1736900.0,0.0,0.0
0455500000,Саксаганська,0.0,4103800.0,0,0.0,0.0,0.0,0,0.0,0.0,0.0,0.0,0.0,4103800.0,0.0,0.0
0458200000,Самарівська,0.0,40450900.0,0,0.0,0.0,0.0,0,0.0,0.0,0.0,0.0,0.0,40450900.0,0.0,0.0
0450400000,Святовасилівська,0.0,4392300.0,0,0.0,0.0,0.0,0,0.0,0.0,0.0,0.0,0.0,4392300.0,0.0,0.0
0458900000,Синельниківська,0.0,6489900.0,0,0.0,0.0,0.0,0,0.0,0.0,0.0,0.0,0.0,6489900.0,0.0,0.0
0454800000,Славгородська,0.0,1258900.0,0,0.0,0.0,0.0,0,0.0,0.0,0.0,0.0,0.0,1258900.0,0.0,0.0
0451500000,Слобожанська,86233300.0,0.0,0,0.0,0.0,0.0,0,0.0,0.0,0.0,0.0,0.0,0.0,86233300.0,0.0
0459000000,Слов'янська,0.0,124200.0,0,0.0,0.0,0.0,0,0.0,0.0,0.0,0.0,0.0,124200.0,0.0,0.0
0451300000,Солонянська,0.0,6807100.0,0,0.0,0.0,0.0,0,0.0,0.0,0.0,0.0,0.0,6807100.0,0.0,0.0
0452500000,Софіївська,0.0,3401800.0,0,0.0,0.0,0.0,0,0.0,0.0,0.0,0.0,0.0,3401800.0,0.0,0.0
0451400000,Сурсько-Литовська,0.0,7057000.0,0,0.0,0.0,0.0,0,0.0,0.0,0.0,0.0,0.0,7057000.0,0.0,0.0
0459100000,Тернівська,16308300.0,0.0,0,0.0,0.0,0.0,0,0.0,0.0,0.0,0.0,0.0,0.0,16308300.0,0.0
0452600000,Томаківська,0.0,448100.0,0,0.0,0.0,0.0,0,0.0,0.0,0.0,0.0,0.0,448100.0,0.0,0.0
0454200000,Троїцька,29803500.0,0.0,0,0.0,0.0,0.0,0,0.0,0.0,0.0,0.0,0.0,0.0,29803500.0,0.0
0455400000,Українська,0.0,1700800.0,0,0.0,0.0,0.0,0,0.0,0.0,0.0,0.0,0.0,1700800.0,0.0,0.0
0452700000,Царичанська,0.0,7889500.0,0,0.0,0.0,0.0,0,0.0,0.0,0.0,0.0,0.0,7889500.0,0.0,0.0
0454000000,Червоногригорівська,0.0,9269600.0,0,0.0,0.0,0.0,0,0.0,0.0,0.0,0.0,0.0,9269600.0,0.0,0.0
0456000000,Чумаківська,11090800.0,0.0,0,0.0,0.0,0.0,0,0.0,0.0,0.0,0.0,0.0,0.0,11090800.0,0.0
0451600000,Широківська,0.0,3301500.0,0,0.0,0.0,0.0,0,0.0,0.0,0.0,0.0,0.0,3301500.0,0.0,0.0
0455200000,Юріївська,0.0,0.0,0,0.0,0.0,0.0,0,0.0,0.0,0.0,0.0,0.0,0.0,0.0,0.0
0454700000,Яворницька,0.0,14042900.0,0,0.0,0.0,0.0,0,0.0,0.0,0.0,0.0,0.0,14042900.0,0.0,0.0
0555400000,Єнакієвська,0.0,0.0,0,0.0,0.0,0.0,0,0.0,0.0,0.0,0.0,0.0,0.0,0.0,0.0
0550600000,Іллінівська,6649600.0,0.0,0,0.0,0.0,0.0,0,0.0,0.0,0.0,0.0,0.0,0.0,6649600.0,0.0
0555600000,Іловайська,0.0,0.0,0,0.0,0.0,0.0,0,0.0,0.0,0.0,0.0,0.0,0.0,0.0,0.0
0551400000,Авдіївська,0.0,0.0,0,0.0,0.0,0.0,0,0.0,0.0,0.0,0.0,0.0,0.0,0.0,0.0
0554700000,Амвросіївська,0.0,0.0,0,0.0,0.0,0.0,0,0.0,0.0,0.0,0.0,0.0,0.0,0.0,0.0
0550900000,Андріївська,1247400.0,0.0,0,0.0,0.0,0.0,0,0.0,0.0,0.0,0.0,0.0,0.0,1247400.0,0.0
0551100000,Бахмутська,0.0,0.0,0,0.0,0.0,0.0,0,0.0,0.0,0.0,0.0,0.0,0.0,0.0,0.0
0554800000,Бойківська,0.0,0.0,0,0.0,0.0,0.0,0,0.0,0.0,0.0,0.0,0.0,0.0,0.0,0.0
0551500000,Білозерська,0.0,14146700.0,0,0.0,0.0,0.0,0,0.0,0.0,0.0,0.0,0.0,14146700.0,0.0,0.0
0551600000,Великоновосілківська,0.0,26473400.0,0,0.0,0.0,0.0,0,0.0,0.0,0.0,0.0,0.0,26473400.0,0.0,0.0
0551700000,Волноваська,0.0,58593200.0,0,0.0,0.0,0.0,0,0.0,0.0,0.0,0.0,0.0,58593200.0,0.0,0.0
0554900000,Вуглегірська,0.0,0.0,0,0.0,0.0,0.0,0,0.0,0.0,0.0,0.0,0.0,0.0,0.0,0.0
0551200000,Вугледарська,0.0,0.0,0,0.0,0.0,0.0,0,0.0,0.0,0.0,0.0,0.0,0.0,0.0,0.0
0555000000,Горлівська,0.0,0.0,0,0.0,0.0,0.0,0,0.0,0.0,0.0,0.0,0.0,0.0,0.0,0.0
0551800000,Гродівська,0.0,12985400.0,0,0.0,0.0,0.0,0,0.0,0.0,0.0,0.0,0.0,12985400.0,0.0,0.0
0555100000,Дебальцівська,0.0,0.0,0,0.0,0.0,0.0,0,0.0,0.0,0.0,0.0,0.0,0.0,0.0,0.0
0551900000,Добропільська,0.0,0.0,0,0.0,0.0,0.0,0,0.0,0.0,0.0,0.0,0.0,0.0,0.0,0.0
0555200000,Докучаєвська,0.0,0.0,0,0.0,0.0,0.0,0,0.0,0.0,0.0,0.0,0.0,0.0,0.0,0.0
0555300000,Донецька,0.0,0.0,0,0.0,0.0,0.0,0,0.0,0.0,0.0,0.0,0.0,0.0,0.0,0.0
0552000000,Дружківська,0.0,50543900.0,0,0.0,0.0,0.0,0,0.0,0.0,0.0,0.0,0.0,50543900.0,0.0,0.0
0555500000,Жданівська,0.0,0.0,0,0.0,0.0,0.0,0,0.0,0.0,0.0,0.0,0.0,0.0,0.0,0.0
0550800000,Званівська,0.0,3205800.0,0,0.0,0.0,0.0,0,0.0,0.0,0.0,0.0,0.0,3205800.0,0.0,0.0
0555700000,Кальміуська,0.0,0.0,0,0.0,0.0,0.0,0,0.0,0.0,0.0,0.0,0.0,0.0,0.0,0.0
0552100000,Кальчицька,0.0,17669400.0,0,0.0,0.0,0.0,0,0.0,0.0,0.0,0.0,0.0,17669400.0,0.0,0.0
0552200000,Комарська,0.0,11331700.0,0,0.0,0.0,0.0,0,0.0,0.0,0.0,0.0,0.0,11331700.0,0.0,0.0
0552300000,Костянтинівська,0.0,92360100.0,0,0.0,0.0,0.0,0,0.0,0.0,0.0,0.0,0.0,92360100.0,0.0,0.0
0552400000,Краматорська,6392400.0,0.0,0,0.0,0.0,0.0,0,0.0,0.0,0.0,0.0,0.0,0.0,6392400.0,0.0
0551300000,Криворізька,0.0,548500.0,0,0.0,0.0,0.0,0,0.0,0.0,0.0,0.0,0.0,548500.0,0.0,0.0
0552500000,Курахівська,0.0,49003800.0,0,0.0,0.0,0.0,0,0.0,0.0,0.0,0.0,0.0,49003800.0,0.0,0.0
0550100000,Лиманська,0.0,0.0,0,0.0,0.0,0.0,0,0.0,0.0,0.0,0.0,0.0,0.0,0.0,0.0
0555800000,Макіївська,0.0,0.0,0,0.0,0.0,0.0,0,0.0,0.0,0.0,0.0,0.0,0.0,0.0,0.0
0552600000,Мангушська,0.0,41835600.0,0,0.0,0.0,0.0,0,0.0,0.0,0.0,0.0,0.0,41835600.0,0.0,0.0
0552700000,Мар'їнська,0.0,50326500.0,0,0.0,0.0,0.0,0,0.0,0.0,0.0,0.0,0.0,50326500.0,0.0,0.0
0552800000,Маріупольська,435422700.0,0.0,0,0.0,0.0,0.0,0,0.0,0.0,0.0,0.0,0.0,0.0,435422700.0,0.0
0553100000,Миколаївська,0.0,25927600.0,0,0.0,0.0,0.0,0,0.0,0.0,0.0,0.0,0.0,25927600.0,0.0,0.0
0553100000,Микільська,0.0,25927600.0,0,0.0,0.0,0.0,0,0.0,0.0,0.0,0.0,0.0,25927600.0,0.0,0.0
0552700000,Мирненська,0.0,50326500.0,0,0.0,0.0,0.0,0,0.0,0.0,0.0,0.0,0.0,50326500.0,0.0,0.0
0553000000,Мирноградська,0.0,7828900.0,0,0.0,0.0,0.0,0,0.0,0.0,0.0,0.0,0.0,7828900.0,0.0,0.0
0555900000,Новоазовська,0.0,0.0,0,0.0,0.0,0.0,0,0.0,0.0,0.0,0.0,0.0,0.0,0.0,0.0
0553200000,Новогродівська,0.0,3236400.0,0,0.0,0.0,0.0,0,0.0,0.0,0.0,0.0,0.0,3236400.0,0.0,0.0
0553300000,Новодонецька,2696100.0,0.0,0,0.0,0.0,0.0,0,0.0,0.0,0.0,0.0,0.0,0.0,2696100.0,0.0
0550900000,Олександрівська,1247400.0,0.0,0,0.0,0.0,0.0,0,0.0,0.0,0.0,0.0,0.0,0.0,1247400.0,0.0
0553400000,Ольгинська,0.0,17660900.0,0,0.0,0.0,0.0,0,0.0,0.0,0.0,0.0,0.0,17660900.0,0.0,0.0
0553500000,Очеретинська,0.0,52909100.0,0,0.0,0.0,0.0,0,0.0,0.0,0.0,0.0,0.0,52909100.0,0.0,0.0
0553600000,Покровська,107257700.0,0.0,0,0.0,0.0,0.0,0,0.0,0.0,0.0,0.0,0.0,0.0,107257700.0,0.0
0553700000,Сартанська,0.0,46364200.0,0,0.0,0.0,0.0,0,0.0,0.0,0.0,0.0,0.0,46364200.0,0.0,0.0
0553900000,Святогірська,0.0,21478500.0,0,0.0,0.0,0.0,0,0.0,0.0,0.0,0.0,0.0,21478500.0,0.0,0.0
0553800000,Світлодарська,0.0,4077300.0,0,0.0,0.0,0.0,0,0.0,0.0,0.0,0.0,0.0,4077300.0,0.0,0.0
0554000000,Селидівська,0.0,53709600.0,0,0.0,0.0,0.0,0,0.0,0.0,0.0,0.0,0.0,53709600.0,0.0,0.0
0554100000,Слов'янська,0.0,106082400.0,0,0.0,0.0,0.0,0,0.0,0.0,0.0,0.0,0.0,106082400.0,0.0,0.0
0556000000,Сніжнянська,0.0,0.0,0,0.0,0.0,0.0,0,0.0,0.0,0.0,0.0,0.0,0.0,0.0,0.0
0550500000,Соледарська,8245100.0,0.0,0,0.0,0.0,0.0,0,0.0,0.0,0.0,0.0,0.0,0.0,8245100.0,0.0
0556100000,Старобешівська,0.0,0.0,0,0.0,0.0,0.0,0,0.0,0.0,0.0,0.0,0.0,0.0,0.0,0.0
0554200000,Старомлинівська,0.0,19841900.0,0,0.0,0.0,0.0,0,0.0,0.0,0.0,0.0,0.0,19841900.0,0.0,0.0
0550700000,Сіверська,0.0,25744300.0,0,0.0,0.0,0.0,0,0.0,0.0,0.0,0.0,0.0,25744300.0,0.0,0.0
0554300000,Торецька,0.0,77039100.0,0,0.0,0.0,0.0,0,0.0,0.0,0.0,0.0,0.0,77039100.0,0.0,0.0
0554400000,Удачненська,5240000.0,0.0,0,0.0,0.0,0.0,0,0.0,0.0,0.0,0.0,0.0,0.0,5240000.0,0.0
0556200000,Харцизька,0.0,0.0,0,0.0,0.0,0.0,0,0.0,0.0,0.0,0.0,0.0,0.0,0.0,0.0
0554500000,Хлібодарівська,0.0,9567500.0,0,0.0,0.0,0.0,0,0.0,0.0,0.0,0.0,0.0,9567500.0,0.0,0.0
0556300000,Хрестівська,0.0,0.0,0,0.0,0.0,0.0,0,0.0,0.0,0.0,0.0,0.0,0.0,0.0,0.0
0554600000,Часовоярська,0.0,17338300.0,0,0.0,0.0,0.0,0,0.0,0.0,0.0,0.0,0.0,17338300.0,0.0,0.0
0550300000,Черкаська,0.0,12724700.0,0,0.0,0.0,0.0,0,0.0,0.0,0.0,0.0,0.0,12724700.0,0.0,0.0
0556400000,Чистяківська,0.0,0.0,0,0.0,0.0,0.0,0,0.0,0.0,0.0,0.0,0.0,0.0,0.0,0.0
0556500000,Шахтарська,0.0,0.0,0,0.0,0.0,0.0,0,0.0,0.0,0.0,0.0,0.0,0.0,0.0,0.0
0550200000,Шахівська,0.0,0.0,0,0.0,0.0,0.0,0,0.0,0.0,0.0,0.0,0.0,0.0,0.0,0.0
0556600000,Ясинуватська,0.0,0.0,0,0.0,0.0,0.0,0,0.0,0.0,0.0,0.0,0.0,0.0,0.0,0.0
0953600000,Єзупільська,0.0,13433100.0,0,0.0,0.0,0.0,0,0.0,0.0,0.0,0.0,0.0,13433100.0,0.0,0.0
0953300000,Івано-Франківська,71731400.0,0.0,0,0.0,0.0,0.0,0,0.0,0.0,0.0,0.0,0.0,0.0,71731400.0,0.0
0954000000,Богородчанська,0.0,15764900.0,0,0.0,0.0,0.0,0,0.0,0.0,0.0,0.0,0.0,15764900.0,0.0,0.0
0954100000,Болехівська,0.0,24626500.0,0,0.0,0.0,0.0,0,0.0,0.0,0.0,0.0,0.0,24626500.0,0.0,0.0
0952000000,Брошнів-Осадська,0.0,4856000.0,0,0.0,0.0,0.0,0,0.0,0.0,0.0,0.0,0.0,4856000.0,0.0,0.0
0952600000,Букачівська,0.0,8118000.0,0,0.0,0.0,0.0,0,0.0,0.0,0.0,0.0,0.0,8118000.0,0.0,0.0
0954200000,Бурштинська,0.0,0.0,0,0.0,0.0,0.0,0,0.0,0.0,0.0,0.0,0.0,0.0,0.0,0.0
0950400000,Білоберізька,0.0,14264500.0,0,0.0,0.0,0.0,0,0.0,0.0,0.0,0.0,0.0,14264500.0,0.0,0.0
0950600000,Більшівцівська,0.0,12784700.0,0,0.0,0.0,0.0,0,0.0,0.0,0.0,0.0,0.0,12784700.0,0.0,0.0
0950100000,Верхнянська,0.0,16406700.0,0,0.0,0.0,0.0,0,0.0,0.0,0.0,0.0,0.0,16406700.0,0.0,0.0
0954300000,Верховинська,0.0,24525500.0,0,0.0,0.0,0.0,0,0.0,0.0,0.0,0.0,0.0,24525500.0,0.0,0.0
0952700000,Вигодська,0.0,19462200.0,0,0.0,0.0,0.0,0,0.0,0.0,0.0,0.0,0.0,19462200.0,0.0,0.0
0950700000,Витвицька,0.0,10912200.0,0,0.0,0.0,0.0,0,0.0,0.0,0.0,0.0,0.0,10912200.0,0.0,0.0
0952100000,Войнилівська,0.0,17985100.0,0,0.0,0.0,0.0,0,0.0,0.0,0.0,0.0,0.0,17985100.0,0.0,0.0
0954400000,Ворохтянська,0.0,5997100.0,0,0.0,0.0,0.0,0,0.0,0.0,0.0,0.0,0.0,5997100.0,0.0,0.0
0954500000,Галицька,0.0,15796000.0,0,0.0,0.0,0.0,0,0.0,0.0,0.0,0.0,0.0,15796000.0,0.0,0.0
0953400000,Гвіздецька,0.0,12996200.0,0,0.0,0.0,0.0,0,0.0,0.0,0.0,0.0,0.0,12996200.0,0.0,0.0
0954600000,Городенківська,0.0,51703300.0,0,0.0,0.0,0.0,0,0.0,0.0,0.0,0.0,0.0,51703300.0,0.0,0.0
0952200000,Делятинська,0.0,32535900.0,0,0.0,0.0,0.0,0,0.0,0.0,0.0,0.0,0.0,32535900.0,0.0,0.0
0951300000,Дзвиняцька,0.0,16379900.0,0,0.0,0.0,0.0,0,0.0,0.0,0.0,0.0,0.0,16379900.0,0.0,0.0
0953200000,Долинська,0.0,0.0,0,0.0,0.0,0.0,0,0.0,0.0,0.0,0.0,0.0,0.0,0.0,0.0
0954700000,Дубовецька,0.0,3768300.0,0,0.0,0.0,0.0,0,0.0,0.0,0.0,0.0,0.0,3768300.0,0.0,0.0
0953500000,Дубівська,0.0,11682300.0,0,0.0,0.0,0.0,0,0.0,0.0,0.0,0.0,0.0,11682300.0,0.0,0.0
0951800000,Заболотівська,0.0,35379800.0,0,0.0,0.0,0.0,0,0.0,0.0,0.0,0.0,0.0,35379800.0,0.0,0.0
0952400000,Загвіздянська,0.0,7367300.0,0,0.0,0.0,0.0,0,0.0,0.0,0.0,0.0,0.0,7367300.0,0.0,0.0
0954800000,Зеленська,0.0,3435400.0,0,0.0,0.0,0.0,0,0.0,0.0,0.0,0.0,0.0,3435400.0,0.0,0.0
0953100000,Калуська,0.0,0.0,0,0.0,0.0,0.0,0,0.0,0.0,0.0,0.0,0.0,0.0,0.0,0.0
0953000000,Коломийська,0.0,0.0,0,0.0,0.0,0.0,0,0.0,0.0,0.0,0.0,0.0,0.0,0.0,0.0
0952800000,Коршівська,0.0,15577300.0,0,0.0,0.0,0.0,0,0.0,0.0,0.0,0.0,0.0,15577300.0,0.0,0.0
0950800000,Космацька,0.0,15800800.0,0,0.0,0.0,0.0,0,0.0,0.0,0.0,0.0,0.0,15800800.0,0.0,0.0
0954900000,Косівська,0.0,34412400.0,0,0.0,0.0,0.0,0,0.0,0.0,0.0,0.0,0.0,34412400.0,0.0,0.0
0955000000,Кутська,0.0,31343900.0,0,0.0,0.0,0.0,0,0.0,0.0,0.0,0.0,0.0,31343900.0,0.0,0.0
0951700000,Ланчинська,0.0,21620000.0,0,0.0,0.0,0.0,0,0.0,0.0,0.0,0.0,0.0,21620000.0,0.0,0.0
0955100000,Лисецька,0.0,7755000.0,0,0.0,0.0,0.0,0,0.0,0.0,0.0,0.0,0.0,7755000.0,0.0,0.0
0950900000,Матеївецька,0.0,13913200.0,0,0.0,0.0,0.0,0,0.0,0.0,0.0,0.0,0.0,13913200.0,0.0,0.0
0955200000,Надвірнянська,0.0,0.0,0,0.0,0.0,0.0,0,0.0,0.0,0.0,0.0,0.0,0.0,0.0,0.0
0951000000,Нижньовербізька,0.0,24663200.0,0,0.0,0.0,0.0,0,0.0,0.0,0.0,0.0,0.0,24663200.0,0.0,0.0
0952900000,Новицька,0.0,27781100.0,0,0.0,0.0,0.0,0,0.0,0.0,0.0,0.0,0.0,27781100.0,0.0,0.0
0955300000,Обертинська,0.0,14716100.0,0,0.0,0.0,0.0,0,0.0,0.0,0.0,0.0,0.0,14716100.0,0.0,0.0
0951200000,Олешанська,0.0,15553800.0,0,0.0,0.0,0.0,0,0.0,0.0,0.0,74706.0,0.0,15553800.0,0.0,74706.0
0955400000,Отинійська,0.0,39033900.0,0,0.0,0.0,0.0,0,0.0,0.0,0.0,0.0,0.0,39033900.0,0.0,0.0
0951100000,П'ядицька,0.0,20666600.0,0,0.0,0.0,0.0,0,0.0,0.0,0.0,0.0,0.0,20666600.0,0.0,0.0
0953800000,Пасічнянська,0.0,29722300.0,0,0.0,0.0,0.0,0,0.0,0.0,0.0,0.0,0.0,29722300.0,0.0,0.0
0955500000,Перегінська,0.0,41773900.0,0,0.0,0.0,0.0,0,0.0,0.0,0.0,0.0,0.0,41773900.0,0.0,0.0
0951600000,Переріслянська,0.0,17783100.0,0,0.0,0.0,0.0,0,0.0,0.0,0.0,0.0,0.0,17783100.0,0.0,0.0
0950200000,Печеніжинська,0.0,31413600.0,0,0.0,0.0,0.0,0,0.0,0.0,0.0,0.0,0.0,31413600.0,0.0,0.0
0955600000,Поляницька,237300.0,0.0,0,0.0,0.0,0.0,0,0.0,0.0,0.0,0.0,0.0,0.0,237300.0,0.0
0953900000,Підгайчиківська,0.0,6796000.0,0,0.0,0.0,0.0,0,0.0,0.0,0.0,0.0,0.0,6796000.0,0.0,0.0
0955700000,Рогатинська,0.0,22516000.0,0,0.0,0.0,0.0,0,0.0,0.0,0.0,0.0,0.0,22516000.0,0.0,0.0
0955800000,Рожнятівська,0.0,22168000.0,0,0.0,0.0,0.0,0,0.0,0.0,0.0,0.0,0.0,22168000.0,0.0,0.0
0951400000,Рожнівська,0.0,23785600.0,0,0.0,0.0,0.0,0,0.0,0.0,0.0,0.0,0.0,23785600.0,0.0,0.0
0955900000,Снятинська,0.0,47030300.0,0,0.0,0.0,0.0,0,0.0,0.0,0.0,0.0,0.0,47030300.0,0.0,0.0
0956000000,Солотвинська,0.0,48750500.0,0,0.0,0.0,0.0,0,0.0,0.0,0.0,0.0,0.0,48750500.0,0.0,0.0
0952300000,Спаська,0.0,11007300.0,0,0.0,0.0,0.0,0,0.0,0.0,0.0,0.0,0.0,11007300.0,0.0,0.0
0950300000,Старобогородчанська,0.0,10952700.0,0,0.0,0.0,0.0,0,0.0,0.0,0.0,0.0,0.0,10952700.0,0.0,0.0
0956100000,Тисменицька,0.0,38161300.0,0,0.0,0.0,0.0,0,0.0,0.0,0.0,0.0,0.0,38161300.0,0.0,0.0
0950500000,Тлумацька,0.0,41779800.0,0,0.0,0.0,0.0,0,0.0,0.0,0.0,0.0,0.0,41779800.0,0.0,0.0
0952500000,Угринівська,0.0,4133000.0,0,0.0,0.0,0.0,0,0.0,0.0,0.0,0.0,0.0,4133000.0,0.0,0.0
0956200000,Чернелицька,0.0,9843600.0,0,0.0,0.0,0.0,0,0.0,0.0,0.0,0.0,0.0,9843600.0,0.0,0.0
0951500000,Яблунівська,0.0,28950800.0,0,0.0,0.0,0.0,0,0.0,0.0,0.0,0.0,0.0,28950800.0,0.0,0.0
0951900000,Ямницька,28250900.0,0.0,0,0.0,0.0,0.0,0,0.0,0.0,0.0,0.0,0.0,0.0,28250900.0,0.0
0956300000,Яремчанська,0.0,4359300.0,0,0.0,0.0,0.0,0,0.0,0.0,0.0,0.0,0.0,4359300.0,0.0,0.0
2051800000,Ізюмська,0.0,50825300.0,0,0.0,0.0,0.0,0,0.0,0.0,0.0,0.0,0.0,50825300.0,0.0,0.0
2052400000,Балаклійська,0.0,12814500.0,0,0.0,0.0,0.0,0,0.0,0.0,0.0,0.0,0.0,12814500.0,0.0,0.0
2052500000,Барвінківська,0.0,13617600.0,0,0.0,0.0,0.0,0,0.0,0.0,0.0,0.0,0.0,13617600.0,0.0,0.0
2052600000,Безлюдівська,0.0,2929500.0,0,0.0,0.0,0.0,0,9700.0,0.0,0.0,0.0,0.0,2929500.0,0.0,9700.0
2054000000,Берестинська,0.0,0.0,0,0.0,0.0,0.0,0,0.0,0.0,0.0,0.0,0.0,0.0,0.0,0.0
2052800000,Близнюківська,0.0,7570900.0,0,0.0,0.0,0.0,0,0.0,0.0,0.0,0.0,0.0,7570900.0,0.0,0.0
2052900000,Богодухівська,0.0,0.0,0,0.0,0.0,0.0,0,0.0,0.0,0.0,0.0,0.0,0.0,0.0,0.0
2053000000,Борівська,0.0,7271200.0,0,0.0,0.0,0.0,0,0.0,0.0,0.0,0.0,0.0,7271200.0,0.0,0.0
2052700000,Біляївська,0.0,0.0,0,0.0,0.0,0.0,0,0.0,0.0,0.0,0.0,0.0,0.0,0.0,0.0
2053100000,Валківська,0.0,9584700.0,0,0.0,0.0,0.0,0,0.0,0.0,0.0,0.0,0.0,9584700.0,0.0,0.0
2051300000,Великобурлуцька,3107300.0,0.0,0,0.0,0.0,0.0,0,0.0,0.0,0.0,0.0,0.0,0.0,3107300.0,0.0
2053200000,Височанська,0.0,28062700.0,0,0.0,0.0,0.0,0,0.0,0.0,0.0,0.0,0.0,28062700.0,0.0,0.0
2053500000,Вовчанська,0.0,3076000.0,0,0.0,0.0,0.0,0,0.0,0.0,0.0,0.0,0.0,3076000.0,0.0,0.0
2053400000,Вільхуватська,0.0,0.0,0,0.0,0.0,0.0,0,0.0,0.0,0.0,0.0,0.0,0.0,0.0,0.0
2053300000,Вільхівська,3104300.0,0.0,0,0.0,0.0,0.0,0,0.0,0.0,0.0,0.0,0.0,0.0,3104300.0,0.0
2053600000,Дворічанська,0.0,0.0,0,0.0,0.0,0.0,0,0.0,0.0,0.0,0.0,0.0,0.0,0.0,0.0
2053700000,Дергачівська,0.0,0.0,0,0.0,0.0,0.0,0,0.0,0.0,0.0,0.0,0.0,0.0,0.0,0.0
2052000000,Донецька,36280000.0,0.0,0,0.0,0.0,0.0,0,0.0,0.0,0.0,0.0,0.0,0.0,36280000.0,0.0
2050700000,Зачепилівська,0.0,6357400.0,0,0.0,0.0,0.0,0,0.0,0.0,0.0,0.0,0.0,6357400.0,0.0,0.0
2054700000,Златопільська,0.0,20362800.0,0,0.0,0.0,0.0,0,0.0,0.0,0.0,0.0,0.0,20362800.0,0.0,0.0
2053800000,Зміївська,0.0,37089100.0,0,0.0,0.0,0.0,0,0.0,0.0,0.0,0.0,0.0,37089100.0,0.0,0.0
2050800000,Золочівська,0.0,5545900.0,0,0.0,0.0,0.0,0,0.0,0.0,0.0,0.0,0.0,5545900.0,0.0,0.0
2053900000,Кегичівська,0.0,5886100.0,0,0.0,0.0,0.0,0,0.0,0.0,0.0,0.0,0.0,5886100.0,0.0,0.0
2051000000,Коломацька,0.0,0.0,0,0.0,0.0,0.0,0,0.0,0.0,0.0,0.0,0.0,0.0,0.0,0.0
2054100000,Краснокутська,0.0,5091100.0,0,0.0,0.0,0.0,0,0.0,0.0,0.0,0.0,0.0,5091100.0,0.0,0.0
2054200000,Куньєвська,0.0,348400.0,0,0.0,0.0,0.0,0,0.0,0.0,0.0,0.0,0.0,348400.0,0.0,0.0
2054300000,Куп'янська,0.0,0.0,0,0.0,0.0,0.0,0,0.0,0.0,0.0,0.0,0.0,0.0,0.0,0.0
2052200000,Курилівська,0.0,9521700.0,0,0.0,0.0,0.0,0,0.0,0.0,0.0,0.0,0.0,9521700.0,0.0,0.0
2052100000,Кіндрашівська,0.0,5005600.0,0,0.0,0.0,0.0,0,0.0,0.0,0.0,0.0,0.0,5005600.0,0.0,0.0
2054400000,Липецька,0.0,12193400.0,0,0.0,0.0,0.0,0,0.0,0.0,0.0,0.0,0.0,12193400.0,0.0,0.0
2051700000,Лозівська,0.0,30512900.0,0,0.0,0.0,0.0,0,0.0,0.0,0.0,0.0,0.0,30512900.0,0.0,0.0
2054500000,Люботинська,0.0,25574000.0,0,0.0,0.0,0.0,0,0.0,0.0,0.0,0.0,0.0,25574000.0,0.0,0.0
2051200000,Малинівська,3752000.0,0.0,0,0.0,0.0,0.0,0,0.0,0.0,0.0,0.0,0.0,0.0,3752000.0,0.0
2050600000,Малоданилівська,0.0,13542200.0,0,0.0,0.0,0.0,0,0.0,0.0,0.0,0.0,0.0,13542200.0,0.0,0.0
2050200000,Мереф'янська,0.0,20833100.0,0,0.0,0.0,0.0,0,0.0,0.0,0.0,0.0,0.0,20833100.0,0.0,0.0
2051100000,Наталинська,32172600.0,0.0,0,0.0,0.0,0.0,0,0.0,0.0,0.0,0.0,0.0,0.0,32172600.0,0.0
2050500000,Нововодолазька,0.0,0.0,0,0.0,0.0,0.0,0,0.0,0.0,0.0,0.0,0.0,0.0,0.0,0.0
2054600000,Новопокровська,0.0,24687800.0,0,0.0,0.0,0.0,0,0.0,0.0,0.0,0.0,0.0,24687800.0,0.0,0.0
2051900000,Олексіївська,0.0,2562900.0,0,0.0,0.0,0.0,0,0.0,0.0,0.0,0.0,0.0,2562900.0,0.0,0.0
2050900000,Оскільська,0.0,10232000.0,0,0.0,0.0,0.0,0,0.0,0.0,0.0,0.0,0.0,10232000.0,0.0,0.0
2052300000,Петропавлівська,0.0,4813900.0,0,0.0,0.0,0.0,0,0.0,0.0,0.0,0.0,0.0,4813900.0,0.0,0.0
2054800000,Печенізька,0.0,7248600.0,0,0.0,0.0,0.0,0,0.0,0.0,0.0,0.0,0.0,7248600.0,0.0,0.0
2050300000,Пролісненська,0.0,10603900.0,0,0.0,0.0,0.0,0,0.0,0.0,0.0,0.0,0.0,10603900.0,0.0,0.0
2054900000,Південна,0.0,21729500.0,0,0.0,0.0,0.0,0,0.0,0.0,0.0,0.0,0.0,21729500.0,0.0,0.0
2051400000,Пісочинська,0.0,36272500.0,0,0.0,0.0,0.0,0,0.0,0.0,0.0,0.0,0.0,36272500.0,0.0,0.0
2050400000,Роганська,6508400.0,0.0,0,0.0,0.0,0.0,0,0.0,0.0,0.0,0.0,0.0,0.0,6508400.0,0.0
2055000000,Савинська,0.0,17267700.0,0,0.0,0.0,0.0,0,0.0,0.0,0.0,0.0,0.0,17267700.0,0.0,0.0
2055100000,Сахновщинська,0.0,13294700.0,0,0.0,0.0,0.0,0,0.0,0.0,0.0,0.0,0.0,13294700.0,0.0,0.0
2055200000,Слобожанська,0.0,0.0,0,0.0,0.0,0.0,0,0.0,0.0,0.0,0.0,0.0,0.0,0.0,0.0
2055300000,Солоницівська,0.0,6195200.0,0,0.0,0.0,0.0,0,0.0,0.0,0.0,0.0,0.0,6195200.0,0.0,0.0
2051500000,Старовірівська,0.0,4676100.0,0,0.0,0.0,0.0,0,0.0,0.0,0.0,0.0,0.0,4676100.0,0.0,0.0
2050100000,Старосалтівська,0.0,2656500.0,0,0.0,0.0,0.0,0,0.0,0.0,0.0,0.0,0.0,2656500.0,0.0,0.0
2055400000,Харківська,352816800.0,0.0,0,0.0,0.0,0.0,0,294796100.0,0.0,0.0,0.0,0.0,0.0,352816800.0,294796100.0
2051600000,Циркунівська,0.0,10835400.0,0,0.0,0.0,0.0,0,1700.0,0.0,0.0,0.0,0.0,10835400.0,0.0,1700.0
2055500000,Чугуївська,12751000.0,0.0,0,0.0,0.0,0.0,0,0.0,0.0,0.0,0.0,0.0,0.0,12751000.0,0.0
2055600000,Шевченківська,0.0,3773500.0,0,0.0,0.0,0.0,0,0.0,0.0,0.0,0.0,0.0,3773500.0,0.0,0.0
2152200000,Іванівська,0.0,4631700.0,0,0.0,0.0,0.0,0,0.0,0.0,0.0,0.0,0.0,4631700.0,0.0,0.0
2150200000,Асканія-Нова,0.0,5148800.0,0,0.0,0.0,0.0,0,0.0,0.0,0.0,0.0,0.0,5148800.0,0.0,0.0
2153400000,Бериславська,0.0,8641600.0,0,0.0,0.0,0.0,0,0.0,0.0,0.0,0.0,0.0,8641600.0,0.0,0.0
2151900000,Бехтерська,0.0,9417000.0,0,0.0,0.0,0.0,0,0.0,0.0,0.0,0.0,0.0,9417000.0,0.0,0.0
2151700000,Борозенська,0.0,0.0,0,0.0,0.0,0.0,0,0.0,0.0,0.0,0.0,0.0,0.0,0.0,0.0
2151600000,Білозерська,0.0,18998200.0,0,0.0,0.0,0.0,0,0.0,0.0,0.0,0.0,0.0,18998200.0,0.0,0.0
2150700000,Великокопанівська,0.0,10910100.0,0,0.0,0.0,0.0,0,0.0,0.0,0.0,0.0,0.0,10910100.0,0.0,0.0
2153500000,Великолепетиська,0.0,5715300.0,0,0.0,0.0,0.0,0,0.0,0.0,0.0,0.0,0.0,5715300.0,0.0,0.0
2153600000,Великоолександрівська,0.0,12353200.0,0,0.0,0.0,0.0,0,0.0,0.0,0.0,0.0,0.0,12353200.0,0.0,0.0
2153700000,Верхньорогачицька,0.0,12183800.0,0,0.0,0.0,0.0,0,0.0,0.0,0.0,0.0,0.0,12183800.0,0.0,0.0
2151300000,Виноградівська,0.0,21705100.0,0,0.0,0.0,0.0,0,0.0,0.0,0.0,0.0,0.0,21705100.0,0.0,0.0
2151800000,Високопільська,0.0,7872700.0,0,0.0,0.0,0.0,0,0.0,0.0,0.0,0.0,0.0,7872700.0,0.0,0.0
2153800000,Генічеська,0.0,60751000.0,0,0.0,0.0,0.0,0,0.0,0.0,0.0,0.0,0.0,60751000.0,0.0,0.0
2152900000,Голопристанська,0.0,27038800.0,0,0.0,0.0,0.0,0,0.0,0.0,0.0,0.0,0.0,27038800.0,0.0,0.0
2151400000,Горностаївська,0.0,11906200.0,0,0.0,0.0,0.0,0,0.0,0.0,0.0,0.0,0.0,11906200.0,0.0,0.0
2153900000,Дар'ївська,0.0,17545500.0,0,0.0,0.0,0.0,0,0.0,0.0,0.0,0.0,0.0,17545500.0,0.0,0.0
2152500000,Долматівська,0.0,7417300.0,0,0.0,0.0,0.0,0,0.0,0.0,0.0,0.0,0.0,7417300.0,0.0,0.0
2150600000,Зеленопідська,0.0,4366800.0,0,0.0,0.0,0.0,0,0.0,0.0,0.0,0.0,0.0,4366800.0,0.0,0.0
2150300000,Каланчацька,0.0,9393500.0,0,0.0,0.0,0.0,0,0.0,0.0,0.0,0.0,0.0,9393500.0,0.0,0.0
2154000000,Калинівська,0.0,4324900.0,0,0.0,0.0,0.0,0,0.0,0.0,0.0,0.0,0.0,4324900.0,0.0,0.0
2154100000,Каховська,0.0,0.0,0,0.0,0.0,0.0,0,0.0,0.0,0.0,0.0,0.0,0.0,0.0,0.0
2152100000,Костянтинівська,0.0,1156800.0,0,0.0,0.0,0.0,0,0.0,0.0,0.0,0.0,0.0,1156800.0,0.0,0.0
2150100000,Кочубеївська,0.0,2411400.0,0,0.0,0.0,0.0,0,0.0,0.0,0.0,0.0,0.0,2411400.0,0.0,0.0
2154200000,Лазурненська,0.0,11014700.0,0,0.0,0.0,0.0,0,0.0,0.0,0.0,0.0,0.0,11014700.0,0.0,0.0
2152400000,Любимівська,0.0,5063200.0,0,0.0,0.0,0.0,0,0.0,0.0,0.0,0.0,0.0,5063200.0,0.0,0.0
2153000000,Милівська,0.0,9413900.0,0,0.0,0.0,0.0,0,0.0,0.0,0.0,0.0,0.0,9413900.0,0.0,0.0
2150400000,Мирненська,0.0,0.0,0,0.0,0.0,0.0,0,0.0,0.0,0.0,0.0,0.0,0.0,0.0,0.0
2151000000,Музиківська,1287900.0,0.0,0,0.0,0.0,0.0,0,0.0,0.0,0.0,0.0,0.0,0.0,1287900.0,0.0
2154300000,Нижньосірогозька,0.0,8993200.0,0,0.0,0.0,0.0,0,0.0,0.0,0.0,0.0,0.0,8993200.0,0.0,0.0
2154400000,Нововоронцовська,0.0,14174900.0,0,0.0,0.0,0.0,0,0.0,0.0,0.0,0.0,0.0,14174900.0,0.0,0.0
2152800000,Новокаховська,0.0,0.0,0,0.0,0.0,0.0,0,0.0,0.0,0.0,0.0,0.0,0.0,0.0,0.0
2154500000,Новомиколаївська,0.0,12036900.0,0,0.0,0.0,0.0,0,0.0,0.0,0.0,0.0,0.0,12036900.0,0.0,0.0
2154600000,Новоолександрівська,0.0,7341700.0,0,0.0,0.0,0.0,0,0.0,0.0,0.0,0.0,0.0,7341700.0,0.0,0.0
2152700000,Новорайська,0.0,1742000.0,0,0.0,0.0,0.0,0,0.0,0.0,0.0,0.0,0.0,1742000.0,0.0,0.0
2154700000,Новотроїцька,0.0,19863400.0,0,0.0,0.0,0.0,0,0.0,0.0,0.0,0.0,0.0,19863400.0,0.0,0.0
2154800000,Олешківська,0.0,27893400.0,0,0.0,0.0,0.0,0,0.0,0.0,0.0,0.0,0.0,27893400.0,0.0,0.0
2150900000,Присиваська,0.0,0.0,0,0.0,0.0,0.0,0,0.0,0.0,0.0,0.0,0.0,0.0,0.0,0.0
2154900000,Рубанівська,0.0,361100.0,0,0.0,0.0,0.0,0,0.0,0.0,0.0,0.0,0.0,361100.0,0.0,0.0
2155000000,Скадовська,0.0,34984400.0,0,0.0,0.0,0.0,0,0.0,0.0,0.0,0.0,0.0,34984400.0,0.0,0.0
2151500000,Станіславська,0.0,15892700.0,0,0.0,0.0,0.0,0,0.0,0.0,0.0,0.0,0.0,15892700.0,0.0,0.0
2151100000,Тавричанська,0.0,0.0,0,0.0,0.0,0.0,0,0.0,0.0,0.0,0.0,0.0,0.0,0.0,0.0
2155100000,Таврійська,0.0,16501400.0,0,0.0,0.0,0.0,0,0.0,0.0,0.0,0.0,0.0,16501400.0,0.0,0.0
2155200000,Тягинська,0.0,15464900.0,0,0.0,0.0,0.0,0,0.0,0.0,0.0,0.0,0.0,15464900.0,0.0,0.0
2155310000,Херсонська,0.0,0.0,0,0.0,0.0,0.0,0,0.0,0.0,0.0,0.0,0.0,0.0,0.0,0.0
2151200000,Хрестівська,0.0,1968300.0,0,0.0,0.0,0.0,0,0.0,0.0,0.0,0.0,0.0,1968300.0,0.0,0.0
2150500000,Чаплинська,0.0,7624900.0,0,0.0,0.0,0.0,0,0.0,0.0,0.0,0.0,0.0,7624900.0,0.0,0.0
2155400000,Чорнобаївська,0.0,5236400.0,0,0.0,0.0,0.0,0,0.0,0.0,0.0,0.0,0.0,5236400.0,0.0,0.0
2152000000,Чулаківська,0.0,10937000.0,0,0.0,0.0,0.0,0,0.0,0.0,0.0,0.0,0.0,10937000.0,0.0,0.0
2152300000,Ювілейна,0.0,19359100.0,0,0.0,0.0,0.0,0,0.0,0.0,0.0,0.0,0.0,19359100.0,0.0,0.0
2255700000,Ізяславська,0.0,16773300.0,0,0.0,0.0,0.0,0,0.0,0.0,0.0,0.0,0.0,16773300.0,0.0,0.0
2252900000,Антонінська,0.0,5772300.0,0,0.0,0.0,0.0,0,0.0,0.0,0.0,0.0,0.0,5772300.0,0.0,0.0
2250100000,Берездівська,0.0,9886900.0,0,0.0,0.0,0.0,0,0.0,0.0,0.0,0.0,0.0,9886900.0,0.0,0.0
2254000000,Білогірська,0.0,10495200.0,0,0.0,0.0,0.0,0,0.0,0.0,0.0,0.0,0.0,10495200.0,0.0,0.0
2253400000,Вовковинецька,0.0,7313800.0,0,0.0,0.0,0.0,0,0.0,0.0,0.0,0.0,0.0,7313800.0,0.0,0.0
2250300000,Волочиська,0.0,0.0,0,0.0,0.0,0.0,0,0.0,0.0,0.0,0.0,0.0,0.0,0.0,0.0
2250200000,Війтовецька,0.0,5997700.0,0,0.0,0.0,0.0,0,0.0,0.0,0.0,0.0,0.0,5997700.0,0.0,0.0
2255300000,Віньковецька,0.0,14302700.0,0,0.0,0.0,0.0,0,0.0,0.0,0.0,0.0,0.0,14302700.0,0.0,0.0
2250400000,Ганнопільська,0.0,8854600.0,0,0.0,0.0,0.0,0,0.0,0.0,0.0,0.0,0.0,8854600.0,0.0,0.0
2250500000,Гвардійська,0.0,5533300.0,0,0.0,0.0,0.0,0,0.0,0.0,0.0,0.0,0.0,5533300.0,0.0,0.0
2252700000,Городоцька,0.0,16748700.0,0,0.0,0.0,0.0,0,0.0,0.0,0.0,0.0,0.0,16748700.0,0.0,0.0
2253300000,Грицівська,0.0,3621700.0,0,0.0,0.0,0.0,0,0.0,0.0,0.0,0.0,0.0,3621700.0,0.0,0.0
2252400000,Гуківська,0.0,1949400.0,0,0.0,0.0,0.0,0,0.0,0.0,0.0,0.0,0.0,1949400.0,0.0,0.0
2250600000,Гуменецька,4609600.0,0.0,0,0.0,0.0,0.0,0,0.0,0.0,0.0,0.0,0.0,0.0,4609600.0,0.0
2255400000,Деражнянська,0.0,12361500.0,0,0.0,0.0,0.0,0,0.0,0.0,0.0,0.0,0.0,12361500.0,0.0,0.0
2250700000,Дунаєвецька,0.0,27772900.0,0,0.0,0.0,0.0,0,0.0,0.0,0.0,0.0,0.0,27772900.0,0.0,0.0
2253600000,Жванецька,0.0,8025500.0,0,0.0,0.0,0.0,0,0.0,0.0,0.0,0.0,0.0,8025500.0,0.0,0.0
2255500000,Закупненська,0.0,5611100.0,0,0.0,0.0,0.0,0,0.0,0.0,0.0,0.0,0.0,5611100.0,0.0,0.0
2254800000,Заслучненська,0.0,3535300.0,0,0.0,0.0,0.0,0,0.0,0.0,0.0,0.0,0.0,3535300.0,0.0,0.0
2255600000,Зіньківська,0.0,2181500.0,0,0.0,0.0,0.0,0,0.0,0.0,0.0,0.0,0.0,2181500.0,0.0,0.0
2255800000,Кам'янець-Подільська,0.0,48471600.0,0,0.0,0.0,0.0,0,0.0,0.0,0.0,0.0,0.0,48471600.0,0.0,0.0
2250900000,Китайгородська,0.0,7324400.0,0,0.0,0.0,0.0,0,0.0,0.0,0.0,0.0,0.0,7324400.0,0.0,0.0
2253000000,Красилівська,0.0,0.0,0,0.0,0.0,0.0,0,0.0,0.0,0.0,0.0,0.0,0.0,0.0,0.0
2253800000,Крупецька,3357900.0,0.0,0,0.0,0.0,0.0,0,0.0,0.0,0.0,0.0,0.0,0.0,3357900.0,0.0
2252500000,Ленковецька,0.0,3166100.0,0,0.0,0.0,0.0,0,0.0,0.0,0.0,22691.79,0.0,3166100.0,0.0,22691.79
2251100000,Летичівська,0.0,6029400.0,0,0.0,0.0,0.0,0,0.0,0.0,0.0,0.0,0.0,6029400.0,0.0,0.0
2251200000,Лісовогринівецька,0.0,5422200.0,0,0.0,0.0,0.0,0,0.0,0.0,0.0,0.0,0.0,5422200.0,0.0,0.0
2251300000,Маківська,0.0,8655900.0,0,0.0,0.0,0.0,0,0.0,0.0,0.0,0.0,0.0,8655900.0,0.0,0.0
2251400000,Меджибізька,0.0,0.0,0,0.0,0.0,0.0,0,0.0,0.0,0.0,0.0,0.0,0.0,0.0,0.0
2255900000,Миролюбненська,0.0,3052300.0,0,0.0,0.0,0.0,0,0.0,0.0,0.0,0.0,0.0,3052300.0,0.0,0.0
2256000000,Михайлюцька,0.0,5169400.0,0,0.0,0.0,0.0,0,0.0,0.0,0.0,0.0,0.0,5169400.0,0.0,0.0
2251500000,Наркевицька,0.0,2347800.0,0,0.0,0.0,0.0,0,0.0,0.0,0.0,0.0,0.0,2347800.0,0.0,0.0
2254600000,Нетішинська,75068900.0,0.0,0,0.0,0.0,0.0,0,0.0,0.0,0.0,0.0,0.0,0.0,75068900.0,0.0
2250800000,Новодунаєвецька,0.0,8507100.0,0,0.0,0.0,0.0,0,0.0,0.0,0.0,0.0,0.0,8507100.0,0.0,0.0
2251600000,Новоушицька,0.0,19894100.0,0,0.0,0.0,0.0,0,0.0,0.0,0.0,0.0,0.0,19894100.0,0.0,0.0
2256100000,Орининська,0.0,10198500.0,0,0.0,0.0,0.0,0,0.0,0.0,0.0,0.0,0.0,10198500.0,0.0,0.0
2254700000,Плужненська,0.0,8913300.0,0,0.0,0.0,0.0,0,0.0,0.0,0.0,0.0,0.0,8913300.0,0.0,0.0
2251700000,Полонська,0.0,23795900.0,0,0.0,0.0,0.0,0,0.0,0.0,0.0,0.0,0.0,23795900.0,0.0,0.0
2251800000,Понінківська,0.0,3012000.0,0,0.0,0.0,0.0,0,0.0,0.0,0.0,0.0,0.0,3012000.0,0.0,0.0
2251900000,Розсошанська,3375200.0,0.0,0,0.0,0.0,0.0,0,0.0,0.0,0.0,0.0,0.0,0.0,3375200.0,0.0
2252000000,Сатанівська,0.0,8074000.0,0,0.0,0.0,0.0,0,0.0,0.0,0.0,0.0,0.0,8074000.0,0.0,0.0
2254900000,Сахновецька,615900.0,0.0,0,0.0,0.0,0.0,0,0.0,0.0,0.0,0.0,0.0,0.0,615900.0,0.0
2254500000,Славутська,0.0,8367000.0,0,0.0,0.0,0.0,0,0.0,0.0,0.0,0.0,0.0,8367000.0,0.0,0.0
2252800000,Слобідсько-Кульчієвецька,0.0,9414000.0,0,0.0,0.0,0.0,0,0.0,0.0,0.0,0.0,0.0,9414000.0,0.0,0.0
2253500000,Смотрицька,0.0,4238500.0,0,0.0,0.0,0.0,0,0.0,0.0,0.0,0.0,0.0,4238500.0,0.0,0.0
2253200000,Солобковецька,0.0,308400.0,0,0.0,0.0,0.0,0,0.0,0.0,0.0,0.0,0.0,308400.0,0.0,0.0
2255200000,Старокостянтинівська,0.0,0.0,0,0.0,0.0,0.0,0,0.0,0.0,0.0,0.0,0.0,0.0,0.0,0.0
2256200000,Староостропільська,0.0,2050200.0,0,0.0,0.0,0.0,0,0.0,0.0,0.0,0.0,0.0,2050200.0,0.0,0.0
2252100000,Старосинявська,0.0,6187800.0,0,0.0,0.0,0.0,0,0.0,0.0,0.0,0.0,0.0,6187800.0,0.0,0.0
2253700000,Староушицька,0.0,11519100.0,0,0.0,0.0,0.0,0,0.0,0.0,0.0,0.0,0.0,11519100.0,0.0,0.0
2252600000,Судилківська,0.0,12909300.0,0,0.0,0.0,0.0,0,0.0,0.0,0.0,0.0,0.0,12909300.0,0.0,0.0
2256300000,Теофіпольська,0.0,7909600.0,0,0.0,0.0,0.0,0,0.0,0.0,0.0,0.0,0.0,7909600.0,0.0,0.0
2254300000,Улашанівська,0.0,1725700.0,0,0.0,0.0,0.0,0,0.0,0.0,0.0,0.0,0.0,1725700.0,0.0,0.0
2256400000,Хмельницька,91712900.0,0.0,0,0.0,0.0,0.0,0,0.0,0.0,0.0,0.0,0.0,0.0,91712900.0,0.0
2252300000,Чемеровецька,0.0,6782700.0,0,0.0,0.0,0.0,0,0.0,0.0,0.0,0.0,0.0,6782700.0,0.0,0.0
2252200000,Чорноострівська,0.0,12982900.0,0,0.0,0.0,0.0,0,0.0,0.0,0.0,0.0,0.0,12982900.0,0.0,0.0
2256500000,Шепетівська,0.0,0.0,0,0.0,0.0,0.0,0,0.0,0.0,0.0,0.0,0.0,0.0,0.0,0.0
2256600000,Щиборівська,0.0,2620100.0,0,0.0,0.0,0.0,0,0.0,0.0,0.0,0.0,0.0,2620100.0,0.0,0.0
2254400000,Ямпільська,0.0,5140100.0,0,0.0,0.0,0.0,0,0.0,0.0,0.0,0.0,0.0,5140100.0,0.0,0.0
2256700000,Ярмолинецька,0.0,3701400.0,0,0.0,0.0,0.0,0,0.0,0.0,0.0,0.0,0.0,3701400.0,0.0,0.0
1152900000,Аджамська,0.0,0.0,0,0.0,0.0,0.0,0,0.0,0.0,0.0,0.0,0.0,0.0,0.0,0.0
1153000000,Благовіщенська,0.0,16191600.0,0,0.0,0.0,0.0,0,0.0,0.0,0.0,0.0,0.0,16191600.0,0.0,0.0
1150100000,Бобринецька,0.0,6528900.0,0,0.0,0.0,0.0,0,0.0,0.0,0.0,0.0,0.0,6528900.0,0.0,0.0
1150400000,Великоандрусівська,0.0,4607100.0,0,0.0,0.0,0.0,0,0.0,0.0,0.0,0.0,0.0,4607100.0,0.0,0.0
1150700000,Великосеверинівська,0.0,0.0,0,0.0,0.0,0.0,0,0.0,0.0,0.0,0.0,0.0,0.0,0.0,0.0
1153200000,Гайворонська,0.0,18813600.0,0,0.0,0.0,0.0,0,0.0,0.0,0.0,0.0,0.0,18813600.0,0.0,0.0
1150600000,Ганнівська,366700.0,0.0,0,0.0,0.0,0.0,0,0.0,0.0,0.0,0.0,0.0,0.0,366700.0,0.0
1152300000,Глодоська,0.0,304800.0,0,0.0,0.0,0.0,0,0.0,0.0,0.0,0.0,0.0,304800.0,0.0,0.0
1153300000,Голованівська,0.0,0.0,0,0.0,0.0,0.0,0,0.0,0.0,0.0,0.0,0.0,0.0,0.0,0.0
1152400000,Гурівська,0.0,0.0,0,0.0,0.0,0.0,0,0.0,0.0,0.0,0.0,0.0,0.0,0.0,0.0
1151400000,Дмитрівська,0.0,1705700.0,0,0.0,0.0,0.0,0,0.0,0.0,0.0,0.0,0.0,1705700.0,0.0,0.0
1151700000,Добровеличківська,0.0,0.0,0,0.0,0.0,0.0,0,0.0,0.0,0.0,0.0,0.0,0.0,0.0,0.0
1153400000,Долинська,0.0,10701200.0,0,0.0,0.0,0.0,0,0.0,0.0,0.0,0.0,0.0,10701200.0,0.0,0.0
1153500000,Заваллівська,0.0,14315100.0,0,0.0,0.0,0.0,0,0.0,0.0,0.0,0.0,0.0,14315100.0,0.0,0.0
1152500000,Злинська,0.0,4139600.0,0,0.0,0.0,0.0,0,0.0,0.0,0.0,0.0,0.0,4139600.0,0.0,0.0
1153600000,Знам'янська,32265100.0,0.0,0,0.0,0.0,0.0,0,0.0,0.0,0.0,0.0,0.0,0.0,32265100.0,0.0
1153900000,Кам'янецька,0.0,0.0,0,0.0,0.0,0.0,0,0.0,0.0,0.0,0.0,0.0,0.0,0.0,0.0
1150900000,Катеринівська,0.0,0.0,0,0.0,0.0,0.0,0,0.0,0.0,0.0,0.0,0.0,0.0,0.0,0.0
1153700000,Кетрисанівська,0.0,10304500.0,0,0.0,0.0,0.0,0,0.0,0.0,0.0,0.0,0.0,10304500.0,0.0,0.0
1151100000,Компаніївська,0.0,0.0,0,0.0,0.0,0.0,0,0.0,0.0,0.0,0.0,0.0,0.0,0.0,0.0
1152810000,Кропивницька,0.0,0.0,0,0.0,0.0,0.0,0,0.0,0.0,0.0,0.0,0.0,0.0,0.0,0.0
1150200000,Маловисківська,0.0,0.0,0,0.0,0.0,0.0,0,0.0,0.0,0.0,0.0,0.0,0.0,0.0,0.0
1150600000,Мар'янівська,366700.0,0.0,0,0.0,0.0,0.0,0,0.0,0.0,0.0,0.0,0.0,0.0,366700.0,0.0
1153800000,Надлацька,0.0,3239900.0,0,0.0,0.0,0.0,0,0.0,0.0,0.0,0.0,0.0,3239900.0,0.0,0.0
1154000000,Новоархангельська,0.0,310200.0,0,0.0,0.0,0.0,0,0.0,0.0,0.0,0.0,0.0,310200.0,0.0,0.0
1154100000,Новомиргородська,0.0,5046900.0,0,0.0,0.0,0.0,0,0.0,0.0,0.0,0.0,0.0,5046900.0,0.0,0.0
1151500000,Новопразька,0.0,4492300.0,0,0.0,0.0,0.0,0,0.0,0.0,0.0,0.0,0.0,4492300.0,0.0,0.0
1150300000,Новоукраїнська,0.0,744300.0,0,0.0,0.0,0.0,0,0.0,0.0,0.0,0.0,0.0,744300.0,0.0,0.0
1154300000,Олександрівська,0.0,71085500.0,0,0.0,0.0,0.0,0,0.0,0.0,0.0,0.0,0.0,71085500.0,0.0,0.0
1154300000,Олександрійська,0.0,71085500.0,0,0.0,0.0,0.0,0,0.0,0.0,0.0,0.0,0.0,71085500.0,0.0,0.0
1154400000,Онуфріївська,0.0,7681700.0,0,0.0,0.0,0.0,0,0.0,0.0,0.0,0.0,0.0,7681700.0,0.0,0.0
1154500000,Пантаївська,0.0,6510300.0,0,0.0,0.0,0.0,0,0.0,0.0,0.0,0.0,0.0,6510300.0,0.0,0.0
1151000000,Первозванівська,7011900.0,0.0,0,0.0,0.0,0.0,0,0.0,0.0,0.0,0.0,0.0,0.0,7011900.0,0.0
1154600000,Перегонівська,0.0,3683000.0,0,0.0,0.0,0.0,0,0.0,0.0,0.0,0.0,0.0,3683000.0,0.0,0.0
1152100000,Петрівська,6930500.0,0.0,0,0.0,0.0,0.0,0,0.0,0.0,0.0,0.0,0.0,0.0,6930500.0,0.0
1154800000,Побузька,2619300.0,0.0,0,0.0,0.0,0.0,0,0.0,0.0,0.0,0.0,0.0,0.0,2619300.0,0.0
1151300000,Помічнянська,8033400.0,0.0,0,0.0,0.0,0.0,0,0.0,0.0,0.0,0.0,0.0,0.0,8033400.0,0.0
1152000000,Попельнастівська,523800.0,0.0,0,0.0,0.0,0.0,0,0.0,0.0,0.0,0.0,0.0,0.0,523800.0,0.0
1151600000,Приютівська,0.0,138700.0,0,0.0,0.0,0.0,0,0.0,0.0,0.0,0.0,0.0,138700.0,0.0,0.0
1154700000,Підвисоцька,0.0,4214700.0,0,0.0,0.0,0.0,0,0.0,0.0,0.0,0.0,0.0,4214700.0,0.0,0.0
1151900000,Піщанобрідська,0.0,0.0,0,0.0,0.0,0.0,0,0.0,0.0,0.0,0.0,0.0,0.0,0.0,0.0
1154900000,Рівнянська,0.0,3514700.0,0,0.0,0.0,0.0,0,0.0,0.0,0.0,0.0,0.0,3514700.0,0.0,0.0
1155000000,Світловодська,0.0,9711600.0,0,0.0,0.0,0.0,0,0.0,0.0,0.0,0.0,0.0,9711600.0,0.0,0.0
1151200000,Смолінська,0.0,0.0,0,0.0,0.0,0.0,0,0.0,0.0,0.0,0.0,0.0,0.0,0.0,0.0
1150500000,Соколівська,2439700.0,0.0,0,0.0,0.0,0.0,0,0.0,0.0,0.0,0.0,0.0,0.0,2439700.0,0.0
1155100000,Суботцівська,0.0,0.0,0,0.0,0.0,0.0,0,0.0,0.0,0.0,0.0,0.0,0.0,0.0,0.0
1150800000,Тишківська,0.0,0.0,0,0.0,0.0,0.0,0,0.0,0.0,0.0,0.0,0.0,0.0,0.0,0.0
1155200000,Устинівська,0.0,0.0,0,0.0,0.0,0.0,0,0.0,0.0,0.0,0.0,0.0,0.0,0.0,0.0
1054500000,Іванківська,0.0,0.0,0,0.0,0.0,0.0,0,0.0,0.0,0.0,0.0,0.0,0.0,0.0,0.0
1054600000,Ірпінська,0.0,0.0,0,0.0,0.0,0.0,0,0.0,0.0,0.0,0.0,0.0,0.0,0.0,0.0
1051000000,Баришівська,0.0,0.0,0,0.0,0.0,0.0,0,0.0,0.0,0.0,0.0,0.0,0.0,0.0,0.0
1051400000,Березанська,0.0,0.0,0,0.0,0.0,0.0,0,0.0,0.0,0.0,0.0,0.0,0.0,0.0,0.0
1052500000,Бишівська,0.0,1799400.0,0,0.0,0.0,0.0,0,0.0,0.0,0.0,0.0,0.0,1799400.0,0.0,0.0
1051800000,Богуславська,0.0,10760900.0,0,0.0,0.0,0.0,0,0.0,0.0,0.0,0.0,0.0,10760900.0,0.0,0.0
1052800000,Бориспільська,46615300.0,0.0,0,0.0,0.0,0.0,0,0.0,0.0,0.0,0.0,0.0,0.0,46615300.0,0.0
1051100000,Бородянська,0.0,14931200.0,0,0.0,0.0,0.0,0,0.0,0.0,0.0,0.0,0.0,14931200.0,0.0,0.0
1052900000,Борщагівська,129093200.0,0.0,0,0.0,0.0,0.0,0,0.0,0.0,0.0,0.0,0.0,0.0,129093200.0,0.0
1053000000,Боярська,71637300.0,0.0,0,0.0,0.0,0.0,0,0.0,0.0,0.0,0.0,0.0,0.0,71637300.0,0.0
1053100000,Броварська,81239400.0,0.0,0,0.0,0.0,0.0,0,0.0,0.0,0.0,0.0,0.0,0.0,81239400.0,0.0
1051500000,Бучанська,0.0,18406800.0,0,0.0,0.0,0.0,0,0.0,0.0,0.0,0.0,0.0,18406800.0,0.0,0.0
1052600000,Білогородська,18607700.0,0.0,0,0.0,0.0,0.0,0,0.0,0.0,0.0,0.0,0.0,0.0,18607700.0,0.0
1052700000,Білоцерківська,0.0,0.0,0,0.0,0.0,0.0,0,0.0,0.0,0.0,0.0,0.0,0.0,0.0,0.0
1053200000,Васильківська,788300.0,0.0,0,0.0,0.0,0.0,0,0.0,0.0,0.0,0.0,0.0,0.0,788300.0,0.0
1050400000,Великодимерська,0.0,0.0,0,0.0,0.0,0.0,0,0.0,0.0,0.0,0.0,0.0,0.0,0.0,0.0
1053300000,Вишгородська,57281500.0,0.0,0,0.0,0.0,0.0,0,0.0,0.0,0.0,0.0,0.0,0.0,57281500.0,0.0
1053400000,Вишнева,89642300.0,0.0,0,0.0,0.0,0.0,0,0.0,0.0,0.0,0.0,0.0,0.0,89642300.0,0.0
1053500000,Володарська,0.0,0.0,0,0.0,0.0,0.0,0,0.0,0.0,0.0,0.0,0.0,0.0,0.0,0.0
1053600000,Вороньківська,3209300.0,0.0,0,0.0,0.0,0.0,0,0.0,0.0,0.0,0.0,0.0,0.0,3209300.0,0.0
1053700000,Гатненська,0.0,7646600.0,0,0.0,0.0,0.0,0,0.0,0.0,0.0,0.0,0.0,7646600.0,0.0,0.0
1051900000,Глевахівська,5998200.0,0.0,0,0.0,0.0,0.0,0,0.0,0.0,0.0,0.0,0.0,0.0,5998200.0,0.0
1053900000,Гостомельська,42530800.0,0.0,0,0.0,0.0,0.0,0,0.0,0.0,0.0,0.0,0.0,0.0,42530800.0,0.0
1054000000,Гребінківська,0.0,5776700.0,0,0.0,0.0,0.0,0,0.0,0.0,0.0,0.0,0.0,5776700.0,0.0,0.0
1053800000,Гірська,120098100.0,0.0,0,0.0,0.0,0.0,0,0.0,0.0,0.0,0.0,0.0,0.0,120098100.0,0.0
1054100000,Димерська,0.0,19762600.0,0,0.0,0.0,0.0,0,0.0,0.0,0.0,0.0,0.0,19762600.0,0.0,0.0
1051300000,Дмитрівська,51117400.0,0.0,0,0.0,0.0,0.0,0,0.0,0.0,0.0,0.0,0.0,0.0,51117400.0,0.0
1050500000,Дівичківська,3700100.0,0.0,0,0.0,0.0,0.0,0,0.0,0.0,0.0,0.0,0.0,0.0,3700100.0,0.0
1052300000,Зазимська,0.0,0.0,0,0.0,0.0,0.0,0,0.0,0.0,0.0,0.0,0.0,0.0,0.0,0.0
1054300000,Згурівська,8107900.0,0.0,0,0.0,0.0,0.0,0,0.0,0.0,0.0,0.0,0.0,0.0,8107900.0,0.0
1054400000,Золочівська,0.0,0.0,0,0.0,0.0,0.0,0,0.0,0.0,0.0,0.0,0.0,0.0,0.0,0.0
1054700000,Кагарлицька,0.0,0.0,0,0.0,0.0,0.0,0,0.0,0.0,0.0,0.0,0.0,0.0,0.0,0.0
1051200000,Калинівська,8338900.0,0.0,0,0.0,0.0,0.0,0,0.0,0.0,0.0,0.0,0.0,0.0,8338900.0,0.0
1050100000,Калитянська,0.0,6119500.0,1289700,0.0,0.0,0.0,0,0.0,0.0,0.0,0.0,0.0,6119500.0,0.0,1289700.0
1051200000,Ковалівська,8338900.0,0.0,0,0.0,0.0,0.0,0,0.0,0.0,0.0,0.0,0.0,0.0,8338900.0,0.0
1054900000,Кожанська,0.0,7715800.0,0,0.0,0.0,0.0,0,0.0,0.0,0.0,0.0,0.0,7715800.0,0.0,0.0
1055000000,Козинська,3798100.0,0.0,0,0.0,0.0,0.0,0,0.0,0.0,0.0,0.0,0.0,0.0,3798100.0,0.0
1055100000,Коцюбинська,0.0,29184000.0,0,0.0,0.0,0.0,0,0.0,0.0,0.0,0.0,0.0,29184000.0,0.0,0.0
1055200000,Макарівська,36293200.0,0.0,0,0.0,0.0,0.0,0,0.0,0.0,0.0,0.0,0.0,0.0,36293200.0,0.0
1055300000,Маловільшанська,0.0,8388000.0,0,0.0,0.0,0.0,0,0.0,0.0,0.0,0.0,0.0,8388000.0,0.0,0.0
1050300000,Медвинська,0.0,2158000.0,0,0.0,0.0,0.0,0,0.0,0.0,0.0,0.0,0.0,2158000.0,0.0,0.0
1051300000,Миронівська,51117400.0,0.0,0,0.0,0.0,0.0,0,0.0,0.0,0.0,0.0,0.0,0.0,51117400.0,0.0
1055400000,Немішаївська,0.0,17010000.0,0,0.0,0.0,0.0,0,0.0,0.0,0.0,0.0,0.0,17010000.0,0.0,0.0
1051700000,Обухівська,62143400.0,0.0,0,0.0,0.0,0.0,0,0.0,0.0,0.0,0.0,0.0,0.0,62143400.0,0.0
1055500000,Переяславська,4912800.0,0.0,0,0.0,0.0,0.0,0,0.0,0.0,0.0,0.0,0.0,0.0,4912800.0,0.0
1055600000,Петрівська,13362900.0,0.0,0,0.0,0.0,0.0,0,0.0,0.0,0.0,0.0,0.0,0.0,13362900.0,0.0
1055800000,Поліська,0.0,4352100.0,0,0.0,0.0,0.0,0,0.0,0.0,0.0,0.0,0.0,4352100.0,0.0,0.0
1055900000,Пристолична,60255500.0,0.0,0,0.0,0.0,0.0,0,0.0,0.0,0.0,0.0,0.0,0.0,60255500.0,0.0
1055700000,Пірнівська,0.0,5555500.0,0,0.0,0.0,0.0,0,0.0,0.0,0.0,0.0,0.0,5555500.0,0.0,0.0
1050200000,Пісківська,0.0,0.0,0,0.0,0.0,0.0,0,0.0,0.0,0.0,0.0,0.0,0.0,0.0,0.0
1051600000,Ржищівська,0.0,6472000.0,0,0.0,0.0,0.0,0,0.0,0.0,0.0,0.0,0.0,6472000.0,0.0,0.0
1056000000,Рокитнянська,0.0,0.0,0,0.0,0.0,0.0,0,0.0,0.0,0.0,0.0,0.0,0.0,0.0,0.0
1056100000,Сквирська,0.0,0.0,0,0.0,0.0,0.0,0,0.0,0.0,0.0,0.0,0.0,0.0,0.0,0.0
1056200000,Славутицька,51613500.0,0.0,0,0.0,0.0,0.0,30000000,0.0,0.0,0.0,0.0,0.0,0.0,51613500.0,30000000.0
1056300000,Ставищенська,0.0,0.0,0,0.0,0.0,0.0,0,0.0,0.0,0.0,0.0,0.0,0.0,0.0,0.0
1050900000,Студениківська,15495800.0,0.0,0,0.0,0.0,0.0,0,0.0,0.0,0.0,0.0,0.0,0.0,15495800.0,0.0
1056400000,Таращанська,0.0,4049900.0,0,0.0,0.0,0.0,0,0.0,0.0,0.0,0.0,0.0,4049900.0,0.0,0.0
1052000000,Ташанська,15104500.0,0.0,0,0.0,0.0,0.0,0,0.0,0.0,0.0,0.0,0.0,0.0,15104500.0,0.0
1050800000,Тетіївська,0.0,9040800.0,0,0.0,0.0,0.0,0,0.0,0.0,0.0,0.0,0.0,9040800.0,0.0,0.0
1052100000,Томашівська,0.0,0.0,0,0.0,0.0,0.0,0,0.0,0.0,0.0,0.0,0.0,0.0,0.0,0.0
1050700000,Узинська,0.0,18143100.0,0,0.0,0.0,0.0,0,0.0,0.0,0.0,0.0,0.0,18143100.0,0.0,0.0
1056500000,Українська,16852200.0,0.0,0,0.0,0.0,0.0,0,0.0,0.0,0.0,0.0,0.0,0.0,16852200.0,0.0
1056600000,Фастівська,0.0,0.0,0,0.0,0.0,0.0,0,0.0,0.0,0.0,0.0,0.0,0.0,0.0,0.0
1056700000,Феодосіївська,1654800.0,0.0,0,0.0,0.0,0.0,0,0.0,0.0,0.0,0.0,0.0,0.0,1654800.0,0.0
1050600000,Фурсівська,0.0,4619100.0,0,0.0,0.0,0.0,0,0.0,0.0,0.0,0.0,0.0,4619100.0,0.0,0.0
1052200000,Циблівська,0.0,340600.0,0,0.0,0.0,0.0,0,0.0,0.0,0.0,0.0,0.0,340600.0,0.0,0.0
1056800000,Чабанівська,12705000.0,0.0,0,0.0,0.0,0.0,0,0.0,0.0,0.0,0.0,0.0,0.0,12705000.0,0.0
1056900000,Яготинська,0.0,0.0,0,0.0,0.0,0.0,0,0.0,0.0,0.0,0.0,0.0,0.0,0.0,0.0
1250200000,Айдарська,0.0,23597400.0,0,0.0,0.0,0.0,0,0.0,0.0,0.0,0.0,0.0,23597400.0,0.0,0.0
1253100000,Алчевська,0.0,0.0,0,0.0,0.0,0.0,0,0.0,0.0,0.0,0.0,0.0,0.0,0.0,0.0
1253200000,Антрацитівська,0.0,0.0,0,0.0,0.0,0.0,0,0.0,0.0,0.0,0.0,0.0,0.0,0.0,0.0
1250500000,Біловодська,0.0,98374800.0,0,0.0,0.0,0.0,0,0.0,0.0,0.0,0.0,0.0,98374800.0,0.0,0.0
1250100000,Білокуракинська,0.0,17151300.0,0,0.0,0.0,0.0,0,0.0,0.0,0.0,0.0,0.0,17151300.0,0.0,0.0
1251600000,Білолуцька,0.0,14972000.0,0,0.0,0.0,0.0,0,0.0,0.0,0.0,0.0,0.0,14972000.0,0.0,0.0
1251700000,Гірська,0.0,20344100.0,0,0.0,0.0,0.0,0,0.0,0.0,0.0,0.0,0.0,20344100.0,0.0,0.0
1253300000,Довжанська,0.0,0.0,0,0.0,0.0,0.0,0,0.0,0.0,0.0,0.0,0.0,0.0,0.0,0.0
1253400000,Зимогір'ївська,0.0,0.0,0,0.0,0.0,0.0,0,0.0,0.0,0.0,0.0,0.0,0.0,0.0,0.0
1253500000,Кадіївська,0.0,0.0,0,0.0,0.0,0.0,0,0.0,0.0,0.0,0.0,0.0,0.0,0.0,0.0
1251500000,Коломийчиська,0.0,1133300.0,0,0.0,0.0,0.0,0,0.0,0.0,0.0,0.0,0.0,1133300.0,0.0,0.0
1250600000,Красноріченська,0.0,12518800.0,0,0.0,0.0,0.0,0,0.0,0.0,0.0,0.0,0.0,12518800.0,0.0,0.0
1251800000,Кремінська,0.0,46458800.0,0,0.0,0.0,0.0,0,0.0,0.0,0.0,0.0,0.0,46458800.0,0.0,0.0
1251900000,Лисичанська,0.0,104811100.0,0,0.0,0.0,0.0,0,0.0,0.0,0.0,0.0,0.0,104811100.0,0.0,0.0
1250900000,Лозно-Олександрівська,0.0,1349200.0,0,0.0,0.0,0.0,0,0.0,0.0,0.0,0.0,0.0,1349200.0,0.0,0.0
1253600000,Луганська,0.0,0.0,0,0.0,0.0,0.0,0,0.0,0.0,0.0,0.0,0.0,0.0,0.0,0.0
1253700000,Лутугинська,0.0,0.0,0,0.0,0.0,0.0,0,0.0,0.0,0.0,0.0,0.0,0.0,0.0,0.0
1251100000,Марківська,0.0,63648000.0,0,0.0,0.0,0.0,0,0.0,0.0,0.0,0.0,0.0,63648000.0,0.0,0.0
1252000000,Міловська,0.0,47037200.0,0,0.0,0.0,0.0,0,0.0,0.0,0.0,0.0,0.0,47037200.0,0.0,0.0
1250800000,Нижньодуванська,0.0,2171000.0,0,0.0,0.0,0.0,0,0.0,0.0,0.0,0.0,0.0,2171000.0,0.0,0.0
1252100000,Нижньотеплівська,0.0,10347700.0,0,0.0,0.0,0.0,0,0.0,0.0,0.0,0.0,0.0,10347700.0,0.0,0.0
1252200000,Новоайдарська,0.0,32054400.0,0,0.0,0.0,0.0,0,0.0,0.0,0.0,0.0,0.0,32054400.0,0.0,0.0
1253800000,Отаманівська,0.0,0.0,0,0.0,0.0,0.0,0,0.0,0.0,0.0,0.0,0.0,0.0,0.0,0.0
1252300000,Попаснянська,0.0,1823300.0,0,0.0,0.0,0.0,0,0.0,0.0,0.0,0.0,0.0,1823300.0,0.0,0.0
1253900000,Ровеньківська,0.0,0.0,0,0.0,0.0,0.0,0,0.0,0.0,0.0,0.0,0.0,0.0,0.0,0.0
1252400000,Рубіжанська,0.0,19643300.0,0,0.0,0.0,0.0,0,0.0,0.0,0.0,0.0,0.0,19643300.0,0.0,0.0
1252500000,Сватівська,0.0,15420900.0,0,0.0,0.0,0.0,0,0.0,0.0,0.0,0.0,0.0,15420900.0,0.0,0.0
1254000000,Сорокинська,0.0,0.0,0,0.0,0.0,0.0,0,0.0,0.0,0.0,0.0,0.0,0.0,0.0,0.0
1252700000,Станично-Луганська,0.0,48887200.0,0,0.0,0.0,0.0,0,0.0,0.0,0.0,0.0,0.0,48887200.0,0.0,0.0
1252800000,Старобільська,0.0,28060500.0,0,0.0,0.0,0.0,0,0.0,0.0,0.0,0.0,0.0,28060500.0,0.0,0.0
1252600000,Сіверськодонецька,21980800.0,0.0,0,0.0,0.0,0.0,0,0.0,0.0,0.0,0.0,0.0,0.0,21980800.0,0.0
1250400000,Троїцька,0.0,0.0,0,0.0,0.0,0.0,0,0.0,0.0,0.0,0.0,0.0,0.0,0.0,0.0
1254100000,Хрустальненська,0.0,0.0,0,0.0,0.0,0.0,0,0.0,0.0,0.0,0.0,0.0,0.0,0.0,0.0
1250300000,Чмирівська,0.0,20307900.0,0,0.0,0.0,0.0,0,0.0,0.0,0.0,0.0,0.0,20307900.0,0.0,0.0
1253900000,Широківська,0.0,0.0,0,0.0,0.0,0.0,0,0.0,0.0,0.0,0.0,0.0,0.0,0.0,0.0
1251000000,Шульгинська,0.0,6559000.0,0,0.0,0.0,0.0,0,0.0,0.0,0.0,0.0,0.0,6559000.0,0.0,0.0
1253000000,Щастинська,0.0,18687000.0,0,0.0,0.0,0.0,0,0.0,0.0,0.0,0.0,0.0,18687000.0,0.0,0.0
1355800000,Івано-Франківська,2535900.0,0.0,0,0.0,0.0,0.0,0,0.0,0.0,0.0,0.0,0.0,0.0,2535900.0,0.0
1354200000,Белзька,0.0,2309400.0,0,0.0,0.0,0.0,0,0.0,0.0,0.0,0.0,0.0,2309400.0,0.0,0.0
1354300000,Боринська,0.0,42094600.0,0,0.0,0.0,0.0,0,0.0,955000.0,0.0,0.0,0.0,42094600.0,0.0,955000.0
1354400000,Бориславська,0.0,22144700.0,0,0.0,0.0,0.0,0,0.0,0.0,0.0,0.0,0.0,22144700.0,0.0,0.0
1354500000,Бродівська,0.0,0.0,0,0.0,0.0,0.0,0,0.0,0.0,0.0,0.0,0.0,0.0,0.0,0.0
1354600000,Буська,0.0,16437400.0,0,0.0,0.0,0.0,0,0.0,0.0,0.0,0.0,0.0,16437400.0,0.0,0.0
1353600000,Бібрська,0.0,19543300.0,0,0.0,0.0,0.0,0,0.0,0.0,0.0,0.0,0.0,19543300.0,0.0,0.0
1350200000,Бісковицька,0.0,31163600.0,0,0.0,0.0,0.0,0,0.0,0.0,0.0,0.0,0.0,31163600.0,0.0,0.0
1352300000,Великолюбінська,0.0,12195300.0,0,0.0,0.0,0.0,0,0.0,0.0,0.0,0.0,0.0,12195300.0,0.0,0.0
1353200000,Великомостівська,0.0,8190400.0,0,0.0,0.0,0.0,0,0.0,0.0,0.0,0.0,0.0,8190400.0,0.0,0.0
1354700000,Глинянська,0.0,10701400.0,0,0.0,0.0,0.0,0,0.0,0.0,0.0,0.0,0.0,10701400.0,0.0,0.0
1350500000,Гніздичівська,0.0,6019200.0,0,0.0,0.0,0.0,0,0.0,0.0,0.0,0.0,0.0,6019200.0,0.0,0.0
1354900000,Грабовецько-Дулібівська,0.0,14709400.0,0,0.0,0.0,0.0,0,0.0,0.0,0.0,0.0,0.0,14709400.0,0.0,0.0
1352000000,Давидівська,0.0,7496100.0,0,0.0,0.0,0.0,0,0.0,0.0,0.0,0.0,0.0,7496100.0,0.0,0.0
1355000000,Добромильська,0.0,33908600.0,0,0.0,0.0,0.0,0,0.0,0.0,0.0,0.0,0.0,33908600.0,0.0,0.0
1355100000,Добросинсько-Магерівська,0.0,28770200.0,0,0.0,0.0,0.0,0,0.0,0.0,0.0,0.0,0.0,28770200.0,0.0,0.0
1355200000,Добротвірська,0.0,0.0,0,0.0,0.0,0.0,0,0.0,0.0,0.0,0.0,0.0,0.0,0.0,0.0
1355300000,Дрогобицька,0.0,110403500.0,0,0.0,0.0,0.0,0,0.0,0.0,0.0,0.0,0.0,110403500.0,0.0,0.0
1355400000,Жидачівська,0.0,0.0,0,0.0,0.0,0.0,0,0.0,0.0,0.0,0.0,0.0,0.0,0.0,0.0
1355500000,Жовківська,0.0,20074800.0,0,0.0,0.0,0.0,0,0.0,0.0,0.0,0.0,0.0,20074800.0,0.0,0.0
1352100000,Жовтанецька,0.0,0.0,0,0.0,0.0,0.0,0,0.0,0.0,0.0,0.0,0.0,0.0,0.0,0.0
1355600000,Журавненська,0.0,20800800.0,0,0.0,0.0,0.0,0,0.0,0.0,0.0,0.0,0.0,20800800.0,0.0,0.0
1350800000,Заболотцівська,0.0,2791400.0,0,0.0,0.0,0.0,0,0.0,0.0,0.0,0.0,0.0,2791400.0,0.0,0.0
1353700000,Зимноводівська,0.0,25635100.0,0,0.0,0.0,0.0,0,0.0,0.0,0.0,0.0,0.0,25635100.0,0.0,0.0
1355700000,Золочівська,0.0,10902000.0,0,0.0,0.0,0.0,0,0.0,0.0,0.0,0.0,0.0,10902000.0,0.0,0.0
1353400000,Кам'янка-Бузька,613000.0,0.0,0,0.0,0.0,0.0,0,0.0,0.0,0.0,0.0,0.0,0.0,613000.0,0.0
1355900000,Козівська,0.0,16790100.0,0,0.0,0.0,0.0,0,0.0,0.0,0.0,0.0,0.0,16790100.0,0.0,0.0
1356000000,Комарнівська,0.0,16922700.0,0,0.0,0.0,0.0,0,0.0,0.0,0.0,0.0,0.0,16922700.0,0.0,0.0
1356100000,Красненська,0.0,20239300.0,0,0.0,0.0,0.0,0,0.0,0.0,0.0,0.0,0.0,20239300.0,0.0,0.0
1356200000,Куликівська,0.0,14068800.0,0,0.0,0.0,0.0,0,0.0,0.0,0.0,0.0,0.0,14068800.0,0.0,0.0
1353800000,Лопатинська,0.0,18339900.0,0,0.0,0.0,0.0,0,0.0,0.0,0.0,0.0,0.0,18339900.0,0.0,0.0
1356300000,Львівська,789490000.0,0.0,0,0.0,0.0,0.0,0,0.0,0.0,0.0,0.0,0.0,0.0,789490000.0,0.0
1353900000,Меденицька,0.0,27506900.0,0,0.0,0.0,0.0,0,0.0,0.0,0.0,0.0,0.0,27506900.0,0.0,0.0
1356400000,Миколаївська,0.0,29008100.0,0,0.0,0.0,0.0,0,0.0,0.0,0.0,0.0,0.0,29008100.0,0.0,0.0
1356500000,Моршинська,0.0,5760200.0,0,0.0,0.0,0.0,0,0.0,0.0,0.0,0.0,0.0,5760200.0,0.0,0.0
1351700000,Мостиська,0.0,34160700.0,0,0.0,0.0,0.0,0,0.0,0.0,0.0,0.0,0.0,34160700.0,0.0,0.0
1353500000,Мурованська,0.0,3365700.0,0,0.0,0.0,0.0,0,0.0,0.0,0.0,0.0,0.0,3365700.0,0.0,0.0
1351100000,Новокалинівська,0.0,7270200.0,0,0.0,0.0,0.0,0,0.0,0.0,0.0,0.0,0.0,7270200.0,0.0,0.0
1356600000,Новороздільська,0.0,31813700.0,0,0.0,0.0,0.0,0,0.0,0.0,0.0,0.0,0.0,31813700.0,0.0,0.0
1356700000,Новояворівська,0.0,1001000.0,0,0.0,0.0,0.0,0,0.0,0.0,0.0,0.0,0.0,1001000.0,0.0,0.0
1356800000,Новояричівська,0.0,18022800.0,0,0.0,0.0,0.0,0,0.0,0.0,0.0,0.0,0.0,18022800.0,0.0,0.0
1356900000,Оброшинська,1119500.0,0.0,0,0.0,0.0,0.0,0,0.0,0.0,0.0,0.0,0.0,0.0,1119500.0,0.0
1357000000,Перемишлянська,0.0,8293900.0,0,0.0,0.0,0.0,0,0.0,0.0,0.0,0.0,0.0,8293900.0,0.0,0.0
1357200000,Поморянська,0.0,12025800.0,0,0.0,0.0,0.0,0,0.0,0.0,0.0,0.0,0.0,12025800.0,0.0,0.0
1357300000,Пустомитівська,7054200.0,0.0,0,0.0,0.0,0.0,0,0.0,0.0,0.0,0.0,0.0,0.0,7054200.0,0.0
1352700000,Підберізцівська,0.0,10437900.0,0,0.0,0.0,0.0,0,0.0,0.0,0.0,0.0,0.0,10437900.0,0.0,0.0
1357100000,Підкамінська,0.0,17515900.0,0,0.0,0.0,0.0,0,0.0,0.0,0.0,0.0,0.0,17515900.0,0.0,0.0
1357400000,Рава-Руська,0.0,30730500.0,0,0.0,0.0,0.0,0,0.0,0.0,0.0,0.0,0.0,30730500.0,0.0,0.0
1354000000,Радехівська,0.0,1073100.0,0,0.0,0.0,0.0,0,0.0,0.0,0.0,0.0,0.0,1073100.0,0.0,0.0
1357500000,Ралівська,0.0,21912500.0,0,0.0,0.0,0.0,0,0.0,0.0,0.0,0.0,0.0,21912500.0,0.0,0.0
1352500000,Розвадівська,0.0,14729000.0,0,0.0,0.0,0.0,0,0.0,0.0,0.0,0.0,0.0,14729000.0,0.0,0.0
1353000000,Рудківська,0.0,39955200.0,0,0.0,0.0,0.0,0,0.0,0.0,0.0,0.0,0.0,39955200.0,0.0,0.0
1357600000,Самбірська,0.0,0.0,0,0.0,0.0,0.0,0,0.0,0.0,0.0,0.0,0.0,0.0,0.0,0.0
1357700000,Сколівська,0.0,15117700.0,0,0.0,0.0,0.0,0,0.0,0.0,0.0,0.0,0.0,15117700.0,0.0,0.0
1353100000,Славська,50358000.0,0.0,0,0.0,0.0,0.0,0,0.0,0.0,0.0,0.0,0.0,0.0,50358000.0,0.0
1357800000,Сокальська,0.0,26241600.0,0,0.0,0.0,0.0,0,0.0,0.0,0.0,0.0,0.0,26241600.0,0.0,0.0
1357900000,Сокільницька,16397800.0,0.0,0,0.0,0.0,0.0,0,0.0,0.0,0.0,0.0,0.0,0.0,16397800.0,0.0
1352800000,Солонківська,3977200.0,0.0,0,0.0,0.0,0.0,0,0.0,0.0,0.0,0.0,0.0,0.0,3977200.0,0.0
1358000000,Старосамбірська,0.0,19461000.0,0,0.0,0.0,0.0,0,0.0,0.0,0.0,0.0,0.0,19461000.0,0.0,0.0
1358100000,Стрийська,1879900.0,0.0,0,0.0,0.0,0.0,0,0.0,0.0,0.0,0.0,0.0,0.0,1879900.0,0.0
1358200000,Стрілківська,0.0,28189400.0,0,0.0,0.0,0.0,0,0.0,0.0,0.0,0.0,0.0,28189400.0,0.0,0.0
1351800000,Судововишнянська,0.0,20429000.0,0,0.0,0.0,0.0,0,0.0,0.0,0.0,50825.6,0.0,20429000.0,0.0,50825.6
1358300000,Східницька,0.0,27372700.0,0,0.0,0.0,0.0,0,0.0,0.0,0.0,0.0,0.0,27372700.0,0.0,0.0
1351400000,Тростянецька,0.0,7145800.0,0,0.0,0.0,0.0,0,0.0,0.0,0.0,0.0,0.0,7145800.0,0.0,0.0
1358400000,Трускавецька,0.0,30837800.0,0,0.0,0.0,0.0,0,0.0,0.0,0.0,0.0,0.0,30837800.0,0.0,0.0
1358500000,Турківська,0.0,27409200.0,0,0.0,0.0,0.0,0,0.0,0.0,0.0,0.0,0.0,27409200.0,0.0,0.0
1358600000,Хирівська,0.0,26956100.0,0,0.0,0.0,0.0,0,0.0,0.0,0.0,326334.22,0.0,26956100.0,0.0,326334.22
1351600000,Ходорівська,0.0,29116000.0,0,0.0,0.0,0.0,0,0.0,0.0,0.0,0.0,0.0,29116000.0,0.0,0.0
1352200000,Шегинівська,0.0,4901900.0,0,0.0,0.0,0.0,0,0.0,0.0,0.0,0.0,0.0,4901900.0,0.0,0.0
1358700000,Шептицька,0.0,0.0,0,0.0,0.0,0.0,0,0.0,0.0,0.0,0.0,0.0,0.0,0.0,0.0
1352900000,Щирецька,0.0,16751100.0,0,0.0,0.0,0.0,0,0.0,0.0,0.0,0.0,0.0,16751100.0,0.0,0.0
1358800000,Яворівська,0.0,0.0,0,0.0,0.0,0.0,0,0.0,0.0,0.0,0.0,0.0,0.0,0.0,0.0
1454500000,Єланецька,0.0,4847900.0,0,0.0,0.0,0.0,0,0.0,0.0,0.0,0.0,0.0,4847900.0,0.0,0.0
1454600000,Інгульська,0.0,6562600.0,0,0.0,0.0,0.0,0,0.0,0.0,0.0,0.0,0.0,6562600.0,0.0,0.0
1452800000,Арбузинська,0.0,4485500.0,0,0.0,0.0,0.0,0,0.0,0.0,0.0,0.0,0.0,4485500.0,0.0,0.0
1450200000,Баштанська,0.0,8590900.0,0,0.0,0.0,0.0,0,0.0,0.0,0.0,0.0,0.0,8590900.0,0.0,0.0
1452200000,Березанська,0.0,8119800.0,0,0.0,0.0,0.0,0,0.0,0.0,0.0,0.0,0.0,8119800.0,0.0,0.0
1453000000,Березнегуватська,0.0,12468300.0,0,0.0,0.0,0.0,0,0.0,0.0,0.0,0.0,0.0,12468300.0,0.0,0.0
1451000000,Благодатненська,2816500.0,0.0,0,0.0,0.0,0.0,0,0.0,0.0,0.0,0.0,0.0,0.0,2816500.0,0.0
1454300000,Братська,0.0,7101900.0,0,0.0,0.0,0.0,0,0.0,0.0,0.0,0.0,0.0,7101900.0,0.0,0.0
1451100000,Бузька,0.0,0.0,0,0.0,0.0,0.0,0,0.0,0.0,0.0,0.0,0.0,0.0,0.0,0.0
1450400000,Веселинівська,0.0,16574500.0,0,0.0,0.0,0.0,0,0.0,0.0,0.0,0.0,0.0,16574500.0,0.0,0.0
1450800000,Веснянська,0.0,0.0,0,0.0,0.0,0.0,0,0.0,0.0,0.0,0.0,0.0,0.0,0.0,0.0
1452900000,Вознесенська,0.0,8259300.0,0,0.0,0.0,0.0,0,0.0,0.0,0.0,0.0,0.0,8259300.0,0.0,0.0
1452400000,Володимирівська,0.0,960600.0,0,0.0,0.0,0.0,0,0.0,0.0,0.0,0.0,0.0,960600.0,0.0,0.0
1450500000,Воскресенська,0.0,23432900.0,0,0.0,0.0,0.0,0,0.0,0.0,0.0,0.0,0.0,23432900.0,0.0,0.0
1454400000,Врадіївська,0.0,16343600.0,0,0.0,0.0,0.0,0,0.0,0.0,0.0,0.0,0.0,16343600.0,0.0,0.0
1453400000,Вільнозапорізька,0.0,6176900.0,0,0.0,0.0,0.0,0,0.0,0.0,0.0,0.0,0.0,6176900.0,0.0,0.0
1451200000,Галицинівська,36363700.0,0.0,0,0.0,0.0,0.0,0,0.0,0.0,0.0,0.0,0.0,0.0,36363700.0,0.0
1453500000,Горохівська,0.0,5427900.0,0,0.0,0.0,0.0,0,0.0,0.0,0.0,0.0,0.0,5427900.0,0.0,0.0
1450600000,Доманівська,0.0,14535200.0,0,0.0,0.0,0.0,0,0.0,0.0,0.0,0.0,0.0,14535200.0,0.0,0.0
1452000000,Дорошівська,0.0,6741800.0,0,0.0,0.0,0.0,0,0.0,0.0,0.0,0.0,0.0,6741800.0,0.0,0.0
1452500000,Казанківська,0.0,6201900.0,0,0.0,0.0,0.0,0,0.0,0.0,0.0,0.0,0.0,6201900.0,0.0,0.0
1450900000,Кам'яномостівська,0.0,5180000.0,0,0.0,0.0,0.0,0,0.0,0.0,0.0,0.0,0.0,5180000.0,0.0,0.0
1451300000,Коблівська,0.0,0.0,0,0.0,0.0,0.0,0,0.0,0.0,0.0,0.0,0.0,0.0,0.0,0.0
1451500000,Костянтинівська,0.0,2471500.0,0,0.0,0.0,0.0,0,0.0,0.0,0.0,0.0,0.0,2471500.0,0.0,0.0
1454800000,Кривоозерська,0.0,20303000.0,0,0.0,0.0,0.0,0,0.0,0.0,0.0,0.0,0.0,20303000.0,0.0,0.0
1450100000,Куцурубська,0.0,5511600.0,0,0.0,0.0,0.0,0,0.0,0.0,0.0,0.0,0.0,5511600.0,0.0,0.0
1453800000,Мигіївська,138400.0,0.0,0,0.0,0.0,0.0,0,0.0,0.0,0.0,0.0,0.0,0.0,138400.0,0.0
1454900000,Миколаївська,144473300.0,0.0,0,0.0,0.0,0.0,0,3587300.0,0.0,0.0,0.0,0.0,0.0,144473300.0,3587300.0
1451500000,Мостівська,0.0,2471500.0,0,0.0,0.0,0.0,0,0.0,0.0,0.0,0.0,0.0,2471500.0,0.0,0.0
1454200000,Мішково-Погорілівська,298800.0,0.0,0,0.0,0.0,0.0,0,0.0,0.0,0.0,0.0,0.0,0.0,298800.0,0.0
1451600000,Нечаянська,0.0,4269700.0,0,0.0,0.0,0.0,0,0.0,0.0,0.0,0.0,0.0,4269700.0,0.0,0.0
1453100000,Новобузька,0.0,17097800.0,0,0.0,0.0,0.0,0,0.0,0.0,0.0,0.0,0.0,17097800.0,0.0,0.0
1453900000,Новомар'ївська,0.0,2919500.0,0,0.0,0.0,0.0,0,0.0,0.0,0.0,0.0,0.0,2919500.0,0.0,0.0
1455000000,Новоодеська,0.0,5611200.0,0,0.0,0.0,0.0,0,0.0,0.0,0.0,0.0,0.0,5611200.0,0.0,0.0
1450300000,Олександрівська,0.0,9740000.0,0,0.0,0.0,0.0,0,0.0,0.0,0.0,0.0,0.0,9740000.0,0.0,0.0
1450700000,Ольшанська,0.0,4610900.0,0,0.0,0.0,0.0,0,0.0,0.0,0.0,0.0,0.0,4610900.0,0.0,0.0
1455100000,Очаківська,8101000.0,0.0,0,0.0,0.0,0.0,0,0.0,0.0,0.0,0.0,0.0,0.0,8101000.0,0.0
1455200000,Первомайська,0.0,39642300.0,0,0.0,0.0,0.0,0,0.0,0.0,0.0,0.0,0.0,39642300.0,0.0,0.0
1451700000,Прибужанівська,0.0,7020900.0,0,0.0,0.0,0.0,0,0.0,0.0,0.0,0.0,0.0,7020900.0,0.0,0.0
1452300000,Прибузька,0.0,5025200.0,0,0.0,0.0,0.0,0,0.0,0.0,0.0,0.0,0.0,5025200.0,0.0,0.0
1455700000,Південноукраїнська,122822200.0,0.0,0,0.0,0.0,0.0,0,0.0,0.0,0.0,0.0,0.0,0.0,122822200.0,0.0
1452700000,Радсадівська,0.0,268100.0,0,0.0,0.0,0.0,0,0.0,0.0,0.0,0.0,0.0,268100.0,0.0,0.0
1455500000,Синюшинобрідська,0.0,922700.0,0,0.0,0.0,0.0,0,0.0,0.0,0.0,0.0,0.0,922700.0,0.0,0.0
1453200000,Снігурівська,0.0,10425800.0,0,0.0,0.0,0.0,0,0.0,0.0,0.0,0.0,0.0,10425800.0,0.0,0.0
1454000000,Софіївська,0.0,6088900.0,0,0.0,0.0,0.0,0,0.0,0.0,0.0,0.0,0.0,6088900.0,0.0,0.0
1455600000,Степівська,0.0,2372300.0,0,0.0,0.0,0.0,0,0.0,0.0,0.0,0.0,0.0,2372300.0,0.0,0.0
1454100000,Сухоєланецька,0.0,7193900.0,0,0.0,0.0,0.0,0,0.0,0.0,0.0,0.0,0.0,7193900.0,0.0,0.0
1451800000,Чорноморська,0.0,5237200.0,0,0.0,0.0,0.0,0,0.0,0.0,0.0,0.0,0.0,5237200.0,0.0,0.0
1452600000,Широківська,0.0,0.0,0,0.0,0.0,0.0,0,0.0,0.0,0.0,0.0,0.0,0.0,0.0,0.0
1553800000,Іванівська,0.0,16820700.0,0,0.0,0.0,0.0,0,0.0,0.0,0.0,0.0,0.0,16820700.0,0.0,0.0
1555300000,Ізмаїльська,0.0,0.0,0,0.0,0.0,0.0,0,0.0,0.0,0.0,0.0,0.0,0.0,0.0,0.0
1551800000,Авангардівська,8778300.0,0.0,0,0.0,0.0,0.0,0,0.0,0.0,0.0,0.0,0.0,0.0,8778300.0,0.0
1553800000,Ананьївська,0.0,16820700.0,0,0.0,0.0,0.0,0,0.0,0.0,0.0,0.0,0.0,16820700.0,0.0,0.0
1553900000,Арцизька,0.0,31404500.0,0,0.0,0.0,0.0,0,0.0,0.0,0.0,0.0,0.0,31404500.0,0.0,0.0
1550100000,Балтська,0.0,13290400.0,0,0.0,0.0,0.0,0,0.0,0.0,0.0,0.0,0.0,13290400.0,0.0,0.0
1551400000,Березівська,0.0,8707500.0,0,0.0,0.0,0.0,0,0.0,0.0,0.0,0.0,0.0,8707500.0,0.0,0.0
1558200000,Бессарабська,0.0,21088200.0,0,0.0,0.0,0.0,0,0.0,0.0,0.0,0.0,0.0,21088200.0,0.0,0.0
1554100000,Болградська,0.0,18985200.0,0,0.0,0.0,0.0,0,0.0,0.0,0.0,0.0,0.0,18985200.0,0.0,0.0
1554200000,Буджацька,0.0,27370400.0,0,0.0,0.0,0.0,0,0.0,0.0,0.0,0.0,0.0,27370400.0,0.0,0.0
1554000000,Білгород-Дністровська,0.0,3589300.0,0,0.0,0.0,0.0,0,0.0,0.0,0.0,0.0,0.0,3589300.0,0.0,0.0
1550200000,Біляївська,0.0,5337600.0,0,0.0,0.0,0.0,0,0.0,0.0,0.0,0.0,0.0,5337600.0,0.0,0.0
1554300000,Василівська,0.0,19964600.0,0,0.0,0.0,0.0,0,0.0,0.0,0.0,0.0,0.0,19964600.0,0.0,0.0
1553000000,Великобуялицька,0.0,9069300.0,0,0.0,0.0,0.0,0,0.0,0.0,0.0,0.0,0.0,9069300.0,0.0,0.0
1554400000,Великодальницька,0.0,17314400.0,0,0.0,0.0,0.0,0,0.0,0.0,0.0,0.0,0.0,17314400.0,0.0,0.0
1554500000,Великодолинська,0.0,9205200.0,0,0.0,0.0,0.0,0,0.0,0.0,0.0,0.0,0.0,9205200.0,0.0,0.0
1550300000,Великомихайлівська,0.0,9763800.0,0,0.0,0.0,0.0,0,0.0,0.0,0.0,0.0,0.0,9763800.0,0.0,0.0
1553100000,Великоплосківська,0.0,2683800.0,0,0.0,0.0,0.0,0,0.0,0.0,0.0,0.0,0.0,2683800.0,0.0,0.0
1554600000,Вигодянська,0.0,19127300.0,0,0.0,0.0,0.0,0,0.0,0.0,0.0,0.0,0.0,19127300.0,0.0,0.0
1552900000,Визирська,86547100.0,0.0,0,0.0,0.0,0.0,0,0.0,0.0,0.0,0.0,0.0,0.0,86547100.0,0.0
1551700000,Вилківська,0.0,16859100.0,0,0.0,0.0,0.0,0,0.0,0.0,0.0,0.0,0.0,16859100.0,0.0,0.0
1554700000,Городненська,0.0,29096100.0,0,0.0,0.0,0.0,0,0.0,0.0,0.0,0.0,0.0,29096100.0,0.0,0.0
1551900000,Дальницька,0.0,23925200.0,0,0.0,0.0,0.0,0,0.0,0.0,0.0,0.0,0.0,23925200.0,0.0,0.0
1554800000,Дачненська,7498900.0,0.0,0,0.0,0.0,0.0,0,0.0,0.0,0.0,0.0,0.0,0.0,7498900.0,0.0
1554900000,Дивізійська,0.0,10232000.0,0,0.0,0.0,0.0,0,0.0,0.0,0.0,0.0,0.0,10232000.0,0.0,0.0
1555000000,Доброславська,0.0,517700.0,0,0.0,0.0,0.0,0,0.0,0.0,0.0,0.0,0.0,517700.0,0.0,0.0
1555100000,Долинська,0.0,6060200.0,0,0.0,0.0,0.0,0,0.0,0.0,0.0,0.0,0.0,6060200.0,0.0,0.0
1550900000,Затишанська,0.0,11163700.0,0,0.0,0.0,0.0,0,0.0,0.0,0.0,0.0,0.0,11163700.0,0.0,0.0
1555200000,Захарівська,0.0,16093800.0,0,0.0,0.0,0.0,0,0.0,0.0,0.0,0.0,0.0,16093800.0,0.0,0.0
1553200000,Зеленогірська,0.0,9902800.0,0,0.0,0.0,0.0,0,0.0,0.0,0.0,0.0,0.0,9902800.0,0.0,0.0
1552300000,Знам'янська,0.0,13960600.0,0,0.0,0.0,0.0,0,0.0,0.0,0.0,0.0,0.0,13960600.0,0.0,0.0
1555400000,Кароліно-Бугазька,0.0,724400.0,0,0.0,0.0,0.0,0,0.0,0.0,0.0,0.0,0.0,724400.0,0.0,0.0
1558100000,Катлабузька,0.0,21124200.0,0,0.0,0.0,0.0,0,0.0,0.0,0.0,0.0,0.0,21124200.0,0.0,0.0
1555500000,Кодимська,0.0,18480600.0,0,0.0,0.0,0.0,0,0.0,0.0,0.0,0.0,0.0,18480600.0,0.0,0.0
1551100000,Коноплянська,0.0,4866000.0,0,0.0,0.0,0.0,0,0.0,0.0,0.0,0.0,0.0,4866000.0,0.0,0.0
1550400000,Красносільська,0.0,0.0,0,0.0,0.0,0.0,0,0.0,0.0,0.0,0.0,0.0,0.0,0.0,0.0
1555600000,Криничненська,0.0,8238100.0,0,0.0,0.0,0.0,0,0.0,0.0,0.0,0.0,0.0,8238100.0,0.0,0.0
1555700000,Кубейська,0.0,18068800.0,0,0.0,0.0,0.0,0,0.0,0.0,0.0,0.0,0.0,18068800.0,0.0,0.0
1555800000,Кулевчанська,0.0,8965600.0,0,0.0,0.0,0.0,0,0.0,0.0,0.0,0.0,0.0,8965600.0,0.0,0.0
1555900000,Курісовська,0.0,13669600.0,0,0.0,0.0,0.0,0,0.0,0.0,0.0,0.0,0.0,13669600.0,0.0,0.0
1551300000,Куяльницька,0.0,23109000.0,0,0.0,0.0,0.0,0,0.0,0.0,0.0,0.0,0.0,23109000.0,0.0,0.0
1552600000,Кілійська,0.0,37072100.0,0,0.0,0.0,0.0,0,0.0,0.0,0.0,0.0,0.0,37072100.0,0.0,0.0
1556000000,Лиманська,0.0,23985200.0,0,0.0,0.0,0.0,0,0.0,0.0,0.0,0.0,0.0,23985200.0,0.0,0.0
1552700000,Любашівська,0.0,17806200.0,0,0.0,0.0,0.0,0,0.0,0.0,0.0,0.0,0.0,17806200.0,0.0,0.0
1550500000,Маразліївська,0.0,10414900.0,0,0.0,0.0,0.0,0,0.0,0.0,0.0,0.0,0.0,10414900.0,0.0,0.0
1552100000,Маяківська,0.0,11859800.0,0,0.0,0.0,0.0,0,0.0,0.0,0.0,0.0,0.0,11859800.0,0.0,0.0
1552400000,Миколаївська,0.0,23725900.0,0,0.0,0.0,0.0,0,0.0,0.0,0.0,0.0,0.0,23725900.0,0.0,0.0
1552400000,Мологівська,0.0,23725900.0,0,0.0,0.0,0.0,0,0.0,0.0,0.0,0.0,0.0,23725900.0,0.0,0.0
1556200000,Нерубайська,2396700.0,0.0,0,0.0,0.0,0.0,0,0.0,0.0,0.0,0.0,0.0,0.0,2396700.0,0.0
1553500000,Новоборисівська,0.0,7556300.0,0,0.0,0.0,0.0,0,0.0,0.0,0.0,0.0,0.0,7556300.0,0.0,0.0
1550800000,Новокальчевська,0.0,2640800.0,0,0.0,0.0,0.0,0,0.0,0.0,0.0,0.0,0.0,2640800.0,0.0,0.0
1556300000,Овідіопольська,0.0,0.0,0,0.0,0.0,0.0,0,0.0,0.0,0.0,0.0,0.0,0.0,0.0,0.0
1556400000,Одеська,388225900.0,0.0,0,0.0,0.0,0.0,0,0.0,0.0,0.0,0.0,0.0,0.0,388225900.0,0.0
1552800000,Окнянська,0.0,15773500.0,0,0.0,0.0,0.0,0,0.0,0.0,0.0,0.0,0.0,15773500.0,0.0,0.0
1556500000,Павлівська,0.0,8353300.0,0,0.0,0.0,0.0,0,0.0,0.0,0.0,0.0,0.0,8353300.0,0.0,0.0
1553600000,Петровірівська,0.0,6512600.0,0,0.0,0.0,0.0,0,0.0,0.0,0.0,0.0,0.0,6512600.0,0.0,0.0
1553600000,Петропавлівська,0.0,6512600.0,0,0.0,0.0,0.0,0,0.0,0.0,0.0,0.0,0.0,6512600.0,0.0,0.0
1556800000,Плахтіївська,0.0,13149900.0,0,0.0,0.0,0.0,0,0.0,0.0,0.0,0.0,0.0,13149900.0,0.0,0.0
1556900000,Подільська,0.0,0.0,0,0.0,0.0,0.0,0,0.0,0.0,0.0,0.0,0.0,0.0,0.0,0.0
1559100000,Південнівська,93818200.0,0.0,0,0.0,0.0,0.0,0,0.0,0.0,0.0,0.0,0.0,0.0,93818200.0,0.0
1557000000,Раухівська,0.0,13405700.0,0,0.0,0.0,0.0,0,0.0,0.0,0.0,0.0,0.0,13405700.0,0.0,0.0
1557100000,Ренійська,0.0,41016100.0,0,0.0,0.0,0.0,0,0.0,0.0,0.0,0.0,0.0,41016100.0,0.0,0.0
1557200000,Роздільнянська,0.0,34482200.0,0,0.0,0.0,0.0,0,0.0,0.0,0.0,0.0,0.0,34482200.0,0.0,0.0
1550600000,Розквітівська,0.0,5182600.0,0,0.0,0.0,0.0,0,0.0,0.0,0.0,0.0,0.0,5182600.0,0.0,0.0
1557300000,Савранська,0.0,19501000.0,0,0.0,0.0,0.0,0,0.0,0.0,0.0,0.0,0.0,19501000.0,0.0,0.0
1557400000,Саратська,0.0,5782700.0,0,0.0,0.0,0.0,0,0.0,0.0,0.0,0.0,0.0,5782700.0,0.0,0.0
1557500000,Саф'янівська,0.0,72251700.0,0,0.0,0.0,0.0,0,0.0,0.0,0.0,0.0,0.0,72251700.0,0.0,0.0
1557600000,Сергіївська,0.0,11545200.0,0,0.0,0.0,0.0,0,0.0,0.0,0.0,0.0,0.0,11545200.0,0.0,0.0
1557700000,Слобідська,0.0,5082000.0,0,0.0,0.0,0.0,0,0.0,0.0,0.0,0.0,0.0,5082000.0,0.0,0.0
1551500000,Старокозацька,0.0,24909400.0,0,0.0,0.0,0.0,0,0.0,0.0,0.0,0.0,0.0,24909400.0,0.0,0.0
1557800000,Старомаяківська,0.0,5512600.0,0,0.0,0.0,0.0,0,0.0,0.0,0.0,0.0,0.0,5512600.0,0.0,0.0
1557900000,Степанівська,0.0,3393500.0,0,0.0,0.0,0.0,0,0.0,0.0,0.0,0.0,0.0,3393500.0,0.0,0.0
1558000000,Стрюківська,0.0,4621000.0,0,0.0,0.0,0.0,0,0.0,0.0,0.0,0.0,0.0,4621000.0,0.0,0.0
1558300000,Татарбунарська,0.0,29138000.0,0,0.0,0.0,0.0,0,0.0,0.0,0.0,0.0,0.0,29138000.0,0.0,0.0
1552500000,Таїровська,1569100.0,0.0,0,0.0,0.0,0.0,0,0.0,0.0,0.0,0.0,0.0,0.0,1569100.0,0.0
1558400000,Теплицька,0.0,7822500.0,0,0.0,0.0,0.0,0,0.0,0.0,0.0,0.0,0.0,7822500.0,0.0,0.0
1558500000,Теплодарська,0.0,14211800.0,0,0.0,0.0,0.0,0,0.0,0.0,0.0,0.0,0.0,14211800.0,0.0,0.0
1550700000,Тузлівська,0.0,4611100.0,0,0.0,0.0,0.0,0,0.0,0.0,0.0,0.0,0.0,4611100.0,0.0,0.0
1558600000,Усатівська,0.0,769400.0,0,0.0,0.0,0.0,0,0.0,0.0,0.0,0.0,0.0,769400.0,0.0,0.0
1558700000,Успенівська,0.0,8963200.0,0,0.0,0.0,0.0,0,0.0,0.0,0.0,0.0,0.0,8963200.0,0.0,0.0
1558800000,Фонтанська,0.0,3292300.0,0,0.0,0.0,0.0,0,0.0,0.0,0.0,0.0,0.0,3292300.0,0.0,0.0
1552200000,Цебриківська,0.0,6847400.0,0,0.0,0.0,0.0,0,0.0,0.0,0.0,0.0,0.0,6847400.0,0.0,0.0
1553300000,Чернівська,0.0,6677000.0,0,0.0,0.0,0.0,0,0.0,0.0,0.0,0.0,0.0,6677000.0,0.0,0.0
1553700000,Чогодарівська,0.0,2450200.0,0,0.0,0.0,0.0,0,0.0,0.0,0.0,0.0,0.0,2450200.0,0.0,0.0
1558900000,Чорноморська,46217700.0,0.0,0,0.0,0.0,0.0,0,0.0,0.0,0.0,0.0,0.0,0.0,46217700.0,0.0
1551600000,Шабівська,0.0,5160000.0,0,0.0,0.0,0.0,0,0.0,0.0,0.0,0.0,0.0,5160000.0,0.0,0.0
1551000000,Ширяївська,0.0,4903700.0,0,0.0,0.0,0.0,0,0.0,0.0,0.0,0.0,0.0,4903700.0,0.0,0.0
1551200000,Яськівська,0.0,14824200.0,0,0.0,0.0,0.0,0,0.0,0.0,0.0,0.0,0.0,14824200.0,0.0,0.0
1655400000,Білицька,0.0,2343200.0,0,0.0,0.0,0.0,0,0.0,0.0,0.0,0.0,0.0,2343200.0,0.0,0.0
1650100000,Білоцерківська,6472000.0,0.0,0,0.0,0.0,0.0,0,0.0,0.0,0.0,0.0,0.0,0.0,6472000.0,0.0
1651900000,Великобагачанська,0.0,0.0,0,0.0,0.0,0.0,0,0.0,0.0,0.0,0.0,0.0,0.0,0.0,0.0
1654800000,Великобудищанська,489900.0,0.0,0,0.0,0.0,0.0,0,0.0,0.0,0.0,0.0,0.0,0.0,489900.0,0.0
1655500000,Великорублівська,0.0,1792400.0,0,0.0,0.0,0.0,0,0.0,0.0,0.0,0.0,0.0,1792400.0,0.0,0.0
1651600000,Великосорочинська,409500.0,0.0,0,0.0,0.0,0.0,0,0.0,0.0,0.0,0.0,0.0,0.0,409500.0,0.0
1654500000,Гадяцька,0.0,9328700.0,0,0.0,0.0,0.0,0,0.0,0.0,0.0,0.0,0.0,9328700.0,0.0,0.0
1650200000,Глобинська,23138800.0,0.0,0,0.0,0.0,0.0,0,0.0,0.0,0.0,0.0,0.0,0.0,23138800.0,0.0
1654900000,Гоголівська,1073400.0,0.0,0,0.0,0.0,0.0,0,0.0,0.0,0.0,0.0,0.0,0.0,1073400.0,0.0
1654600000,Горішньоплавнівська,99117800.0,0.0,0,0.0,0.0,0.0,0,0.0,0.0,0.0,0.0,0.0,0.0,99117800.0,0.0
1655600000,Градизька,0.0,12079700.0,0,0.0,0.0,0.0,0,0.0,0.0,0.0,0.0,0.0,12079700.0,0.0,0.0
1652100000,Гребінківська,0.0,0.0,0,0.0,0.0,0.0,0,0.0,0.0,0.0,0.0,0.0,0.0,0.0,0.0
1655700000,Диканська,5603200.0,0.0,0,0.0,0.0,0.0,0,0.0,0.0,0.0,0.0,0.0,0.0,5603200.0,0.0
1652600000,Драбинівська,5701500.0,0.0,0,0.0,0.0,0.0,0,0.0,0.0,0.0,0.0,0.0,0.0,5701500.0,0.0
1655800000,Заводська,0.0,8634500.0,0,0.0,0.0,0.0,0,0.0,0.0,0.0,0.0,0.0,8634500.0,0.0,0.0
1655000000,Зіньківська,0.0,0.0,0,0.0,0.0,0.0,0,0.0,0.0,0.0,0.0,0.0,0.0,0.0,0.0
1655900000,Кам'янопотоківська,0.0,19726100.0,0,0.0,0.0,0.0,0,0.0,0.0,0.0,0.0,0.0,19726100.0,0.0,0.0
1656000000,Карлівська,0.0,0.0,0,0.0,0.0,0.0,0,0.0,0.0,0.0,0.0,0.0,0.0,0.0,0.0
1656100000,Кобеляцька,0.0,9781600.0,0,0.0,0.0,0.0,0,0.0,0.0,0.0,0.0,0.0,9781600.0,0.0,0.0
1653400000,Козельщинська,0.0,635400.0,0,0.0,0.0,0.0,0,0.0,0.0,0.0,0.0,0.0,635400.0,0.0,0.0
1654100000,Коломацька,0.0,3000400.0,0,0.0,0.0,0.0,0,0.0,0.0,0.0,0.0,0.0,3000400.0,0.0,0.0
1656200000,Комишнянська,1004000.0,0.0,0,0.0,0.0,0.0,0,0.0,0.0,0.0,0.0,0.0,0.0,1004000.0,0.0
1656300000,Котелевська,1296100.0,0.0,0,0.0,0.0,0.0,0,0.0,0.0,0.0,0.0,0.0,0.0,1296100.0,0.0
1654200000,Краснолуцька,0.0,0.0,0,0.0,0.0,0.0,0,0.0,0.0,0.0,0.0,0.0,0.0,0.0,0.0
1656400000,Кременчуцька,97473400.0,0.0,0,0.0,0.0,0.0,0,0.0,0.0,0.0,0.0,0.0,0.0,97473400.0,0.0
1652200000,Ланнівська,0.0,0.0,0,0.0,0.0,0.0,0,0.0,0.0,0.0,0.0,0.0,0.0,0.0,0.0
1652400000,Лохвицька,4167200.0,0.0,0,0.0,0.0,0.0,0,0.0,0.0,0.0,0.0,0.0,0.0,4167200.0,0.0
1656500000,Лубенська,0.0,9876700.0,0,0.0,0.0,0.0,0,0.0,0.0,0.0,0.0,0.0,9876700.0,0.0,0.0
1656600000,Лютенська,0.0,1593400.0,0,0.0,0.0,0.0,0,0.0,0.0,0.0,0.0,0.0,1593400.0,0.0,0.0
1656700000,Мартинівська,0.0,1244600.0,0,0.0,0.0,0.0,0,0.0,0.0,0.0,0.0,0.0,1244600.0,0.0,0.0
1653900000,Мачухівська,0.0,4839400.0,0,0.0,0.0,0.0,0,0.0,0.0,0.0,0.0,0.0,4839400.0,0.0,0.0
1653500000,Машівська,16956200.0,0.0,0,0.0,0.0,0.0,0,0.0,0.0,0.0,0.0,0.0,0.0,16956200.0,0.0
1656800000,Миргородська,0.0,0.0,0,0.0,0.0,0.0,0,0.0,0.0,0.0,0.0,0.0,0.0,0.0,0.0
1653500000,Михайлівська,16956200.0,0.0,0,0.0,0.0,0.0,0,0.0,0.0,0.0,0.0,0.0,0.0,16956200.0,0.0
1652800000,Нехворощанська,3113700.0,0.0,0,0.0,0.0,0.0,0,0.0,0.0,0.0,0.0,0.0,0.0,3113700.0,0.0
1653100000,Новогалещинська,0.0,2540300.0,0,0.0,0.0,0.0,0,0.0,0.0,0.0,0.0,0.0,2540300.0,0.0,0.0
1655100000,Новооржицька,0.0,0.0,0,0.0,0.0,0.0,0,0.0,0.0,0.0,0.0,0.0,0.0,0.0,0.0
1653000000,Новосанжарська,0.0,11521700.0,0,0.0,0.0,0.0,0,0.0,0.0,0.0,0.0,0.0,11521700.0,0.0,0.0
1654700000,Новоселівська,4594400.0,0.0,0,0.0,0.0,0.0,0,0.0,0.0,0.0,0.0,0.0,0.0,4594400.0,0.0
1653700000,Оболонська,0.0,1483900.0,0,0.0,0.0,0.0,0,0.0,0.0,0.0,0.0,0.0,1483900.0,0.0,0.0
1650500000,Омельницька,0.0,1026700.0,0,0.0,0.0,0.0,0,0.0,0.0,0.0,0.0,0.0,1026700.0,0.0,0.0
1654300000,Опішнянська,4410400.0,0.0,0,0.0,0.0,0.0,0,0.0,0.0,0.0,0.0,0.0,0.0,4410400.0,0.0
1656900000,Оржицька,0.0,0.0,0,0.0,0.0,0.0,0,0.0,0.0,0.0,0.0,0.0,0.0,0.0,0.0
1653300000,Петрівсько-Роменська,0.0,3002600.0,0,0.0,0.0,0.0,0,0.0,0.0,0.0,0.0,0.0,3002600.0,0.0,0.0
1650600000,Пирятинська,0.0,370900.0,0,0.0,0.0,0.0,0,0.0,0.0,0.0,0.0,0.0,370900.0,0.0,0.0
1657010000,Полтавська,0.0,0.0,0,0.0,0.0,0.0,0,0.0,0.0,0.0,0.0,0.0,0.0,0.0,0.0
1650900000,Пришибська,0.0,2211700.0,0,0.0,0.0,0.0,0,0.0,0.0,0.0,0.0,0.0,2211700.0,0.0,0.0
1651500000,Решетилівська,0.0,0.0,0,0.0,0.0,0.0,0,0.0,0.0,0.0,0.0,0.0,0.0,0.0,0.0
1655300000,Ромоданівська,0.0,5862600.0,0,0.0,0.0,0.0,0,0.0,0.0,0.0,0.0,0.0,5862600.0,0.0,0.0
1651000000,Семенівська,0.0,1058700.0,0,0.0,0.0,0.0,0,0.0,0.0,0.0,0.0,0.0,1058700.0,0.0,0.0
1653200000,Сенчанська,426700.0,0.0,0,0.0,0.0,0.0,0,0.0,0.0,0.0,0.0,0.0,0.0,426700.0,0.0
1651800000,Сергіївська,0.0,0.0,0,0.0,0.0,0.0,0,0.0,0.0,0.0,0.0,0.0,0.0,0.0,0.0
1651300000,Скороходівська,0.0,2608300.0,0,0.0,0.0,0.0,0,0.0,0.0,0.0,0.0,0.0,2608300.0,0.0,0.0
1654000000,Терешківська,0.0,8928700.0,0,0.0,0.0,0.0,0,0.0,0.0,0.0,0.0,0.0,8928700.0,0.0,0.0
1657100000,Хорольська,0.0,0.0,0,0.0,0.0,0.0,0,0.0,0.0,0.0,0.0,0.0,0.0,0.0,0.0
1654400000,Чорнухинська,0.0,0.0,0,0.0,0.0,0.0,0,0.0,0.0,0.0,0.0,0.0,0.0,0.0,0.0
1657200000,Чутівська,0.0,0.0,0,0.0,0.0,0.0,0,0.0,0.0,0.0,0.0,0.0,0.0,0.0,0.0
1651200000,Шишацька,8790000.0,0.0,0,0.0,0.0,0.0,0,0.0,0.0,0.0,0.0,0.0,0.0,8790000.0,0.0
1653600000,Щербанівська,3679600.0,0.0,0,0.0,0.0,0.0,0,0.0,0.0,0.0,0.0,0.0,0.0,3679600.0,0.0
1753700000,Антонівська,0.0,10431600.0,0,0.0,0.0,0.0,0,0.0,0.0,0.0,0.0,0.0,10431600.0,0.0,0.0
1750100000,Бабинська,0.0,7616300.0,0,0.0,0.0,0.0,0,0.0,0.0,0.0,0.0,0.0,7616300.0,0.0,0.0
1754700000,Березнівська,0.0,64220500.0,0,0.0,0.0,0.0,0,0.0,0.0,0.0,0.0,0.0,64220500.0,0.0,0.0
1754600000,Березівська,0.0,22241500.0,0,0.0,0.0,0.0,0,0.0,0.0,0.0,0.0,0.0,22241500.0,0.0,0.0
1751900000,Бокіймівська,0.0,7675300.0,0,0.0,0.0,0.0,0,0.0,0.0,0.0,0.0,0.0,7675300.0,0.0,0.0
1751600000,Боремельська,0.0,4625000.0,0,0.0,0.0,0.0,0,0.0,0.0,0.0,0.0,0.0,4625000.0,0.0,0.0
1750200000,Бугринська,0.0,6126700.0,0,0.0,0.0,0.0,0,0.0,0.0,0.0,0.0,0.0,6126700.0,0.0,0.0
1754800000,Білокриницька,0.0,12122500.0,0,0.0,0.0,0.0,0,0.0,0.0,0.0,0.0,0.0,12122500.0,0.0,0.0
1753200000,Вараська,119952600.0,0.0,0,0.0,0.0,0.0,0,0.0,0.0,0.0,0.0,0.0,0.0,119952600.0,0.0
1754900000,Варковицька,0.0,7801500.0,0,0.0,0.0,0.0,0,0.0,0.0,0.0,0.0,0.0,7801500.0,0.0,0.0
1755000000,Великомежиріцька,0.0,13011500.0,0,0.0,0.0,0.0,0,0.0,0.0,0.0,0.0,0.0,13011500.0,0.0,0.0
1753800000,Великоомелянська,0.0,1106300.0,0,0.0,0.0,0.0,0,0.0,0.0,0.0,0.0,0.0,1106300.0,0.0,0.0
1755100000,Вербська,0.0,5413800.0,0,0.0,0.0,0.0,0,0.0,0.0,0.0,0.0,0.0,5413800.0,0.0,0.0
1753900000,Вирівська,0.0,15877000.0,0,0.0,0.0,0.0,0,0.0,0.0,0.0,0.0,0.0,15877000.0,0.0,0.0
1751200000,Висоцька,0.0,7802100.0,0,0.0,0.0,0.0,0,0.0,0.0,0.0,0.0,0.0,7802100.0,0.0,0.0
1755200000,Володимирецька,0.0,34343500.0,0,0.0,0.0,0.0,0,0.0,0.0,0.0,0.0,0.0,34343500.0,0.0,0.0
1754000000,Головинська,0.0,10426800.0,0,0.0,0.0,0.0,0,0.0,0.0,0.0,0.0,0.0,10426800.0,0.0,0.0
1755300000,Городоцька,11974700.0,0.0,0,0.0,0.0,0.0,0,0.0,0.0,0.0,0.0,0.0,0.0,11974700.0,0.0
1755400000,Гощанська,0.0,12026300.0,0,0.0,0.0,0.0,0,0.0,0.0,0.0,0.0,0.0,12026300.0,0.0,0.0
1752400000,Демидівська,0.0,10644500.0,0,0.0,0.0,0.0,0,0.0,0.0,0.0,0.0,0.0,10644500.0,0.0,0.0
1751700000,Деражненська,0.0,10451100.0,0,0.0,0.0,0.0,0,0.0,0.0,0.0,0.0,0.0,10451100.0,0.0,0.0
1755500000,Дубенська,0.0,0.0,0,0.0,0.0,0.0,0,0.0,0.0,0.0,0.0,0.0,0.0,0.0,0.0
1755600000,Дубровицька,0.0,49280800.0,0,0.0,0.0,0.0,0,0.0,0.0,0.0,0.0,0.0,49280800.0,0.0,0.0
1752900000,Дядьковицька,0.0,4801500.0,0,0.0,0.0,0.0,0,0.0,0.0,0.0,0.0,0.0,4801500.0,0.0,0.0
1755700000,Зарічненська,0.0,42595800.0,0,0.0,0.0,0.0,0,0.0,0.0,0.0,0.0,0.0,42595800.0,0.0,0.0
1755800000,Здовбицька,0.0,16311400.0,0,0.0,0.0,0.0,0,0.0,0.0,0.0,0.0,0.0,16311400.0,0.0,0.0
1755900000,Здолбунівська,0.0,0.0,0,0.0,0.0,0.0,0,0.0,0.0,0.0,0.0,0.0,0.0,0.0,0.0
1756000000,Зорянська,0.0,275900.0,0,0.0,0.0,0.0,0,0.0,0.0,0.0,0.0,0.0,275900.0,0.0,0.0
1754100000,Каноницька,0.0,11697200.0,0,0.0,0.0,0.0,0,0.0,0.0,0.0,0.0,0.0,11697200.0,0.0,0.0
1752200000,Клеванська,11094400.0,0.0,0,0.0,0.0,0.0,0,0.0,0.0,0.0,0.0,0.0,0.0,11094400.0,0.0
1750300000,Клесівська,0.0,0.0,0,0.0,0.0,0.0,0,0.0,0.0,0.0,0.0,0.0,0.0,0.0,0.0
1751400000,Козинська,0.0,9042400.0,0,0.0,0.0,0.0,0,0.0,0.0,0.0,0.0,0.0,9042400.0,0.0,0.0
1756100000,Корецька,0.0,28063500.0,0,0.0,0.0,0.0,0,0.0,0.0,0.0,0.0,0.0,28063500.0,0.0,0.0
1753000000,Корнинська,0.0,10338600.0,0,0.0,0.0,0.0,0,0.0,0.0,0.0,0.0,0.0,10338600.0,0.0,0.0
1756200000,Костопільська,0.0,18182600.0,0,0.0,0.0,0.0,0,0.0,0.0,0.0,0.0,0.0,18182600.0,0.0,0.0
1750700000,Крупецька,0.0,156300.0,0,0.0,0.0,0.0,0,0.0,0.0,0.0,0.0,0.0,156300.0,0.0,0.0
1751000000,Локницька,0.0,9595300.0,0,0.0,0.0,0.0,0,0.0,0.0,0.0,0.0,0.0,9595300.0,0.0,0.0
1753600000,Малинська,0.0,8612500.0,0,0.0,0.0,0.0,0,0.0,0.0,0.0,0.0,0.0,8612500.0,0.0,0.0
1752500000,Малолюбашанська,0.0,3671900.0,0,0.0,0.0,0.0,0,0.0,0.0,0.0,0.0,0.0,3671900.0,0.0,0.0
1750400000,Миляцька,0.0,8750500.0,0,0.0,0.0,0.0,0,0.0,0.0,0.0,0.0,0.0,8750500.0,0.0,0.0
1750900000,Мирогощанська,0.0,9740600.0,0,0.0,0.0,0.0,0,0.0,0.0,0.0,0.0,0.0,9740600.0,0.0,0.0
1751500000,Млинівська,0.0,15546200.0,0,0.0,0.0,0.0,0,0.0,0.0,0.0,0.0,0.0,15546200.0,0.0,0.0
1756300000,Мізоцька,0.0,22153300.0,0,0.0,0.0,0.0,0,0.0,0.0,0.0,0.0,0.0,22153300.0,0.0,0.0
1752300000,Немовицька,0.0,16274100.0,0,0.0,0.0,0.0,0,0.0,0.0,0.0,0.0,0.0,16274100.0,0.0,0.0
1752600000,Олександрійська,0.0,9300300.0,0,0.0,0.0,0.0,0,0.0,0.0,0.0,0.0,0.0,9300300.0,0.0,0.0
1751800000,Острожецька,0.0,4782900.0,0,0.0,0.0,0.0,0,0.0,0.0,0.0,0.0,0.0,4782900.0,0.0,0.0
1753400000,Острозька,0.0,50369100.0,0,0.0,0.0,0.0,0,0.0,0.0,0.0,0.0,0.0,50369100.0,0.0,0.0
1752800000,Повчанська,0.0,4435600.0,0,0.0,0.0,0.0,0,0.0,0.0,0.0,0.0,0.0,4435600.0,0.0,0.0
1754300000,Полицька,0.0,6566300.0,0,0.0,0.0,0.0,0,0.0,0.0,0.0,0.0,0.0,6566300.0,0.0,0.0
1750800000,Привільненська,0.0,7431000.0,0,0.0,0.0,0.0,0,0.0,0.0,0.0,0.0,0.0,7431000.0,0.0,0.0
1750500000,Підлозцівська,0.0,1067200.0,0,0.0,0.0,0.0,0,0.0,0.0,0.0,0.0,0.0,1067200.0,0.0,0.0
1750600000,Радивилівська,0.0,7400800.0,0,0.0,0.0,0.0,0,0.0,0.0,0.0,0.0,0.0,7400800.0,0.0,0.0
1754400000,Рафалівська,0.0,11838900.0,0,0.0,0.0,0.0,0,0.0,0.0,0.0,0.0,0.0,11838900.0,0.0,0.0
1756500000,Рокитнівська,0.0,44120500.0,0,0.0,0.0,0.0,0,0.0,0.0,0.0,0.0,0.0,44120500.0,0.0,0.0
1756400000,Рівненська,53270900.0,0.0,0,0.0,0.0,0.0,0,0.0,0.0,0.0,0.0,0.0,0.0,53270900.0,0.0
1756600000,Сарненська,0.0,55357400.0,0,0.0,0.0,0.0,0,0.0,0.0,0.0,0.0,0.0,55357400.0,0.0,0.0
1754500000,Семидубська,0.0,4057800.0,0,0.0,0.0,0.0,0,0.0,0.0,0.0,0.0,0.0,4057800.0,0.0,0.0
1751100000,Смизька,0.0,935100.0,0,0.0,0.0,0.0,0,0.0,0.0,0.0,0.0,0.0,935100.0,0.0,0.0
1756700000,Соснівська,0.0,7063800.0,0,0.0,0.0,0.0,0,0.0,0.0,0.0,0.0,0.0,7063800.0,0.0,0.0
1753100000,Старосільська,0.0,11957500.0,0,0.0,0.0,0.0,0,0.0,0.0,0.0,0.0,0.0,11957500.0,0.0,0.0
1753500000,Степанська,0.0,12281300.0,0,0.0,0.0,0.0,0,0.0,0.0,0.0,0.0,0.0,12281300.0,0.0,0.0
1752000000,Тараканівська,0.0,9476200.0,0,0.0,0.0,0.0,0,0.0,0.0,0.0,0.0,0.0,9476200.0,0.0,0.0
1752700000,Шпанівська,0.0,13580000.0,0,0.0,0.0,0.0,0,0.0,0.0,0.0,0.0,0.0,13580000.0,0.0,0.0
1752100000,Ярославицька,0.0,115800.0,0,0.0,0.0,0.0,0,0.0,0.0,0.0,0.0,0.0,115800.0,0.0,0.0
1852900000,Андріяшівська,0.0,0.0,0,0.0,0.0,0.0,0,0.0,0.0,0.0,0.0,0.0,0.0,0.0,0.0
1850900000,Бездрицька,0.0,3173700.0,0,0.0,0.0,0.0,0,0.0,0.0,0.0,0.0,0.0,3173700.0,0.0,0.0
1850100000,Березівська,0.0,2008200.0,0,0.0,0.0,0.0,0,0.0,0.0,0.0,0.0,0.0,2008200.0,0.0,0.0
1851000000,Боромлянська,0.0,0.0,0,0.0,0.0,0.0,0,0.0,0.0,0.0,0.0,0.0,0.0,0.0,0.0
1851800000,Бочечківська,0.0,0.0,0,0.0,0.0,0.0,0,0.0,0.0,0.0,0.0,0.0,0.0,0.0,0.0
1851900000,Буринська,0.0,9454600.0,0,0.0,0.0,0.0,0,0.0,0.0,0.0,0.0,0.0,9454600.0,0.0,0.0
1853500000,Білопільська,0.0,8247300.0,0,0.0,0.0,0.0,0,0.0,0.0,0.0,0.0,0.0,8247300.0,0.0,0.0
1853900000,Великописарівська,0.0,0.0,0,0.0,0.0,0.0,0,0.0,0.0,0.0,0.0,0.0,0.0,0.0,0.0
1852700000,Верхньосироватська,0.0,6268500.0,0,0.0,0.0,0.0,0,0.0,0.0,0.0,0.0,0.0,6268500.0,0.0,0.0
1854000000,Ворожбянська,0.0,12013300.0,0,0.0,0.0,0.0,0,0.0,0.0,0.0,0.0,0.0,12013300.0,0.0,0.0
1851500000,Вільшанська,0.0,1751000.0,0,0.0,0.0,0.0,0,0.0,0.0,0.0,0.0,0.0,1751000.0,0.0,0.0
1854100000,Глухівська,0.0,17099600.0,0,0.0,0.0,0.0,0,0.0,0.0,0.0,0.0,0.0,17099600.0,0.0,0.0
1851100000,Грунська,0.0,6360600.0,0,0.0,0.0,0.0,0,0.0,0.0,0.0,0.0,0.0,6360600.0,0.0,0.0
1852000000,Дубов'язівська,0.0,0.0,0,0.0,0.0,0.0,0,0.0,0.0,0.0,0.0,0.0,0.0,0.0,0.0
1854200000,Есманьська,525200.0,0.0,0,0.0,0.0,0.0,0,0.0,0.0,0.0,0.0,0.0,0.0,525200.0,0.0
1850300000,Зноб-Новгородська,0.0,4153900.0,0,0.0,0.0,0.0,0,0.0,0.0,0.0,0.0,0.0,4153900.0,0.0,0.0
1850400000,Кириківська,0.0,6141100.0,0,0.0,0.0,0.0,0,0.0,0.0,0.0,0.0,0.0,6141100.0,0.0,0.0
1852200000,Комишанська,7336500.0,0.0,0,0.0,0.0,0.0,0,0.0,0.0,0.0,0.0,0.0,0.0,7336500.0,0.0
1853400000,Конотопська,0.0,7172600.0,0,0.0,0.0,0.0,0,0.0,0.0,0.0,0.0,0.0,7172600.0,0.0,0.0
1852100000,Коровинська,0.0,3381400.0,0,0.0,0.0,0.0,0,0.0,0.0,0.0,0.0,0.0,3381400.0,0.0,0.0
1851700000,Краснопільська,0.0,2885200.0,0,0.0,0.0,0.0,0,0.0,0.0,0.0,0.0,0.0,2885200.0,0.0,0.0
1851600000,Кролевецька,0.0,21373500.0,0,0.0,0.0,0.0,0,0.0,0.0,0.0,0.0,0.0,21373500.0,0.0,0.0
1854300000,Лебединська,0.0,22934400.0,0,0.0,0.0,0.0,0,0.0,0.0,0.0,0.0,0.0,22934400.0,0.0,0.0
1853200000,Липоводолинська,4265800.0,0.0,0,0.0,0.0,0.0,0,0.0,0.0,0.0,0.0,0.0,0.0,4265800.0,0.0
1851200000,Миколаївська,7412700.0,0.0,0,0.0,0.0,0.0,0,0.0,0.0,0.0,0.0,0.0,0.0,7412700.0,0.0
1851300000,Миропільська,0.0,1848500.0,0,0.0,0.0,0.0,0,0.0,0.0,0.0,0.0,0.0,1848500.0,0.0,0.0
1850600000,Недригайлівська,0.0,0.0,0,0.0,0.0,0.0,0,0.0,0.0,0.0,0.0,0.0,0.0,0.0,0.0
1851400000,Нижньосироватська,0.0,6963800.0,0,0.0,0.0,0.0,0,0.0,0.0,0.0,0.0,0.0,6963800.0,0.0,0.0
1852400000,Новослобідська,0.0,3233900.0,0,0.0,0.0,0.0,0,0.0,0.0,0.0,0.0,0.0,3233900.0,0.0,0.0
1853700000,Охтирська,0.0,0.0,0,0.0,0.0,0.0,0,0.0,0.0,0.0,0.0,0.0,0.0,0.0,0.0
1854400000,Попівська,0.0,5100900.0,0,0.0,0.0,0.0,0,0.0,0.0,0.0,0.0,0.0,5100900.0,0.0,0.0
1853800000,Путивльська,0.0,18034200.0,0,0.0,0.0,0.0,0,0.0,0.0,0.0,0.0,0.0,18034200.0,0.0,0.0
1854500000,Роменська,0.0,0.0,0,0.0,0.0,0.0,0,0.0,0.0,0.0,0.0,0.0,0.0,0.0,0.0
1853300000,Річківська,0.0,0.0,0,0.0,0.0,0.0,0,0.0,0.0,0.0,0.0,0.0,0.0,0.0,0.0
1854600000,Садівська,0.0,0.0,0,0.0,0.0,0.0,0,0.0,0.0,0.0,0.0,0.0,0.0,0.0,0.0
1854700000,Свеська,0.0,10609100.0,0,0.0,0.0,0.0,0,0.0,0.0,0.0,0.0,0.0,10609100.0,0.0,0.0
1854800000,Середино-Будська,0.0,9124400.0,0,0.0,0.0,0.0,0,0.0,0.0,0.0,0.0,0.0,9124400.0,0.0,0.0
1853600000,Синівська,0.0,0.0,0,0.0,0.0,0.0,0,0.0,0.0,0.0,0.0,0.0,0.0,0.0,0.0
1852500000,Степанівська,2586100.0,0.0,0,0.0,0.0,0.0,0,0.0,0.0,0.0,0.0,0.0,0.0,2586100.0,0.0
1853100000,Сумська,171293100.0,0.0,0,0.0,0.0,0.0,0,0.0,0.0,0.0,0.0,0.0,0.0,171293100.0,0.0
1852600000,Тростянецька,0.0,0.0,0,0.0,0.0,0.0,0,0.0,0.0,0.0,0.0,0.0,0.0,0.0,0.0
1854900000,Хмелівська,0.0,3980700.0,0,0.0,0.0,0.0,0,0.0,0.0,0.0,0.0,0.0,3980700.0,0.0,0.0
1850700000,Хотінська,258500.0,0.0,0,0.0,0.0,0.0,0,0.0,0.0,0.0,0.0,0.0,0.0,258500.0,0.0
1850200000,Хутір-Михайлівська,687100.0,0.0,0,0.0,0.0,0.0,0,0.0,0.0,0.0,0.0,0.0,0.0,687100.0,0.0
1852300000,Чернеччинська,242600.0,0.0,0,0.0,0.0,0.0,0,0.0,0.0,0.0,0.0,0.0,0.0,242600.0,0.0
1852800000,Чупахівська,0.0,5402100.0,0,0.0,0.0,0.0,0,0.0,0.0,0.0,0.0,0.0,5402100.0,0.0,0.0
1850800000,Шалигинська,0.0,0.0,0,0.0,0.0,0.0,0,0.0,0.0,0.0,0.0,0.0,0.0,0.0,0.0
1853000000,Шосткинська,0.0,49981600.0,0,0.0,0.0,0.0,0,0.0,0.0,0.0,0.0,0.0,49981600.0,0.0,0.0
1855000000,Юнаківська,0.0,0.0,0,0.0,0.0,0.0,0,0.0,0.0,0.0,0.0,0.0,0.0,0.0,0.0
1851300000,Ямпільська,0.0,1848500.0,0,0.0,0.0,0.0,0,0.0,0.0,0.0,0.0,0.0,1848500.0,0.0,0.0
1955900000,Іване-Пустенська,0.0,8898700.0,0,0.0,0.0,0.0,0,0.0,0.0,0.0,0.0,0.0,8898700.0,0.0,0.0
1950900000,Іванівська,0.0,2295000.0,0,0.0,0.0,0.0,0,0.0,0.0,0.0,0.0,0.0,2295000.0,0.0,0.0
1950100000,Байковецька,19738600.0,0.0,0,0.0,0.0,0.0,0,0.0,0.0,0.0,0.0,0.0,0.0,19738600.0,0.0
1954800000,Бережанська,0.0,25203000.0,0,0.0,0.0,0.0,0,0.0,0.0,0.0,0.0,0.0,25203000.0,0.0,0.0
1953200000,Борсуківська,0.0,6931000.0,0,0.0,0.0,0.0,0,0.0,0.0,0.0,0.0,0.0,6931000.0,0.0,0.0
1952700000,Борщівська,0.0,33491300.0,0,0.0,0.0,0.0,0,0.0,0.0,0.0,0.0,0.0,33491300.0,0.0,0.0
1955500000,Бучацька,0.0,44850200.0,0,0.0,0.0,0.0,0,0.0,0.0,0.0,0.0,0.0,44850200.0,0.0,0.0
1954300000,Білецька,0.0,5853000.0,0,0.0,0.0,0.0,0,0.0,0.0,0.0,0.0,0.0,5853000.0,0.0,0.0
1950200000,Білобожницька,0.0,12671900.0,0,0.0,0.0,0.0,0,0.0,0.0,0.0,0.0,0.0,12671900.0,0.0,0.0
1953100000,Більче-Золотецька,0.0,4783600.0,0,0.0,0.0,0.0,0,0.0,0.0,0.0,0.0,0.0,4783600.0,0.0,0.0
1950300000,Васильковецька,0.0,9375000.0,0,0.0,0.0,0.0,0,0.0,0.0,0.0,0.0,0.0,9375000.0,0.0,0.0
1955600000,Великоберезовицька,0.0,10766400.0,0,0.0,0.0,0.0,0,0.0,0.0,0.0,0.0,0.0,10766400.0,0.0,0.0
1955000000,Великобірківська,0.0,0.0,0,0.0,0.0,0.0,0,0.0,0.0,0.0,0.0,0.0,0.0,0.0,0.0
1950400000,Великогаївська,0.0,5673000.0,0,0.0,0.0,0.0,0,0.0,0.0,0.0,0.0,0.0,5673000.0,0.0,0.0
1953300000,Великодедеркальська,0.0,7824600.0,0,0.0,0.0,0.0,0,0.0,0.0,0.0,0.0,0.0,7824600.0,0.0,0.0
1952800000,Вишнівецька,0.0,28242400.0,0,0.0,0.0,0.0,0,0.0,0.0,0.0,0.0,0.0,28242400.0,0.0,0.0
1952900000,Гримайлівська,0.0,10500300.0,0,0.0,0.0,0.0,0,0.0,0.0,0.0,0.0,0.0,10500300.0,0.0,0.0
1950500000,Гусятинська,0.0,0.0,0,0.0,0.0,0.0,0,0.0,0.0,0.0,0.0,0.0,0.0,0.0,0.0
1950600000,Заводська,0.0,7337900.0,0,0.0,0.0,0.0,0,0.0,0.0,0.0,0.0,0.0,7337900.0,0.0,0.0
1953000000,Залозецька,0.0,15395700.0,0,0.0,0.0,0.0,0,0.0,0.0,0.0,0.0,0.0,15395700.0,0.0,0.0
1955700000,Заліщицька,0.0,28334300.0,0,0.0,0.0,0.0,0,0.0,0.0,0.0,0.0,0.0,28334300.0,0.0,0.0
1955800000,Збаразька,0.0,37481400.0,0,0.0,0.0,0.0,0,0.0,0.0,0.0,0.0,0.0,37481400.0,0.0,0.0
1954000000,Зборівська,0.0,13876400.0,0,0.0,0.0,0.0,0,0.0,0.0,0.0,0.0,0.0,13876400.0,0.0,0.0
1950700000,Золотниківська,0.0,8314600.0,0,0.0,0.0,0.0,0,0.0,0.0,0.0,0.0,0.0,8314600.0,0.0,0.0
1950800000,Золотопотіцька,0.0,27558000.0,0,0.0,0.0,0.0,0,0.0,0.0,0.0,0.0,0.0,27558000.0,0.0,0.0
1951000000,Козлівська,0.0,4960900.0,0,0.0,0.0,0.0,0,0.0,0.0,0.0,0.0,0.0,4960900.0,0.0,0.0
1956000000,Козівська,0.0,11993400.0,0,0.0,0.0,0.0,0,0.0,0.0,0.0,0.0,0.0,11993400.0,0.0,0.0
1951100000,Колиндянська,0.0,9778200.0,0,0.0,0.0,0.0,0,0.0,0.0,0.0,0.0,0.0,9778200.0,0.0,0.0
1954400000,Копичинецька,0.0,19030900.0,0,0.0,0.0,0.0,0,0.0,0.0,0.0,0.0,0.0,19030900.0,0.0,0.0
1951300000,Коропецька,0.0,10604700.0,0,0.0,0.0,0.0,0,0.0,0.0,0.0,0.0,0.0,10604700.0,0.0,0.0
1956100000,Кременецька,0.0,39019200.0,0,0.0,0.0,0.0,0,0.0,0.0,0.0,0.0,0.0,39019200.0,0.0,0.0
1954500000,Купчинецька,0.0,4773000.0,0,0.0,0.0,0.0,0,0.0,0.0,0.0,0.0,0.0,4773000.0,0.0,0.0
1953800000,Лановецька,0.0,18685000.0,0,0.0,0.0,0.0,0,0.0,0.0,0.0,0.0,0.0,18685000.0,0.0,0.0
1951400000,Лопушненська,0.0,7188500.0,0,0.0,0.0,0.0,0,0.0,0.0,0.0,0.0,0.0,7188500.0,0.0,0.0
1951500000,Мельнице-Подільська,0.0,30061900.0,0,0.0,0.0,0.0,0,0.0,0.0,0.0,0.0,0.0,30061900.0,0.0,0.0
1951600000,Микулинецька,0.0,23534000.0,0,0.0,0.0,0.0,0,0.0,0.0,0.0,0.0,0.0,23534000.0,0.0,0.0
1954600000,Монастириська,0.0,24303600.0,0,0.0,0.0,0.0,0,0.0,0.0,0.0,0.0,0.0,24303600.0,0.0,0.0
1956200000,Нагірянська,0.0,11178000.0,0,0.0,0.0,0.0,0,0.0,0.0,0.0,0.0,0.0,11178000.0,0.0,0.0
1955300000,Нараївська,0.0,10111000.0,0,0.0,0.0,0.0,0,0.0,0.0,0.0,0.0,0.0,10111000.0,0.0,0.0
1951800000,Озернянська,0.0,11330900.0,0,0.0,0.0,0.0,0,0.0,0.0,0.0,0.0,0.0,11330900.0,0.0,0.0
1952100000,Почаївська,0.0,26576700.0,0,0.0,0.0,0.0,0,0.0,0.0,0.0,0.0,0.0,26576700.0,0.0,0.0
1952000000,Підволочиська,0.0,10530300.0,0,0.0,0.0,0.0,0,0.0,0.0,0.0,0.0,0.0,10530300.0,0.0,0.0
1956300000,Підгаєцька,0.0,2606100.0,0,0.0,0.0,0.0,0,0.0,0.0,0.0,0.0,0.0,2606100.0,0.0,0.0
1956400000,Підгородненська,0.0,8695300.0,0,0.0,0.0,0.0,0,0.0,0.0,0.0,0.0,0.0,8695300.0,0.0,0.0
1953700000,Саранчуківська,0.0,9899500.0,0,0.0,0.0,0.0,0,0.0,0.0,0.0,0.0,0.0,9899500.0,0.0,0.0
1952200000,Скала-Подільська,0.0,10901100.0,0,0.0,0.0,0.0,0,0.0,0.0,0.0,0.0,0.0,10901100.0,0.0,0.0
1952300000,Скалатська,0.0,11252400.0,0,0.0,0.0,0.0,0,0.0,0.0,0.0,0.0,0.0,11252400.0,0.0,0.0
1952400000,Скориківська,0.0,0.0,0,0.0,0.0,0.0,0,0.0,0.0,0.0,0.0,0.0,0.0,0.0,0.0
1952500000,Теребовлянська,0.0,22284900.0,0,0.0,0.0,0.0,0,0.0,0.0,0.0,0.0,0.0,22284900.0,0.0,0.0
1954900000,Тернопільська,95095800.0,0.0,0,0.0,0.0,0.0,0,0.0,0.0,0.0,0.0,0.0,0.0,95095800.0,0.0
1954200000,Товстенська,0.0,28922000.0,0,0.0,0.0,0.0,0,0.0,0.0,0.0,0.0,0.0,28922000.0,0.0,0.0
1953500000,Трибухівська,0.0,918800.0,0,0.0,0.0,0.0,0,0.0,0.0,0.0,0.0,0.0,918800.0,0.0,0.0
1953900000,Хоростківська,0.0,10405200.0,0,0.0,0.0,0.0,0,0.0,0.0,0.0,0.0,0.0,10405200.0,0.0,0.0
1955400000,Чортківська,0.0,2719200.0,0,0.0,0.0,0.0,0,0.0,0.0,0.0,0.0,0.0,2719200.0,0.0,0.0
1952600000,Шумська,0.0,26349600.0,0,0.0,0.0,0.0,0,0.0,0.0,0.0,0.0,0.0,26349600.0,0.0,0.0
0253300000,Іванівська,0.0,8023500.0,0,0.0,0.0,0.0,0,0.0,0.0,0.0,0.0,0.0,8023500.0,0.0,0.0
0250300000,Іллінецька,10189500.0,0.0,0,0.0,0.0,0.0,0,0.0,0.0,0.0,0.0,0.0,0.0,10189500.0,0.0
0254700000,Агрономічна,0.0,6020500.0,0,0.0,0.0,0.0,0,0.0,0.0,0.0,0.0,0.0,6020500.0,0.0,0.0
0251400000,Бабчинецька,0.0,5399700.0,0,0.0,0.0,0.0,0,0.0,0.0,0.0,0.0,0.0,5399700.0,0.0,0.0
0250500000,Барська,0.0,21310600.0,0,0.0,0.0,0.0,0,0.0,0.0,0.0,0.0,0.0,21310600.0,0.0,0.0
0254800000,Бершадська,0.0,34158300.0,0,0.0,0.0,0.0,0,0.0,0.0,0.0,0.0,0.0,34158300.0,0.0,0.0
0252900000,Брацлавська,0.0,11412100.0,0,0.0,0.0,0.0,0,0.0,0.0,0.0,0.0,0.0,11412100.0,0.0,0.0
0250400000,Вапнярська,0.0,4463000.0,0,0.0,0.0,0.0,0,0.0,0.0,0.0,0.0,0.0,4463000.0,0.0,0.0
0254900000,Вендичанська,0.0,16092800.0,0,0.0,0.0,0.0,0,0.0,0.0,0.0,0.0,0.0,16092800.0,0.0,0.0
0250800000,Вороновицька,0.0,13668900.0,0,0.0,0.0,0.0,0,0.0,0.0,0.0,0.0,0.0,13668900.0,0.0,0.0
0253600000,Вінницька,258895500.0,0.0,0,0.0,0.0,0.0,0,0.0,0.0,0.0,0.0,0.0,0.0,258895500.0,0.0
0255000000,Гайсинська,0.0,6692600.0,0,0.0,0.0,0.0,0,0.0,0.0,0.0,0.0,0.0,6692600.0,0.0,0.0
0252700000,Глуховецька,0.0,3374600.0,0,0.0,0.0,0.0,0,0.0,0.0,0.0,0.0,0.0,3374600.0,0.0,0.0
0253300000,Гніванська,0.0,8023500.0,0,0.0,0.0,0.0,0,0.0,0.0,0.0,0.0,0.0,8023500.0,0.0,0.0
0255100000,Городківська,0.0,3793100.0,0,0.0,0.0,0.0,0,0.0,0.0,0.0,0.0,0.0,3793100.0,0.0,0.0
0250900000,Дашівська,0.0,17459000.0,0,0.0,0.0,0.0,0,0.0,0.0,0.0,0.0,0.0,17459000.0,0.0,0.0
0251600000,Джулинська,0.0,11434000.0,0,0.0,0.0,0.0,0,0.0,0.0,0.0,0.0,0.0,11434000.0,0.0,0.0
0255200000,Джуринська,0.0,20708200.0,0,0.0,0.0,0.0,0,0.0,0.0,0.0,0.0,0.0,20708200.0,0.0,0.0
0250900000,Жданівська,0.0,17459000.0,0,0.0,0.0,0.0,0,0.0,0.0,0.0,0.0,0.0,17459000.0,0.0,0.0
0254200000,Жмеринська,6551400.0,0.0,0,0.0,0.0,0.0,0,0.0,0.0,0.0,0.0,0.0,0.0,6551400.0,0.0
0250100000,Калинівська,0.0,0.0,0,0.0,0.0,0.0,0,0.0,0.0,0.0,0.0,0.0,0.0,0.0,0.0
0255300000,Козятинська,22846700.0,0.0,0,0.0,0.0,0.0,0,0.0,0.0,0.0,0.0,0.0,0.0,22846700.0,0.0
0255400000,Копайгородська,0.0,11048300.0,0,0.0,0.0,0.0,0,0.0,0.0,0.0,0.0,0.0,11048300.0,0.0,0.0
0255500000,Краснопільська,0.0,0.0,0,0.0,0.0,0.0,0,0.0,0.0,0.0,0.0,0.0,0.0,0.0,0.0
0255500000,Крижопільська,0.0,0.0,0,0.0,0.0,0.0,0,0.0,0.0,0.0,0.0,0.0,0.0,0.0,0.0
0252400000,Кунківська,4323400.0,0.0,0,0.0,0.0,0.0,0,0.0,0.0,0.0,0.0,0.0,0.0,4323400.0,0.0
0255600000,Ладижинська,50219300.0,0.0,0,0.0,0.0,0.0,0,0.0,0.0,0.0,0.0,0.0,0.0,50219300.0,0.0
0255700000,Липовецька,0.0,2419400.0,0,0.0,0.0,0.0,0,0.0,0.0,0.0,0.0,0.0,2419400.0,0.0,0.0
0253000000,Лука-Мелешківська,0.0,10071400.0,0,0.0,0.0,0.0,0,0.0,0.0,0.0,0.0,0.0,10071400.0,0.0,0.0
0254100000,Літинська,0.0,4932400.0,0,0.0,0.0,0.0,0,0.0,0.0,0.0,0.0,0.0,4932400.0,0.0,0.0
0254600000,Махнівська,0.0,5421600.0,0,0.0,0.0,0.0,0,0.0,0.0,0.0,0.0,0.0,5421600.0,0.0,0.0
0255800000,Могилів-Подільська,0.0,22834300.0,0,0.0,0.0,0.0,0,0.0,0.0,0.0,0.0,0.0,22834300.0,0.0,0.0
0252200000,Мурафська,0.0,15305400.0,0,0.0,0.0,0.0,0,0.0,0.0,0.0,0.0,0.0,15305400.0,0.0,0.0
0255900000,Мурованокуриловецька,0.0,17513700.0,0,0.0,0.0,0.0,0,0.0,0.0,0.0,0.0,0.0,17513700.0,0.0,0.0
0250600000,Немирівська,0.0,0.0,0,0.0,0.0,0.0,0,0.0,0.0,0.0,0.0,0.0,0.0,0.0,0.0
0256000000,Ободівська,0.0,13051500.0,0,0.0,0.0,0.0,0,0.0,0.0,0.0,0.0,0.0,13051500.0,0.0,0.0
0256100000,Ольгопільська,0.0,7641600.0,0,0.0,0.0,0.0,0,0.0,0.0,0.0,0.0,0.0,7641600.0,0.0,0.0
0251000000,Оратівська,0.0,1549300.0,0,0.0,0.0,0.0,0,0.0,0.0,0.0,0.0,0.0,1549300.0,0.0,0.0
0256300000,Погребищенська,0.0,11548300.0,0,0.0,0.0,0.0,0,0.0,0.0,0.0,0.0,0.0,11548300.0,0.0,0.0
0256200000,Піщанська,0.0,0.0,0,0.0,0.0,0.0,0,0.0,0.0,0.0,0.0,0.0,0.0,0.0,0.0
0251900000,Райгородська,0.0,6135800.0,0,0.0,0.0,0.0,0,0.0,0.0,0.0,0.0,0.0,6135800.0,0.0,0.0
0256400000,Самгородоцька,0.0,0.0,0,0.0,0.0,0.0,0,0.0,0.0,0.0,0.0,0.0,0.0,0.0,0.0
0252000000,Северинівська,0.0,9940600.0,0,0.0,0.0,0.0,0,0.0,101800.0,0.0,0.0,0.0,9940600.0,0.0,101800.0
0254000000,Соболівська,0.0,9117600.0,0,0.0,0.0,0.0,0,0.0,0.0,0.0,0.0,0.0,9117600.0,0.0,0.0
0256500000,Станіславчицька,0.0,6807500.0,0,0.0,0.0,0.0,0,0.0,0.0,0.0,0.0,0.0,6807500.0,0.0,0.0
0256600000,Стрижавська,0.0,15741400.0,0,0.0,0.0,0.0,0,0.0,0.0,0.0,0.0,0.0,15741400.0,0.0,0.0
0250200000,Студенянська,0.0,2025200.0,0,0.0,0.0,0.0,0,0.0,0.0,0.0,0.0,0.0,2025200.0,0.0,0.0
0254300000,Сутисківська,0.0,10875500.0,0,0.0,0.0,0.0,0,0.0,0.0,0.0,0.0,0.0,10875500.0,0.0,0.0
0253800000,Теплицька,0.0,5585000.0,0,0.0,0.0,0.0,0,0.0,0.0,0.0,0.0,0.0,5585000.0,0.0,0.0
0256700000,Тиврівська,289400.0,0.0,0,0.0,0.0,0.0,0,0.0,0.0,0.0,0.0,0.0,0.0,289400.0,0.0
0251200000,Томашпільська,0.0,3639700.0,0,0.0,0.0,0.0,0,0.0,0.0,0.0,0.0,0.0,3639700.0,0.0,0.0
0253500000,Тростянецька,0.0,0.0,0,0.0,0.0,0.0,0,0.0,0.0,0.0,0.0,0.0,0.0,0.0,0.0
0250700000,Тульчинська,0.0,8248700.0,0,0.0,0.0,0.0,0,0.0,0.0,0.0,0.0,0.0,8248700.0,0.0,0.0
0256800000,Турбівська,0.0,17367900.0,0,0.0,0.0,0.0,0,0.0,0.0,0.0,0.0,0.0,17367900.0,0.0,0.0
0256900000,Уланівська,0.0,11572400.0,0,0.0,0.0,0.0,0,0.0,0.0,0.0,0.0,0.0,11572400.0,0.0,0.0
0253700000,Хмільницька,0.0,24458000.0,0,0.0,0.0,0.0,0,0.0,0.0,0.0,0.0,0.0,24458000.0,0.0,0.0
0257000000,Чернівецька,0.0,13688500.0,0,0.0,0.0,0.0,0,0.0,0.0,0.0,0.0,0.0,13688500.0,0.0,0.0
0257100000,Чечельницька,0.0,10102900.0,0,0.0,0.0,0.0,0,0.0,0.0,0.0,0.0,0.0,10102900.0,0.0,0.0
0257200000,Шаргородська,0.0,17019700.0,0,0.0,0.0,0.0,0,0.0,0.0,0.0,0.0,0.0,17019700.0,0.0,0.0
0251300000,Шпиківська,0.0,20216200.0,0,0.0,0.0,0.0,0,0.0,0.0,0.0,0.0,0.0,20216200.0,0.0,0.0
0252300000,Якушинецька,0.0,6072100.0,0,0.0,0.0,0.0,0,0.0,0.0,0.0,0.0,0.0,6072100.0,0.0,0.0
0257300000,Ямпільська,0.0,23439700.0,0,0.0,0.0,0.0,0,0.0,0.0,0.0,0.0,0.0,23439700.0,0.0,0.0
0257400000,Яришівська,0.0,4408800.0,0,0.0,0.0,0.0,0,0.0,0.0,0.0,0.0,0.0,4408800.0,0.0,0.0
0352200000,Іваничівська,0.0,10180300.0,0,0.0,0.0,0.0,0,0.0,0.0,0.0,0.0,0.0,10180300.0,0.0,0.0
0355500000,Берестечківська,0.0,11649100.0,0,0.0,0.0,0.0,0,0.0,0.0,0.0,0.0,0.0,11649100.0,0.0,0.0
0352500000,Боратинська,22117700.0,0.0,0,0.0,0.0,0.0,0,0.0,0.0,0.0,0.0,0.0,0.0,22117700.0,0.0
0353100000,Велимченська,0.0,7452300.0,0,0.0,0.0,0.0,0,0.0,0.0,0.0,0.0,0.0,7452300.0,0.0,0.0
0350100000,Велицька,0.0,6739200.0,0,0.0,0.0,0.0,0,0.0,0.0,0.0,0.0,0.0,6739200.0,0.0,0.0
0351800000,Вишнівська,0.0,1461800.0,0,0.0,0.0,0.0,0,0.0,0.0,0.0,0.0,0.0,1461800.0,0.0,0.0
0355600000,Володимир-Волинська,18811100.0,0.0,0,0.0,0.0,0.0,0,0.0,0.0,0.0,0.0,0.0,0.0,18811100.0,0.0
0350200000,Голобська,0.0,11557500.0,0,0.0,0.0,0.0,0,0.0,0.0,0.0,0.0,0.0,11557500.0,0.0,0.0
0352800000,Головненська,0.0,11693500.0,0,0.0,0.0,0.0,0,0.0,0.0,0.0,0.0,0.0,11693500.0,0.0,0.0
0353900000,Городищенська,0.0,4985200.0,0,0.0,0.0,0.0,0,0.0,0.0,0.0,0.0,0.0,4985200.0,0.0,0.0
0355700000,Горохівська,0.0,14551700.0,0,0.0,0.0,0.0,0,0.0,0.0,0.0,0.0,0.0,14551700.0,0.0,0.0
0355300000,Доросинівська,0.0,10258300.0,0,0.0,0.0,0.0,0,0.0,0.0,0.0,0.0,0.0,10258300.0,0.0,0.0
0353300000,Дубечненська,0.0,17285200.0,0,0.0,0.0,0.0,0,0.0,0.0,0.0,0.0,0.0,17285200.0,0.0,0.0
0353600000,Дубівська,0.0,6959400.0,0,0.0,0.0,0.0,0,0.0,0.0,0.0,0.0,0.0,6959400.0,0.0,0.0
0350800000,Заболоттівська,0.0,16697600.0,0,0.0,0.0,0.0,0,0.0,0.0,0.0,0.0,0.0,16697600.0,0.0,0.0
0351900000,Забродівська,0.0,19424100.0,0,0.0,0.0,0.0,0,0.0,0.0,0.0,0.0,0.0,19424100.0,0.0,0.0
0354000000,Затурцівська,0.0,9863400.0,0,0.0,0.0,0.0,0,0.0,0.0,0.0,0.0,0.0,9863400.0,0.0,0.0
0350300000,Зимнівська,0.0,11850900.0,0,0.0,0.0,0.0,0,0.0,0.0,0.0,0.0,0.0,11850900.0,0.0,0.0
0355800000,Камінь-Каширська,0.0,91730500.0,0,0.0,0.0,0.0,0,0.0,0.0,0.0,0.0,0.0,91730500.0,0.0,0.0
0355900000,Ковельська,0.0,17086400.0,0,0.0,0.0,0.0,0,0.0,0.0,0.0,0.0,0.0,17086400.0,0.0,0.0
0353000000,Колківська,0.0,32749200.0,0,0.0,0.0,0.0,0,0.0,0.0,0.0,0.0,0.0,32749200.0,0.0,0.0
0351600000,Колодяжненська,0.0,12917300.0,0,0.0,0.0,0.0,0,0.0,0.0,0.0,0.0,0.0,12917300.0,0.0,0.0
0353200000,Копачівська,0.0,7979500.0,0,0.0,0.0,0.0,0,0.0,0.0,0.0,0.0,0.0,7979500.0,0.0,0.0
0354500000,Ківерцівська,0.0,15128200.0,0,0.0,0.0,0.0,0,0.0,0.0,0.0,0.0,0.0,15128200.0,0.0,0.0
0351100000,Литовезька,0.0,637500.0,0,0.0,0.0,0.0,0,0.0,0.0,0.0,0.0,0.0,637500.0,0.0,0.0
0356000000,Локачинська,0.0,12969000.0,0,0.0,0.0,0.0,0,0.0,0.0,0.0,0.0,0.0,12969000.0,0.0,0.0
0353600000,Луківська,0.0,6959400.0,0,0.0,0.0,0.0,0,0.0,0.0,0.0,0.0,0.0,6959400.0,0.0,0.0
0355100000,Луцька,111500300.0,0.0,0,0.0,0.0,0.0,0,0.0,0.0,0.0,0.0,0.0,0.0,111500300.0,0.0
0352600000,Любешівська,0.0,42088300.0,0,0.0,0.0,0.0,0,0.0,0.0,0.0,0.0,0.0,42088300.0,0.0,0.0
0350600000,Люблинецька,0.0,8777900.0,0,0.0,0.0,0.0,0,0.0,0.0,0.0,0.0,0.0,8777900.0,0.0,0.0
0352900000,Любомльська,0.0,16159400.0,0,0.0,0.0,0.0,0,0.0,0.0,0.0,0.0,0.0,16159400.0,0.0,0.0
0356100000,Маневицька,0.0,26135900.0,0,0.0,0.0,0.0,0,0.0,0.0,0.0,0.0,0.0,26135900.0,0.0,0.0
0355200000,Мар'янівська,0.0,17602300.0,0,0.0,0.0,0.0,0,0.0,0.0,0.0,0.0,0.0,17602300.0,0.0,0.0
0356200000,Нововолинська,0.0,44570900.0,0,0.0,0.0,0.0,0,0.0,0.0,0.0,0.0,0.0,44570900.0,0.0,0.0
0353800000,Оваднівська,0.0,4665400.0,0,0.0,0.0,0.0,0,0.0,0.0,0.0,0.0,0.0,4665400.0,0.0,0.0
0356300000,Олицька,0.0,15853500.0,0,0.0,0.0,0.0,0,0.0,0.0,0.0,0.0,0.0,15853500.0,0.0,0.0
0353200000,Павлівська,0.0,7979500.0,0,0.0,0.0,0.0,0,0.0,0.0,0.0,0.0,0.0,7979500.0,0.0,0.0
0351300000,Поворська,0.0,6804700.0,0,0.0,0.0,0.0,0,0.0,0.0,0.0,0.0,0.0,6804700.0,0.0,0.0
0351400000,Поромівська,0.0,0.0,0,0.0,0.0,0.0,0,0.0,0.0,0.0,0.0,0.0,0.0,0.0,0.0
0351500000,Прилісненська,0.0,11789600.0,0,0.0,0.0,0.0,0,0.0,0.0,0.0,0.0,0.0,11789600.0,0.0,0.0
0354600000,Підгайцівська,18816400.0,0.0,0,0.0,0.0,0.0,0,0.0,0.0,0.0,0.0,0.0,0.0,18816400.0,0.0
0356400000,Ратнівська,0.0,26171500.0,0,0.0,0.0,0.0,0,0.0,0.0,0.0,0.0,0.0,26171500.0,0.0,0.0
0356500000,Рожищенська,0.0,26013600.0,0,0.0,0.0,0.0,0,0.0,0.0,0.0,0.0,0.0,26013600.0,0.0,0.0
0352700000,Рівненська,0.0,5485700.0,0,0.0,0.0,0.0,0,0.0,0.0,0.0,0.0,0.0,5485700.0,0.0,0.0
0352000000,Самарівська,0.0,9738000.0,0,0.0,0.0,0.0,0,0.0,0.0,0.0,0.0,0.0,9738000.0,0.0,0.0
0353400000,Сереховичівська,0.0,6117600.0,0,0.0,0.0,0.0,0,0.0,0.0,0.0,0.0,0.0,6117600.0,0.0,0.0
0353500000,Смідинська,0.0,7115300.0,0,0.0,0.0,0.0,0,0.0,0.0,0.0,0.0,0.0,7115300.0,0.0,0.0
0355400000,Сошичненська,0.0,18950000.0,0,0.0,0.0,0.0,0,0.0,0.0,0.0,0.0,0.0,18950000.0,0.0,0.0
0354900000,Старовижівська,0.0,13981900.0,0,0.0,0.0,0.0,0,0.0,0.0,0.0,0.0,0.0,13981900.0,0.0,0.0
0354100000,Торчинська,0.0,7303700.0,0,0.0,0.0,0.0,0,0.0,0.0,0.0,0.0,0.0,7303700.0,0.0,0.0
0353700000,Турійська,0.0,16820700.0,0,0.0,0.0,0.0,0,0.0,0.0,0.0,0.0,0.0,16820700.0,0.0,0.0
0350500000,Устилузька,0.0,372900.0,0,0.0,0.0,0.0,0,0.0,0.0,0.0,0.0,0.0,372900.0,0.0,0.0
0352400000,Цуманська,0.0,24317200.0,0,0.0,0.0,0.0,0,0.0,0.0,0.0,0.0,0.0,24317200.0,0.0,0.0
0350700000,Шацька,0.0,15754800.0,0,0.0,0.0,0.0,0,0.0,0.0,0.0,0.0,0.0,15754800.0,0.0,0.0
0753800000,Івановецька,0.0,12871400.0,0,0.0,0.0,0.0,0,0.0,0.0,0.0,0.0,0.0,12871400.0,0.0,0.0
0750400000,Іршавська,0.0,35481400.0,0,0.0,0.0,0.0,0,0.0,0.0,0.0,0.0,0.0,35481400.0,0.0,0.0
0750600000,Баранинська,0.0,9182400.0,0,0.0,0.0,0.0,0,0.0,0.0,0.0,0.0,0.0,9182400.0,0.0,0.0
0751800000,Батівська,0.0,18735000.0,0,0.0,0.0,0.0,0,0.0,0.0,0.0,0.0,0.0,18735000.0,0.0,0.0
0751900000,Бедевлянська,0.0,12224400.0,0,0.0,0.0,0.0,0,0.0,0.0,0.0,0.0,0.0,12224400.0,0.0,0.0
0751700000,Берегівська,0.0,21337800.0,0,0.0,0.0,0.0,0,0.0,0.0,0.0,0.0,0.0,21337800.0,0.0,0.0
0752100000,Богданська,0.0,16401500.0,0,0.0,0.0,0.0,0,0.0,0.0,0.0,0.0,0.0,16401500.0,0.0,0.0
0752200000,Буштинська,0.0,49338200.0,0,0.0,0.0,0.0,0,0.0,0.0,0.0,0.0,0.0,49338200.0,0.0,0.0
0752000000,Білківська,0.0,37875500.0,0,0.0,0.0,0.0,0,0.0,0.0,0.0,0.0,0.0,37875500.0,0.0,0.0
0750800000,Великоберезнянська,0.0,773000.0,0,0.0,0.0,0.0,0,0.0,0.0,0.0,0.0,0.0,773000.0,0.0,0.0
0752300000,Великоберезька,0.0,9833400.0,0,0.0,0.0,0.0,0,0.0,0.0,0.0,0.0,0.0,9833400.0,0.0,0.0
0752400000,Великобийганська,0.0,10619000.0,0,0.0,0.0,0.0,0,0.0,0.0,0.0,0.0,0.0,10619000.0,0.0,0.0
0752500000,Великобичківська,0.0,48089700.0,0,0.0,0.0,0.0,0,0.0,0.0,0.0,173922.0,0.0,48089700.0,0.0,173922.0
0752600000,Великодобронська,0.0,21120600.0,0,0.0,0.0,0.0,0,0.0,0.0,0.0,0.0,0.0,21120600.0,0.0,0.0
0752700000,Великолучківська,0.0,34676700.0,0,0.0,0.0,0.0,0,0.0,0.0,0.0,0.0,0.0,34676700.0,0.0,0.0
0752800000,Верхньокоропецька,0.0,11232500.0,0,0.0,0.0,0.0,0,0.0,0.0,0.0,0.0,0.0,11232500.0,0.0,0.0
0752900000,Вилоцька,0.0,25388900.0,0,0.0,0.0,0.0,0,0.0,0.0,0.0,0.0,0.0,25388900.0,0.0,0.0
0753000000,Виноградівська,0.0,31991200.0,0,0.0,0.0,0.0,0,0.0,0.0,0.0,0.0,0.0,31991200.0,0.0,0.0
0753100000,Вишківська,0.0,29833600.0,0,0.0,0.0,0.0,0,0.0,0.0,0.0,0.0,0.0,29833600.0,0.0,0.0
0753200000,Воловецька,0.0,1262300.0,0,0.0,0.0,0.0,0,0.0,0.0,0.0,0.0,0.0,1262300.0,0.0,0.0
0750100000,Вільховецька,0.0,22825700.0,0,0.0,0.0,0.0,0,0.0,0.0,0.0,0.0,0.0,22825700.0,0.0,0.0
0750900000,Горондівська,0.0,16955200.0,0,0.0,0.0,0.0,0,0.0,0.0,0.0,0.0,0.0,16955200.0,0.0,0.0
0753300000,Горінчівська,0.0,23153200.0,0,0.0,0.0,0.0,0,0.0,0.0,0.0,0.0,0.0,23153200.0,0.0,0.0
0751000000,Довжанська,0.0,31628300.0,0,0.0,0.0,0.0,0,0.0,0.0,0.0,0.0,0.0,31628300.0,0.0,0.0
0753400000,Драгівська,0.0,25901500.0,0,0.0,0.0,0.0,0,0.0,0.0,0.0,0.0,0.0,25901500.0,0.0,0.0
0753600000,Дубриницько-Малоберезнянська,0.0,10130200.0,0,0.0,0.0,0.0,0,0.0,0.0,0.0,0.0,0.0,10130200.0,0.0,0.0
0753500000,Дубівська,0.0,33954400.0,0,0.0,0.0,0.0,0,0.0,0.0,0.0,0.0,0.0,33954400.0,0.0,0.0
0753700000,Жденіївська,0.0,7760300.0,0,0.0,0.0,0.0,0,0.0,0.0,0.0,0.0,0.0,7760300.0,0.0,0.0
0751100000,Зарічанська,0.0,12266700.0,0,0.0,0.0,0.0,0,0.0,0.0,0.0,0.0,0.0,12266700.0,0.0,0.0
0751300000,Керецьківська,0.0,30348100.0,0,0.0,0.0,0.0,0,0.0,0.0,0.0,0.0,0.0,30348100.0,0.0,0.0
0753900000,Колочавська,0.0,16249900.0,0,0.0,0.0,0.0,0,0.0,0.0,0.0,0.0,0.0,16249900.0,0.0,0.0
0754000000,Кольчинська,0.0,6786500.0,0,0.0,0.0,0.0,0,0.0,0.0,0.0,0.0,0.0,6786500.0,0.0,0.0
0754100000,Королівська,0.0,43338100.0,0,0.0,0.0,0.0,0,0.0,0.0,0.0,0.0,0.0,43338100.0,0.0,0.0
0751400000,Косоньська,0.0,4977800.0,0,0.0,0.0,0.0,0,0.0,0.0,0.0,0.0,0.0,4977800.0,0.0,0.0
0754200000,Костринська,0.0,9332100.0,0,0.0,0.0,0.0,0,0.0,0.0,0.0,0.0,0.0,9332100.0,0.0,0.0
0750700000,Мукачівська,18590300.0,0.0,0,0.0,0.0,0.0,0,0.0,0.0,0.0,0.0,0.0,0.0,18590300.0,0.0
0754300000,Міжгірська,0.0,25265600.0,0,0.0,0.0,0.0,0,0.0,0.0,0.0,0.0,0.0,25265600.0,0.0,0.0
0754400000,Неліпинська,0.0,1852600.0,0,0.0,0.0,0.0,0,0.0,0.0,0.0,0.0,0.0,1852600.0,0.0,0.0
0754500000,Нересницька,0.0,57958200.0,0,0.0,0.0,0.0,0,0.0,0.0,0.0,0.0,0.0,57958200.0,0.0,0.0
0754600000,Нижньоворітська,0.0,17934900.0,0,0.0,0.0,0.0,0,0.0,0.0,0.0,0.0,0.0,17934900.0,0.0,0.0
0751500000,Оноківська,1369000.0,0.0,0,0.0,0.0,0.0,0,0.0,0.0,0.0,0.0,0.0,0.0,1369000.0,0.0
0750500000,Перечинська,0.0,1165800.0,0,0.0,0.0,0.0,0,0.0,0.0,0.0,0.0,0.0,1165800.0,0.0,0.0
0754700000,Пийтерфолвівська,0.0,34106400.0,0,0.0,0.0,0.0,0,0.0,0.0,0.0,0.0,0.0,34106400.0,0.0,0.0
0754800000,Пилипецька,0.0,12816400.0,0,0.0,0.0,0.0,0,0.0,0.0,0.0,0.0,0.0,12816400.0,0.0,0.0
0750300000,Полянська,0.0,16350800.0,0,0.0,0.0,0.0,0,0.0,0.0,0.0,0.0,0.0,16350800.0,0.0,0.0
0754900000,Рахівська,0.0,18667200.0,0,0.0,0.0,0.0,0,0.0,0.0,0.0,0.0,0.0,18667200.0,0.0,0.0
0755000000,Свалявська,0.0,17883600.0,0,0.0,0.0,0.0,0,0.0,0.0,0.0,0.0,0.0,17883600.0,0.0,0.0
0755100000,Середнянська,0.0,19853300.0,0,0.0,0.0,0.0,0,0.0,0.0,0.0,0.0,0.0,19853300.0,0.0,0.0
0755200000,Синевирська,0.0,10940800.0,0,0.0,0.0,0.0,0,0.0,0.0,0.0,0.0,0.0,10940800.0,0.0,0.0
0754000000,Солотвинська,0.0,6786500.0,0,0.0,0.0,0.0,0,0.0,0.0,0.0,0.0,0.0,6786500.0,0.0,0.0
0755400000,Ставненська,0.0,12013800.0,0,0.0,0.0,0.0,0,0.0,0.0,0.0,0.0,0.0,12013800.0,0.0,0.0
0755500000,Сюртівська,0.0,3180200.0,0,0.0,0.0,0.0,0,0.0,0.0,0.0,0.0,0.0,3180200.0,0.0,0.0
0755600000,Тересвянська,0.0,31489700.0,0,0.0,0.0,0.0,0,0.0,0.0,0.0,0.0,0.0,31489700.0,0.0,0.0
0755700000,Тур'є-Реметівська,0.0,28786900.0,0,0.0,0.0,0.0,0,0.0,0.0,0.0,0.0,0.0,28786900.0,0.0,0.0
0750200000,Тячівська,2032600.0,0.0,0,0.0,0.0,0.0,0,0.0,0.0,0.0,0.0,0.0,0.0,2032600.0,0.0
0755800000,Углянська,0.0,20268900.0,0,0.0,0.0,0.0,0,0.0,0.0,0.0,0.0,0.0,20268900.0,0.0,0.0
0755900000,Ужгородська,134052000.0,0.0,0,0.0,0.0,0.0,0,0.0,0.0,0.0,0.0,0.0,0.0,134052000.0,0.0
0756000000,Усть-Чорнянська,0.0,6123000.0,0,0.0,0.0,0.0,0,0.0,0.0,0.0,0.0,0.0,6123000.0,0.0,0.0
0751600000,Холмківська,25789700.0,0.0,0,0.0,0.0,0.0,0,0.0,0.0,0.0,0.0,0.0,0.0,25789700.0,0.0
0756100000,Хустська,0.0,86329400.0,0,0.0,0.0,0.0,0,0.0,0.0,0.0,0.0,0.0,86329400.0,0.0,0.0
0756200000,Чинадіївська,0.0,24035200.0,0,0.0,0.0,0.0,0,0.0,0.0,0.0,0.0,0.0,24035200.0,0.0,0.0
0756300000,Чопська,5742600.0,0.0,0,0.0,0.0,0.0,0,0.0,0.0,0.0,0.0,0.0,0.0,5742600.0,0.0
0756400000,Ясінянська,0.0,28075700.0,0,0.0,0.0,0.0,0,0.0,0.0,0.0,0.0,0.0,28075700.0,0.0,0.0
0854900000,Андрівська,0.0,3241200.0,0,0.0,0.0,0.0,0,0.0,0.0,0.0,0.0,0.0,3241200.0,0.0,0.0
0855700000,Андріївська,0.0,4684100.0,0,0.0,0.0,0.0,0,0.0,0.0,0.0,0.0,0.0,4684100.0,0.0,0.0
0854400000,Бердянська,0.0,74894900.0,0,0.0,0.0,0.0,0,0.0,0.0,0.0,0.0,0.0,74894900.0,0.0,0.0
0850100000,Берестівська,0.0,4151800.0,0,0.0,0.0,0.0,0,0.0,0.0,0.0,0.0,0.0,4151800.0,0.0,0.0
0853500000,Благовіщенська,0.0,7664000.0,0,0.0,0.0,0.0,0,0.0,0.0,0.0,0.0,0.0,7664000.0,0.0,0.0
0851000000,Біленьківська,0.0,8640100.0,0,0.0,0.0,0.0,0,0.0,0.0,0.0,0.0,0.0,8640100.0,0.0,0.0
0855800000,Василівська,0.0,2375100.0,0,0.0,0.0,0.0,0,0.0,0.0,0.0,0.0,0.0,2375100.0,0.0,0.0
0851900000,Великобілозерська,0.0,463000.0,0,0.0,0.0,0.0,0,0.0,0.0,0.0,0.0,0.0,463000.0,0.0,0.0
0850200000,Веселівська,0.0,9186900.0,0,0.0,0.0,0.0,0,0.0,0.0,0.0,0.0,0.0,9186900.0,0.0,0.0
0852400000,Водянська,0.0,18203000.0,0,0.0,0.0,0.0,0,0.0,0.0,0.0,0.0,0.0,18203000.0,0.0,0.0
0852900000,Воздвижівська,1037300.0,0.0,0,0.0,0.0,0.0,0,0.0,0.0,0.0,0.0,0.0,0.0,1037300.0,0.0
0850600000,Воскресенська,0.0,2957500.0,0,0.0,0.0,0.0,0,0.0,0.0,0.0,0.0,0.0,2957500.0,0.0,0.0
0855900000,Вільнянська,0.0,0.0,0,0.0,0.0,0.0,0,0.0,0.0,0.0,0.0,0.0,0.0,0.0,0.0
0852700000,Гаврилівська,0.0,2376600.0,0,0.0,0.0,0.0,0,0.0,0.0,0.0,0.0,0.0,2376600.0,0.0,0.0
0852100000,Гуляйпільська,0.0,5176900.0,0,0.0,0.0,0.0,0,0.0,0.0,0.0,0.0,0.0,5176900.0,0.0,0.0
0856000000,Дніпрорудненська,0.0,19295800.0,0,0.0,0.0,0.0,0,0.0,0.0,0.0,0.0,0.0,19295800.0,0.0,0.0
0854200000,Долинська,0.0,5071000.0,0,0.0,0.0,0.0,0,0.0,0.0,0.0,0.0,0.0,5071000.0,0.0,0.0
0856100000,Енергодарська,224370300.0,0.0,0,0.0,0.0,0.0,0,0.0,0.0,0.0,0.0,0.0,0.0,224370300.0,0.0
0856200000,Запорізька,492955000.0,0.0,0,0.0,0.0,0.0,0,11627400.0,0.0,0.0,0.0,0.0,0.0,492955000.0,11627400.0
0851700000,Кам'янсько-Дніпровська,0.0,17897400.0,0,0.0,0.0,0.0,0,0.0,0.0,0.0,0.0,0.0,17897400.0,0.0,0.0
0853200000,Кирилівська,0.0,5691200.0,0,0.0,0.0,0.0,0,0.0,0.0,0.0,0.0,0.0,5691200.0,0.0,0.0
0854100000,Коларівська,0.0,0.0,0,0.0,0.0,0.0,0,0.0,0.0,0.0,0.0,0.0,0.0,0.0,0.0
0850300000,Комиш-Зорянська,0.0,2336100.0,0,0.0,0.0,0.0,0,0.0,0.0,0.0,0.0,0.0,2336100.0,0.0,0.0
0850900000,Комишуваська,0.0,18949600.0,0,0.0,0.0,0.0,0,0.0,0.0,0.0,0.0,0.0,18949600.0,0.0,0.0
0856500000,Кушугумська,0.0,29788200.0,0,0.0,0.0,0.0,0,0.0,0.0,0.0,0.0,0.0,29788200.0,0.0,0.0
0855100000,Малинівська,0.0,0.0,0,0.0,0.0,0.0,0,0.0,0.0,0.0,0.0,0.0,0.0,0.0,0.0
0856600000,Малобілозерська,57503200.0,0.0,0,0.0,0.0,0.0,0,0.0,0.0,0.0,0.0,0.0,0.0,57503200.0,0.0
0851300000,Малотокмачанська,0.0,1119200.0,0,0.0,0.0,0.0,0,0.0,0.0,0.0,0.0,0.0,1119200.0,0.0,0.0
0856700000,Матвіївська,0.0,2163200.0,0,0.0,0.0,0.0,0,0.0,0.0,0.0,0.0,0.0,2163200.0,0.0,0.0
0856800000,Мелітопольська,0.0,57928800.0,0,0.0,0.0,0.0,0,0.0,0.0,0.0,0.0,0.0,57928800.0,0.0,0.0
0850500000,Мирненська,975200.0,0.0,0,0.0,0.0,0.0,0,0.0,0.0,0.0,0.0,0.0,0.0,975200.0,0.0
0856900000,Михайло-Лукашівська,0.0,4137900.0,0,0.0,0.0,0.0,0,0.0,0.0,0.0,0.0,0.0,4137900.0,0.0,0.0
0853700000,Михайлівська,0.0,17337900.0,0,0.0,0.0,0.0,0,0.0,0.0,0.0,0.0,0.0,17337900.0,0.0,0.0
0857000000,Молочанська,0.0,4636500.0,0,0.0,0.0,0.0,0,0.0,0.0,0.0,0.0,0.0,4636500.0,0.0,0.0
0855200000,Новенська,0.0,5445700.0,0,0.0,0.0,0.0,0,0.0,0.0,0.0,0.0,0.0,5445700.0,0.0,0.0
0853400000,Новобогданівська,0.0,5378400.0,0,0.0,0.0,0.0,0,0.0,0.0,0.0,0.0,0.0,5378400.0,0.0,0.0
0857100000,Нововасилівська,0.0,9380700.0,0,0.0,0.0,0.0,0,0.0,0.0,0.0,0.0,0.0,9380700.0,0.0,0.0
0857200000,Новомиколаївська,0.0,3477700.0,0,0.0,0.0,0.0,0,0.0,0.0,0.0,0.0,0.0,3477700.0,0.0,0.0
0854100000,Новоолександрівська,0.0,0.0,0,0.0,0.0,0.0,0,0.0,0.0,0.0,0.0,0.0,0.0,0.0,0.0
0852600000,Новоуспенівська,0.0,4437900.0,0,0.0,0.0,0.0,0,0.0,0.0,0.0,0.0,0.0,4437900.0,0.0,0.0
0854100000,Олександрівська,0.0,0.0,0,0.0,0.0,0.0,0,0.0,0.0,0.0,0.0,0.0,0.0,0.0,0.0
0851800000,Оріхівська,0.0,5282600.0,0,0.0,0.0,0.0,0,0.0,0.0,0.0,0.0,0.0,5282600.0,0.0,0.0
0851400000,Осипенківська,0.0,6221800.0,0,0.0,0.0,0.0,0,0.0,0.0,0.0,0.0,0.0,6221800.0,0.0,0.0
0852700000,Павлівська,0.0,2376600.0,0,0.0,0.0,0.0,0,0.0,0.0,0.0,0.0,0.0,2376600.0,0.0,0.0
0852800000,Петро-Михайлівська,0.0,2947500.0,0,0.0,0.0,0.0,0,0.0,0.0,0.0,0.0,0.0,2947500.0,0.0,0.0
0854700000,Пологівська,11476400.0,0.0,0,0.0,0.0,0.0,0,0.0,0.0,0.0,0.0,0.0,0.0,11476400.0,0.0
0850400000,Преображенська,0.0,4564800.0,0,0.0,0.0,0.0,0,0.0,0.0,0.0,0.0,0.0,4564800.0,0.0,0.0
0853100000,Приазовська,0.0,6450700.0,0,0.0,0.0,0.0,0,0.0,0.0,0.0,0.0,0.0,6450700.0,0.0,0.0
0850800000,Приморська,0.0,22521600.0,0,0.0,0.0,0.0,0,0.0,0.0,0.0,0.0,0.0,22521600.0,0.0,0.0
0853000000,Райхенфельдська,0.0,2361200.0,0,0.0,0.0,0.0,0,0.0,0.0,0.0,0.0,0.0,2361200.0,0.0,0.0
0854200000,Роздольська,0.0,5071000.0,0,0.0,0.0,0.0,0,0.0,0.0,0.0,0.0,0.0,5071000.0,0.0,0.0
0854800000,Розівська,0.0,1442300.0,0,0.0,0.0,0.0,0,0.0,0.0,0.0,0.0,0.0,1442300.0,0.0,0.0
0855400000,Семенівська,489300.0,0.0,0,0.0,0.0,0.0,0,0.0,0.0,0.0,0.0,0.0,0.0,489300.0,0.0
0850500000,Смирновська,975200.0,0.0,0,0.0,0.0,0.0,0,0.0,0.0,0.0,0.0,0.0,0.0,975200.0,0.0
0857300000,Степненська,0.0,10029100.0,0,0.0,0.0,0.0,0,0.0,0.0,0.0,0.0,0.0,10029100.0,0.0,0.0
0857400000,Степногірська,0.0,14513300.0,0,0.0,0.0,0.0,0,0.0,0.0,0.0,0.0,0.0,14513300.0,0.0,0.0
0851600000,Таврійська,0.0,4547700.0,0,0.0,0.0,0.0,0,0.0,0.0,0.0,0.0,0.0,4547700.0,0.0,0.0
0855500000,Тернуватська,0.0,134900.0,0,0.0,0.0,0.0,0,0.0,0.0,0.0,0.0,0.0,134900.0,0.0,0.0
0857500000,Терпіннівська,0.0,6888000.0,0,0.0,0.0,0.0,0,0.0,0.0,0.0,0.0,0.0,6888000.0,0.0,0.0
0857600000,Токмацька,0.0,30722500.0,0,0.0,0.0,0.0,0,0.0,0.0,0.0,0.0,0.0,30722500.0,0.0,0.0
0855600000,Федорівська,0.0,800400.0,0,0.0,0.0,0.0,0,0.0,0.0,0.0,0.0,0.0,800400.0,0.0,0.0
0852000000,Чернігівська,0.0,4710500.0,0,0.0,0.0,0.0,0,0.0,0.0,0.0,0.0,0.0,4710500.0,0.0,0.0
0852300000,Широківська,0.0,0.0,0,0.0,0.0,0.0,0,0.0,0.0,0.0,0.0,0.0,0.0,0.0,0.0
0853300000,Якимівська,0.0,17968700.0,0,0.0,0.0,0.0,0,0.0,0.0,0.0,0.0,0.0,17968700.0,0.0,0.0
0653300000,Ємільчинська,0.0,21185300.0,0,0.0,0.0,0.0,0,0.0,0.0,0.0,0.0,0.0,21185300.0,0.0,0.0
0650400000,Іршанська,1044400.0,0.0,0,0.0,0.0,0.0,0,0.0,0.0,0.0,0.0,0.0,0.0,1044400.0,0.0
0652200000,Андрушківська,1557700.0,0.0,0,0.0,0.0,0.0,0,0.0,0.0,0.0,0.0,0.0,0.0,1557700.0,0.0
0655700000,Андрушівська,0.0,5297300.0,0,0.0,0.0,0.0,0,0.0,0.0,0.0,0.0,0.0,5297300.0,0.0,0.0
0651100000,Баранівська,0.0,25229800.0,0,0.0,0.0,0.0,0,0.0,0.0,0.0,0.0,0.0,25229800.0,0.0,0.0
0652300000,Барашівська,0.0,11183600.0,0,0.0,0.0,0.0,0,0.0,0.0,0.0,0.0,0.0,11183600.0,0.0,0.0
0655800000,Бердичівська,0.0,12781100.0,0,0.0,0.0,0.0,0,0.0,0.0,0.0,0.0,0.0,12781100.0,0.0,0.0
0655800000,Березівська,0.0,12781100.0,0,0.0,0.0,0.0,0,0.0,0.0,0.0,0.0,0.0,12781100.0,0.0,0.0
0653500000,Брониківська,0.0,9787800.0,0,0.0,0.0,0.0,0,0.0,0.0,0.0,0.0,0.0,9787800.0,0.0,0.0
0651400000,Брусилівська,0.0,3755500.0,0,0.0,0.0,0.0,0,0.0,0.0,0.0,0.0,0.0,3755500.0,0.0,0.0
0652400000,Білокоровицька,0.0,7737300.0,0,0.0,0.0,0.0,0,0.0,0.0,0.0,0.0,0.0,7737300.0,0.0,0.0
0650100000,Високівська,0.0,1037200.0,0,0.0,0.0,0.0,0,0.0,0.0,0.0,0.0,0.0,1037200.0,0.0,0.0
0650200000,Вишевицька,0.0,2525200.0,0,0.0,0.0,0.0,0,0.0,0.0,0.0,0.0,0.0,2525200.0,0.0,0.0
0656000000,Волицька,0.0,130500.0,0,0.0,0.0,0.0,0,0.0,0.0,0.0,0.0,0.0,130500.0,0.0,0.0
0654700000,Вчорайшенська,0.0,3942100.0,0,0.0,0.0,0.0,0,0.0,0.0,0.0,0.0,0.0,3942100.0,0.0,0.0
0650400000,Вільшанська,1044400.0,0.0,0,0.0,0.0,0.0,0,0.0,0.0,0.0,0.0,0.0,0.0,1044400.0,0.0
0656100000,Гладковицька,0.0,2534100.0,0,0.0,0.0,0.0,0,0.0,0.0,0.0,0.0,0.0,2534100.0,0.0,0.0
0654400000,Глибочицька,0.0,15883800.0,0,0.0,0.0,0.0,0,0.0,0.0,0.0,0.0,0.0,15883800.0,0.0,0.0
0651500000,Городницька,0.0,12951900.0,0,0.0,0.0,0.0,0,0.0,0.0,0.0,0.0,0.0,12951900.0,0.0,0.0
0656200000,Городоцька,352500.0,0.0,0,0.0,0.0,0.0,0,0.0,0.0,0.0,0.0,0.0,0.0,352500.0,0.0
0652600000,Горщиківська,0.0,0.0,0,0.0,0.0,0.0,0,0.0,0.0,0.0,0.0,0.0,0.0,0.0,0.0
0654800000,Гришковецька,0.0,12461400.0,0,0.0,0.0,0.0,0,0.0,0.0,0.0,0.0,0.0,12461400.0,0.0,0.0
0651600000,Довбиська,0.0,10594300.0,0,0.0,0.0,0.0,0,0.0,0.0,0.0,0.0,0.0,10594300.0,0.0,0.0
0650300000,Дубрівська,0.0,4961400.0,0,0.0,0.0,0.0,0,0.0,0.0,0.0,0.0,0.0,4961400.0,0.0,0.0
0655200000,Житомирська,143629800.0,0.0,0,0.0,0.0,0.0,0,0.0,0.0,0.0,0.0,0.0,0.0,143629800.0,0.0
0655300000,Звягельська,9207900.0,0.0,0,0.0,0.0,0.0,0,0.0,0.0,0.0,0.0,0.0,0.0,9207900.0,0.0
0652700000,Квітнева,4162500.0,0.0,0,0.0,0.0,0.0,0,0.0,0.0,0.0,0.0,0.0,0.0,4162500.0,0.0
0651000000,Корнинська,0.0,6480100.0,0,0.0,0.0,0.0,0,0.0,0.0,0.0,0.0,0.0,6480100.0,0.0,0.0
0656300000,Коростенська,0.0,0.0,0,0.0,0.0,0.0,0,0.0,0.0,0.0,0.0,0.0,0.0,0.0,0.0
0651200000,Коростишівська,0.0,25579800.0,0,0.0,0.0,0.0,0,0.0,0.0,0.0,0.0,0.0,25579800.0,0.0,0.0
0652800000,Краснопільська,0.0,3593000.0,0,0.0,0.0,0.0,0,0.0,0.0,0.0,0.0,0.0,3593000.0,0.0,0.0
0653900000,Курненська,0.0,13599700.0,0,0.0,0.0,0.0,0,0.0,0.0,0.0,0.0,0.0,13599700.0,0.0,0.0
0651700000,Лугинська,0.0,16603300.0,0,0.0,0.0,0.0,0,0.0,0.0,0.0,0.0,0.0,16603300.0,0.0,0.0
0653400000,Любарська,0.0,4877500.0,0,0.0,0.0,0.0,0,0.0,0.0,0.0,0.0,0.0,4877500.0,0.0,0.0
0656400000,Малинська,0.0,0.0,0,0.0,0.0,0.0,0,0.0,0.0,0.0,0.0,0.0,0.0,0.0,0.0
0651800000,Миропільська,0.0,0.0,0,0.0,0.0,0.0,0,0.0,0.0,0.0,0.0,0.0,0.0,0.0,0.0
0650500000,Народицька,0.0,6426500.0,0,0.0,0.0,0.0,0,0.0,0.0,0.0,0.0,0.0,6426500.0,0.0,0.0
0650600000,Новоборівська,0.0,11072700.0,0,0.0,0.0,0.0,0,0.0,0.0,0.0,0.0,0.0,11072700.0,0.0,0.0
0656500000,Новогуйвинська,714000.0,0.0,0,0.0,0.0,0.0,0,0.0,0.0,0.0,0.0,0.0,0.0,714000.0,0.0
0653800000,Овруцька,0.0,24001500.0,0,0.0,0.0,0.0,0,0.0,0.0,0.0,0.0,0.0,24001500.0,0.0,0.0
0651300000,Олевська,0.0,38406400.0,0,0.0,0.0,0.0,0,0.0,0.0,0.0,0.0,0.0,38406400.0,0.0,0.0
0654500000,Оліївська,21501400.0,0.0,0,0.0,0.0,0.0,0,0.0,0.0,0.0,0.0,0.0,0.0,21501400.0,0.0
0651900000,Попільнянська,0.0,0.0,0,0.0,0.0,0.0,0,0.0,0.0,0.0,0.0,0.0,0.0,0.0,0.0
0650700000,Потіївська,0.0,4382400.0,0,0.0,0.0,0.0,0,0.0,0.0,0.0,0.0,0.0,4382400.0,0.0,0.0
0654200000,Пулинська,0.0,13187800.0,0,0.0,0.0,0.0,0,0.0,0.0,0.0,0.0,0.0,13187800.0,0.0,0.0
0653600000,Піщівська,0.0,5101900.0,0,0.0,0.0,0.0,0,0.0,0.0,0.0,0.0,0.0,5101900.0,0.0,0.0
0654300000,Радомишльська,0.0,1109100.0,0,0.0,0.0,0.0,0,0.0,0.0,0.0,0.0,0.0,1109100.0,0.0,0.0
0654900000,Райгородоцька,0.0,5749400.0,0,0.0,0.0,0.0,0,0.0,0.0,0.0,0.0,0.0,5749400.0,0.0,0.0
0656600000,Романівська,0.0,14949700.0,0,0.0,0.0,0.0,0,0.0,0.0,0.0,0.0,0.0,14949700.0,0.0,0.0
0656700000,Ружинська,0.0,6507400.0,0,0.0,0.0,0.0,0,0.0,0.0,0.0,0.0,0.0,6507400.0,0.0,0.0
0656600000,Семенівська,0.0,14949700.0,0,0.0,0.0,0.0,0,0.0,0.0,0.0,0.0,0.0,14949700.0,0.0,0.0
0653700000,Словечанська,0.0,9999400.0,0,0.0,0.0,0.0,0,0.0,0.0,0.0,0.0,0.0,9999400.0,0.0,0.0
0653000000,Станишівська,0.0,0.0,0,0.0,0.0,0.0,0,0.0,0.0,0.0,0.0,0.0,0.0,0.0,0.0
0655600000,Старосілецька,0.0,5698800.0,0,0.0,0.0,0.0,0,0.0,0.0,0.0,0.0,0.0,5698800.0,0.0,0.0
0655400000,Стриївська,0.0,1850700.0,0,0.0,0.0,0.0,0,0.0,0.0,0.0,0.0,0.0,1850700.0,0.0,0.0
0650800000,Тетерівська,0.0,5148700.0,0,0.0,0.0,0.0,0,0.0,0.0,0.0,0.0,0.0,5148700.0,0.0,0.0
0653100000,Ушомирська,27515900.0,0.0,0,0.0,0.0,0.0,0,0.0,0.0,0.0,0.0,0.0,0.0,27515900.0,0.0
0655500000,Харитонівська,0.0,146900.0,0,0.0,0.0,0.0,0,0.0,0.0,0.0,0.0,0.0,146900.0,0.0,0.0
0652000000,Хорошівська,0.0,20608400.0,0,0.0,0.0,0.0,0,0.0,0.0,0.0,0.0,0.0,20608400.0,0.0,0.0
0650900000,Червоненська,0.0,7774800.0,0,0.0,0.0,0.0,0,0.0,0.0,0.0,0.0,0.0,7774800.0,0.0,0.0
0656800000,Черняхівська,0.0,11552500.0,0,0.0,0.0,0.0,0,0.0,0.0,0.0,0.0,0.0,11552500.0,0.0,0.0
0653200000,Чижівська,4541300.0,0.0,0,0.0,0.0,0.0,0,0.0,0.0,0.0,0.0,0.0,0.0,4541300.0,0.0
0652100000,Чоповицька,0.0,7690900.0,0,0.0,0.0,0.0,0,0.0,0.0,0.0,0.0,0.0,7690900.0,0.0,0.0
0655000000,Чуднівська,0.0,6077200.0,0,0.0,0.0,0.0,0,0.0,0.0,0.0,0.0,0.0,6077200.0,0.0,0.0
0655100000,Швайківська,0.0,2784500.0,0,0.0,0.0,0.0,0,0.0,0.0,0.0,0.0,0.0,2784500.0,0.0,0.0
0656900000,Ярунська,0.0,7047900.0,0,0.0,0.0,0.0,0,0.0,0.0,0.0,0.0,0.0,7047900.0,0.0,0.0
