Айді громади,Назва громади,[41010100] Реверсна дотація,[41020100] Базова дотація,[41020200] На здійснення переданих з державного бюджету видатків з утримання закладів освіти та охорони здоров'я,"[41020300] На функціонування територій, на яких ведуться бойові дії",[41020400] Додаткові дотації з державного бюджету місцевим бюджетам (загальна),[41020800] Бюджету Славутицької міської територіальної громади на утримання соціальної інфраструктури,[41021000] На компенсацію втрат доходів внаслідок пільг суб’єктам космічної діяльності,[41021200] Обласним бюджетам Донецької та Луганської областей на усунення наслідків ескалації,"[41021300] На компенсацію комунальним закладам, переданим на фінансування з місцевих бюджетів",[41021400] На здійснення повноважень органів самоврядування на деокупованих та інших територіях,Сума Базова,Сума Реверсна,Сума Додаткові
2350200000,Єрківська,11950000.0,0.0,0.0,0.0,0.0,0.0,0.0,0.0,0.0,0.0,0.0,11950000.0,0.0
2351900000,Іваньківська,0.0,5403600.0,0.0,0.0,0.0,0.0,0.0,0.0,0.0,0.0,5403600.0,0.0,0.0
2352200000,Іркліївська,0.0,11077000.0,0.0,0.0,0.0,0.0,0.0,0.0,0.0,0.0,11077000.0,0.0,0.0
2355800000,Бабанська,0.0,2124800.0,0.0,0.0,0.0,0.0,0.0,0.0,0.0,0.0,2124800.0,0.0,0.0
2356000000,Багачевська,0.0,33357900.0,0.0,0.0,0.0,0.0,0.0,0.0,0.0,0.0,33357900.0,0.0,0.0
2352700000,Балаклеївська,0.0,3203100.0,0.0,0.0,0.0,0.0,0.0,0.0,0.0,583000.0,3203100.0,0.0,583000.0
2355600000,Баштечківська,0.0,4079800.0,0.0,0.0,0.0,0.0,0.0,0.0,0.0,0.0,4079800.0,0.0,0.0
2352900000,Березняківська,0.0,9367500.0,0.0,0.0,0.0,0.0,0.0,0.0,0.0,188200.0,9367500.0,0.0,188200.0
2353000000,Бобрицька,0.0,4525100.0,0.0,0.0,0.0,0.0,0.0,0.0,0.0,0.0,4525100.0,0.0,0.0
2355900000,Будищенська,3854700.0,0.0,0.0,0.0,0.0,0.0,0.0,0.0,0.0,214100.0,0.0,3854700.0,214100.0
2353100000,Бужанська,0.0,4174100.0,0.0,0.0,0.0,0.0,0.0,0.0,0.0,0.0,4174100.0,0.0,0.0
2352600000,Буцька,0.0,2756300.0,0.0,0.0,0.0,0.0,0.0,0.0,0.0,0.0,2756300.0,0.0,0.0
2350100000,Білозірська,0.0,8553400.0,0.0,0.0,0.0,0.0,0.0,0.0,0.0,0.0,8553400.0,0.0,0.0
2353200000,Великохутірська,0.0,1212100.0,0.0,0.0,0.0,0.0,0.0,0.0,0.0,0.0,1212100.0,0.0,0.0
2355700000,Виноградська,0.0,6091500.0,0.0,0.0,0.0,0.0,0.0,0.0,0.0,186000.0,6091500.0,0.0,186000.0
2353400000,Водяницька,0.0,1464600.0,0.0,0.0,0.0,0.0,0.0,0.0,0.0,271400.0,1464600.0,0.0,271400.0
2356100000,Вознесенська,0.0,2251800.0,0.0,0.0,0.0,0.0,0.0,0.0,0.0,0.0,2251800.0,0.0,0.0
2353300000,Вільшанська,0.0,13995500.0,0.0,0.0,0.0,0.0,0.0,0.0,0.0,3381800.0,13995500.0,0.0,3381800.0
2356200000,Гельмязівська,0.0,0.0,0.0,0.0,0.0,0.0,0.0,0.0,0.0,0.0,0.0,0.0,0.0
2356300000,Городищенська,0.0,17310400.0,0.0,0.0,0.0,0.0,0.0,0.0,0.0,0.0,17310400.0,0.0,0.0
2353500000,Дмитрушківська,0.0,5892400.0,0.0,0.0,0.0,0.0,0.0,0.0,0.0,0.0,5892400.0,0.0,0.0
2355500000,Драбівська,0.0,15287900.0,0.0,0.0,0.0,0.0,0.0,0.0,0.0,0.0,15287900.0,0.0,0.0
2351400000,Жашківська,0.0,11771600.0,0.0,0.0,0.0,0.0,0.0,0.0,0.0,0.0,11771600.0,0.0,0.0
2356400000,Звенигородська,0.0,586600.0,0.0,0.0,0.0,0.0,0.0,0.0,0.0,0.0,586600.0,0.0,0.0
2356500000,Золотоніська,0.0,0.0,0.0,0.0,0.0,0.0,0.0,0.0,0.0,0.0,0.0,0.0,0.0
2352400000,Зорівська,979100.0,0.0,0.0,0.0,0.0,0.0,0.0,0.0,0.0,2667200.0,0.0,979100.0,2667200.0
2356600000,Калинопільська,0.0,0.0,0.0,0.0,0.0,0.0,0.0,0.0,0.0,0.0,0.0,0.0,0.0
2351500000,Кам'янська,0.0,14438600.0,0.0,0.0,0.0,0.0,0.0,0.0,0.0,0.0,14438600.0,0.0,0.0
2355400000,Канівська,18681500.0,0.0,0.0,0.0,0.0,0.0,0.0,0.0,0.0,0.0,0.0,18681500.0,0.0
2356700000,Корсунь-Шевченківська,0.0,0.0,0.0,0.0,0.0,0.0,0.0,0.0,0.0,0.0,0.0,0.0,0.0
2353600000,Ладижинська,0.0,11182700.0,0.0,0.0,0.0,0.0,0.0,0.0,0.0,6185800.0,11182700.0,0.0,6185800.0
2353800000,Леськівська,0.0,10220600.0,0.0,0.0,0.0,0.0,0.0,0.0,0.0,0.0,10220600.0,0.0,0.0
2353900000,Лип'янська,0.0,3273200.0,0.0,0.0,0.0,0.0,0.0,0.0,0.0,0.0,3273200.0,0.0,0.0
2354000000,Лисянська,0.0,14838300.0,0.0,0.0,0.0,0.0,0.0,0.0,0.0,0.0,14838300.0,0.0,0.0
2351600000,Ліплявська,0.0,388100.0,0.0,0.0,0.0,0.0,0.0,0.0,0.0,0.0,388100.0,0.0,0.0
2356800000,Маньківська,0.0,2662900.0,0.0,0.0,0.0,0.0,0.0,0.0,0.0,0.0,2662900.0,0.0,0.0
2352300000,Матусівська,0.0,4810000.0,0.0,0.0,0.0,0.0,0.0,0.0,0.0,4432100.0,4810000.0,0.0,4432100.0
2354200000,Медведівська,0.0,5801200.0,0.0,0.0,0.0,0.0,0.0,0.0,0.0,44900.0,5801200.0,0.0,44900.0
2352500000,Михайлівська,0.0,3600.0,0.0,0.0,0.0,0.0,0.0,0.0,0.0,0.0,3600.0,0.0,0.0
2351100000,Мліївська,0.0,9154400.0,0.0,0.0,0.0,0.0,0.0,0.0,0.0,0.0,9154400.0,0.0,0.0
2350300000,Мокрокалигірська,0.0,1080100.0,0.0,0.0,0.0,0.0,0.0,0.0,0.0,0.0,1080100.0,0.0,0.0
2356900000,Монастирищенська,0.0,54840200.0,0.0,0.0,0.0,0.0,0.0,0.0,0.0,0.0,54840200.0,0.0,0.0
2357000000,Мошнівська,0.0,20566400.0,0.0,0.0,0.0,0.0,0.0,0.0,0.0,1294700.0,20566400.0,0.0,1294700.0
2350600000,Набутівська,0.0,8592800.0,0.0,0.0,0.0,0.0,0.0,0.0,0.0,0.0,8592800.0,0.0,0.0
2357100000,Новодмитрівська,0.0,138400.0,0.0,0.0,0.0,0.0,0.0,0.0,0.0,3294200.0,138400.0,0.0,3294200.0
2352000000,Паланська,2114400.0,0.0,0.0,0.0,0.0,0.0,0.0,0.0,0.0,0.0,0.0,2114400.0,0.0
2357200000,Піщанська,0.0,5560700.0,0.0,0.0,0.0,0.0,0.0,0.0,0.0,0.0,5560700.0,0.0,0.0
2350800000,Ротмістрівська,0.0,8738400.0,0.0,0.0,0.0,0.0,0.0,0.0,0.0,0.0,8738400.0,0.0,0.0
2354600000,Руськополянська,0.0,12437500.0,0.0,0.0,0.0,0.0,0.0,0.0,0.0,0.0,12437500.0,0.0,0.0
2354700000,Сагунівська,0.0,5334100.0,0.0,0.0,0.0,0.0,0.0,0.0,0.0,0.0,5334100.0,0.0,0.0
2350700000,Селищенська,0.0,3774800.0,0.0,0.0,0.0,0.0,0.0,0.0,0.0,0.0,3774800.0,0.0,0.0
2355100000,Слобідська,0.0,0.0,0.0,0.0,0.0,0.0,0.0,0.0,0.0,0.0,0.0,0.0,0.0
2357300000,Смілянська,0.0,447100.0,0.0,0.0,0.0,0.0,0.0,0.0,0.0,16650600.0,447100.0,0.0,16650600.0
2350500000,Стеблівська,1677000.0,0.0,0.0,0.0,0.0,0.0,0.0,0.0,0.0,2046400.0,0.0,1677000.0,2046400.0
2351000000,Степанецька,79984300.0,0.0,0.0,0.0,0.0,0.0,0.0,0.0,0.0,0.0,0.0,79984300.0,0.0
2352100000,Степанківська,0.0,0.0,0.0,0.0,0.0,0.0,0.0,0.0,0.0,0.0,0.0,0.0,0.0
2350400000,Тальнівська,0.0,16158300.0,0.0,0.0,0.0,0.0,0.0,0.0,0.0,5340900.0,16158300.0,0.0,5340900.0
2354900000,Тернівська,0.0,7282500.0,0.0,0.0,0.0,0.0,0.0,0.0,0.0,1400700.0,7282500.0,0.0,1400700.0
2357400000,Уманська,0.0,0.0,0.0,0.0,0.0,0.0,0.0,0.0,0.0,0.0,0.0,0.0,0.0
2357500000,Христинівська,0.0,7793700.0,0.0,0.0,0.0,0.0,0.0,0.0,0.0,0.0,7793700.0,0.0,0.0
2357600000,Черкаська,277243300.0,0.0,0.0,0.0,0.0,0.0,0.0,0.0,0.0,0.0,0.0,277243300.0,0.0
2355200000,Чигиринська,0.0,10175200.0,0.0,0.0,0.0,0.0,0.0,0.0,0.0,0.0,10175200.0,0.0,0.0
2357700000,Чорнобаївська,0.0,0.0,0.0,0.0,0.0,0.0,0.0,0.0,0.0,0.0,0.0,0.0,0.0
2355300000,Шевченківська,0.0,6765700.0,0.0,0.0,0.0,0.0,0.0,0.0,0.0,0.0,6765700.0,0.0,0.0
2350900000,Шполянська,0.0,0.0,0.0,0.0,0.0,0.0,0.0,0.0,0.0,1243800.0,0.0,0.0,1243800.0
2357800000,Шрамківська,0.0,16602700.0,0.0,0.0,0.0,0.0,0.0,0.0,0.0,1040700.0,16602700.0,0.0,1040700.0
2551500000,Іванівська,0.0,13500100.0,0.0,0.0,0.0,0.0,0.0,0.0,0.0,585400.0,13500100.0,0.0,585400.0
2552400000,Ічнянська,1067700.0,0.0,0.0,0.0,0.0,0.0,0.0,0.0,0.0,0.0,0.0,1067700.0,0.0
2550600000,Батуринська,0.0,0.0,0.0,0.0,0.0,0.0,0.0,0.0,0.0,1586600.0,0.0,0.0,1586600.0
2555100000,Бахмацька,0.0,0.0,0.0,0.0,0.0,0.0,0.0,0.0,0.0,0.0,0.0,0.0,0.0
2555200000,Березнянська,0.0,17283700.0,0.0,0.0,0.0,0.0,0.0,0.0,0.0,1068900.0,17283700.0,0.0,1068900.0
2552100000,Бобровицька,6990600.0,0.0,0.0,0.0,0.0,0.0,0.0,0.0,0.0,30115200.0,0.0,6990600.0,30115200.0
2554000000,Борзнянська,0.0,14520100.0,0.0,0.0,0.0,0.0,0.0,0.0,0.0,633100.0,14520100.0,0.0,633100.0
2553500000,Варвинська,27546600.0,0.0,0.0,0.0,0.0,0.0,0.0,0.0,0.0,0.0,0.0,27546600.0,0.0
2550100000,Вертіївська,0.0,6140200.0,0.0,0.0,0.0,0.0,0.0,0.0,0.0,13600.0,6140200.0,0.0,13600.0
2553400000,Височанська,0.0,6955100.0,0.0,0.0,0.0,0.0,0.0,0.0,0.0,0.0,6955100.0,0.0,0.0
2551100000,Гончарівська,0.0,8096400.0,0.0,0.0,0.0,0.0,0.0,0.0,0.0,56483000.0,8096400.0,0.0,56483000.0
2553600000,Городнянська,0.0,28033500.0,0.0,0.0,0.0,0.0,0.0,0.0,0.0,16693200.0,28033500.0,0.0,16693200.0
2550200000,Деснянська,0.0,12513400.0,0.0,0.0,0.0,0.0,0.0,0.0,0.0,9521800.0,12513400.0,0.0,9521800.0
2555300000,Дмитрівська,0.0,3136500.0,0.0,0.0,0.0,0.0,0.0,0.0,0.0,0.0,3136500.0,0.0,0.0
2554600000,Добрянська,0.0,6997900.0,0.0,0.0,0.0,0.0,0.0,0.0,0.0,0.0,6997900.0,0.0,0.0
2554700000,Киселівська,0.0,0.0,0.0,0.0,0.0,0.0,0.0,0.0,0.0,0.0,0.0,0.0,0.0
2554200000,Киїнська,0.0,461300.0,0.0,0.0,0.0,0.0,0.0,0.0,0.0,10987100.0,461300.0,0.0,10987100.0
2551800000,Козелецька,0.0,5470800.0,0.0,0.0,0.0,0.0,0.0,0.0,0.0,488200.0,5470800.0,0.0,488200.0
2551900000,Комарівська,0.0,895200.0,0.0,0.0,0.0,0.0,0.0,0.0,0.0,0.0,895200.0,0.0,0.0
2551200000,Коропська,0.0,22044000.0,0.0,0.0,0.0,0.0,0.0,0.0,0.0,3437000.0,22044000.0,0.0,3437000.0
2550700000,Корюківська,0.0,0.0,0.0,0.0,0.0,0.0,0.0,0.0,0.0,17967600.0,0.0,0.0,17967600.0
2555400000,Крутівська,0.0,6058100.0,0.0,0.0,0.0,0.0,0.0,0.0,0.0,925300.0,6058100.0,0.0,925300.0
2552500000,Куликівська,0.0,32315800.0,0.0,0.0,0.0,0.0,0.0,0.0,0.0,5145600.0,32315800.0,0.0,5145600.0
2550300000,Кіптівська,0.0,5945000.0,0.0,0.0,0.0,0.0,0.0,0.0,0.0,644200.0,5945000.0,0.0,644200.0
2555500000,Ладанська,0.0,6326300.0,0.0,0.0,0.0,0.0,0.0,0.0,0.0,3498200.0,6326300.0,0.0,3498200.0
2553700000,Линовицька,0.0,0.0,0.0,0.0,0.0,0.0,0.0,0.0,0.0,928800.0,0.0,0.0,928800.0
2551300000,Лосинівська,0.0,8740600.0,0.0,0.0,0.0,0.0,0.0,0.0,0.0,0.0,8740600.0,0.0,0.0
2552700000,Любецька,0.0,6412100.0,0.0,0.0,0.0,0.0,0.0,0.0,0.0,0.0,6412100.0,0.0,0.0
2550400000,Макіївська,6703700.0,0.0,0.0,0.0,0.0,0.0,0.0,0.0,0.0,0.0,0.0,6703700.0,0.0
2552600000,Малодівицька,0.0,1539300.0,0.0,0.0,0.0,0.0,0.0,0.0,0.0,2235300.0,1539300.0,0.0,2235300.0
2551700000,Менська,0.0,24207900.0,0.0,0.0,0.0,0.0,0.0,0.0,0.0,537400.0,24207900.0,0.0,537400.0
2551400000,Михайло-Коцюбинська,0.0,16066900.0,0.0,0.0,0.0,0.0,0.0,0.0,0.0,2886200.0,16066900.0,0.0,2886200.0
2551600000,Мринська,0.0,0.0,0.0,0.0,0.0,0.0,0.0,0.0,0.0,688500.0,0.0,0.0,688500.0
2553900000,Новгород-Сіверська,0.0,28510400.0,0.0,0.0,0.0,0.0,0.0,0.0,0.0,26494700.0,28510400.0,0.0,26494700.0
2552000000,Новобасанська,3705500.0,0.0,0.0,0.0,0.0,0.0,0.0,0.0,0.0,7100800.0,0.0,3705500.0,7100800.0
2554100000,Новобілоуська,1530200.0,0.0,0.0,0.0,0.0,0.0,0.0,0.0,0.0,410200.0,0.0,1530200.0,410200.0
2550800000,Носівська,0.0,24242700.0,0.0,0.0,0.0,0.0,0.0,0.0,0.0,0.0,24242700.0,0.0,0.0
2553800000,Ніжинська,12196500.0,0.0,0.0,0.0,0.0,0.0,0.0,0.0,0.0,0.0,0.0,12196500.0,0.0
2553300000,Олишівська,2084500.0,0.0,0.0,0.0,0.0,0.0,0.0,0.0,0.0,1876900.0,0.0,2084500.0,1876900.0
2550900000,Остерська,0.0,15242100.0,0.0,0.0,0.0,0.0,0.0,0.0,0.0,0.0,15242100.0,0.0,0.0
2550500000,Парафіївська,0.0,0.0,0.0,0.0,0.0,0.0,0.0,0.0,0.0,0.0,0.0,0.0,0.0
2552200000,Плисківська,0.0,3776900.0,0.0,0.0,0.0,0.0,0.0,0.0,0.0,2426900.0,3776900.0,0.0,2426900.0
2554800000,Понорницька,0.0,15446500.0,0.0,0.0,0.0,0.0,0.0,0.0,0.0,2005100.0,15446500.0,0.0,2005100.0
2555600000,Прилуцька,28879100.0,0.0,0.0,0.0,0.0,0.0,0.0,0.0,0.0,1234000.0,0.0,28879100.0,1234000.0
2555700000,Ріпкинська,0.0,13036200.0,0.0,0.0,0.0,0.0,0.0,0.0,0.0,465300.0,13036200.0,0.0,465300.0
2555800000,Седнівська,0.0,5613800.0,0.0,0.0,0.0,0.0,0.0,0.0,0.0,0.0,5613800.0,0.0,0.0
2552800000,Семенівська,0.0,26244600.0,0.0,0.0,0.0,0.0,0.0,0.0,0.0,25253300.0,26244600.0,0.0,25253300.0
2551000000,Сновська,0.0,19839200.0,0.0,0.0,0.0,0.0,0.0,0.0,0.0,27229200.0,19839200.0,0.0,27229200.0
2552900000,Сосницька,0.0,23399200.0,0.0,0.0,0.0,0.0,0.0,0.0,0.0,295000.0,23399200.0,0.0,295000.0
2553000000,Срібнянська,0.0,0.0,0.0,0.0,0.0,0.0,0.0,0.0,0.0,4582800.0,0.0,0.0,4582800.0
2554900000,Сухополов'янська,0.0,9795400.0,0.0,0.0,0.0,0.0,0.0,0.0,0.0,0.0,9795400.0,0.0,0.0
2555000000,Талалаївська,0.0,7026800.0,0.0,0.0,0.0,0.0,0.0,0.0,0.0,0.0,7026800.0,0.0,0.0
2552300000,Тупичівська,0.0,0.0,0.0,0.0,0.0,0.0,0.0,0.0,0.0,2071100.0,0.0,0.0,2071100.0
2553200000,Холминська,0.0,7423500.0,0.0,0.0,0.0,0.0,0.0,0.0,0.0,1189200.0,7423500.0,0.0,1189200.0
2555900000,Чернігівська,77399000.0,0.0,0.0,0.0,0.0,0.0,0.0,0.0,0.0,42674500.0,0.0,77399000.0,42674500.0
2556000000,Яблунівська,0.0,4098900.0,0.0,0.0,0.0,0.0,0.0,0.0,0.0,0.0,4098900.0,0.0,0.0
2453800000,Банилівська,0.0,16519600.0,0.0,0.0,0.0,0.0,0.0,0.0,0.0,0.0,16519600.0,0.0,0.0
2453900000,Берегометська,0.0,35671200.0,0.0,0.0,0.0,0.0,0.0,0.0,0.0,0.0,35671200.0,0.0,0.0
2454000000,Боянська,0.0,11234000.0,0.0,0.0,0.0,0.0,0.0,0.0,0.0,0.0,11234000.0,0.0,0.0
2454100000,Брусницька,0.0,20331100.0,0.0,0.0,0.0,0.0,0.0,0.0,0.0,0.0,20331100.0,0.0,0.0
2453400000,Ванчиковецька,0.0,32855800.0,0.0,0.0,0.0,0.0,0.0,0.0,0.0,0.0,32855800.0,0.0,0.0
2450100000,Вашковецька,0.0,9140000.0,0.0,0.0,0.0,0.0,0.0,0.0,0.0,786300.0,9140000.0,0.0,786300.0
2451100000,Вашківецька,0.0,23236500.0,0.0,0.0,0.0,0.0,0.0,0.0,0.0,0.0,23236500.0,0.0,0.0
2450200000,Великокучурівська,0.0,28465600.0,0.0,0.0,0.0,0.0,0.0,0.0,0.0,4159300.0,28465600.0,0.0,4159300.0
2454200000,Веренчанська,0.0,14722500.0,0.0,0.0,0.0,0.0,0.0,0.0,0.0,0.0,14722500.0,0.0,0.0
2451200000,Вижницька,0.0,15278500.0,0.0,0.0,0.0,0.0,0.0,0.0,0.0,0.0,15278500.0,0.0,0.0
2450300000,Волоківська,0.0,15421000.0,0.0,0.0,0.0,0.0,0.0,0.0,0.0,0.0,15421000.0,0.0,0.0
2452300000,Вікнянська,0.0,9960600.0,0.0,0.0,0.0,0.0,0.0,0.0,0.0,24795600.0,9960600.0,0.0,24795600.0
2452700000,Герцаївська,0.0,33845700.0,0.0,0.0,0.0,0.0,0.0,0.0,0.0,0.0,33845700.0,0.0,0.0
2450400000,Глибоцька,0.0,9393200.0,0.0,0.0,0.0,0.0,0.0,0.0,0.0,0.0,9393200.0,0.0,0.0
2454300000,Горішньошеровецька,0.0,12991900.0,0.0,0.0,0.0,0.0,0.0,0.0,0.0,0.0,12991900.0,0.0,0.0
2452800000,Заставнівська,0.0,14877500.0,0.0,0.0,0.0,0.0,0.0,0.0,0.0,0.0,14877500.0,0.0,0.0
2453700000,Кадубовецька,0.0,13272500.0,0.0,0.0,0.0,0.0,0.0,0.0,0.0,0.0,13272500.0,0.0,0.0
2454400000,Кам'янецька,0.0,22373900.0,0.0,0.0,0.0,0.0,0.0,0.0,0.0,0.0,22373900.0,0.0,0.0
2454500000,Кам'янська,0.0,27428800.0,0.0,0.0,0.0,0.0,0.0,0.0,0.0,0.0,27428800.0,0.0,0.0
2453500000,Карапчівська,0.0,10487600.0,0.0,0.0,0.0,0.0,0.0,0.0,0.0,0.0,10487600.0,0.0,0.0
2454600000,Кельменецька,0.0,52697900.0,0.0,0.0,0.0,0.0,0.0,0.0,0.0,0.0,52697900.0,0.0,0.0
2450500000,Клішковецька,0.0,32597100.0,0.0,0.0,0.0,0.0,0.0,0.0,0.0,0.0,32597100.0,0.0,0.0
2451700000,Конятинська,0.0,9702600.0,0.0,0.0,0.0,0.0,0.0,0.0,0.0,6008200.0,9702600.0,0.0,6008200.0
2452500000,Кострижівська,0.0,10052200.0,0.0,0.0,0.0,0.0,0.0,0.0,0.0,371700.0,10052200.0,0.0,371700.0
2451400000,Красноїльська,0.0,23627200.0,0.0,0.0,0.0,0.0,0.0,0.0,0.0,0.0,23627200.0,0.0,0.0
2452100000,Кіцманська,0.0,22431900.0,0.0,0.0,0.0,0.0,0.0,0.0,0.0,0.0,22431900.0,0.0,0.0
2454700000,Лівинецька,0.0,15000400.0,0.0,0.0,0.0,0.0,0.0,0.0,0.0,0.0,15000400.0,0.0,0.0
2452200000,Магальська,0.0,12057400.0,0.0,0.0,0.0,0.0,0.0,0.0,0.0,0.0,12057400.0,0.0,0.0
2450600000,Мамалигівська,0.0,20120500.0,0.0,0.0,0.0,0.0,0.0,0.0,0.0,0.0,20120500.0,0.0,0.0
2452000000,Мамаївська,0.0,24962500.0,0.0,0.0,0.0,0.0,0.0,0.0,0.0,0.0,24962500.0,0.0,0.0
2450700000,Недобоївська,0.0,23854400.0,0.0,0.0,0.0,0.0,0.0,0.0,0.0,0.0,23854400.0,0.0,0.0
2452900000,Неполоковецька,0.0,9584700.0,0.0,0.0,0.0,0.0,0.0,0.0,0.0,430800.0,9584700.0,0.0,430800.0
2453300000,Новодністровська,3713500.0,0.0,0.0,0.0,0.0,0.0,0.0,0.0,0.0,0.0,0.0,3713500.0,0.0
2452600000,Новоселицька,0.0,45019300.0,0.0,0.0,0.0,0.0,0.0,0.0,0.0,0.0,45019300.0,0.0,0.0
2451900000,Острицька,0.0,28654600.0,0.0,0.0,0.0,0.0,0.0,0.0,0.0,0.0,28654600.0,0.0,0.0
2454800000,Петровецька,0.0,19203100.0,0.0,0.0,0.0,0.0,0.0,0.0,0.0,498700.0,19203100.0,0.0,498700.0
2454900000,Путильська,0.0,13059500.0,0.0,0.0,0.0,0.0,0.0,0.0,0.0,14970900.0,13059500.0,0.0,14970900.0
2450800000,Рукшинська,0.0,16561700.0,0.0,0.0,0.0,0.0,0.0,0.0,0.0,0.0,16561700.0,0.0,0.0
2451800000,Селятинська,0.0,7552500.0,0.0,0.0,0.0,0.0,0.0,0.0,0.0,8348100.0,7552500.0,0.0,8348100.0
2450900000,Сокирянська,0.0,44092700.0,0.0,0.0,0.0,0.0,0.0,0.0,0.0,0.0,44092700.0,0.0,0.0
2453000000,Ставчанська,0.0,13414400.0,0.0,0.0,0.0,0.0,0.0,0.0,0.0,0.0,13414400.0,0.0,0.0
2451300000,Сторожинецька,0.0,72381200.0,0.0,0.0,0.0,0.0,0.0,0.0,0.0,1518100.0,72381200.0,0.0,1518100.0
2453600000,Сучевенська,0.0,18972300.0,0.0,0.0,0.0,0.0,0.0,0.0,0.0,0.0,18972300.0,0.0,0.0
2455000000,Тарашанська,0.0,16681000.0,0.0,0.0,0.0,0.0,0.0,0.0,0.0,0.0,16681000.0,0.0,0.0
2451500000,Тереблеченська,0.0,13181400.0,0.0,0.0,0.0,0.0,0.0,0.0,0.0,0.0,13181400.0,0.0,0.0
2455100000,Топорівська,0.0,26869900.0,0.0,0.0,0.0,0.0,0.0,0.0,0.0,0.0,26869900.0,0.0,0.0
2451000000,Усть-Путильська,0.0,11810900.0,0.0,0.0,0.0,0.0,0.0,0.0,0.0,4895100.0,11810900.0,0.0,4895100.0
2453100000,Хотинська,0.0,14053800.0,0.0,0.0,0.0,0.0,0.0,0.0,0.0,0.0,14053800.0,0.0,0.0
2453200000,Чагорська,0.0,21220900.0,0.0,0.0,0.0,0.0,0.0,0.0,0.0,0.0,21220900.0,0.0,0.0
2455200000,Чернівецька,52963600.0,0.0,0.0,0.0,0.0,0.0,0.0,0.0,0.0,0.0,0.0,52963600.0,0.0
2451600000,Чудейська,0.0,34079400.0,0.0,0.0,0.0,0.0,0.0,0.0,0.0,0.0,34079400.0,0.0,0.0
2452400000,Юрковецька,0.0,17097900.0,0.0,0.0,0.0,0.0,0.0,0.0,0.0,0.0,17097900.0,0.0,0.0
0450100000,Апостолівська,0.0,11067500.0,0.0,0.0,0.0,0.0,0.0,0.0,0.0,0.0,11067500.0,0.0,0.0
0450200000,Богданівська,54101500.0,0.0,0.0,0.0,0.0,0.0,1179100.0,0.0,0.0,0.0,0.0,54101500.0,1179100.0
0451800000,Божедарівська,0.0,3610600.0,0.0,0.0,0.0,0.0,0.0,0.0,0.0,3014400.0,3610600.0,0.0,3014400.0
0457200000,Брагинівська,0.0,3935400.0,0.0,0.0,0.0,0.0,0.0,0.0,0.0,2179300.0,3935400.0,0.0,2179300.0
0450500000,Вакулівська,0.0,2194800.0,0.0,0.0,0.0,0.0,0.0,0.0,0.0,800500.0,2194800.0,0.0,800500.0
0451900000,Васильківська,0.0,26510800.0,0.0,0.0,0.0,0.0,0.0,0.0,0.0,0.0,26510800.0,0.0,0.0
0452900000,Великомихайлівська,0.0,7270700.0,0.0,0.0,0.0,0.0,0.0,0.0,0.0,9113000.0,7270700.0,0.0,9113000.0
0450300000,Вербківська,57589300.0,0.0,0.0,0.0,0.0,0.0,0.0,0.0,0.0,0.0,0.0,57589300.0,0.0
0453600000,Верхньодніпровська,0.0,18554500.0,0.0,0.0,0.0,0.0,0.0,0.0,0.0,0.0,18554500.0,0.0,0.0
0457300000,Верхівцівська,0.0,0.0,0.0,0.0,0.0,0.0,0.0,0.0,0.0,1155300.0,0.0,0.0,1155300.0
0452000000,Вишнівська,0.0,3306000.0,0.0,0.0,0.0,0.0,0.0,0.0,0.0,378100.0,3306000.0,0.0,378100.0
0457400000,Вільногірська,2418300.0,0.0,0.0,0.0,0.0,0.0,0.0,0.0,0.0,0.0,0.0,2418300.0,0.0
0456300000,Глеюватська,11585500.0,0.0,0.0,0.0,0.0,0.0,0.0,0.0,0.0,0.0,0.0,11585500.0,0.0
0453000000,Гречаноподівська,0.0,5880500.0,0.0,0.0,0.0,0.0,0.0,0.0,0.0,0.0,5880500.0,0.0,0.0
0450700000,Грушівська,0.0,13927500.0,0.0,0.0,0.0,0.0,0.0,0.0,0.0,7917700.0,13927500.0,0.0,7917700.0
0457500000,Губиниська,657600.0,0.0,0.0,0.0,0.0,0.0,0.0,0.0,0.0,0.0,0.0,657600.0,0.0
0455600000,Девладівська,0.0,3988100.0,0.0,0.0,0.0,0.0,0.0,0.0,0.0,0.0,3988100.0,0.0,0.0
0457600000,Дніпровська,2521105900.0,0.0,0.0,0.0,0.0,0.0,576882700.0,0.0,0.0,310548700.0,0.0,2521105900.0,887431400.0
0453500000,Дубовиківська,0.0,5000900.0,0.0,0.0,0.0,0.0,0.0,0.0,0.0,2694400.0,5000900.0,0.0,2694400.0
0457700000,Жовтоводська,0.0,17334300.0,0.0,0.0,0.0,0.0,0.0,0.0,0.0,0.0,17334300.0,0.0,0.0
0454500000,Зайцівська,850800.0,0.0,0.0,0.0,0.0,0.0,0.0,0.0,0.0,3346200.0,0.0,850800.0,3346200.0
0456400000,Затишнянська,0.0,2079600.0,0.0,0.0,0.0,0.0,0.0,0.0,0.0,2673400.0,2079600.0,0.0,2673400.0
0450600000,Зеленодольська,0.0,9810500.0,0.0,0.0,0.0,0.0,0.0,0.0,0.0,4190500.0,9810500.0,0.0,4190500.0
0455400000,Кам'янська,0.0,2297000.0,0.0,0.0,0.0,0.0,0.0,0.0,0.0,486500.0,2297000.0,0.0,486500.0
0455000000,Карпівська,9706300.0,0.0,0.0,0.0,0.0,0.0,0.0,0.0,0.0,5785600.0,0.0,9706300.0,5785600.0
0454800000,Китайгородська,0.0,1944400.0,0.0,0.0,0.0,0.0,0.0,0.0,0.0,2797200.0,1944400.0,0.0,2797200.0
0457810000,Криворізька,194172400.0,0.0,0.0,0.0,0.0,0.0,0.0,0.0,0.0,0.0,0.0,194172400.0,0.0
0452100000,Криничанська,0.0,0.0,0.0,0.0,0.0,0.0,0.0,0.0,0.0,4856500.0,0.0,0.0,4856500.0
0452200000,Лихівська,0.0,6587500.0,0.0,0.0,0.0,0.0,0.0,0.0,0.0,0.0,6587500.0,0.0,0.0
0455700000,Личківська,0.0,14000.0,0.0,0.0,0.0,0.0,0.0,0.0,0.0,0.0,14000.0,0.0,0.0
0457900000,Лозуватська,0.0,6422900.0,0.0,0.0,0.0,0.0,0.0,0.0,0.0,0.0,6422900.0,0.0,0.0
0455300000,Любимівська,0.0,118600.0,0.0,0.0,0.0,0.0,0.0,0.0,0.0,0.0,118600.0,0.0,0.0
0450800000,Ляшківська,0.0,3828100.0,0.0,0.0,0.0,0.0,0.0,0.0,0.0,0.0,3828100.0,0.0,0.0
0456500000,Магдалинівська,0.0,0.0,0.0,0.0,0.0,0.0,0.0,0.0,0.0,0.0,0.0,0.0,0.0
0453100000,Маломихайлівська,0.0,19814700.0,0.0,0.0,0.0,0.0,0.0,0.0,0.0,9663400.0,19814700.0,0.0,9663400.0
0456100000,Марганецька,0.0,65605400.0,0.0,0.0,0.0,0.0,0.0,0.0,0.0,26202300.0,65605400.0,0.0,26202300.0
0454100000,Межиріцька,0.0,11810500.0,0.0,0.0,0.0,0.0,0.0,0.0,0.0,0.0,11810500.0,0.0,0.0
0453700000,Межівська,0.0,26365100.0,0.0,0.0,0.0,0.0,0.0,0.0,0.0,21051600.0,26365100.0,0.0,21051600.0
0450900000,Миколаївська,0.0,3947000.0,0.0,0.0,0.0,0.0,0.0,0.0,0.0,166700.0,3947000.0,0.0,166700.0
0451600000,Мирівська,0.0,13206000.0,0.0,0.0,0.0,0.0,0.0,0.0,0.0,7808400.0,13206000.0,0.0,7808400.0
0450900000,Могилівська,0.0,3947000.0,0.0,0.0,0.0,0.0,0.0,0.0,0.0,166700.0,3947000.0,0.0,166700.0
0453900000,Мозолевська,0.0,0.0,0.0,0.0,0.0,0.0,0.0,0.0,0.0,0.0,0.0,0.0,0.0
0451000000,Нивотрудівська,0.0,7335400.0,0.0,0.0,0.0,0.0,0.0,0.0,0.0,0.0,7335400.0,0.0,0.0
0453200000,Новолатівська,1941300.0,0.0,0.0,0.0,0.0,0.0,0.0,0.0,0.0,1543600.0,0.0,1941300.0,1543600.0
0453200000,Новоолександрівська,1941300.0,0.0,0.0,0.0,0.0,0.0,0.0,0.0,0.0,1543600.0,0.0,1941300.0,1543600.0
0453300000,Новопавлівська,0.0,6170800.0,0.0,0.0,0.0,0.0,0.0,0.0,0.0,18097600.0,6170800.0,0.0,18097600.0
0452300000,Новопокровська,0.0,25016400.0,0.0,0.0,0.0,0.0,0.0,0.0,0.0,9390200.0,25016400.0,0.0,9390200.0
0458300000,Новопільська,0.0,0.0,0.0,0.0,0.0,0.0,0.0,0.0,0.0,0.0,0.0,0.0,0.0
0458100000,Нікопольська,0.0,0.0,0.0,0.0,0.0,0.0,0.0,0.0,0.0,78103300.0,0.0,0.0,78103300.0
0456600000,Обухівська,0.0,16844600.0,0.0,0.0,0.0,0.0,0.0,0.0,0.0,0.0,16844600.0,0.0,0.0
0458800000,П'ятихатська,0.0,7062500.0,0.0,0.0,0.0,0.0,0.0,0.0,0.0,0.0,7062500.0,0.0,0.0
0458400000,Павлоградська,16309400.0,0.0,0.0,0.0,0.0,0.0,16678800.0,0.0,0.0,0.0,0.0,16309400.0,16678800.0
0455800000,Перещепинська,0.0,12748800.0,0.0,0.0,0.0,0.0,0.0,0.0,0.0,0.0,12748800.0,0.0,0.0
0454300000,Петриківська,30562800.0,0.0,0.0,0.0,0.0,0.0,0.0,0.0,0.0,0.0,0.0,30562800.0,0.0
0458600000,Петропавлівська,0.0,8128700.0,0.0,0.0,0.0,0.0,0.0,0.0,0.0,531600.0,8128700.0,0.0,531600.0
0452300000,Покровська,0.0,25016400.0,0.0,0.0,0.0,0.0,0.0,0.0,0.0,9390200.0,25016400.0,0.0,9390200.0
0456800000,Підгородненська,0.0,35442600.0,0.0,0.0,0.0,0.0,0.0,0.0,0.0,0.0,35442600.0,0.0,0.0
0454600000,Раївська,0.0,5325400.0,0.0,0.0,0.0,0.0,0.0,0.0,0.0,176500.0,5325400.0,0.0,176500.0
0452400000,Роздорська,0.0,2351600.0,0.0,0.0,0.0,0.0,0.0,0.0,0.0,2213400.0,2351600.0,0.0,2213400.0
0455500000,Саксаганська,0.0,8244600.0,0.0,0.0,0.0,0.0,0.0,0.0,0.0,0.0,8244600.0,0.0,0.0
0458200000,Самарівська,0.0,16462300.0,0.0,0.0,0.0,0.0,0.0,0.0,0.0,38506000.0,16462300.0,0.0,38506000.0
0450400000,Святовасилівська,0.0,2404900.0,0.0,0.0,0.0,0.0,0.0,0.0,0.0,2049600.0,2404900.0,0.0,2049600.0
0458900000,Синельниківська,0.0,11572000.0,0.0,0.0,0.0,0.0,0.0,0.0,0.0,663600.0,11572000.0,0.0,663600.0
0454800000,Славгородська,0.0,1944400.0,0.0,0.0,0.0,0.0,0.0,0.0,0.0,2797200.0,1944400.0,0.0,2797200.0
0451500000,Слобожанська,242260500.0,0.0,0.0,0.0,0.0,0.0,0.0,0.0,0.0,0.0,0.0,242260500.0,0.0
0459000000,Слов'янська,0.0,228400.0,0.0,0.0,0.0,0.0,0.0,0.0,0.0,5638500.0,228400.0,0.0,5638500.0
0451300000,Солонянська,0.0,11770900.0,0.0,0.0,0.0,0.0,0.0,0.0,0.0,0.0,11770900.0,0.0,0.0
0452500000,Софіївська,0.0,3041300.0,0.0,0.0,0.0,0.0,0.0,0.0,0.0,0.0,3041300.0,0.0,0.0
0451400000,Сурсько-Литовська,0.0,10158600.0,0.0,0.0,0.0,0.0,0.0,0.0,0.0,0.0,10158600.0,0.0,0.0
0459100000,Тернівська,19584200.0,0.0,0.0,0.0,0.0,0.0,0.0,0.0,0.0,0.0,0.0,19584200.0,0.0
0452600000,Томаківська,0.0,11932400.0,0.0,0.0,0.0,0.0,0.0,0.0,0.0,0.0,11932400.0,0.0,0.0
0454200000,Троїцька,31322800.0,0.0,0.0,0.0,0.0,0.0,0.0,0.0,0.0,1069600.0,0.0,31322800.0,1069600.0
0455400000,Українська,0.0,2297000.0,0.0,0.0,0.0,0.0,0.0,0.0,0.0,486500.0,2297000.0,0.0,486500.0
0452700000,Царичанська,0.0,7351200.0,0.0,0.0,0.0,0.0,0.0,0.0,0.0,0.0,7351200.0,0.0,0.0
0454000000,Червоногригорівська,0.0,18362500.0,0.0,0.0,0.0,0.0,0.0,0.0,0.0,12276200.0,18362500.0,0.0,12276200.0
0456000000,Чумаківська,4523100.0,0.0,0.0,0.0,0.0,0.0,0.0,0.0,0.0,0.0,0.0,4523100.0,0.0
0451600000,Широківська,0.0,13206000.0,0.0,0.0,0.0,0.0,0.0,0.0,0.0,7808400.0,13206000.0,0.0,7808400.0
0455200000,Юріївська,0.0,0.0,0.0,0.0,0.0,0.0,0.0,0.0,0.0,0.0,0.0,0.0,0.0
0454700000,Яворницька,0.0,20275800.0,0.0,0.0,0.0,0.0,0.0,0.0,0.0,0.0,20275800.0,0.0,0.0
0555400000,Єнакієвська,0.0,0.0,0.0,0.0,0.0,0.0,0.0,0.0,0.0,0.0,0.0,0.0,0.0
0550600000,Іллінівська,0.0,35262300.0,0.0,0.0,0.0,0.0,0.0,0.0,0.0,35808800.0,35262300.0,0.0,35808800.0
0555600000,Іловайська,0.0,0.0,0.0,0.0,0.0,0.0,0.0,0.0,0.0,0.0,0.0,0.0,0.0
0551400000,Авдіївська,0.0,0.0,0.0,0.0,0.0,0.0,0.0,0.0,0.0,102517400.0,0.0,0.0,102517400.0
0554700000,Амвросіївська,0.0,0.0,0.0,0.0,0.0,0.0,0.0,0.0,0.0,0.0,0.0,0.0,0.0
0550900000,Андріївська,0.0,0.0,0.0,0.0,0.0,0.0,0.0,0.0,0.0,23468700.0,0.0,0.0,23468700.0
0551100000,Бахмутська,0.0,237189000.0,0.0,0.0,0.0,0.0,0.0,0.0,0.0,273567600.0,237189000.0,0.0,273567600.0
0554800000,Бойківська,0.0,0.0,0.0,0.0,0.0,0.0,0.0,0.0,0.0,0.0,0.0,0.0,0.0
0551500000,Білозерська,0.0,18100900.0,0.0,0.0,0.0,0.0,0.0,0.0,0.0,7612600.0,18100900.0,0.0,7612600.0
0551600000,Великоновосілківська,0.0,65240600.0,0.0,0.0,0.0,0.0,0.0,0.0,0.0,46820800.0,65240600.0,0.0,46820800.0
0551700000,Волноваська,0.0,0.0,0.0,0.0,0.0,0.0,0.0,0.0,0.0,28753700.0,0.0,0.0,28753700.0
0554900000,Вуглегірська,0.0,0.0,0.0,0.0,0.0,0.0,0.0,0.0,0.0,0.0,0.0,0.0,0.0
0551200000,Вугледарська,0.0,102333300.0,0.0,0.0,0.0,0.0,0.0,0.0,0.0,71539200.0,102333300.0,0.0,71539200.0
0555000000,Горлівська,0.0,0.0,0.0,0.0,0.0,0.0,0.0,0.0,0.0,0.0,0.0,0.0,0.0
0551800000,Гродівська,0.0,0.0,0.0,0.0,0.0,0.0,0.0,0.0,0.0,63021400.0,0.0,0.0,63021400.0
0555100000,Дебальцівська,0.0,0.0,0.0,0.0,0.0,0.0,0.0,0.0,0.0,0.0,0.0,0.0,0.0
0551900000,Добропільська,0.0,31849600.0,0.0,0.0,0.0,0.0,0.0,0.0,0.0,32512300.0,31849600.0,0.0,32512300.0
0555200000,Докучаєвська,0.0,0.0,0.0,0.0,0.0,0.0,0.0,0.0,0.0,0.0,0.0,0.0,0.0
0555300000,Донецька,0.0,0.0,0.0,0.0,0.0,0.0,0.0,0.0,0.0,0.0,0.0,0.0,0.0
0552000000,Дружківська,0.0,161302100.0,0.0,0.0,0.0,0.0,0.0,0.0,0.0,61481400.0,161302100.0,0.0,61481400.0
0555500000,Жданівська,0.0,0.0,0.0,0.0,0.0,0.0,0.0,0.0,0.0,0.0,0.0,0.0,0.0
0550800000,Званівська,0.0,6107600.0,0.0,0.0,0.0,0.0,0.0,0.0,0.0,14435400.0,6107600.0,0.0,14435400.0
0555700000,Кальміуська,0.0,0.0,0.0,0.0,0.0,0.0,0.0,0.0,0.0,0.0,0.0,0.0,0.0
0552100000,Кальчицька,0.0,0.0,0.0,0.0,0.0,0.0,0.0,0.0,0.0,3000000.0,0.0,0.0,3000000.0
0552200000,Комарська,0.0,19577600.0,0.0,0.0,0.0,0.0,0.0,0.0,0.0,19949500.0,19577600.0,0.0,19949500.0
0552300000,Костянтинівська,0.0,206759700.0,0.0,0.0,0.0,0.0,0.0,0.0,0.0,111514600.0,206759700.0,0.0,111514600.0
0552400000,Краматорська,0.0,274780800.0,0.0,0.0,0.0,0.0,0.0,0.0,0.0,426827500.0,274780800.0,0.0,426827500.0
0551300000,Криворізька,0.0,5574400.0,0.0,0.0,0.0,0.0,0.0,0.0,0.0,13209300.0,5574400.0,0.0,13209300.0
0552500000,Курахівська,0.0,99879700.0,0.0,0.0,0.0,0.0,0.0,0.0,0.0,159566300.0,99879700.0,0.0,159566300.0
0550100000,Лиманська,0.0,110658400.0,0.0,0.0,0.0,0.0,0.0,0.0,0.0,83853900.0,110658400.0,0.0,83853900.0
0555800000,Макіївська,0.0,0.0,0.0,0.0,0.0,0.0,0.0,0.0,0.0,0.0,0.0,0.0,0.0
0552600000,Мангушська,0.0,0.0,0.0,0.0,0.0,0.0,0.0,0.0,0.0,23504900.0,0.0,0.0,23504900.0
0552700000,Мар'їнська,0.0,101353300.0,0.0,0.0,0.0,0.0,0.0,0.0,0.0,21653100.0,101353300.0,0.0,21653100.0
0552800000,Маріупольська,0.0,0.0,0.0,0.0,0.0,0.0,0.0,0.0,0.0,653362200.0,0.0,0.0,653362200.0
0553100000,Миколаївська,0.0,0.0,0.0,0.0,0.0,0.0,0.0,0.0,0.0,19648800.0,0.0,0.0,19648800.0
0553100000,Микільська,0.0,0.0,0.0,0.0,0.0,0.0,0.0,0.0,0.0,19648800.0,0.0,0.0,19648800.0
0552700000,Мирненська,0.0,101353300.0,0.0,0.0,0.0,0.0,0.0,0.0,0.0,21653100.0,101353300.0,0.0,21653100.0
0553000000,Мирноградська,0.0,69617700.0,0.0,0.0,0.0,0.0,0.0,0.0,0.0,140016000.0,69617700.0,0.0,140016000.0
0555900000,Новоазовська,0.0,0.0,0.0,0.0,0.0,0.0,0.0,0.0,0.0,0.0,0.0,0.0,0.0
0553200000,Новогродівська,0.0,49221700.0,0.0,0.0,0.0,0.0,0.0,0.0,0.0,3406300.0,49221700.0,0.0,3406300.0
0553300000,Новодонецька,0.0,22238500.0,0.0,0.0,0.0,0.0,0.0,0.0,0.0,25680900.0,22238500.0,0.0,25680900.0
0550900000,Олександрівська,0.0,0.0,0.0,0.0,0.0,0.0,0.0,0.0,0.0,23468700.0,0.0,0.0,23468700.0
0553400000,Ольгинська,0.0,0.0,0.0,0.0,0.0,0.0,0.0,0.0,0.0,20342100.0,0.0,0.0,20342100.0
0553500000,Очеретинська,0.0,73939700.0,0.0,0.0,0.0,0.0,0.0,0.0,0.0,68343000.0,73939700.0,0.0,68343000.0
0553600000,Покровська,0.0,0.0,0.0,0.0,0.0,0.0,0.0,0.0,0.0,558435900.0,0.0,0.0,558435900.0
0553700000,Сартанська,0.0,0.0,0.0,0.0,0.0,0.0,0.0,0.0,0.0,26606600.0,0.0,0.0,26606600.0
0553900000,Святогірська,0.0,36132400.0,0.0,0.0,0.0,0.0,0.0,0.0,0.0,18662400.0,36132400.0,0.0,18662400.0
0553800000,Світлодарська,0.0,0.0,0.0,0.0,0.0,0.0,0.0,0.0,0.0,18470400.0,0.0,0.0,18470400.0
0554000000,Селидівська,0.0,105837900.0,0.0,0.0,0.0,0.0,0.0,0.0,0.0,1778300.0,105837900.0,0.0,1778300.0
0554100000,Слов'янська,0.0,270547000.0,0.0,0.0,0.0,0.0,0.0,0.0,0.0,114779400.0,270547000.0,0.0,114779400.0
0556000000,Сніжнянська,0.0,0.0,0.0,0.0,0.0,0.0,0.0,0.0,0.0,0.0,0.0,0.0,0.0
0550500000,Соледарська,0.0,49091000.0,0.0,0.0,0.0,0.0,0.0,0.0,0.0,75554000.0,49091000.0,0.0,75554000.0
0556100000,Старобешівська,0.0,0.0,0.0,0.0,0.0,0.0,0.0,0.0,0.0,0.0,0.0,0.0,0.0
0554200000,Старомлинівська,0.0,0.0,0.0,0.0,0.0,0.0,0.0,0.0,0.0,8391200.0,0.0,0.0,8391200.0
0550700000,Сіверська,0.0,37983200.0,0.0,0.0,0.0,0.0,0.0,0.0,0.0,14295600.0,37983200.0,0.0,14295600.0
0554300000,Торецька,0.0,183041800.0,0.0,0.0,0.0,0.0,0.0,0.0,0.0,58628400.0,183041800.0,0.0,58628400.0
0554400000,Удачненська,0.0,0.0,0.0,0.0,0.0,0.0,0.0,0.0,0.0,35565600.0,0.0,0.0,35565600.0
0556200000,Харцизька,0.0,0.0,0.0,0.0,0.0,0.0,0.0,0.0,0.0,0.0,0.0,0.0,0.0
0554500000,Хлібодарівська,0.0,0.0,0.0,0.0,0.0,0.0,0.0,0.0,0.0,21063400.0,0.0,0.0,21063400.0
0556300000,Хрестівська,0.0,0.0,0.0,0.0,0.0,0.0,0.0,0.0,0.0,0.0,0.0,0.0,0.0
0554600000,Часовоярська,0.0,37736300.0,0.0,0.0,0.0,0.0,0.0,0.0,0.0,20315000.0,37736300.0,0.0,20315000.0
0550300000,Черкаська,0.0,30694700.0,0.0,0.0,0.0,0.0,0.0,0.0,0.0,15855400.0,30694700.0,0.0,15855400.0
0556400000,Чистяківська,0.0,0.0,0.0,0.0,0.0,0.0,0.0,0.0,0.0,0.0,0.0,0.0,0.0
0556500000,Шахтарська,0.0,0.0,0.0,0.0,0.0,0.0,0.0,0.0,0.0,0.0,0.0,0.0,0.0
0550200000,Шахівська,0.0,3239200.0,0.0,0.0,0.0,0.0,0.0,0.0,0.0,77735400.0,3239200.0,0.0,77735400.0
0556600000,Ясинуватська,0.0,0.0,0.0,0.0,0.0,0.0,0.0,0.0,0.0,0.0,0.0,0.0,0.0
0953600000,Єзупільська,0.0,13639300.0,0.0,0.0,0.0,0.0,0.0,0.0,0.0,0.0,13639300.0,0.0,0.0
0953300000,Івано-Франківська,192572600.0,0.0,0.0,0.0,0.0,0.0,0.0,0.0,0.0,0.0,0.0,192572600.0,0.0
0954000000,Богородчанська,0.0,7491500.0,0.0,0.0,0.0,0.0,0.0,0.0,0.0,7896400.0,7491500.0,0.0,7896400.0
0954100000,Болехівська,0.0,35014300.0,0.0,0.0,0.0,0.0,0.0,0.0,0.0,0.0,35014300.0,0.0,0.0
0952000000,Брошнів-Осадська,0.0,0.0,0.0,0.0,0.0,0.0,0.0,0.0,0.0,0.0,0.0,0.0,0.0
0952600000,Букачівська,0.0,8152400.0,0.0,0.0,0.0,0.0,0.0,0.0,0.0,153000.0,8152400.0,0.0,153000.0
0954200000,Бурштинська,0.0,0.0,0.0,0.0,0.0,0.0,0.0,0.0,0.0,0.0,0.0,0.0,0.0
0950400000,Білоберізька,0.0,12767800.0,0.0,0.0,0.0,0.0,0.0,0.0,0.0,1222000.0,12767800.0,0.0,1222000.0
0950600000,Більшівцівська,0.0,15059200.0,0.0,0.0,0.0,0.0,0.0,0.0,0.0,117100.0,15059200.0,0.0,117100.0
0950100000,Верхнянська,0.0,15350900.0,0.0,0.0,0.0,0.0,0.0,0.0,0.0,0.0,15350900.0,0.0,0.0
0954300000,Верховинська,0.0,29988400.0,0.0,0.0,0.0,0.0,0.0,0.0,0.0,21256000.0,29988400.0,0.0,21256000.0
0952700000,Вигодська,0.0,12809700.0,0.0,0.0,0.0,0.0,0.0,0.0,0.0,0.0,12809700.0,0.0,0.0
0950700000,Витвицька,0.0,13591200.0,0.0,0.0,0.0,0.0,0.0,0.0,0.0,163200.0,13591200.0,0.0,163200.0
0952100000,Войнилівська,0.0,20593900.0,0.0,0.0,0.0,0.0,0.0,0.0,0.0,4310700.0,20593900.0,0.0,4310700.0
0954400000,Ворохтянська,0.0,8753200.0,0.0,0.0,0.0,0.0,0.0,0.0,0.0,3224000.0,8753200.0,0.0,3224000.0
0954500000,Галицька,0.0,17676200.0,0.0,0.0,0.0,0.0,0.0,0.0,0.0,0.0,17676200.0,0.0,0.0
0953400000,Гвіздецька,0.0,17020400.0,0.0,0.0,0.0,0.0,0.0,0.0,0.0,0.0,17020400.0,0.0,0.0
0954600000,Городенківська,0.0,50529800.0,0.0,0.0,0.0,0.0,0.0,0.0,0.0,0.0,50529800.0,0.0,0.0
0952200000,Делятинська,0.0,39674000.0,0.0,0.0,0.0,0.0,0.0,0.0,0.0,1269700.0,39674000.0,0.0,1269700.0
0951300000,Дзвиняцька,0.0,10830100.0,0.0,0.0,0.0,0.0,0.0,0.0,0.0,0.0,10830100.0,0.0,0.0
0953200000,Долинська,5313700.0,0.0,0.0,0.0,0.0,0.0,0.0,0.0,0.0,0.0,0.0,5313700.0,0.0
0954700000,Дубовецька,0.0,1836800.0,0.0,0.0,0.0,0.0,0.0,0.0,0.0,0.0,1836800.0,0.0,0.0
0953500000,Дубівська,0.0,7569800.0,0.0,0.0,0.0,0.0,0.0,0.0,0.0,7727600.0,7569800.0,0.0,7727600.0
0951800000,Заболотівська,0.0,38342700.0,0.0,0.0,0.0,0.0,0.0,0.0,0.0,0.0,38342700.0,0.0,0.0
0952400000,Загвіздянська,0.0,10120400.0,0.0,0.0,0.0,0.0,0.0,0.0,0.0,868200.0,10120400.0,0.0,868200.0
0954800000,Зеленська,0.0,1156500.0,0.0,0.0,0.0,0.0,0.0,0.0,0.0,3499000.0,1156500.0,0.0,3499000.0
0953100000,Калуська,0.0,23927600.0,0.0,0.0,0.0,0.0,0.0,0.0,0.0,22544700.0,23927600.0,0.0,22544700.0
0953000000,Коломийська,0.0,0.0,0.0,0.0,0.0,0.0,0.0,0.0,0.0,64440000.0,0.0,0.0,64440000.0
0952800000,Коршівська,0.0,17424300.0,0.0,0.0,0.0,0.0,0.0,0.0,0.0,135900.0,17424300.0,0.0,135900.0
0950800000,Космацька,0.0,19521400.0,0.0,0.0,0.0,0.0,0.0,0.0,0.0,0.0,19521400.0,0.0,0.0
0954900000,Косівська,0.0,38992200.0,0.0,0.0,0.0,0.0,0.0,0.0,0.0,0.0,38992200.0,0.0,0.0
0955000000,Кутська,0.0,36948000.0,0.0,0.0,0.0,0.0,0.0,0.0,0.0,173300.0,36948000.0,0.0,173300.0
0951700000,Ланчинська,0.0,26377700.0,0.0,0.0,0.0,0.0,0.0,0.0,0.0,0.0,26377700.0,0.0,0.0
0955100000,Лисецька,0.0,7782800.0,0.0,0.0,0.0,0.0,0.0,0.0,0.0,0.0,7782800.0,0.0,0.0
0950900000,Матеївецька,0.0,16058100.0,0.0,0.0,0.0,0.0,0.0,0.0,0.0,0.0,16058100.0,0.0,0.0
0955200000,Надвірнянська,0.0,5002200.0,0.0,0.0,0.0,0.0,0.0,0.0,0.0,4768200.0,5002200.0,0.0,4768200.0
0951000000,Нижньовербізька,0.0,30705800.0,0.0,0.0,0.0,0.0,0.0,0.0,0.0,0.0,30705800.0,0.0,0.0
0952900000,Новицька,0.0,33025800.0,0.0,0.0,0.0,0.0,0.0,0.0,0.0,0.0,33025800.0,0.0,0.0
0955300000,Обертинська,0.0,16991400.0,0.0,0.0,0.0,0.0,0.0,0.0,0.0,0.0,16991400.0,0.0,0.0
0951200000,Олешанська,0.0,17841000.0,0.0,0.0,0.0,0.0,0.0,0.0,0.0,0.0,17841000.0,0.0,0.0
0955400000,Отинійська,0.0,44544200.0,0.0,0.0,0.0,0.0,0.0,0.0,0.0,0.0,44544200.0,0.0,0.0
0951100000,П'ядицька,0.0,24668500.0,0.0,0.0,0.0,0.0,0.0,0.0,0.0,0.0,24668500.0,0.0,0.0
0953800000,Пасічнянська,0.0,6420400.0,0.0,0.0,0.0,0.0,0.0,0.0,0.0,25301600.0,6420400.0,0.0,25301600.0
0955500000,Перегінська,0.0,40302700.0,0.0,0.0,0.0,0.0,0.0,0.0,0.0,0.0,40302700.0,0.0,0.0
0951600000,Переріслянська,0.0,3359400.0,0.0,0.0,0.0,0.0,0.0,0.0,0.0,32870000.0,3359400.0,0.0,32870000.0
0950200000,Печеніжинська,0.0,37924800.0,0.0,0.0,0.0,0.0,0.0,0.0,0.0,0.0,37924800.0,0.0,0.0
0955600000,Поляницька,14009000.0,0.0,0.0,0.0,0.0,0.0,0.0,0.0,0.0,598500.0,0.0,14009000.0,598500.0
0953900000,Підгайчиківська,0.0,11165400.0,0.0,0.0,0.0,0.0,0.0,0.0,0.0,0.0,11165400.0,0.0,0.0
0955700000,Рогатинська,0.0,21949500.0,0.0,0.0,0.0,0.0,0.0,0.0,0.0,0.0,21949500.0,0.0,0.0
0955800000,Рожнятівська,0.0,31479300.0,0.0,0.0,0.0,0.0,0.0,0.0,0.0,594800.0,31479300.0,0.0,594800.0
0951400000,Рожнівська,0.0,29719100.0,0.0,0.0,0.0,0.0,0.0,0.0,0.0,0.0,29719100.0,0.0,0.0
0955900000,Снятинська,0.0,44291500.0,0.0,0.0,0.0,0.0,0.0,0.0,0.0,567600.0,44291500.0,0.0,567600.0
0956000000,Солотвинська,0.0,57298200.0,0.0,0.0,0.0,0.0,0.0,0.0,0.0,0.0,57298200.0,0.0,0.0
0952300000,Спаська,0.0,10848100.0,0.0,0.0,0.0,0.0,0.0,0.0,0.0,4531300.0,10848100.0,0.0,4531300.0
0950300000,Старобогородчанська,0.0,12937000.0,0.0,0.0,0.0,0.0,0.0,0.0,0.0,0.0,12937000.0,0.0,0.0
0956100000,Тисменицька,0.0,46282600.0,0.0,0.0,0.0,0.0,0.0,0.0,0.0,0.0,46282600.0,0.0,0.0
0950500000,Тлумацька,0.0,50852700.0,0.0,0.0,0.0,0.0,0.0,0.0,0.0,2832000.0,50852700.0,0.0,2832000.0
0952500000,Угринівська,0.0,1131300.0,0.0,0.0,0.0,0.0,0.0,0.0,0.0,1062600.0,1131300.0,0.0,1062600.0
0956200000,Чернелицька,0.0,11845100.0,0.0,0.0,0.0,0.0,0.0,0.0,0.0,0.0,11845100.0,0.0,0.0
0951500000,Яблунівська,0.0,32806600.0,0.0,0.0,0.0,0.0,0.0,0.0,0.0,2221400.0,32806600.0,0.0,2221400.0
0951900000,Ямницька,55391700.0,0.0,0.0,0.0,0.0,0.0,0.0,0.0,0.0,0.0,0.0,55391700.0,0.0
0956300000,Яремчанська,0.0,11355600.0,0.0,0.0,0.0,0.0,0.0,0.0,0.0,9071200.0,11355600.0,0.0,9071200.0
2051800000,Ізюмська,0.0,112593200.0,0.0,0.0,0.0,0.0,0.0,0.0,0.0,59587500.0,112593200.0,0.0,59587500.0
2052400000,Балаклійська,0.0,79274500.0,0.0,0.0,0.0,0.0,0.0,0.0,0.0,72530100.0,79274500.0,0.0,72530100.0
2052500000,Барвінківська,0.0,40727700.0,0.0,0.0,0.0,0.0,0.0,0.0,0.0,16144700.0,40727700.0,0.0,16144700.0
2052600000,Безлюдівська,0.0,12534000.0,0.0,0.0,0.0,0.0,12900.0,0.0,0.0,14136600.0,12534000.0,0.0,14149500.0
2054000000,Берестинська,0.0,11745100.0,0.0,0.0,0.0,0.0,0.0,0.0,0.0,0.0,11745100.0,0.0,0.0
2052800000,Близнюківська,0.0,21327200.0,0.0,0.0,0.0,0.0,0.0,0.0,0.0,6230500.0,21327200.0,0.0,6230500.0
2052900000,Богодухівська,0.0,40090400.0,0.0,0.0,0.0,0.0,0.0,0.0,0.0,16082400.0,40090400.0,0.0,16082400.0
2053000000,Борівська,0.0,30232400.0,0.0,0.0,0.0,0.0,0.0,0.0,0.0,39448500.0,30232400.0,0.0,39448500.0
2052700000,Біляївська,0.0,2367000.0,0.0,0.0,0.0,0.0,0.0,0.0,0.0,6455000.0,2367000.0,0.0,6455000.0
2053100000,Валківська,0.0,78701100.0,0.0,0.0,0.0,0.0,0.0,0.0,0.0,12936300.0,78701100.0,0.0,12936300.0
2051300000,Великобурлуцька,0.0,18822300.0,0.0,0.0,0.0,0.0,0.0,0.0,0.0,29185500.0,18822300.0,0.0,29185500.0
2053200000,Височанська,0.0,63981400.0,0.0,0.0,0.0,0.0,0.0,0.0,0.0,20150100.0,63981400.0,0.0,20150100.0
2053500000,Вовчанська,0.0,84974500.0,0.0,0.0,0.0,0.0,0.0,0.0,0.0,61863300.0,84974500.0,0.0,61863300.0
2053400000,Вільхуватська,0.0,13557800.0,0.0,0.0,0.0,0.0,0.0,0.0,0.0,28468600.0,13557800.0,0.0,28468600.0
2053300000,Вільхівська,0.0,18590800.0,0.0,0.0,0.0,0.0,0.0,0.0,0.0,34103400.0,18590800.0,0.0,34103400.0
2053600000,Дворічанська,0.0,45601700.0,0.0,0.0,0.0,0.0,0.0,0.0,0.0,59417400.0,45601700.0,0.0,59417400.0
2053700000,Дергачівська,0.0,49590700.0,0.0,0.0,0.0,0.0,0.0,0.0,0.0,79371900.0,49590700.0,0.0,79371900.0
2052000000,Донецька,0.0,0.0,0.0,0.0,0.0,0.0,0.0,0.0,0.0,12856200.0,0.0,0.0,12856200.0
2050700000,Зачепилівська,0.0,17664800.0,0.0,0.0,0.0,0.0,0.0,0.0,0.0,0.0,17664800.0,0.0,0.0
2054700000,Златопільська,0.0,38421700.0,0.0,0.0,0.0,0.0,0.0,0.0,0.0,31954200.0,38421700.0,0.0,31954200.0
2053800000,Зміївська,0.0,102017000.0,0.0,0.0,0.0,0.0,0.0,0.0,0.0,22367300.0,102017000.0,0.0,22367300.0
2050800000,Золочівська,0.0,49452100.0,0.0,0.0,0.0,0.0,0.0,0.0,0.0,26256400.0,49452100.0,0.0,26256400.0
2053900000,Кегичівська,0.0,26090000.0,0.0,0.0,0.0,0.0,0.0,0.0,0.0,0.0,26090000.0,0.0,0.0
2051000000,Коломацька,0.0,14278100.0,0.0,0.0,0.0,0.0,0.0,0.0,0.0,7177600.0,14278100.0,0.0,7177600.0
2054100000,Краснокутська,0.0,35257300.0,0.0,0.0,0.0,0.0,0.0,0.0,0.0,11371700.0,35257300.0,0.0,11371700.0
2054200000,Куньєвська,0.0,6119100.0,0.0,0.0,0.0,0.0,0.0,0.0,0.0,10323800.0,6119100.0,0.0,10323800.0
2054300000,Куп'янська,0.0,125724500.0,0.0,0.0,0.0,0.0,0.0,0.0,0.0,79033000.0,125724500.0,0.0,79033000.0
2052200000,Курилівська,0.0,25331800.0,0.0,0.0,0.0,0.0,0.0,0.0,0.0,35120400.0,25331800.0,0.0,35120400.0
2052100000,Кіндрашівська,0.0,15359300.0,0.0,0.0,0.0,0.0,0.0,0.0,0.0,16660800.0,15359300.0,0.0,16660800.0
2054400000,Липецька,0.0,34149400.0,0.0,0.0,0.0,0.0,0.0,0.0,0.0,19658200.0,34149400.0,0.0,19658200.0
2051700000,Лозівська,0.0,57389300.0,0.0,0.0,0.0,0.0,0.0,0.0,0.0,55135000.0,57389300.0,0.0,55135000.0
2054500000,Люботинська,0.0,69173100.0,0.0,0.0,0.0,0.0,0.0,0.0,0.0,31333900.0,69173100.0,0.0,31333900.0
2051200000,Малинівська,0.0,7190400.0,0.0,0.0,0.0,0.0,0.0,0.0,0.0,44686000.0,7190400.0,0.0,44686000.0
2050600000,Малоданилівська,0.0,31075800.0,0.0,0.0,0.0,0.0,0.0,0.0,0.0,17362300.0,31075800.0,0.0,17362300.0
2050200000,Мереф'янська,0.0,54448200.0,0.0,0.0,0.0,0.0,0.0,0.0,0.0,18575100.0,54448200.0,0.0,18575100.0
2051100000,Наталинська,66193700.0,0.0,0.0,0.0,0.0,0.0,0.0,0.0,0.0,0.0,0.0,66193700.0,0.0
2050500000,Нововодолазька,0.0,41430200.0,0.0,0.0,0.0,0.0,0.0,0.0,0.0,16264000.0,41430200.0,0.0,16264000.0
2054600000,Новопокровська,0.0,52651700.0,0.0,0.0,0.0,0.0,0.0,0.0,0.0,14626900.0,52651700.0,0.0,14626900.0
2051900000,Олексіївська,0.0,10992600.0,0.0,0.0,0.0,0.0,0.0,0.0,0.0,8654900.0,10992600.0,0.0,8654900.0
2050900000,Оскільська,0.0,24512300.0,0.0,0.0,0.0,0.0,0.0,0.0,0.0,43241800.0,24512300.0,0.0,43241800.0
2052300000,Петропавлівська,0.0,14205700.0,0.0,0.0,0.0,0.0,0.0,0.0,0.0,27434200.0,14205700.0,0.0,27434200.0
2054800000,Печенізька,0.0,20035400.0,0.0,0.0,0.0,0.0,0.0,0.0,0.0,5423600.0,20035400.0,0.0,5423600.0
2050300000,Пролісненська,0.0,23329700.0,0.0,0.0,0.0,0.0,0.0,0.0,0.0,13869100.0,23329700.0,0.0,13869100.0
2054900000,Південна,0.0,47565200.0,0.0,0.0,0.0,0.0,0.0,0.0,0.0,12551500.0,47565200.0,0.0,12551500.0
2051400000,Пісочинська,0.0,76635800.0,0.0,0.0,0.0,0.0,0.0,0.0,0.0,27411100.0,76635800.0,0.0,27411100.0
2050400000,Роганська,0.0,19671500.0,0.0,0.0,0.0,0.0,0.0,0.0,0.0,65854000.0,19671500.0,0.0,65854000.0
2055000000,Савинська,0.0,28405100.0,0.0,0.0,0.0,0.0,0.0,0.0,0.0,14902600.0,28405100.0,0.0,14902600.0
2055100000,Сахновщинська,0.0,25625200.0,0.0,0.0,0.0,0.0,0.0,0.0,0.0,0.0,25625200.0,0.0,0.0
2055200000,Слобожанська,0.0,10319700.0,0.0,0.0,0.0,0.0,0.0,0.0,0.0,13749800.0,10319700.0,0.0,13749800.0
2055300000,Солоницівська,0.0,44196400.0,0.0,0.0,0.0,0.0,0.0,0.0,0.0,17652300.0,44196400.0,0.0,17652300.0
2051500000,Старовірівська,0.0,25558600.0,0.0,0.0,0.0,0.0,0.0,0.0,0.0,721400.0,25558600.0,0.0,721400.0
2050100000,Старосалтівська,0.0,18930900.0,0.0,0.0,0.0,0.0,0.0,0.0,0.0,35564000.0,18930900.0,0.0,35564000.0
2055400000,Харківська,0.0,0.0,0.0,0.0,0.0,0.0,310116900.0,0.0,0.0,2197775700.0,0.0,0.0,2507892600.0
2051600000,Циркунівська,0.0,22009400.0,0.0,0.0,0.0,0.0,1700.0,0.0,0.0,27279000.0,22009400.0,0.0,27280700.0
2055500000,Чугуївська,0.0,61479400.0,0.0,0.0,0.0,0.0,0.0,0.0,0.0,231143100.0,61479400.0,0.0,231143100.0
2055600000,Шевченківська,0.0,29666600.0,0.0,0.0,0.0,0.0,0.0,0.0,0.0,31495400.0,29666600.0,0.0,31495400.0
2152200000,Іванівська,0.0,0.0,0.0,0.0,0.0,0.0,0.0,0.0,0.0,45013900.0,0.0,0.0,45013900.0
2150200000,Асканія-Нова,0.0,0.0,0.0,0.0,0.0,0.0,0.0,0.0,0.0,16602100.0,0.0,0.0,16602100.0
2153400000,Бериславська,0.0,38327700.0,0.0,0.0,0.0,0.0,0.0,0.0,0.0,19720800.0,38327700.0,0.0,19720800.0
2151900000,Бехтерська,0.0,0.0,0.0,0.0,0.0,0.0,0.0,0.0,0.0,25669400.0,0.0,0.0,25669400.0
2151700000,Борозенська,0.0,6785300.0,0.0,0.0,0.0,0.0,0.0,0.0,0.0,19161200.0,6785300.0,0.0,19161200.0
2151600000,Білозерська,0.0,46304800.0,0.0,0.0,0.0,0.0,0.0,0.0,0.0,38500500.0,46304800.0,0.0,38500500.0
2150700000,Великокопанівська,0.0,0.0,0.0,0.0,0.0,0.0,0.0,0.0,0.0,15133500.0,0.0,0.0,15133500.0
2153500000,Великолепетиська,0.0,0.0,0.0,0.0,0.0,0.0,0.0,0.0,0.0,37744900.0,0.0,0.0,37744900.0
2153600000,Великоолександрівська,0.0,29462800.0,0.0,0.0,0.0,0.0,0.0,0.0,0.0,33822200.0,29462800.0,0.0,33822200.0
2153700000,Верхньорогачицька,0.0,0.0,0.0,0.0,0.0,0.0,0.0,0.0,0.0,23244200.0,0.0,0.0,23244200.0
2151300000,Виноградівська,0.0,0.0,0.0,0.0,0.0,0.0,0.0,0.0,0.0,13667200.0,0.0,0.0,13667200.0
2151800000,Високопільська,0.0,21055200.0,0.0,0.0,0.0,0.0,0.0,0.0,0.0,26079500.0,21055200.0,0.0,26079500.0
2153800000,Генічеська,0.0,0.0,0.0,0.0,0.0,0.0,0.0,0.0,0.0,57262500.0,0.0,0.0,57262500.0
2152900000,Голопристанська,0.0,0.0,0.0,0.0,0.0,0.0,0.0,0.0,0.0,55508900.0,0.0,0.0,55508900.0
2151400000,Горностаївська,0.0,0.0,0.0,0.0,0.0,0.0,0.0,0.0,0.0,44740400.0,0.0,0.0,44740400.0
2153900000,Дар'ївська,0.0,37139400.0,0.0,0.0,0.0,0.0,0.0,0.0,0.0,13750200.0,37139400.0,0.0,13750200.0
2152500000,Долматівська,0.0,0.0,0.0,0.0,0.0,0.0,0.0,0.0,0.0,14723800.0,0.0,0.0,14723800.0
2150600000,Зеленопідська,0.0,0.0,0.0,0.0,0.0,0.0,0.0,0.0,0.0,22295100.0,0.0,0.0,22295100.0
2150300000,Каланчацька,0.0,0.0,0.0,0.0,0.0,0.0,0.0,0.0,0.0,48688400.0,0.0,0.0,48688400.0
2154000000,Калинівська,0.0,7203700.0,0.0,0.0,0.0,0.0,0.0,0.0,0.0,14698600.0,7203700.0,0.0,14698600.0
2154100000,Каховська,0.0,0.0,0.0,0.0,0.0,0.0,0.0,0.0,0.0,116627000.0,0.0,0.0,116627000.0
2152100000,Костянтинівська,0.0,0.0,0.0,0.0,0.0,0.0,0.0,0.0,0.0,13068500.0,0.0,0.0,13068500.0
2150100000,Кочубеївська,0.0,4094200.0,0.0,0.0,0.0,0.0,0.0,0.0,0.0,6903200.0,4094200.0,0.0,6903200.0
2154200000,Лазурненська,0.0,0.0,0.0,0.0,0.0,0.0,0.0,0.0,0.0,23170200.0,0.0,0.0,23170200.0
2152400000,Любимівська,0.0,0.0,0.0,0.0,0.0,0.0,0.0,0.0,0.0,19718300.0,0.0,0.0,19718300.0
2153000000,Милівська,0.0,15976200.0,0.0,0.0,0.0,0.0,0.0,0.0,0.0,21379400.0,15976200.0,0.0,21379400.0
2150400000,Мирненська,0.0,0.0,0.0,0.0,0.0,0.0,0.0,0.0,0.0,8955100.0,0.0,0.0,8955100.0
2151000000,Музиківська,0.0,4532300.0,0.0,0.0,0.0,0.0,0.0,0.0,0.0,22874400.0,4532300.0,0.0,22874400.0
2154300000,Нижньосірогозька,0.0,0.0,0.0,0.0,0.0,0.0,0.0,0.0,0.0,52272500.0,0.0,0.0,52272500.0
2154400000,Нововоронцовська,0.0,24680200.0,0.0,0.0,0.0,0.0,0.0,0.0,0.0,21807600.0,24680200.0,0.0,21807600.0
2152800000,Новокаховська,0.0,161726000.0,0.0,0.0,0.0,0.0,0.0,0.0,0.0,232778600.0,161726000.0,0.0,232778600.0
2154500000,Новомиколаївська,0.0,0.0,0.0,0.0,0.0,0.0,0.0,0.0,0.0,14247000.0,0.0,0.0,14247000.0
2154600000,Новоолександрівська,0.0,13172500.0,0.0,0.0,0.0,0.0,0.0,0.0,0.0,14336100.0,13172500.0,0.0,14336100.0
2152700000,Новорайська,0.0,15668000.0,0.0,0.0,0.0,0.0,0.0,0.0,0.0,27182300.0,15668000.0,0.0,27182300.0
2154700000,Новотроїцька,0.0,0.0,0.0,0.0,0.0,0.0,0.0,0.0,0.0,43797900.0,0.0,0.0,43797900.0
2154800000,Олешківська,0.0,0.0,0.0,0.0,0.0,0.0,0.0,0.0,0.0,83708000.0,0.0,0.0,83708000.0
2150900000,Присиваська,0.0,0.0,0.0,0.0,0.0,0.0,0.0,0.0,0.0,7240900.0,0.0,0.0,7240900.0
2154900000,Рубанівська,0.0,0.0,0.0,0.0,0.0,0.0,0.0,0.0,0.0,12708500.0,0.0,0.0,12708500.0
2155000000,Скадовська,0.0,0.0,0.0,0.0,0.0,0.0,0.0,0.0,0.0,103866100.0,0.0,0.0,103866100.0
2151500000,Станіславська,0.0,26115000.0,0.0,0.0,0.0,0.0,0.0,0.0,0.0,24647700.0,26115000.0,0.0,24647700.0
2151100000,Тавричанська,0.0,0.0,0.0,0.0,0.0,0.0,0.0,0.0,0.0,20243400.0,0.0,0.0,20243400.0
2155100000,Таврійська,0.0,0.0,0.0,0.0,0.0,0.0,0.0,0.0,0.0,37568100.0,0.0,0.0,37568100.0
2155200000,Тягинська,0.0,26597800.0,0.0,0.0,0.0,0.0,0.0,0.0,0.0,20411700.0,26597800.0,0.0,20411700.0
2155310000,Херсонська,0.0,0.0,0.0,0.0,0.0,0.0,0.0,0.0,0.0,0.0,0.0,0.0,0.0
2151200000,Хрестівська,0.0,0.0,0.0,0.0,0.0,0.0,0.0,0.0,0.0,18578900.0,0.0,0.0,18578900.0
2150500000,Чаплинська,0.0,0.0,0.0,0.0,0.0,0.0,0.0,0.0,0.0,29393800.0,0.0,0.0,29393800.0
2155400000,Чорнобаївська,0.0,35882000.0,0.0,0.0,0.0,0.0,0.0,0.0,0.0,14655700.0,35882000.0,0.0,14655700.0
2152000000,Чулаківська,0.0,0.0,0.0,0.0,0.0,0.0,0.0,0.0,0.0,25210500.0,0.0,0.0,25210500.0
2152300000,Ювілейна,0.0,0.0,0.0,0.0,0.0,0.0,0.0,0.0,0.0,7804900.0,0.0,0.0,7804900.0
2255700000,Ізяславська,0.0,17766900.0,0.0,0.0,0.0,0.0,0.0,0.0,0.0,0.0,17766900.0,0.0,0.0
2252900000,Антонінська,0.0,9323000.0,0.0,0.0,0.0,0.0,0.0,0.0,0.0,1678900.0,9323000.0,0.0,1678900.0
2250100000,Берездівська,0.0,15212600.0,0.0,0.0,0.0,0.0,0.0,0.0,0.0,2068500.0,15212600.0,0.0,2068500.0
2254000000,Білогірська,0.0,10938200.0,0.0,0.0,0.0,0.0,0.0,0.0,0.0,0.0,10938200.0,0.0,0.0
2253400000,Вовковинецька,0.0,10939300.0,0.0,0.0,0.0,0.0,0.0,0.0,0.0,121000.0,10939300.0,0.0,121000.0
2250300000,Волочиська,12179600.0,0.0,0.0,0.0,0.0,0.0,0.0,0.0,0.0,0.0,0.0,12179600.0,0.0
2250200000,Війтовецька,0.0,6015300.0,0.0,0.0,0.0,0.0,0.0,0.0,0.0,0.0,6015300.0,0.0,0.0
2255300000,Віньковецька,0.0,22975400.0,0.0,0.0,0.0,0.0,0.0,0.0,0.0,0.0,22975400.0,0.0,0.0
2250400000,Ганнопільська,0.0,11282800.0,0.0,0.0,0.0,0.0,0.0,0.0,0.0,83200.0,11282800.0,0.0,83200.0
2250500000,Гвардійська,0.0,7221100.0,0.0,0.0,0.0,0.0,0.0,0.0,0.0,0.0,7221100.0,0.0,0.0
2252700000,Городоцька,0.0,15756600.0,0.0,0.0,0.0,0.0,0.0,0.0,0.0,21252600.0,15756600.0,0.0,21252600.0
2253300000,Грицівська,0.0,6072100.0,0.0,0.0,0.0,0.0,0.0,0.0,0.0,0.0,6072100.0,0.0,0.0
2252400000,Гуківська,0.0,3980800.0,0.0,0.0,0.0,0.0,0.0,0.0,0.0,260200.0,3980800.0,0.0,260200.0
2250600000,Гуменецька,9643100.0,0.0,0.0,0.0,0.0,0.0,0.0,0.0,0.0,0.0,0.0,9643100.0,0.0
2255400000,Деражнянська,0.0,17287900.0,0.0,0.0,0.0,0.0,0.0,0.0,0.0,2002200.0,17287900.0,0.0,2002200.0
2250700000,Дунаєвецька,0.0,33328400.0,0.0,0.0,0.0,0.0,0.0,0.0,0.0,0.0,33328400.0,0.0,0.0
2253600000,Жванецька,0.0,12842400.0,0.0,0.0,0.0,0.0,0.0,0.0,0.0,0.0,12842400.0,0.0,0.0
2255500000,Закупненська,0.0,5898700.0,0.0,0.0,0.0,0.0,0.0,0.0,0.0,0.0,5898700.0,0.0,0.0
2254800000,Заслучненська,0.0,4914900.0,0.0,0.0,0.0,0.0,0.0,0.0,0.0,0.0,4914900.0,0.0,0.0
2255600000,Зіньківська,0.0,4838900.0,0.0,0.0,0.0,0.0,0.0,0.0,0.0,382000.0,4838900.0,0.0,382000.0
2255800000,Кам'янець-Подільська,0.0,58948900.0,0.0,0.0,0.0,0.0,0.0,0.0,0.0,0.0,58948900.0,0.0,0.0
2250900000,Китайгородська,0.0,9319700.0,0.0,0.0,0.0,0.0,0.0,0.0,0.0,0.0,9319700.0,0.0,0.0
2253000000,Красилівська,5957700.0,0.0,0.0,0.0,0.0,0.0,0.0,0.0,0.0,0.0,0.0,5957700.0,0.0
2253800000,Крупецька,2770600.0,0.0,0.0,0.0,0.0,0.0,0.0,0.0,0.0,3192800.0,0.0,2770600.0,3192800.0
2252500000,Ленковецька,0.0,5160300.0,0.0,0.0,0.0,0.0,0.0,0.0,0.0,4696400.0,5160300.0,0.0,4696400.0
2251100000,Летичівська,0.0,5970800.0,0.0,0.0,0.0,0.0,0.0,0.0,0.0,0.0,5970800.0,0.0,0.0
2251200000,Лісовогринівецька,0.0,5342700.0,0.0,0.0,0.0,0.0,0.0,0.0,0.0,0.0,5342700.0,0.0,0.0
2251300000,Маківська,0.0,13241100.0,0.0,0.0,0.0,0.0,0.0,0.0,0.0,3939800.0,13241100.0,0.0,3939800.0
2251400000,Меджибізька,0.0,0.0,0.0,0.0,0.0,0.0,0.0,0.0,0.0,6002000.0,0.0,0.0,6002000.0
2255900000,Миролюбненська,0.0,1330500.0,0.0,0.0,0.0,0.0,0.0,0.0,0.0,0.0,1330500.0,0.0,0.0
2256000000,Михайлюцька,0.0,10146100.0,0.0,0.0,0.0,0.0,0.0,0.0,0.0,0.0,10146100.0,0.0,0.0
2251500000,Наркевицька,0.0,1675400.0,0.0,0.0,0.0,0.0,0.0,0.0,0.0,0.0,1675400.0,0.0,0.0
2254600000,Нетішинська,136743200.0,0.0,0.0,0.0,0.0,0.0,0.0,0.0,0.0,0.0,0.0,136743200.0,0.0
2250800000,Новодунаєвецька,0.0,11980800.0,0.0,0.0,0.0,0.0,0.0,0.0,0.0,0.0,11980800.0,0.0,0.0
2251600000,Новоушицька,0.0,34886600.0,0.0,0.0,0.0,0.0,0.0,0.0,0.0,0.0,34886600.0,0.0,0.0
2256100000,Орининська,0.0,12466300.0,0.0,0.0,0.0,0.0,0.0,0.0,0.0,0.0,12466300.0,0.0,0.0
2254700000,Плужненська,0.0,12242900.0,0.0,0.0,0.0,0.0,0.0,0.0,0.0,0.0,12242900.0,0.0,0.0
2251700000,Полонська,0.0,33702200.0,0.0,0.0,0.0,0.0,0.0,0.0,0.0,0.0,33702200.0,0.0,0.0
2251800000,Понінківська,0.0,2034400.0,0.0,0.0,0.0,0.0,0.0,0.0,0.0,0.0,2034400.0,0.0,0.0
2251900000,Розсошанська,21692900.0,0.0,0.0,0.0,0.0,0.0,0.0,0.0,0.0,0.0,0.0,21692900.0,0.0
2252000000,Сатанівська,0.0,8762800.0,0.0,0.0,0.0,0.0,0.0,0.0,0.0,0.0,8762800.0,0.0,0.0
2254900000,Сахновецька,417900.0,0.0,0.0,0.0,0.0,0.0,0.0,0.0,0.0,99700.0,0.0,417900.0,99700.0
2254500000,Славутська,0.0,0.0,0.0,0.0,0.0,0.0,0.0,0.0,0.0,0.0,0.0,0.0,0.0
2252800000,Слобідсько-Кульчієвецька,0.0,8238900.0,0.0,0.0,0.0,0.0,0.0,0.0,0.0,0.0,8238900.0,0.0,0.0
2253500000,Смотрицька,0.0,2385500.0,0.0,0.0,0.0,0.0,0.0,0.0,0.0,0.0,2385500.0,0.0,0.0
2253200000,Солобковецька,0.0,2319400.0,0.0,0.0,0.0,0.0,0.0,0.0,0.0,0.0,2319400.0,0.0,0.0
2255200000,Старокостянтинівська,0.0,0.0,0.0,0.0,0.0,0.0,0.0,0.0,0.0,144769300.0,0.0,0.0,144769300.0
2256200000,Староостропільська,0.0,356000.0,0.0,0.0,0.0,0.0,0.0,0.0,0.0,0.0,356000.0,0.0,0.0
2252100000,Старосинявська,0.0,8391400.0,0.0,0.0,0.0,0.0,0.0,0.0,0.0,0.0,8391400.0,0.0,0.0
2253700000,Староушицька,0.0,14810000.0,0.0,0.0,0.0,0.0,0.0,0.0,0.0,4165700.0,14810000.0,0.0,4165700.0
2252600000,Судилківська,0.0,20629200.0,0.0,0.0,0.0,0.0,0.0,0.0,0.0,0.0,20629200.0,0.0,0.0
2256300000,Теофіпольська,0.0,0.0,0.0,0.0,0.0,0.0,0.0,0.0,0.0,0.0,0.0,0.0,0.0
2254300000,Улашанівська,0.0,8725400.0,0.0,0.0,0.0,0.0,0.0,0.0,0.0,667700.0,8725400.0,0.0,667700.0
2256400000,Хмельницька,166190800.0,0.0,0.0,0.0,0.0,0.0,0.0,0.0,0.0,0.0,0.0,166190800.0,0.0
2252300000,Чемеровецька,0.0,14202500.0,0.0,0.0,0.0,0.0,0.0,0.0,0.0,0.0,14202500.0,0.0,0.0
2252200000,Чорноострівська,0.0,20668100.0,0.0,0.0,0.0,0.0,0.0,0.0,0.0,0.0,20668100.0,0.0,0.0
2256500000,Шепетівська,5559700.0,0.0,0.0,0.0,0.0,0.0,0.0,0.0,0.0,0.0,0.0,5559700.0,0.0
2256600000,Щиборівська,0.0,2422200.0,0.0,0.0,0.0,0.0,0.0,0.0,0.0,0.0,2422200.0,0.0,0.0
2254400000,Ямпільська,0.0,6003500.0,0.0,0.0,0.0,0.0,0.0,0.0,0.0,0.0,6003500.0,0.0,0.0
2256700000,Ярмолинецька,0.0,6458900.0,0.0,0.0,0.0,0.0,0.0,0.0,0.0,0.0,6458900.0,0.0,0.0
1152900000,Аджамська,0.0,0.0,0.0,0.0,0.0,0.0,0.0,0.0,0.0,14154100.0,0.0,0.0,14154100.0
1153000000,Благовіщенська,0.0,16059900.0,0.0,0.0,0.0,0.0,0.0,0.0,0.0,0.0,16059900.0,0.0,0.0
1150100000,Бобринецька,0.0,6363300.0,0.0,0.0,0.0,0.0,0.0,0.0,0.0,0.0,6363300.0,0.0,0.0
1150400000,Великоандрусівська,0.0,10444300.0,0.0,0.0,0.0,0.0,0.0,0.0,0.0,0.0,10444300.0,0.0,0.0
1150700000,Великосеверинівська,0.0,1359900.0,0.0,0.0,0.0,0.0,0.0,0.0,0.0,0.0,1359900.0,0.0,0.0
1153200000,Гайворонська,0.0,29311700.0,0.0,0.0,0.0,0.0,0.0,0.0,0.0,0.0,29311700.0,0.0,0.0
1150600000,Ганнівська,316000.0,0.0,0.0,0.0,0.0,0.0,0.0,0.0,0.0,0.0,0.0,316000.0,0.0
1152300000,Глодоська,0.0,908100.0,0.0,0.0,0.0,0.0,0.0,0.0,0.0,639300.0,908100.0,0.0,639300.0
1153300000,Голованівська,3169700.0,0.0,0.0,0.0,0.0,0.0,0.0,0.0,0.0,0.0,0.0,3169700.0,0.0
1152400000,Гурівська,0.0,1255700.0,0.0,0.0,0.0,0.0,0.0,0.0,0.0,0.0,1255700.0,0.0,0.0
1151400000,Дмитрівська,0.0,2687800.0,0.0,0.0,0.0,0.0,0.0,0.0,0.0,0.0,2687800.0,0.0,0.0
1151700000,Добровеличківська,0.0,0.0,0.0,0.0,0.0,0.0,0.0,0.0,0.0,2303200.0,0.0,0.0,2303200.0
1153400000,Долинська,0.0,9627100.0,0.0,0.0,0.0,0.0,0.0,0.0,0.0,2627800.0,9627100.0,0.0,2627800.0
1153500000,Заваллівська,0.0,17097100.0,0.0,0.0,0.0,0.0,0.0,0.0,0.0,0.0,17097100.0,0.0,0.0
1152500000,Злинська,0.0,4327600.0,0.0,0.0,0.0,0.0,0.0,0.0,0.0,1905400.0,4327600.0,0.0,1905400.0
1153600000,Знам'янська,40373900.0,0.0,0.0,0.0,0.0,0.0,0.0,0.0,0.0,0.0,0.0,40373900.0,0.0
1153900000,Кам'янецька,0.0,0.0,0.0,0.0,0.0,0.0,0.0,0.0,0.0,160800.0,0.0,0.0,160800.0
1150900000,Катеринівська,0.0,1313300.0,0.0,0.0,0.0,0.0,0.0,0.0,0.0,540500.0,1313300.0,0.0,540500.0
1153700000,Кетрисанівська,0.0,9023500.0,0.0,0.0,0.0,0.0,0.0,0.0,0.0,6928800.0,9023500.0,0.0,6928800.0
1151100000,Компаніївська,0.0,0.0,0.0,0.0,0.0,0.0,0.0,0.0,0.0,3915000.0,0.0,0.0,3915000.0
1152810000,Кропивницька,152422600.0,0.0,0.0,0.0,0.0,0.0,0.0,0.0,0.0,0.0,0.0,152422600.0,0.0
1150200000,Маловисківська,0.0,7632600.0,0.0,0.0,0.0,0.0,0.0,0.0,0.0,0.0,7632600.0,0.0,0.0
1150600000,Мар'янівська,316000.0,0.0,0.0,0.0,0.0,0.0,0.0,0.0,0.0,0.0,0.0,316000.0,0.0
1153800000,Надлацька,0.0,4028800.0,0.0,0.0,0.0,0.0,0.0,0.0,0.0,0.0,4028800.0,0.0,0.0
1154000000,Новоархангельська,0.0,707000.0,0.0,0.0,0.0,0.0,0.0,0.0,0.0,0.0,707000.0,0.0,0.0
1154100000,Новомиргородська,0.0,2285100.0,0.0,0.0,0.0,0.0,0.0,0.0,0.0,0.0,2285100.0,0.0,0.0
1151500000,Новопразька,0.0,7789900.0,0.0,0.0,0.0,0.0,0.0,0.0,0.0,0.0,7789900.0,0.0,0.0
1150300000,Новоукраїнська,0.0,1106300.0,0.0,0.0,0.0,0.0,0.0,0.0,0.0,1266200.0,1106300.0,0.0,1266200.0
1154300000,Олександрівська,0.0,88196100.0,0.0,0.0,0.0,0.0,0.0,0.0,0.0,3378600.0,88196100.0,0.0,3378600.0
1154300000,Олександрійська,0.0,88196100.0,0.0,0.0,0.0,0.0,0.0,0.0,0.0,3378600.0,88196100.0,0.0,3378600.0
1154400000,Онуфріївська,0.0,19356600.0,0.0,0.0,0.0,0.0,0.0,0.0,0.0,0.0,19356600.0,0.0,0.0
1154500000,Пантаївська,0.0,9575200.0,0.0,0.0,0.0,0.0,0.0,0.0,0.0,3005600.0,9575200.0,0.0,3005600.0
1151000000,Первозванівська,6642800.0,0.0,0.0,0.0,0.0,0.0,0.0,0.0,0.0,0.0,0.0,6642800.0,0.0
1154600000,Перегонівська,0.0,6257600.0,0.0,0.0,0.0,0.0,0.0,0.0,0.0,0.0,6257600.0,0.0,0.0
1152100000,Петрівська,0.0,0.0,0.0,0.0,0.0,0.0,0.0,0.0,0.0,0.0,0.0,0.0,0.0
1154800000,Побузька,0.0,9299500.0,0.0,0.0,0.0,0.0,0.0,0.0,0.0,9714400.0,9299500.0,0.0,9714400.0
1151300000,Помічнянська,6965400.0,0.0,0.0,0.0,0.0,0.0,0.0,0.0,0.0,0.0,0.0,6965400.0,0.0
1152000000,Попельнастівська,0.0,0.0,0.0,0.0,0.0,0.0,0.0,0.0,0.0,0.0,0.0,0.0,0.0
1151600000,Приютівська,0.0,4192200.0,0.0,0.0,0.0,0.0,0.0,0.0,0.0,0.0,4192200.0,0.0,0.0
1154700000,Підвисоцька,0.0,0.0,0.0,0.0,0.0,0.0,0.0,0.0,0.0,5190200.0,0.0,0.0,5190200.0
1151900000,Піщанобрідська,1362900.0,0.0,0.0,0.0,0.0,0.0,0.0,0.0,0.0,0.0,0.0,1362900.0,0.0
1154900000,Рівнянська,0.0,889100.0,0.0,0.0,0.0,0.0,0.0,0.0,0.0,0.0,889100.0,0.0,0.0
1155000000,Світловодська,0.0,16417200.0,0.0,0.0,0.0,0.0,0.0,0.0,0.0,0.0,16417200.0,0.0,0.0
1151200000,Смолінська,0.0,9891100.0,0.0,0.0,0.0,0.0,0.0,0.0,0.0,12156400.0,9891100.0,0.0,12156400.0
1150500000,Соколівська,3607600.0,0.0,0.0,0.0,0.0,0.0,0.0,0.0,0.0,0.0,0.0,3607600.0,0.0
1155100000,Суботцівська,0.0,0.0,0.0,0.0,0.0,0.0,0.0,0.0,0.0,37865500.0,0.0,0.0,37865500.0
1150800000,Тишківська,683200.0,0.0,0.0,0.0,0.0,0.0,0.0,0.0,0.0,256200.0,0.0,683200.0,256200.0
1155200000,Устинівська,0.0,0.0,0.0,0.0,0.0,0.0,0.0,0.0,0.0,1753200.0,0.0,0.0,1753200.0
1054500000,Іванківська,0.0,0.0,0.0,0.0,0.0,0.0,0.0,0.0,0.0,2820600.0,0.0,0.0,2820600.0
1054600000,Ірпінська,0.0,30457800.0,0.0,0.0,0.0,0.0,0.0,0.0,0.0,0.0,30457800.0,0.0,0.0
1051000000,Баришівська,0.0,0.0,0.0,0.0,0.0,0.0,0.0,0.0,0.0,0.0,0.0,0.0,0.0
1051400000,Березанська,0.0,0.0,0.0,0.0,0.0,0.0,0.0,0.0,0.0,0.0,0.0,0.0,0.0
1052500000,Бишівська,0.0,1803400.0,0.0,0.0,0.0,0.0,0.0,0.0,0.0,0.0,1803400.0,0.0,0.0
1051800000,Богуславська,0.0,10768000.0,0.0,0.0,0.0,0.0,0.0,0.0,0.0,0.0,10768000.0,0.0,0.0
1052800000,Бориспільська,36999200.0,0.0,0.0,0.0,0.0,0.0,0.0,0.0,0.0,0.0,0.0,36999200.0,0.0
1051100000,Бородянська,0.0,16920500.0,0.0,0.0,0.0,0.0,0.0,0.0,0.0,3359900.0,16920500.0,0.0,3359900.0
1052900000,Борщагівська,213136100.0,0.0,0.0,0.0,0.0,0.0,0.0,0.0,0.0,0.0,0.0,213136100.0,0.0
1053000000,Боярська,61037300.0,0.0,0.0,0.0,0.0,0.0,0.0,0.0,0.0,2935600.0,0.0,61037300.0,2935600.0
1053100000,Броварська,160051800.0,0.0,0.0,0.0,0.0,0.0,0.0,0.0,0.0,3162800.0,0.0,160051800.0,3162800.0
1051500000,Бучанська,0.0,0.0,0.0,0.0,0.0,0.0,0.0,0.0,0.0,18495400.0,0.0,0.0,18495400.0
1052600000,Білогородська,44041200.0,0.0,0.0,0.0,0.0,0.0,0.0,0.0,0.0,0.0,0.0,44041200.0,0.0
1052700000,Білоцерківська,0.0,0.0,0.0,0.0,0.0,0.0,0.0,0.0,0.0,0.0,0.0,0.0,0.0
1053200000,Васильківська,237900.0,0.0,0.0,0.0,0.0,0.0,0.0,0.0,0.0,0.0,0.0,237900.0,0.0
1050400000,Великодимерська,35036500.0,0.0,0.0,0.0,0.0,0.0,0.0,0.0,0.0,2753300.0,0.0,35036500.0,2753300.0
1053300000,Вишгородська,98463900.0,0.0,0.0,0.0,0.0,0.0,0.0,0.0,0.0,0.0,0.0,98463900.0,0.0
1053400000,Вишнева,167366900.0,0.0,0.0,0.0,0.0,0.0,0.0,0.0,0.0,0.0,0.0,167366900.0,0.0
1053500000,Володарська,0.0,0.0,0.0,0.0,0.0,0.0,0.0,0.0,0.0,1769000.0,0.0,0.0,1769000.0
1053600000,Вороньківська,9704500.0,0.0,0.0,0.0,0.0,0.0,0.0,0.0,0.0,0.0,0.0,9704500.0,0.0
1053700000,Гатненська,13546000.0,0.0,0.0,0.0,0.0,0.0,0.0,0.0,0.0,0.0,0.0,13546000.0,0.0
1051900000,Глевахівська,28300800.0,0.0,0.0,0.0,0.0,0.0,0.0,0.0,0.0,0.0,0.0,28300800.0,0.0
1053900000,Гостомельська,0.0,0.0,0.0,0.0,0.0,0.0,0.0,0.0,0.0,42031400.0,0.0,0.0,42031400.0
1054000000,Гребінківська,0.0,4280200.0,0.0,0.0,0.0,0.0,0.0,0.0,0.0,375500.0,4280200.0,0.0,375500.0
1053800000,Гірська,73778200.0,0.0,0.0,0.0,0.0,0.0,0.0,0.0,0.0,0.0,0.0,73778200.0,0.0
1054100000,Димерська,0.0,17519100.0,0.0,0.0,0.0,0.0,0.0,0.0,0.0,0.0,17519100.0,0.0,0.0
1051300000,Дмитрівська,191679700.0,0.0,0.0,0.0,0.0,0.0,0.0,0.0,0.0,0.0,0.0,191679700.0,0.0
1050500000,Дівичківська,0.0,2343700.0,0.0,0.0,0.0,0.0,0.0,0.0,0.0,0.0,2343700.0,0.0,0.0
1052300000,Зазимська,12996100.0,0.0,0.0,0.0,0.0,0.0,0.0,0.0,0.0,0.0,0.0,12996100.0,0.0
1054300000,Згурівська,16468000.0,0.0,0.0,0.0,0.0,0.0,0.0,0.0,0.0,0.0,0.0,16468000.0,0.0
1054400000,Золочівська,4263200.0,0.0,0.0,0.0,0.0,0.0,0.0,0.0,0.0,0.0,0.0,4263200.0,0.0
1054700000,Кагарлицька,0.0,0.0,0.0,0.0,0.0,0.0,0.0,0.0,0.0,0.0,0.0,0.0,0.0
1051200000,Калинівська,19103600.0,0.0,0.0,0.0,0.0,0.0,0.0,0.0,0.0,0.0,0.0,19103600.0,0.0
1050100000,Калитянська,0.0,17253800.0,0.0,0.0,0.0,0.0,0.0,0.0,0.0,0.0,17253800.0,0.0,0.0
1051200000,Ковалівська,19103600.0,0.0,0.0,0.0,0.0,0.0,0.0,0.0,0.0,0.0,0.0,19103600.0,0.0
1054900000,Кожанська,0.0,12888500.0,0.0,0.0,0.0,0.0,0.0,0.0,0.0,0.0,12888500.0,0.0,0.0
1055000000,Козинська,8633300.0,0.0,0.0,0.0,0.0,0.0,0.0,0.0,0.0,0.0,0.0,8633300.0,0.0
1055100000,Коцюбинська,0.0,28460300.0,0.0,0.0,0.0,0.0,0.0,0.0,0.0,0.0,28460300.0,0.0,0.0
1055200000,Макарівська,45427500.0,0.0,0.0,0.0,0.0,0.0,0.0,0.0,0.0,0.0,0.0,45427500.0,0.0
1055300000,Маловільшанська,0.0,0.0,0.0,0.0,0.0,0.0,0.0,0.0,0.0,7000200.0,0.0,0.0,7000200.0
1050300000,Медвинська,0.0,2502600.0,0.0,0.0,0.0,0.0,0.0,0.0,0.0,0.0,2502600.0,0.0,0.0
1051300000,Миронівська,191679700.0,0.0,0.0,0.0,0.0,0.0,0.0,0.0,0.0,0.0,0.0,191679700.0,0.0
1055400000,Немішаївська,0.0,20425600.0,0.0,0.0,0.0,0.0,0.0,0.0,0.0,2478400.0,20425600.0,0.0,2478400.0
1051700000,Обухівська,108711800.0,0.0,0.0,0.0,0.0,0.0,0.0,0.0,0.0,0.0,0.0,108711800.0,0.0
1055500000,Переяславська,8942900.0,0.0,0.0,0.0,0.0,0.0,0.0,0.0,0.0,0.0,0.0,8942900.0,0.0
1055600000,Петрівська,21593900.0,0.0,0.0,0.0,0.0,0.0,0.0,0.0,0.0,0.0,0.0,21593900.0,0.0
1055800000,Поліська,0.0,5457700.0,0.0,0.0,0.0,0.0,0.0,0.0,0.0,0.0,5457700.0,0.0,0.0
1055900000,Пристолична,191421800.0,0.0,0.0,0.0,0.0,0.0,0.0,0.0,0.0,0.0,0.0,191421800.0,0.0
1055700000,Пірнівська,0.0,749200.0,0.0,0.0,0.0,0.0,0.0,0.0,0.0,0.0,749200.0,0.0,0.0
1050200000,Пісківська,0.0,0.0,0.0,0.0,0.0,0.0,0.0,0.0,0.0,18704500.0,0.0,0.0,18704500.0
1051600000,Ржищівська,0.0,19198400.0,0.0,0.0,0.0,0.0,0.0,0.0,0.0,0.0,19198400.0,0.0,0.0
1056000000,Рокитнянська,0.0,0.0,0.0,0.0,0.0,0.0,0.0,0.0,0.0,0.0,0.0,0.0,0.0
1056100000,Сквирська,0.0,0.0,0.0,0.0,0.0,0.0,0.0,0.0,0.0,0.0,0.0,0.0,0.0
1056200000,Славутицька,0.0,0.0,0.0,0.0,0.0,75000000.0,0.0,0.0,0.0,1291700.0,0.0,0.0,76291700.0
1056300000,Ставищенська,7109300.0,0.0,0.0,0.0,0.0,0.0,0.0,0.0,0.0,0.0,0.0,7109300.0,0.0
1050900000,Студениківська,15266600.0,0.0,0.0,0.0,0.0,0.0,0.0,0.0,0.0,0.0,0.0,15266600.0,0.0
1056400000,Таращанська,0.0,6683800.0,1572500.0,0.0,0.0,0.0,0.0,0.0,0.0,0.0,6683800.0,0.0,1572500.0
1052000000,Ташанська,26636600.0,0.0,0.0,0.0,0.0,0.0,0.0,0.0,0.0,0.0,0.0,26636600.0,0.0
1050800000,Тетіївська,0.0,14502700.0,0.0,0.0,0.0,0.0,0.0,0.0,0.0,0.0,14502700.0,0.0,0.0
1052100000,Томашівська,0.0,4167800.0,0.0,0.0,0.0,0.0,0.0,0.0,0.0,0.0,4167800.0,0.0,0.0
1050700000,Узинська,0.0,14373100.0,0.0,0.0,0.0,0.0,0.0,0.0,0.0,3670200.0,14373100.0,0.0,3670200.0
1056500000,Українська,22905700.0,0.0,0.0,0.0,0.0,0.0,0.0,0.0,0.0,0.0,0.0,22905700.0,0.0
1056600000,Фастівська,0.0,0.0,0.0,0.0,0.0,0.0,0.0,0.0,0.0,0.0,0.0,0.0,0.0
1056700000,Феодосіївська,0.0,10729600.0,0.0,0.0,0.0,0.0,0.0,0.0,0.0,0.0,10729600.0,0.0,0.0
1050600000,Фурсівська,0.0,7667900.0,0.0,0.0,0.0,0.0,0.0,0.0,0.0,0.0,7667900.0,0.0,0.0
1052200000,Циблівська,0.0,0.0,0.0,0.0,0.0,0.0,0.0,0.0,0.0,0.0,0.0,0.0,0.0
1056800000,Чабанівська,19714800.0,0.0,0.0,0.0,0.0,0.0,0.0,0.0,0.0,0.0,0.0,19714800.0,0.0
1056900000,Яготинська,15155900.0,0.0,0.0,0.0,0.0,0.0,0.0,0.0,0.0,0.0,0.0,15155900.0,0.0
1250200000,Айдарська,0.0,0.0,0.0,0.0,0.0,0.0,0.0,0.0,0.0,54961200.0,0.0,0.0,54961200.0
1253100000,Алчевська,0.0,0.0,0.0,0.0,0.0,0.0,0.0,0.0,0.0,0.0,0.0,0.0,0.0
1253200000,Антрацитівська,0.0,0.0,0.0,0.0,0.0,0.0,0.0,0.0,0.0,0.0,0.0,0.0,0.0
1250500000,Біловодська,0.0,0.0,0.0,0.0,0.0,0.0,0.0,0.0,0.0,57403500.0,0.0,0.0,57403500.0
1250100000,Білокуракинська,0.0,0.0,0.0,0.0,0.0,0.0,0.0,0.0,0.0,28269000.0,0.0,0.0,28269000.0
1251600000,Білолуцька,0.0,0.0,0.0,0.0,0.0,0.0,0.0,0.0,0.0,20831900.0,0.0,0.0,20831900.0
1251700000,Гірська,0.0,0.0,0.0,0.0,0.0,0.0,0.0,0.0,0.0,46391300.0,0.0,0.0,46391300.0
1253300000,Довжанська,0.0,0.0,0.0,0.0,0.0,0.0,0.0,0.0,0.0,0.0,0.0,0.0,0.0
1253400000,Зимогір'ївська,0.0,0.0,0.0,0.0,0.0,0.0,0.0,0.0,0.0,0.0,0.0,0.0,0.0
1253500000,Кадіївська,0.0,0.0,0.0,0.0,0.0,0.0,0.0,0.0,0.0,0.0,0.0,0.0,0.0
1251500000,Коломийчиська,0.0,9205000.0,0.0,0.0,0.0,0.0,0.0,0.0,0.0,25147100.0,9205000.0,0.0,25147100.0
1250600000,Красноріченська,0.0,25232900.0,0.0,0.0,0.0,0.0,0.0,0.0,0.0,13061200.0,25232900.0,0.0,13061200.0
1251800000,Кремінська,0.0,107690100.0,0.0,0.0,0.0,0.0,0.0,0.0,0.0,25348600.0,107690100.0,0.0,25348600.0
1251900000,Лисичанська,0.0,352378900.0,0.0,0.0,0.0,0.0,0.0,0.0,0.0,181002500.0,352378900.0,0.0,181002500.0
1250900000,Лозно-Олександрівська,0.0,0.0,0.0,0.0,0.0,0.0,0.0,0.0,0.0,9756000.0,0.0,0.0,9756000.0
1253600000,Луганська,0.0,0.0,0.0,0.0,0.0,0.0,0.0,0.0,0.0,0.0,0.0,0.0,0.0
1253700000,Лутугинська,0.0,0.0,0.0,0.0,0.0,0.0,0.0,0.0,0.0,0.0,0.0,0.0,0.0
1251100000,Марківська,0.0,0.0,0.0,0.0,0.0,0.0,0.0,0.0,0.0,22471800.0,0.0,0.0,22471800.0
1252000000,Міловська,0.0,0.0,0.0,0.0,0.0,0.0,0.0,0.0,0.0,13695500.0,0.0,0.0,13695500.0
1250800000,Нижньодуванська,0.0,0.0,0.0,0.0,0.0,0.0,0.0,0.0,0.0,13167300.0,0.0,0.0,13167300.0
1252100000,Нижньотеплівська,0.0,0.0,0.0,0.0,0.0,0.0,0.0,0.0,0.0,5679300.0,0.0,0.0,5679300.0
1252200000,Новоайдарська,0.0,0.0,0.0,0.0,0.0,0.0,0.0,0.0,0.0,26304200.0,0.0,0.0,26304200.0
1253800000,Отаманівська,0.0,0.0,0.0,0.0,0.0,0.0,0.0,0.0,0.0,0.0,0.0,0.0,0.0
1252300000,Попаснянська,0.0,0.0,0.0,0.0,0.0,0.0,0.0,0.0,0.0,55989900.0,0.0,0.0,55989900.0
1253900000,Ровеньківська,0.0,0.0,0.0,0.0,0.0,0.0,0.0,0.0,0.0,0.0,0.0,0.0,0.0
1252400000,Рубіжанська,0.0,0.0,0.0,0.0,0.0,0.0,0.0,0.0,0.0,101552700.0,0.0,0.0,101552700.0
1252500000,Сватівська,0.0,0.0,0.0,0.0,0.0,0.0,0.0,0.0,0.0,27099400.0,0.0,0.0,27099400.0
1254000000,Сорокинська,0.0,0.0,0.0,0.0,0.0,0.0,0.0,0.0,0.0,0.0,0.0,0.0,0.0
1252700000,Станично-Луганська,0.0,0.0,0.0,0.0,0.0,0.0,0.0,0.0,0.0,9639400.0,0.0,0.0,9639400.0
1252800000,Старобільська,0.0,0.0,0.0,0.0,0.0,0.0,0.0,0.0,0.0,32846900.0,0.0,0.0,32846900.0
1252600000,Сіверськодонецька,0.0,0.0,0.0,0.0,0.0,0.0,0.0,0.0,0.0,279220200.0,0.0,0.0,279220200.0
1250400000,Троїцька,0.0,0.0,0.0,0.0,0.0,0.0,0.0,0.0,0.0,15317400.0,0.0,0.0,15317400.0
1254100000,Хрустальненська,0.0,0.0,0.0,0.0,0.0,0.0,0.0,0.0,0.0,0.0,0.0,0.0,0.0
1250300000,Чмирівська,0.0,0.0,0.0,0.0,0.0,0.0,0.0,0.0,0.0,18494000.0,0.0,0.0,18494000.0
1253900000,Широківська,0.0,0.0,0.0,0.0,0.0,0.0,0.0,0.0,0.0,0.0,0.0,0.0,0.0
1251000000,Шульгинська,0.0,0.0,0.0,0.0,0.0,0.0,0.0,0.0,0.0,9075300.0,0.0,0.0,9075300.0
1253000000,Щастинська,0.0,0.0,0.0,0.0,0.0,0.0,0.0,0.0,0.0,31207200.0,0.0,0.0,31207200.0
1355800000,Івано-Франківська,17675600.0,0.0,0.0,0.0,0.0,0.0,0.0,0.0,0.0,0.0,0.0,17675600.0,0.0
1354200000,Белзька,0.0,7122500.0,0.0,0.0,0.0,0.0,0.0,0.0,0.0,0.0,7122500.0,0.0,0.0
1354300000,Боринська,0.0,33336300.0,0.0,0.0,0.0,0.0,0.0,0.0,0.0,0.0,33336300.0,0.0,0.0
1354400000,Бориславська,0.0,3739000.0,0.0,0.0,0.0,0.0,0.0,0.0,0.0,0.0,3739000.0,0.0,0.0
1354500000,Бродівська,0.0,0.0,0.0,0.0,0.0,0.0,0.0,0.0,0.0,0.0,0.0,0.0,0.0
1354600000,Буська,0.0,16757800.0,0.0,0.0,0.0,0.0,0.0,0.0,0.0,0.0,16757800.0,0.0,0.0
1353600000,Бібрська,0.0,18598500.0,0.0,0.0,0.0,0.0,0.0,0.0,0.0,0.0,18598500.0,0.0,0.0
1350200000,Бісковицька,0.0,39502900.0,0.0,0.0,0.0,0.0,0.0,0.0,0.0,0.0,39502900.0,0.0,0.0
1352300000,Великолюбінська,0.0,0.0,0.0,0.0,0.0,0.0,0.0,0.0,0.0,42878900.0,0.0,0.0,42878900.0
1353200000,Великомостівська,0.0,11628100.0,0.0,0.0,0.0,0.0,0.0,0.0,0.0,2588000.0,11628100.0,0.0,2588000.0
1354700000,Глинянська,0.0,7964000.0,0.0,0.0,0.0,0.0,0.0,0.0,0.0,0.0,7964000.0,0.0,0.0
1350500000,Гніздичівська,0.0,0.0,0.0,0.0,0.0,0.0,0.0,0.0,0.0,0.0,0.0,0.0,0.0
1354900000,Грабовецько-Дулібівська,0.0,16044600.0,0.0,0.0,0.0,0.0,0.0,0.0,0.0,0.0,16044600.0,0.0,0.0
1352000000,Давидівська,0.0,0.0,0.0,0.0,0.0,0.0,0.0,0.0,0.0,0.0,0.0,0.0,0.0
1355000000,Добромильська,0.0,42944200.0,0.0,0.0,0.0,0.0,0.0,0.0,0.0,0.0,42944200.0,0.0,0.0
1355100000,Добросинсько-Магерівська,0.0,31726600.0,0.0,0.0,0.0,0.0,0.0,0.0,0.0,0.0,31726600.0,0.0,0.0
1355200000,Добротвірська,0.0,0.0,0.0,0.0,0.0,0.0,0.0,0.0,0.0,0.0,0.0,0.0,0.0
1355300000,Дрогобицька,0.0,106990600.0,0.0,0.0,0.0,0.0,0.0,0.0,0.0,0.0,106990600.0,0.0,0.0
1355400000,Жидачівська,0.0,0.0,0.0,0.0,0.0,0.0,0.0,0.0,0.0,0.0,0.0,0.0,0.0
1355500000,Жовківська,0.0,15411700.0,0.0,0.0,0.0,0.0,0.0,0.0,0.0,0.0,15411700.0,0.0,0.0
1352100000,Жовтанецька,0.0,0.0,0.0,0.0,0.0,0.0,0.0,0.0,0.0,0.0,0.0,0.0,0.0
1355600000,Журавненська,0.0,26655800.0,0.0,0.0,0.0,0.0,0.0,0.0,0.0,0.0,26655800.0,0.0,0.0
1350800000,Заболотцівська,0.0,7726200.0,0.0,0.0,0.0,0.0,0.0,0.0,0.0,0.0,7726200.0,0.0,0.0
1353700000,Зимноводівська,849200.0,0.0,0.0,0.0,0.0,0.0,0.0,0.0,0.0,0.0,0.0,849200.0,0.0
1355700000,Золочівська,0.0,5334600.0,0.0,0.0,0.0,0.0,0.0,0.0,0.0,0.0,5334600.0,0.0,0.0
1353400000,Кам'янка-Бузька,7232100.0,0.0,0.0,0.0,0.0,0.0,0.0,0.0,0.0,0.0,0.0,7232100.0,0.0
1355900000,Козівська,0.0,19677400.0,0.0,0.0,0.0,0.0,0.0,0.0,0.0,0.0,19677400.0,0.0,0.0
1356000000,Комарнівська,0.0,18658600.0,0.0,0.0,0.0,0.0,0.0,0.0,0.0,0.0,18658600.0,0.0,0.0
1356100000,Красненська,0.0,17231000.0,0.0,0.0,0.0,0.0,0.0,0.0,0.0,0.0,17231000.0,0.0,0.0
1356200000,Куликівська,0.0,0.0,0.0,0.0,0.0,0.0,0.0,0.0,0.0,0.0,0.0,0.0,0.0
1353800000,Лопатинська,0.0,19552800.0,0.0,0.0,0.0,0.0,0.0,0.0,0.0,0.0,19552800.0,0.0,0.0
1356300000,Львівська,1899910300.0,0.0,0.0,0.0,0.0,0.0,0.0,0.0,0.0,0.0,0.0,1899910300.0,0.0
1353900000,Меденицька,0.0,22696200.0,0.0,0.0,0.0,0.0,0.0,0.0,0.0,0.0,22696200.0,0.0,0.0
1356400000,Миколаївська,0.0,648900.0,0.0,0.0,0.0,0.0,0.0,0.0,0.0,0.0,648900.0,0.0,0.0
1356500000,Моршинська,0.0,0.0,0.0,0.0,0.0,0.0,0.0,0.0,0.0,0.0,0.0,0.0,0.0
1351700000,Мостиська,0.0,43056000.0,0.0,0.0,0.0,0.0,0.0,0.0,0.0,0.0,43056000.0,0.0,0.0
1353500000,Мурованська,15211600.0,0.0,0.0,0.0,0.0,0.0,0.0,0.0,0.0,4797000.0,0.0,15211600.0,4797000.0
1351100000,Новокалинівська,0.0,28264000.0,0.0,0.0,0.0,0.0,0.0,0.0,0.0,233700.0,28264000.0,0.0,233700.0
1356600000,Новороздільська,0.0,22483800.0,0.0,0.0,0.0,0.0,0.0,0.0,0.0,0.0,22483800.0,0.0,0.0
1356700000,Новояворівська,0.0,0.0,0.0,0.0,0.0,0.0,0.0,0.0,0.0,0.0,0.0,0.0,0.0
1356800000,Новояричівська,0.0,4056400.0,0.0,0.0,0.0,0.0,0.0,0.0,0.0,0.0,4056400.0,0.0,0.0
1356900000,Оброшинська,11371700.0,0.0,0.0,0.0,0.0,0.0,0.0,0.0,0.0,0.0,0.0,11371700.0,0.0
1357000000,Перемишлянська,0.0,19340100.0,0.0,0.0,0.0,0.0,0.0,0.0,0.0,0.0,19340100.0,0.0,0.0
1357200000,Поморянська,0.0,16161200.0,0.0,0.0,0.0,0.0,0.0,0.0,0.0,0.0,16161200.0,0.0,0.0
1357300000,Пустомитівська,15287400.0,0.0,0.0,0.0,0.0,0.0,0.0,0.0,0.0,0.0,0.0,15287400.0,0.0
1352700000,Підберізцівська,0.0,0.0,0.0,0.0,0.0,0.0,0.0,0.0,0.0,7590800.0,0.0,0.0,7590800.0
1357100000,Підкамінська,0.0,21041700.0,0.0,0.0,0.0,0.0,0.0,0.0,0.0,427100.0,21041700.0,0.0,427100.0
1357400000,Рава-Руська,0.0,27091000.0,0.0,0.0,0.0,0.0,0.0,0.0,0.0,0.0,27091000.0,0.0,0.0
1354000000,Радехівська,12594900.0,0.0,0.0,0.0,0.0,0.0,0.0,0.0,0.0,0.0,0.0,12594900.0,0.0
1357500000,Ралівська,0.0,23544200.0,2281800.0,0.0,0.0,0.0,0.0,0.0,0.0,0.0,23544200.0,0.0,2281800.0
1352500000,Розвадівська,0.0,0.0,0.0,0.0,0.0,0.0,0.0,0.0,0.0,6089700.0,0.0,0.0,6089700.0
1353000000,Рудківська,0.0,45288800.0,0.0,0.0,0.0,0.0,0.0,0.0,0.0,0.0,45288800.0,0.0,0.0
1357600000,Самбірська,0.0,0.0,0.0,0.0,0.0,0.0,0.0,0.0,0.0,18194900.0,0.0,0.0,18194900.0
1357700000,Сколівська,12491700.0,0.0,0.0,0.0,0.0,0.0,0.0,0.0,0.0,0.0,0.0,12491700.0,0.0
1353100000,Славська,142035800.0,0.0,0.0,0.0,0.0,0.0,0.0,0.0,0.0,0.0,0.0,142035800.0,0.0
1357800000,Сокальська,0.0,4599300.0,0.0,0.0,0.0,0.0,0.0,0.0,0.0,0.0,4599300.0,0.0,0.0
1357900000,Сокільницька,39312500.0,0.0,0.0,0.0,0.0,0.0,0.0,0.0,0.0,0.0,0.0,39312500.0,0.0
1352800000,Солонківська,0.0,0.0,0.0,0.0,0.0,0.0,0.0,0.0,0.0,0.0,0.0,0.0,0.0
1358000000,Старосамбірська,0.0,20477200.0,0.0,0.0,0.0,0.0,0.0,0.0,0.0,0.0,20477200.0,0.0,0.0
1358100000,Стрийська,41007700.0,0.0,0.0,0.0,0.0,0.0,0.0,0.0,0.0,0.0,0.0,41007700.0,0.0
1358200000,Стрілківська,0.0,37087600.0,0.0,0.0,0.0,0.0,0.0,0.0,0.0,0.0,37087600.0,0.0,0.0
1351800000,Судововишнянська,0.0,19549100.0,0.0,0.0,0.0,0.0,0.0,0.0,0.0,0.0,19549100.0,0.0,0.0
1358300000,Східницька,0.0,33048700.0,0.0,0.0,0.0,0.0,0.0,0.0,0.0,0.0,33048700.0,0.0,0.0
1351400000,Тростянецька,0.0,6890300.0,0.0,0.0,0.0,0.0,0.0,0.0,0.0,0.0,6890300.0,0.0,0.0
1358400000,Трускавецька,0.0,18114000.0,0.0,0.0,0.0,0.0,0.0,0.0,0.0,12739000.0,18114000.0,0.0,12739000.0
1358500000,Турківська,0.0,33713700.0,0.0,0.0,0.0,0.0,0.0,0.0,0.0,7942200.0,33713700.0,0.0,7942200.0
1358600000,Хирівська,0.0,36306600.0,0.0,0.0,0.0,0.0,0.0,0.0,0.0,0.0,36306600.0,0.0,0.0
1351600000,Ходорівська,0.0,26110800.0,0.0,0.0,0.0,0.0,0.0,0.0,0.0,0.0,26110800.0,0.0,0.0
1352200000,Шегинівська,0.0,0.0,0.0,0.0,0.0,0.0,0.0,0.0,0.0,0.0,0.0,0.0,0.0
1358700000,Шептицька,0.0,11294200.0,0.0,0.0,0.0,0.0,0.0,0.0,0.0,0.0,11294200.0,0.0,0.0
1352900000,Щирецька,0.0,12345200.0,0.0,0.0,0.0,0.0,0.0,0.0,0.0,0.0,12345200.0,0.0,0.0
1358800000,Яворівська,0.0,26991000.0,0.0,0.0,0.0,0.0,0.0,0.0,0.0,0.0,26991000.0,0.0,0.0
1454500000,Єланецька,0.0,11442700.0,0.0,0.0,0.0,0.0,0.0,0.0,0.0,2244000.0,11442700.0,0.0,2244000.0
1454600000,Інгульська,0.0,17015500.0,0.0,0.0,0.0,0.0,0.0,0.0,0.0,8359900.0,17015500.0,0.0,8359900.0
1452800000,Арбузинська,0.0,7828400.0,0.0,0.0,0.0,0.0,0.0,0.0,0.0,0.0,7828400.0,0.0,0.0
1450200000,Баштанська,0.0,18595600.0,0.0,0.0,0.0,0.0,0.0,0.0,0.0,8554700.0,18595600.0,0.0,8554700.0
1452200000,Березанська,0.0,17617900.0,0.0,0.0,0.0,0.0,0.0,0.0,0.0,0.0,17617900.0,0.0,0.0
1453000000,Березнегуватська,0.0,28645200.0,0.0,0.0,0.0,0.0,0.0,0.0,0.0,14692600.0,28645200.0,0.0,14692600.0
1451000000,Благодатненська,6826500.0,0.0,0.0,0.0,0.0,0.0,0.0,0.0,0.0,696600.0,0.0,6826500.0,696600.0
1454300000,Братська,0.0,13360800.0,0.0,0.0,0.0,0.0,0.0,0.0,0.0,1836100.0,13360800.0,0.0,1836100.0
1451100000,Бузька,0.0,4588000.0,0.0,0.0,0.0,0.0,0.0,0.0,0.0,1721000.0,4588000.0,0.0,1721000.0
1450400000,Веселинівська,0.0,14893000.0,0.0,0.0,0.0,0.0,0.0,0.0,0.0,1603200.0,14893000.0,0.0,1603200.0
1450800000,Веснянська,0.0,15439600.0,0.0,0.0,0.0,0.0,0.0,0.0,0.0,0.0,15439600.0,0.0,0.0
1452900000,Вознесенська,0.0,0.0,0.0,0.0,0.0,0.0,0.0,0.0,0.0,0.0,0.0,0.0,0.0
1452400000,Володимирівська,0.0,2291300.0,0.0,0.0,0.0,0.0,0.0,0.0,0.0,3146700.0,2291300.0,0.0,3146700.0
1450500000,Воскресенська,0.0,43895600.0,0.0,0.0,0.0,0.0,0.0,0.0,0.0,11940700.0,43895600.0,0.0,11940700.0
1454400000,Врадіївська,0.0,21464800.0,0.0,0.0,0.0,0.0,0.0,0.0,0.0,3593400.0,21464800.0,0.0,3593400.0
1453400000,Вільнозапорізька,0.0,8051200.0,0.0,0.0,0.0,0.0,0.0,0.0,0.0,2998900.0,8051200.0,0.0,2998900.0
1451200000,Галицинівська,0.0,0.0,0.0,0.0,0.0,0.0,0.0,0.0,0.0,112877400.0,0.0,0.0,112877400.0
1453500000,Горохівська,0.0,19144600.0,0.0,0.0,0.0,0.0,0.0,0.0,0.0,7203400.0,19144600.0,0.0,7203400.0
1450600000,Доманівська,0.0,13776200.0,0.0,0.0,0.0,0.0,0.0,0.0,0.0,2726000.0,13776200.0,0.0,2726000.0
1452000000,Дорошівська,0.0,12645100.0,0.0,0.0,0.0,0.0,0.0,0.0,0.0,0.0,12645100.0,0.0,0.0
1452500000,Казанківська,0.0,9893300.0,0.0,0.0,0.0,0.0,0.0,0.0,0.0,4192900.0,9893300.0,0.0,4192900.0
1450900000,Кам'яномостівська,0.0,0.0,0.0,0.0,0.0,0.0,0.0,0.0,0.0,0.0,0.0,0.0,0.0
1451300000,Коблівська,0.0,8506600.0,0.0,0.0,0.0,0.0,0.0,0.0,0.0,0.0,8506600.0,0.0,0.0
1451500000,Костянтинівська,0.0,3029500.0,0.0,0.0,0.0,0.0,0.0,0.0,0.0,2253400.0,3029500.0,0.0,2253400.0
1454800000,Кривоозерська,0.0,25745700.0,0.0,0.0,0.0,0.0,0.0,0.0,0.0,0.0,25745700.0,0.0,0.0
1450100000,Куцурубська,0.0,11139400.0,0.0,0.0,0.0,0.0,0.0,0.0,0.0,11855800.0,11139400.0,0.0,11855800.0
1453800000,Мигіївська,3926100.0,0.0,0.0,0.0,0.0,0.0,0.0,0.0,0.0,446400.0,0.0,3926100.0,446400.0
1454900000,Миколаївська,0.0,0.0,0.0,0.0,0.0,0.0,4771000.0,0.0,0.0,502717600.0,0.0,0.0,507488600.0
1451500000,Мостівська,0.0,3029500.0,0.0,0.0,0.0,0.0,0.0,0.0,0.0,2253400.0,3029500.0,0.0,2253400.0
1454200000,Мішково-Погорілівська,0.0,0.0,0.0,0.0,0.0,0.0,0.0,0.0,0.0,8267800.0,0.0,0.0,8267800.0
1451600000,Нечаянська,0.0,8812500.0,0.0,0.0,0.0,0.0,0.0,0.0,0.0,0.0,8812500.0,0.0,0.0
1453100000,Новобузька,0.0,25270300.0,0.0,0.0,0.0,0.0,0.0,0.0,0.0,3895900.0,25270300.0,0.0,3895900.0
1453900000,Новомар'ївська,0.0,3597800.0,0.0,0.0,0.0,0.0,0.0,0.0,0.0,242300.0,3597800.0,0.0,242300.0
1455000000,Новоодеська,0.0,19815100.0,0.0,0.0,0.0,0.0,0.0,0.0,0.0,0.0,19815100.0,0.0,0.0
1450300000,Олександрівська,0.0,9741600.0,0.0,0.0,0.0,0.0,0.0,0.0,0.0,0.0,9741600.0,0.0,0.0
1450700000,Ольшанська,0.0,14243000.0,0.0,0.0,0.0,0.0,0.0,0.0,0.0,2879700.0,14243000.0,0.0,2879700.0
1455100000,Очаківська,0.0,20639700.0,0.0,0.0,0.0,0.0,0.0,0.0,0.0,89956800.0,20639700.0,0.0,89956800.0
1455200000,Первомайська,0.0,80802000.0,0.0,0.0,0.0,0.0,0.0,0.0,0.0,0.0,80802000.0,0.0,0.0
1451700000,Прибужанівська,0.0,12435200.0,0.0,0.0,0.0,0.0,0.0,0.0,0.0,0.0,12435200.0,0.0,0.0
1452300000,Прибузька,0.0,2807400.0,0.0,0.0,0.0,0.0,0.0,0.0,0.0,0.0,2807400.0,0.0,0.0
1455700000,Південноукраїнська,225943100.0,0.0,0.0,0.0,0.0,0.0,0.0,0.0,0.0,0.0,0.0,225943100.0,0.0
1452700000,Радсадівська,0.0,3476800.0,0.0,0.0,0.0,0.0,0.0,0.0,0.0,0.0,3476800.0,0.0,0.0
1455500000,Синюшинобрідська,0.0,1308300.0,0.0,0.0,0.0,0.0,0.0,0.0,0.0,0.0,1308300.0,0.0,0.0
1453200000,Снігурівська,0.0,23956400.0,0.0,0.0,0.0,0.0,0.0,0.0,0.0,30190500.0,23956400.0,0.0,30190500.0
1454000000,Софіївська,0.0,5889900.0,0.0,0.0,0.0,0.0,0.0,0.0,0.0,470600.0,5889900.0,0.0,470600.0
1455600000,Степівська,0.0,11859000.0,0.0,0.0,0.0,0.0,0.0,0.0,0.0,17278900.0,11859000.0,0.0,17278900.0
1454100000,Сухоєланецька,0.0,7867500.0,0.0,0.0,0.0,0.0,0.0,0.0,0.0,219200.0,7867500.0,0.0,219200.0
1451800000,Чорноморська,0.0,15981900.0,0.0,0.0,0.0,0.0,0.0,0.0,0.0,5837900.0,15981900.0,0.0,5837900.0
1452600000,Широківська,0.0,4985600.0,0.0,0.0,0.0,0.0,0.0,0.0,0.0,9834200.0,4985600.0,0.0,9834200.0
1553800000,Іванівська,0.0,26438600.0,0.0,0.0,0.0,0.0,0.0,0.0,0.0,0.0,26438600.0,0.0,0.0
1555300000,Ізмаїльська,45974600.0,0.0,0.0,0.0,0.0,0.0,0.0,0.0,0.0,4270100.0,0.0,45974600.0,4270100.0
1551800000,Авангардівська,6752500.0,0.0,0.0,0.0,0.0,0.0,0.0,0.0,0.0,0.0,0.0,6752500.0,0.0
1553800000,Ананьївська,0.0,26438600.0,0.0,0.0,0.0,0.0,0.0,0.0,0.0,0.0,26438600.0,0.0,0.0
1553900000,Арцизька,0.0,37341000.0,0.0,0.0,0.0,0.0,0.0,0.0,0.0,0.0,37341000.0,0.0,0.0
1550100000,Балтська,0.0,21439700.0,0.0,0.0,0.0,0.0,0.0,0.0,0.0,2627100.0,21439700.0,0.0,2627100.0
1551400000,Березівська,0.0,1776100.0,0.0,0.0,0.0,0.0,0.0,0.0,0.0,0.0,1776100.0,0.0,0.0
1558200000,Бессарабська,0.0,28565800.0,0.0,0.0,0.0,0.0,0.0,0.0,0.0,2294000.0,28565800.0,0.0,2294000.0
1554100000,Болградська,0.0,36861600.0,0.0,0.0,0.0,0.0,0.0,0.0,0.0,51052200.0,36861600.0,0.0,51052200.0
1554200000,Буджацька,0.0,33297600.0,0.0,0.0,0.0,0.0,0.0,0.0,0.0,2110500.0,33297600.0,0.0,2110500.0
1554000000,Білгород-Дністровська,0.0,16838500.0,0.0,0.0,0.0,0.0,0.0,0.0,0.0,1467500.0,16838500.0,0.0,1467500.0
1550200000,Біляївська,0.0,2503400.0,0.0,0.0,0.0,0.0,0.0,0.0,0.0,1971300.0,2503400.0,0.0,1971300.0
1554300000,Василівська,0.0,21182500.0,0.0,0.0,0.0,0.0,0.0,0.0,0.0,2099100.0,21182500.0,0.0,2099100.0
1553000000,Великобуялицька,0.0,10617100.0,0.0,0.0,0.0,0.0,0.0,0.0,0.0,1813000.0,10617100.0,0.0,1813000.0
1554400000,Великодальницька,0.0,21312400.0,0.0,0.0,0.0,0.0,0.0,0.0,0.0,2280900.0,21312400.0,0.0,2280900.0
1554500000,Великодолинська,0.0,13511400.0,0.0,0.0,0.0,0.0,0.0,0.0,0.0,1503000.0,13511400.0,0.0,1503000.0
1550300000,Великомихайлівська,0.0,9241500.0,0.0,0.0,0.0,0.0,0.0,0.0,0.0,1154000.0,9241500.0,0.0,1154000.0
1553100000,Великоплосківська,0.0,376900.0,0.0,0.0,0.0,0.0,0.0,0.0,0.0,1091100.0,376900.0,0.0,1091100.0
1554600000,Вигодянська,0.0,20736900.0,0.0,0.0,0.0,0.0,0.0,0.0,0.0,636600.0,20736900.0,0.0,636600.0
1552900000,Визирська,70834200.0,0.0,0.0,0.0,0.0,0.0,0.0,0.0,0.0,500000.0,0.0,70834200.0,500000.0
1551700000,Вилківська,0.0,22249400.0,0.0,0.0,0.0,0.0,0.0,0.0,0.0,849400.0,22249400.0,0.0,849400.0
1554700000,Городненська,0.0,37463700.0,0.0,0.0,0.0,0.0,0.0,0.0,0.0,4116900.0,37463700.0,0.0,4116900.0
1551900000,Дальницька,0.0,30150600.0,0.0,0.0,0.0,0.0,0.0,0.0,0.0,1899000.0,30150600.0,0.0,1899000.0
1554800000,Дачненська,0.0,16574100.0,0.0,0.0,0.0,0.0,0.0,0.0,0.0,28286100.0,16574100.0,0.0,28286100.0
1554900000,Дивізійська,0.0,7927800.0,0.0,0.0,0.0,0.0,0.0,0.0,0.0,2507800.0,7927800.0,0.0,2507800.0
1555000000,Доброславська,0.0,4660800.0,0.0,0.0,0.0,0.0,0.0,0.0,0.0,0.0,4660800.0,0.0,0.0
1555100000,Долинська,0.0,7120800.0,0.0,0.0,0.0,0.0,0.0,0.0,0.0,0.0,7120800.0,0.0,0.0
1550900000,Затишанська,0.0,9903300.0,0.0,0.0,0.0,0.0,0.0,0.0,0.0,766000.0,9903300.0,0.0,766000.0
1555200000,Захарівська,0.0,16569400.0,0.0,0.0,0.0,0.0,0.0,0.0,0.0,1408300.0,16569400.0,0.0,1408300.0
1553200000,Зеленогірська,0.0,11429900.0,0.0,0.0,0.0,0.0,0.0,0.0,0.0,0.0,11429900.0,0.0,0.0
1552300000,Знам'янська,0.0,12961900.0,0.0,0.0,0.0,0.0,0.0,0.0,0.0,2777400.0,12961900.0,0.0,2777400.0
1555400000,Кароліно-Бугазька,0.0,6977900.0,0.0,0.0,0.0,0.0,0.0,0.0,0.0,8171500.0,6977900.0,0.0,8171500.0
1558100000,Катлабузька,0.0,22226100.0,0.0,0.0,0.0,0.0,0.0,0.0,0.0,3576300.0,22226100.0,0.0,3576300.0
1555500000,Кодимська,0.0,40028400.0,0.0,0.0,0.0,0.0,0.0,0.0,0.0,3148600.0,40028400.0,0.0,3148600.0
1551100000,Коноплянська,0.0,8150900.0,0.0,0.0,0.0,0.0,0.0,0.0,0.0,0.0,8150900.0,0.0,0.0
1550400000,Красносільська,0.0,5025500.0,0.0,0.0,0.0,0.0,0.0,0.0,0.0,1242100.0,5025500.0,0.0,1242100.0
1555600000,Криничненська,0.0,9098900.0,0.0,0.0,0.0,0.0,0.0,0.0,0.0,0.0,9098900.0,0.0,0.0
1555700000,Кубейська,0.0,24198700.0,0.0,0.0,0.0,0.0,0.0,0.0,0.0,2844500.0,24198700.0,0.0,2844500.0
1555800000,Кулевчанська,0.0,5096500.0,0.0,0.0,0.0,0.0,0.0,0.0,0.0,0.0,5096500.0,0.0,0.0
1555900000,Курісовська,0.0,16146100.0,0.0,0.0,0.0,0.0,0.0,0.0,0.0,376800.0,16146100.0,0.0,376800.0
1551300000,Куяльницька,0.0,28546700.0,0.0,0.0,0.0,0.0,0.0,0.0,0.0,2335500.0,28546700.0,0.0,2335500.0
1552600000,Кілійська,0.0,40802100.0,0.0,0.0,0.0,0.0,0.0,0.0,0.0,4525700.0,40802100.0,0.0,4525700.0
1556000000,Лиманська,0.0,31155700.0,0.0,0.0,0.0,0.0,0.0,0.0,0.0,3199400.0,31155700.0,0.0,3199400.0
1552700000,Любашівська,0.0,20539900.0,0.0,0.0,0.0,0.0,0.0,0.0,0.0,2077700.0,20539900.0,0.0,2077700.0
1550500000,Маразліївська,0.0,9234100.0,0.0,0.0,0.0,0.0,0.0,0.0,0.0,0.0,9234100.0,0.0,0.0
1552100000,Маяківська,0.0,9527400.0,0.0,0.0,0.0,0.0,0.0,0.0,0.0,12336400.0,9527400.0,0.0,12336400.0
1552400000,Миколаївська,0.0,28634700.0,0.0,0.0,0.0,0.0,0.0,0.0,0.0,3284200.0,28634700.0,0.0,3284200.0
1552400000,Мологівська,0.0,28634700.0,0.0,0.0,0.0,0.0,0.0,0.0,0.0,3284200.0,28634700.0,0.0,3284200.0
1556200000,Нерубайська,11201600.0,0.0,0.0,0.0,0.0,0.0,0.0,0.0,0.0,0.0,0.0,11201600.0,0.0
1553500000,Новоборисівська,0.0,5711600.0,0.0,0.0,0.0,0.0,0.0,0.0,0.0,500000.0,5711600.0,0.0,500000.0
1550800000,Новокальчевська,0.0,3747500.0,0.0,0.0,0.0,0.0,0.0,0.0,0.0,500000.0,3747500.0,0.0,500000.0
1556300000,Овідіопольська,0.0,0.0,0.0,0.0,0.0,0.0,0.0,0.0,0.0,1002900.0,0.0,0.0,1002900.0
1556400000,Одеська,287992500.0,0.0,0.0,0.0,0.0,0.0,0.0,0.0,0.0,100000000.0,0.0,287992500.0,100000000.0
1552800000,Окнянська,0.0,16326000.0,0.0,0.0,0.0,0.0,0.0,0.0,0.0,20200.0,16326000.0,0.0,20200.0
1556500000,Павлівська,0.0,3535300.0,0.0,0.0,0.0,0.0,0.0,0.0,0.0,607500.0,3535300.0,0.0,607500.0
1553600000,Петровірівська,0.0,6945200.0,0.0,0.0,0.0,0.0,0.0,0.0,0.0,0.0,6945200.0,0.0,0.0
1553600000,Петропавлівська,0.0,6945200.0,0.0,0.0,0.0,0.0,0.0,0.0,0.0,0.0,6945200.0,0.0,0.0
1556800000,Плахтіївська,0.0,9530500.0,0.0,0.0,0.0,0.0,0.0,0.0,0.0,0.0,9530500.0,0.0,0.0
1556900000,Подільська,0.0,0.0,0.0,0.0,0.0,0.0,0.0,0.0,0.0,31205400.0,0.0,0.0,31205400.0
1559100000,Південнівська,56019300.0,0.0,0.0,0.0,0.0,0.0,0.0,0.0,0.0,1041200.0,0.0,56019300.0,1041200.0
1557000000,Раухівська,0.0,13553700.0,0.0,0.0,0.0,0.0,0.0,0.0,0.0,1098900.0,13553700.0,0.0,1098900.0
1557100000,Ренійська,0.0,24747400.0,0.0,0.0,0.0,0.0,0.0,0.0,0.0,13214400.0,24747400.0,0.0,13214400.0
1557200000,Роздільнянська,0.0,35194500.0,0.0,0.0,0.0,0.0,0.0,0.0,0.0,3152500.0,35194500.0,0.0,3152500.0
1550600000,Розквітівська,0.0,6646700.0,0.0,0.0,0.0,0.0,0.0,0.0,0.0,0.0,6646700.0,0.0,0.0
1557300000,Савранська,0.0,25945500.0,0.0,0.0,0.0,0.0,0.0,0.0,0.0,2352500.0,25945500.0,0.0,2352500.0
1557400000,Саратська,0.0,1762200.0,0.0,0.0,0.0,0.0,0.0,0.0,0.0,1576600.0,1762200.0,0.0,1576600.0
1557500000,Саф'янівська,0.0,77585500.0,0.0,0.0,0.0,0.0,0.0,0.0,0.0,6492500.0,77585500.0,0.0,6492500.0
1557600000,Сергіївська,0.0,17372600.0,0.0,0.0,0.0,0.0,0.0,0.0,0.0,18083300.0,17372600.0,0.0,18083300.0
1557700000,Слобідська,0.0,5889600.0,0.0,0.0,0.0,0.0,0.0,0.0,0.0,500000.0,5889600.0,0.0,500000.0
1551500000,Старокозацька,0.0,33583300.0,0.0,0.0,0.0,0.0,0.0,0.0,0.0,2654800.0,33583300.0,0.0,2654800.0
1557800000,Старомаяківська,0.0,4950900.0,0.0,0.0,0.0,0.0,0.0,0.0,0.0,0.0,4950900.0,0.0,0.0
1557900000,Степанівська,0.0,0.0,0.0,0.0,0.0,0.0,0.0,0.0,0.0,507700.0,0.0,0.0,507700.0
1558000000,Стрюківська,0.0,3688500.0,0.0,0.0,0.0,0.0,0.0,0.0,0.0,0.0,3688500.0,0.0,0.0
1558300000,Татарбунарська,0.0,28190000.0,0.0,0.0,0.0,0.0,0.0,0.0,0.0,194100.0,28190000.0,0.0,194100.0
1552500000,Таїровська,0.0,0.0,0.0,0.0,0.0,0.0,0.0,0.0,0.0,0.0,0.0,0.0,0.0
1558400000,Теплицька,0.0,5903600.0,0.0,0.0,0.0,0.0,0.0,0.0,0.0,615100.0,5903600.0,0.0,615100.0
1558500000,Теплодарська,0.0,15354200.0,0.0,0.0,0.0,0.0,0.0,0.0,0.0,0.0,15354200.0,0.0,0.0
1550700000,Тузлівська,0.0,6621200.0,0.0,0.0,0.0,0.0,0.0,0.0,0.0,459500.0,6621200.0,0.0,459500.0
1558600000,Усатівська,0.0,0.0,0.0,0.0,0.0,0.0,0.0,0.0,0.0,1213700.0,0.0,0.0,1213700.0
1558700000,Успенівська,0.0,7399100.0,0.0,0.0,0.0,0.0,0.0,0.0,0.0,0.0,7399100.0,0.0,0.0
1558800000,Фонтанська,0.0,3988300.0,0.0,0.0,0.0,0.0,0.0,0.0,0.0,5075100.0,3988300.0,0.0,5075100.0
1552200000,Цебриківська,0.0,7777100.0,0.0,0.0,0.0,0.0,0.0,0.0,0.0,566100.0,7777100.0,0.0,566100.0
1553300000,Чернівська,0.0,4767300.0,0.0,0.0,0.0,0.0,0.0,0.0,0.0,26700.0,4767300.0,0.0,26700.0
1553700000,Чогодарівська,0.0,3132800.0,0.0,0.0,0.0,0.0,0.0,0.0,0.0,203400.0,3132800.0,0.0,203400.0
1558900000,Чорноморська,63874800.0,0.0,0.0,0.0,0.0,0.0,0.0,0.0,0.0,0.0,0.0,63874800.0,0.0
1551600000,Шабівська,0.0,8489600.0,0.0,0.0,0.0,0.0,0.0,0.0,0.0,215000.0,8489600.0,0.0,215000.0
1551000000,Ширяївська,0.0,11546300.0,0.0,0.0,0.0,0.0,0.0,0.0,0.0,0.0,11546300.0,0.0,0.0
1551200000,Яськівська,0.0,17481500.0,0.0,0.0,0.0,0.0,0.0,0.0,0.0,1546500.0,17481500.0,0.0,1546500.0
1655400000,Білицька,0.0,14820800.0,0.0,0.0,0.0,0.0,0.0,0.0,0.0,0.0,14820800.0,0.0,0.0
1650100000,Білоцерківська,10457300.0,0.0,0.0,0.0,0.0,0.0,0.0,0.0,0.0,3108600.0,0.0,10457300.0,3108600.0
1651900000,Великобагачанська,0.0,7048700.0,0.0,0.0,0.0,0.0,0.0,0.0,0.0,0.0,7048700.0,0.0,0.0
1654800000,Великобудищанська,0.0,0.0,0.0,0.0,0.0,0.0,0.0,0.0,0.0,0.0,0.0,0.0,0.0
1655500000,Великорублівська,0.0,6159600.0,0.0,0.0,0.0,0.0,0.0,0.0,0.0,0.0,6159600.0,0.0,0.0
1651600000,Великосорочинська,10790900.0,0.0,0.0,0.0,0.0,0.0,0.0,0.0,0.0,378300.0,0.0,10790900.0,378300.0
1654500000,Гадяцька,0.0,12670000.0,0.0,0.0,0.0,0.0,0.0,0.0,0.0,2129000.0,12670000.0,0.0,2129000.0
1650200000,Глобинська,55416400.0,0.0,0.0,0.0,0.0,0.0,0.0,0.0,0.0,0.0,0.0,55416400.0,0.0
1654900000,Гоголівська,0.0,1033300.0,0.0,0.0,0.0,0.0,0.0,0.0,0.0,1662000.0,1033300.0,0.0,1662000.0
1654600000,Горішньоплавнівська,97985900.0,0.0,0.0,0.0,0.0,0.0,0.0,0.0,0.0,0.0,0.0,97985900.0,0.0
1655600000,Градизька,0.0,6765800.0,0.0,0.0,0.0,0.0,0.0,0.0,0.0,0.0,6765800.0,0.0,0.0
1652100000,Гребінківська,0.0,0.0,0.0,0.0,0.0,0.0,0.0,0.0,0.0,3409500.0,0.0,0.0,3409500.0
1655700000,Диканська,15661600.0,0.0,0.0,0.0,0.0,0.0,0.0,0.0,0.0,0.0,0.0,15661600.0,0.0
1652600000,Драбинівська,8925700.0,0.0,0.0,0.0,0.0,0.0,0.0,0.0,0.0,1049200.0,0.0,8925700.0,1049200.0
1655800000,Заводська,0.0,12473100.0,0.0,0.0,0.0,0.0,0.0,0.0,0.0,1511400.0,12473100.0,0.0,1511400.0
1655000000,Зіньківська,10893200.0,0.0,0.0,0.0,0.0,0.0,0.0,0.0,0.0,18207100.0,0.0,10893200.0,18207100.0
1655900000,Кам'янопотоківська,0.0,21672400.0,0.0,0.0,0.0,0.0,0.0,0.0,0.0,0.0,21672400.0,0.0,0.0
1656000000,Карлівська,0.0,0.0,0.0,0.0,0.0,0.0,0.0,0.0,0.0,0.0,0.0,0.0,0.0
1656100000,Кобеляцька,0.0,11689800.0,0.0,0.0,0.0,0.0,0.0,0.0,0.0,0.0,11689800.0,0.0,0.0
1653400000,Козельщинська,0.0,4695200.0,0.0,0.0,0.0,0.0,0.0,0.0,0.0,0.0,4695200.0,0.0,0.0
1654100000,Коломацька,0.0,4059300.0,0.0,0.0,0.0,0.0,0.0,0.0,0.0,7393400.0,4059300.0,0.0,7393400.0
1656200000,Комишнянська,0.0,0.0,0.0,0.0,0.0,0.0,0.0,0.0,0.0,8884800.0,0.0,0.0,8884800.0
1656300000,Котелевська,0.0,0.0,0.0,0.0,0.0,0.0,0.0,0.0,0.0,0.0,0.0,0.0,0.0
1654200000,Краснолуцька,0.0,0.0,0.0,0.0,0.0,0.0,0.0,0.0,0.0,0.0,0.0,0.0,0.0
1656400000,Кременчуцька,145019600.0,0.0,0.0,0.0,0.0,0.0,0.0,0.0,0.0,0.0,0.0,145019600.0,0.0
1652200000,Ланнівська,0.0,0.0,0.0,0.0,0.0,0.0,0.0,0.0,0.0,865000.0,0.0,0.0,865000.0
1652400000,Лохвицька,0.0,0.0,0.0,0.0,0.0,0.0,0.0,0.0,0.0,0.0,0.0,0.0,0.0
1656500000,Лубенська,0.0,0.0,0.0,0.0,0.0,0.0,0.0,0.0,0.0,0.0,0.0,0.0,0.0
1656600000,Лютенська,0.0,0.0,0.0,0.0,0.0,0.0,0.0,0.0,0.0,0.0,0.0,0.0,0.0
1656700000,Мартинівська,0.0,0.0,0.0,0.0,0.0,0.0,0.0,0.0,0.0,6859200.0,0.0,0.0,6859200.0
1653900000,Мачухівська,0.0,599000.0,0.0,0.0,0.0,0.0,0.0,0.0,0.0,6759100.0,599000.0,0.0,6759100.0
1653500000,Машівська,19138300.0,0.0,0.0,0.0,0.0,0.0,0.0,0.0,0.0,0.0,0.0,19138300.0,0.0
1656800000,Миргородська,0.0,4172000.0,0.0,0.0,0.0,0.0,0.0,0.0,0.0,0.0,4172000.0,0.0,0.0
1653500000,Михайлівська,19138300.0,0.0,0.0,0.0,0.0,0.0,0.0,0.0,0.0,0.0,0.0,19138300.0,0.0
1652800000,Нехворощанська,0.0,0.0,0.0,0.0,0.0,0.0,0.0,0.0,0.0,0.0,0.0,0.0,0.0
1653100000,Новогалещинська,0.0,1139800.0,0.0,0.0,0.0,0.0,0.0,0.0,0.0,0.0,1139800.0,0.0,0.0
1655100000,Новооржицька,0.0,0.0,0.0,0.0,0.0,0.0,0.0,0.0,0.0,0.0,0.0,0.0,0.0
1653000000,Новосанжарська,0.0,16482800.0,0.0,0.0,0.0,0.0,0.0,0.0,0.0,0.0,16482800.0,0.0,0.0
1654700000,Новоселівська,3966200.0,0.0,0.0,0.0,0.0,0.0,0.0,0.0,0.0,2403900.0,0.0,3966200.0,2403900.0
1653700000,Оболонська,0.0,783900.0,0.0,0.0,0.0,0.0,0.0,0.0,0.0,1908300.0,783900.0,0.0,1908300.0
1650500000,Омельницька,0.0,0.0,0.0,0.0,0.0,0.0,0.0,0.0,0.0,478900.0,0.0,0.0,478900.0
1654300000,Опішнянська,2704200.0,0.0,0.0,0.0,0.0,0.0,0.0,0.0,0.0,0.0,0.0,2704200.0,0.0
1656900000,Оржицька,0.0,0.0,0.0,0.0,0.0,0.0,0.0,0.0,0.0,3324800.0,0.0,0.0,3324800.0
1653300000,Петрівсько-Роменська,0.0,0.0,0.0,0.0,0.0,0.0,0.0,0.0,0.0,0.0,0.0,0.0,0.0
1650600000,Пирятинська,0.0,7734700.0,0.0,0.0,0.0,0.0,0.0,0.0,0.0,0.0,7734700.0,0.0,0.0
1657010000,Полтавська,507144500.0,0.0,0.0,0.0,0.0,0.0,0.0,0.0,0.0,0.0,0.0,507144500.0,0.0
1650900000,Пришибська,0.0,2233900.0,0.0,0.0,0.0,0.0,0.0,0.0,0.0,202600.0,2233900.0,0.0,202600.0
1651500000,Решетилівська,14621200.0,0.0,0.0,0.0,0.0,0.0,0.0,0.0,0.0,0.0,0.0,14621200.0,0.0
1655300000,Ромоданівська,0.0,6419300.0,0.0,0.0,0.0,0.0,0.0,0.0,0.0,16849300.0,6419300.0,0.0,16849300.0
1651000000,Семенівська,0.0,9351800.0,0.0,0.0,0.0,0.0,0.0,0.0,0.0,0.0,9351800.0,0.0,0.0
1653200000,Сенчанська,1001700.0,0.0,0.0,0.0,0.0,0.0,0.0,0.0,0.0,0.0,0.0,1001700.0,0.0
1651800000,Сергіївська,16351500.0,0.0,0.0,0.0,0.0,0.0,0.0,0.0,0.0,0.0,0.0,16351500.0,0.0
1651300000,Скороходівська,0.0,6063600.0,0.0,0.0,0.0,0.0,0.0,0.0,0.0,1584700.0,6063600.0,0.0,1584700.0
1654000000,Терешківська,0.0,9720100.0,0.0,0.0,0.0,0.0,0.0,0.0,0.0,0.0,9720100.0,0.0,0.0
1657100000,Хорольська,0.0,0.0,0.0,0.0,0.0,0.0,0.0,0.0,0.0,0.0,0.0,0.0,0.0
1654400000,Чорнухинська,0.0,7922400.0,0.0,0.0,0.0,0.0,0.0,0.0,0.0,0.0,7922400.0,0.0,0.0
1657200000,Чутівська,0.0,13126800.0,0.0,0.0,0.0,0.0,0.0,0.0,0.0,0.0,13126800.0,0.0,0.0
1651200000,Шишацька,18637500.0,0.0,0.0,0.0,0.0,0.0,0.0,0.0,0.0,0.0,0.0,18637500.0,0.0
1653600000,Щербанівська,0.0,0.0,0.0,0.0,0.0,0.0,0.0,0.0,0.0,0.0,0.0,0.0,0.0
1753700000,Антонівська,0.0,13047300.0,0.0,0.0,0.0,0.0,0.0,0.0,0.0,63600.0,13047300.0,0.0,63600.0
1750100000,Бабинська,0.0,5291100.0,0.0,0.0,0.0,0.0,0.0,0.0,0.0,0.0,5291100.0,0.0,0.0
1754700000,Березнівська,0.0,73399200.0,0.0,0.0,0.0,0.0,0.0,0.0,0.0,0.0,73399200.0,0.0,0.0
1754600000,Березівська,0.0,25784600.0,0.0,0.0,0.0,0.0,0.0,0.0,0.0,0.0,25784600.0,0.0,0.0
1751900000,Бокіймівська,0.0,8677900.0,0.0,0.0,0.0,0.0,0.0,0.0,0.0,0.0,8677900.0,0.0,0.0
1751600000,Боремельська,0.0,5326300.0,0.0,0.0,0.0,0.0,0.0,0.0,0.0,0.0,5326300.0,0.0,0.0
1750200000,Бугринська,0.0,8396100.0,0.0,0.0,0.0,0.0,0.0,0.0,0.0,562200.0,8396100.0,0.0,562200.0
1754800000,Білокриницька,0.0,15792700.0,0.0,0.0,0.0,0.0,0.0,0.0,0.0,0.0,15792700.0,0.0,0.0
1753200000,Вараська,224715100.0,0.0,0.0,0.0,0.0,0.0,0.0,0.0,0.0,0.0,0.0,224715100.0,0.0
1754900000,Варковицька,0.0,8894400.0,0.0,0.0,0.0,0.0,0.0,0.0,0.0,0.0,8894400.0,0.0,0.0
1755000000,Великомежиріцька,0.0,15288700.0,0.0,0.0,0.0,0.0,0.0,0.0,0.0,0.0,15288700.0,0.0,0.0
1753800000,Великоомелянська,968300.0,0.0,0.0,0.0,0.0,0.0,0.0,0.0,0.0,0.0,0.0,968300.0,0.0
1755100000,Вербська,0.0,6022000.0,0.0,0.0,0.0,0.0,0.0,0.0,0.0,0.0,6022000.0,0.0,0.0
1753900000,Вирівська,0.0,12838600.0,0.0,0.0,0.0,0.0,0.0,0.0,0.0,0.0,12838600.0,0.0,0.0
1751200000,Висоцька,0.0,10782900.0,0.0,0.0,0.0,0.0,0.0,0.0,0.0,267100.0,10782900.0,0.0,267100.0
1755200000,Володимирецька,0.0,42000900.0,0.0,0.0,0.0,0.0,0.0,0.0,0.0,0.0,42000900.0,0.0,0.0
1754000000,Головинська,0.0,13283600.0,0.0,0.0,0.0,0.0,0.0,0.0,0.0,0.0,13283600.0,0.0,0.0
1755300000,Городоцька,42801500.0,0.0,0.0,0.0,0.0,0.0,0.0,0.0,0.0,0.0,0.0,42801500.0,0.0
1755400000,Гощанська,0.0,12876400.0,0.0,0.0,0.0,0.0,0.0,0.0,0.0,0.0,12876400.0,0.0,0.0
1752400000,Демидівська,0.0,12428800.0,0.0,0.0,0.0,0.0,0.0,0.0,0.0,0.0,12428800.0,0.0,0.0
1751700000,Деражненська,0.0,11542700.0,0.0,0.0,0.0,0.0,0.0,0.0,0.0,0.0,11542700.0,0.0,0.0
1755500000,Дубенська,0.0,0.0,0.0,0.0,0.0,0.0,0.0,0.0,0.0,7589300.0,0.0,0.0,7589300.0
1755600000,Дубровицька,0.0,60485600.0,0.0,0.0,0.0,0.0,0.0,0.0,0.0,0.0,60485600.0,0.0,0.0
1752900000,Дядьковицька,0.0,3739600.0,0.0,0.0,0.0,0.0,0.0,0.0,0.0,0.0,3739600.0,0.0,0.0
1755700000,Зарічненська,0.0,53135300.0,0.0,0.0,0.0,0.0,0.0,0.0,0.0,0.0,53135300.0,0.0,0.0
1755800000,Здовбицька,0.0,15500700.0,0.0,0.0,0.0,0.0,0.0,0.0,0.0,0.0,15500700.0,0.0,0.0
1755900000,Здолбунівська,0.0,0.0,0.0,0.0,0.0,0.0,0.0,0.0,0.0,0.0,0.0,0.0,0.0
1756000000,Зорянська,0.0,2727300.0,0.0,0.0,0.0,0.0,0.0,0.0,0.0,0.0,2727300.0,0.0,0.0
1754100000,Каноницька,0.0,14545800.0,0.0,0.0,0.0,0.0,0.0,0.0,0.0,0.0,14545800.0,0.0,0.0
1752200000,Клеванська,19634300.0,0.0,0.0,0.0,0.0,0.0,0.0,0.0,0.0,0.0,0.0,19634300.0,0.0
1750300000,Клесівська,0.0,0.0,0.0,0.0,0.0,0.0,0.0,0.0,0.0,0.0,0.0,0.0,0.0
1751400000,Козинська,0.0,10949500.0,0.0,0.0,0.0,0.0,0.0,0.0,0.0,0.0,10949500.0,0.0,0.0
1756100000,Корецька,0.0,30501100.0,0.0,0.0,0.0,0.0,0.0,0.0,0.0,0.0,30501100.0,0.0,0.0
1753000000,Корнинська,0.0,8596500.0,0.0,0.0,0.0,0.0,0.0,0.0,0.0,0.0,8596500.0,0.0,0.0
1756200000,Костопільська,0.0,9169800.0,0.0,0.0,0.0,0.0,0.0,0.0,0.0,0.0,9169800.0,0.0,0.0
1750700000,Крупецька,0.0,0.0,0.0,0.0,0.0,0.0,0.0,0.0,0.0,0.0,0.0,0.0,0.0
1751000000,Локницька,0.0,13624700.0,0.0,0.0,0.0,0.0,0.0,0.0,0.0,0.0,13624700.0,0.0,0.0
1753600000,Малинська,0.0,10513600.0,0.0,0.0,0.0,0.0,0.0,0.0,0.0,0.0,10513600.0,0.0,0.0
1752500000,Малолюбашанська,0.0,8732500.0,0.0,0.0,0.0,0.0,0.0,0.0,0.0,903300.0,8732500.0,0.0,903300.0
1750400000,Миляцька,0.0,11824000.0,0.0,0.0,0.0,0.0,0.0,0.0,0.0,0.0,11824000.0,0.0,0.0
1750900000,Мирогощанська,0.0,11845900.0,0.0,0.0,0.0,0.0,0.0,0.0,0.0,0.0,11845900.0,0.0,0.0
1751500000,Млинівська,0.0,12696100.0,0.0,0.0,0.0,0.0,0.0,0.0,0.0,0.0,12696100.0,0.0,0.0
1756300000,Мізоцька,0.0,26616800.0,0.0,0.0,0.0,0.0,0.0,0.0,0.0,0.0,26616800.0,0.0,0.0
1752300000,Немовицька,0.0,20930400.0,0.0,0.0,0.0,0.0,0.0,0.0,0.0,0.0,20930400.0,0.0,0.0
1752600000,Олександрійська,0.0,6386600.0,0.0,0.0,0.0,0.0,0.0,0.0,0.0,0.0,6386600.0,0.0,0.0
1751800000,Острожецька,0.0,6077100.0,0.0,0.0,0.0,0.0,0.0,0.0,0.0,0.0,6077100.0,0.0,0.0
1753400000,Острозька,0.0,60857600.0,0.0,0.0,0.0,0.0,0.0,0.0,0.0,0.0,60857600.0,0.0,0.0
1752800000,Повчанська,0.0,5737000.0,0.0,0.0,0.0,0.0,0.0,0.0,0.0,1465100.0,5737000.0,0.0,1465100.0
1754300000,Полицька,0.0,7226000.0,0.0,0.0,0.0,0.0,0.0,0.0,0.0,1776400.0,7226000.0,0.0,1776400.0
1750800000,Привільненська,0.0,8153800.0,0.0,0.0,0.0,0.0,0.0,0.0,0.0,0.0,8153800.0,0.0,0.0
1750500000,Підлозцівська,0.0,833200.0,0.0,0.0,0.0,0.0,0.0,0.0,0.0,0.0,833200.0,0.0,0.0
1750600000,Радивилівська,0.0,0.0,0.0,0.0,0.0,0.0,0.0,0.0,0.0,0.0,0.0,0.0,0.0
1754400000,Рафалівська,0.0,15526500.0,0.0,0.0,0.0,0.0,0.0,0.0,0.0,0.0,15526500.0,0.0,0.0
1756500000,Рокитнівська,0.0,54591200.0,0.0,0.0,0.0,0.0,0.0,0.0,0.0,0.0,54591200.0,0.0,0.0
1756400000,Рівненська,176376000.0,0.0,0.0,0.0,0.0,0.0,0.0,0.0,0.0,0.0,0.0,176376000.0,0.0
1756600000,Сарненська,0.0,51982400.0,0.0,0.0,0.0,0.0,0.0,0.0,0.0,0.0,51982400.0,0.0,0.0
1754500000,Семидубська,0.0,5145600.0,0.0,0.0,0.0,0.0,0.0,0.0,0.0,0.0,5145600.0,0.0,0.0
1751100000,Смизька,0.0,493000.0,0.0,0.0,0.0,0.0,0.0,0.0,0.0,51800.0,493000.0,0.0,51800.0
1756700000,Соснівська,0.0,10712200.0,0.0,0.0,0.0,0.0,0.0,0.0,0.0,357200.0,10712200.0,0.0,357200.0
1753100000,Старосільська,0.0,15284200.0,0.0,0.0,0.0,0.0,0.0,0.0,0.0,0.0,15284200.0,0.0,0.0
1753500000,Степанська,0.0,14626600.0,0.0,0.0,0.0,0.0,0.0,0.0,0.0,33300.0,14626600.0,0.0,33300.0
1752000000,Тараканівська,0.0,10124500.0,0.0,0.0,0.0,0.0,0.0,0.0,0.0,0.0,10124500.0,0.0,0.0
1752700000,Шпанівська,0.0,0.0,0.0,0.0,0.0,0.0,0.0,0.0,0.0,0.0,0.0,0.0,0.0
1752100000,Ярославицька,0.0,3183900.0,0.0,0.0,0.0,0.0,0.0,0.0,0.0,95000.0,3183900.0,0.0,95000.0
1852900000,Андріяшівська,6612400.0,0.0,0.0,0.0,0.0,0.0,0.0,0.0,0.0,638500.0,0.0,6612400.0,638500.0
1850900000,Бездрицька,0.0,996600.0,0.0,0.0,0.0,0.0,0.0,0.0,0.0,201700.0,996600.0,0.0,201700.0
1850100000,Березівська,0.0,7528700.0,0.0,0.0,0.0,0.0,0.0,0.0,0.0,6856600.0,7528700.0,0.0,6856600.0
1851000000,Боромлянська,0.0,2822000.0,0.0,0.0,0.0,0.0,0.0,0.0,0.0,462300.0,2822000.0,0.0,462300.0
1851800000,Бочечківська,0.0,0.0,0.0,0.0,0.0,0.0,0.0,0.0,0.0,0.0,0.0,0.0,0.0
1851900000,Буринська,0.0,19661500.0,0.0,0.0,0.0,0.0,0.0,0.0,0.0,0.0,19661500.0,0.0,0.0
1853500000,Білопільська,0.0,34304700.0,0.0,0.0,0.0,0.0,0.0,0.0,0.0,25238200.0,34304700.0,0.0,25238200.0
1853900000,Великописарівська,0.0,17065500.0,0.0,0.0,0.0,0.0,0.0,0.0,0.0,21106400.0,17065500.0,0.0,21106400.0
1852700000,Верхньосироватська,0.0,10022600.0,0.0,0.0,0.0,0.0,0.0,0.0,0.0,2321300.0,10022600.0,0.0,2321300.0
1854000000,Ворожбянська,0.0,12708700.0,0.0,0.0,0.0,0.0,0.0,0.0,0.0,11962900.0,12708700.0,0.0,11962900.0
1851500000,Вільшанська,0.0,2141600.0,0.0,0.0,0.0,0.0,0.0,0.0,0.0,0.0,2141600.0,0.0,0.0
1854100000,Глухівська,0.0,37027300.0,0.0,0.0,0.0,0.0,0.0,0.0,0.0,16987900.0,37027300.0,0.0,16987900.0
1851100000,Грунська,0.0,12208800.0,0.0,0.0,0.0,0.0,0.0,0.0,0.0,2071200.0,12208800.0,0.0,2071200.0
1852000000,Дубов'язівська,0.0,0.0,0.0,0.0,0.0,0.0,0.0,0.0,0.0,0.0,0.0,0.0,0.0
1854200000,Есманьська,0.0,5400200.0,0.0,0.0,0.0,0.0,0.0,0.0,0.0,23489700.0,5400200.0,0.0,23489700.0
1850300000,Зноб-Новгородська,0.0,11627600.0,0.0,0.0,0.0,0.0,0.0,0.0,0.0,6721400.0,11627600.0,0.0,6721400.0
1850400000,Кириківська,0.0,15276300.0,0.0,0.0,0.0,0.0,0.0,0.0,0.0,948000.0,15276300.0,0.0,948000.0
1852200000,Комишанська,11800400.0,0.0,0.0,0.0,0.0,0.0,0.0,0.0,0.0,0.0,0.0,11800400.0,0.0
1853400000,Конотопська,0.0,32149600.0,0.0,0.0,0.0,0.0,0.0,0.0,0.0,0.0,32149600.0,0.0,0.0
1852100000,Коровинська,0.0,4835900.0,0.0,0.0,0.0,0.0,0.0,0.0,0.0,946300.0,4835900.0,0.0,946300.0
1851700000,Краснопільська,0.0,22764000.0,0.0,0.0,0.0,0.0,0.0,0.0,0.0,50556200.0,22764000.0,0.0,50556200.0
1851600000,Кролевецька,0.0,42849400.0,0.0,0.0,0.0,0.0,0.0,0.0,0.0,1226800.0,42849400.0,0.0,1226800.0
1854300000,Лебединська,0.0,41132200.0,0.0,0.0,0.0,0.0,0.0,0.0,0.0,0.0,41132200.0,0.0,0.0
1853200000,Липоводолинська,0.0,0.0,0.0,0.0,0.0,0.0,0.0,0.0,0.0,0.0,0.0,0.0,0.0
1851200000,Миколаївська,0.0,0.0,0.0,0.0,0.0,0.0,0.0,0.0,0.0,10130800.0,0.0,0.0,10130800.0
1851300000,Миропільська,0.0,4946000.0,0.0,0.0,0.0,0.0,0.0,0.0,0.0,21791100.0,4946000.0,0.0,21791100.0
1850600000,Недригайлівська,0.0,8225700.0,0.0,0.0,0.0,0.0,0.0,0.0,0.0,0.0,8225700.0,0.0,0.0
1851400000,Нижньосироватська,0.0,9063000.0,0.0,0.0,0.0,0.0,0.0,0.0,0.0,0.0,9063000.0,0.0,0.0
1852400000,Новослобідська,0.0,5293600.0,0.0,0.0,0.0,0.0,0.0,0.0,0.0,8286300.0,5293600.0,0.0,8286300.0
1853700000,Охтирська,0.0,5601800.0,0.0,0.0,0.0,0.0,0.0,0.0,0.0,16509200.0,5601800.0,0.0,16509200.0
1854400000,Попівська,0.0,3603100.0,0.0,0.0,0.0,0.0,0.0,0.0,0.0,0.0,3603100.0,0.0,0.0
1853800000,Путивльська,0.0,31136300.0,0.0,0.0,0.0,0.0,0.0,0.0,0.0,12245200.0,31136300.0,0.0,12245200.0
1854500000,Роменська,0.0,0.0,0.0,0.0,0.0,0.0,0.0,0.0,0.0,5905100.0,0.0,0.0,5905100.0
1853300000,Річківська,0.0,4903500.0,0.0,0.0,0.0,0.0,0.0,0.0,0.0,3471100.0,4903500.0,0.0,3471100.0
1854600000,Садівська,0.0,0.0,0.0,0.0,0.0,0.0,0.0,0.0,0.0,0.0,0.0,0.0,0.0
1854700000,Свеська,0.0,16963400.0,0.0,0.0,0.0,0.0,0.0,0.0,0.0,14279000.0,16963400.0,0.0,14279000.0
1854800000,Середино-Будська,0.0,30124500.0,0.0,0.0,0.0,0.0,0.0,0.0,0.0,17640200.0,30124500.0,0.0,17640200.0
1853600000,Синівська,0.0,5733600.0,0.0,0.0,0.0,0.0,0.0,0.0,0.0,0.0,5733600.0,0.0,0.0
1852500000,Степанівська,0.0,0.0,0.0,0.0,0.0,0.0,0.0,0.0,0.0,4405500.0,0.0,0.0,4405500.0
1853100000,Сумська,0.0,0.0,0.0,0.0,0.0,0.0,0.0,0.0,0.0,137188900.0,0.0,0.0,137188900.0
1852600000,Тростянецька,0.0,0.0,0.0,0.0,0.0,0.0,0.0,0.0,0.0,3221200.0,0.0,0.0,3221200.0
1854900000,Хмелівська,0.0,5757200.0,0.0,0.0,0.0,0.0,0.0,0.0,0.0,0.0,5757200.0,0.0,0.0
1850700000,Хотінська,0.0,0.0,0.0,0.0,0.0,0.0,0.0,0.0,0.0,27758300.0,0.0,0.0,27758300.0
1850200000,Хутір-Михайлівська,0.0,2583000.0,0.0,0.0,0.0,0.0,0.0,0.0,0.0,8803600.0,2583000.0,0.0,8803600.0
1852300000,Чернеччинська,0.0,0.0,0.0,0.0,0.0,0.0,0.0,0.0,0.0,7686800.0,0.0,0.0,7686800.0
1852800000,Чупахівська,0.0,10458400.0,0.0,0.0,0.0,0.0,0.0,0.0,0.0,0.0,10458400.0,0.0,0.0
1850800000,Шалигинська,0.0,9006300.0,0.0,0.0,0.0,0.0,0.0,0.0,0.0,31642600.0,9006300.0,0.0,31642600.0
1853000000,Шосткинська,0.0,0.0,0.0,0.0,0.0,0.0,0.0,0.0,0.0,104373600.0,0.0,0.0,104373600.0
1855000000,Юнаківська,0.0,8694500.0,0.0,0.0,0.0,0.0,0.0,0.0,0.0,12281900.0,8694500.0,0.0,12281900.0
1851300000,Ямпільська,0.0,4946000.0,0.0,0.0,0.0,0.0,0.0,0.0,0.0,21791100.0,4946000.0,0.0,21791100.0
1955900000,Іване-Пустенська,0.0,10316800.0,0.0,0.0,0.0,0.0,0.0,0.0,0.0,0.0,10316800.0,0.0,0.0
1950900000,Іванівська,0.0,136500.0,0.0,0.0,0.0,0.0,0.0,0.0,0.0,0.0,136500.0,0.0,0.0
1950100000,Байковецька,20021800.0,0.0,0.0,0.0,0.0,0.0,0.0,0.0,0.0,0.0,0.0,20021800.0,0.0
1954800000,Бережанська,0.0,30717900.0,0.0,0.0,0.0,0.0,0.0,0.0,0.0,0.0,30717900.0,0.0,0.0
1953200000,Борсуківська,0.0,7172900.0,0.0,0.0,0.0,0.0,0.0,0.0,0.0,163300.0,7172900.0,0.0,163300.0
1952700000,Борщівська,0.0,42004000.0,0.0,0.0,0.0,0.0,0.0,0.0,0.0,0.0,42004000.0,0.0,0.0
1955500000,Бучацька,0.0,50248100.0,0.0,0.0,0.0,0.0,0.0,0.0,0.0,0.0,50248100.0,0.0,0.0
1954300000,Білецька,0.0,1307100.0,0.0,0.0,0.0,0.0,0.0,0.0,0.0,0.0,1307100.0,0.0,0.0
1950200000,Білобожницька,0.0,15366900.0,0.0,0.0,0.0,0.0,0.0,0.0,0.0,0.0,15366900.0,0.0,0.0
1953100000,Більче-Золотецька,0.0,4351500.0,0.0,0.0,0.0,0.0,0.0,0.0,0.0,1781100.0,4351500.0,0.0,1781100.0
1950300000,Васильковецька,0.0,9847000.0,0.0,0.0,0.0,0.0,0.0,0.0,0.0,0.0,9847000.0,0.0,0.0
1955600000,Великоберезовицька,0.0,0.0,0.0,0.0,0.0,0.0,0.0,0.0,0.0,0.0,0.0,0.0,0.0
1955000000,Великобірківська,3205300.0,0.0,0.0,0.0,0.0,0.0,0.0,0.0,0.0,0.0,0.0,3205300.0,0.0
1950400000,Великогаївська,0.0,0.0,0.0,0.0,0.0,0.0,0.0,0.0,0.0,0.0,0.0,0.0,0.0
1953300000,Великодедеркальська,0.0,9299900.0,0.0,0.0,0.0,0.0,0.0,0.0,0.0,60400.0,9299900.0,0.0,60400.0
1952800000,Вишнівецька,0.0,34329300.0,0.0,0.0,0.0,0.0,0.0,0.0,0.0,0.0,34329300.0,0.0,0.0
1952900000,Гримайлівська,0.0,10832500.0,0.0,0.0,0.0,0.0,0.0,0.0,0.0,0.0,10832500.0,0.0,0.0
1950500000,Гусятинська,0.0,4897100.0,0.0,0.0,0.0,0.0,0.0,0.0,0.0,0.0,4897100.0,0.0,0.0
1950600000,Заводська,0.0,6840800.0,0.0,0.0,0.0,0.0,0.0,0.0,0.0,0.0,6840800.0,0.0,0.0
1953000000,Залозецька,0.0,18936800.0,0.0,0.0,0.0,0.0,0.0,0.0,0.0,192900.0,18936800.0,0.0,192900.0
1955700000,Заліщицька,0.0,32870800.0,0.0,0.0,0.0,0.0,0.0,0.0,0.0,0.0,32870800.0,0.0,0.0
1955800000,Збаразька,0.0,32306500.0,0.0,0.0,0.0,0.0,0.0,0.0,0.0,0.0,32306500.0,0.0,0.0
1954000000,Зборівська,0.0,16150100.0,0.0,0.0,0.0,0.0,0.0,0.0,0.0,0.0,16150100.0,0.0,0.0
1950700000,Золотниківська,0.0,8523700.0,0.0,0.0,0.0,0.0,0.0,0.0,0.0,561900.0,8523700.0,0.0,561900.0
1950800000,Золотопотіцька,0.0,26154800.0,0.0,0.0,0.0,0.0,0.0,0.0,0.0,2000800.0,26154800.0,0.0,2000800.0
1951000000,Козлівська,0.0,7438700.0,0.0,0.0,0.0,0.0,0.0,0.0,0.0,0.0,7438700.0,0.0,0.0
1956000000,Козівська,0.0,3517300.0,0.0,0.0,0.0,0.0,0.0,0.0,0.0,0.0,3517300.0,0.0,0.0
1951100000,Колиндянська,0.0,11210700.0,0.0,0.0,0.0,0.0,0.0,0.0,0.0,0.0,11210700.0,0.0,0.0
1954400000,Копичинецька,0.0,22191600.0,0.0,0.0,0.0,0.0,0.0,0.0,0.0,0.0,22191600.0,0.0,0.0
1951300000,Коропецька,0.0,12917800.0,0.0,0.0,0.0,0.0,0.0,0.0,0.0,854100.0,12917800.0,0.0,854100.0
1956100000,Кременецька,0.0,43295700.0,0.0,0.0,0.0,0.0,0.0,0.0,0.0,0.0,43295700.0,0.0,0.0
1954500000,Купчинецька,0.0,1708800.0,0.0,0.0,0.0,0.0,0.0,0.0,0.0,0.0,1708800.0,0.0,0.0
1953800000,Лановецька,0.0,17222900.0,0.0,0.0,0.0,0.0,0.0,0.0,0.0,0.0,17222900.0,0.0,0.0
1951400000,Лопушненська,0.0,10271500.0,0.0,0.0,0.0,0.0,0.0,0.0,0.0,335300.0,10271500.0,0.0,335300.0
1951500000,Мельнице-Подільська,0.0,37502700.0,0.0,0.0,0.0,0.0,0.0,0.0,0.0,0.0,37502700.0,0.0,0.0
1951600000,Микулинецька,0.0,25523000.0,0.0,0.0,0.0,0.0,0.0,0.0,0.0,0.0,25523000.0,0.0,0.0
1954600000,Монастириська,0.0,24879100.0,0.0,0.0,0.0,0.0,0.0,0.0,0.0,0.0,24879100.0,0.0,0.0
1956200000,Нагірянська,0.0,10715800.0,0.0,0.0,0.0,0.0,0.0,0.0,0.0,0.0,10715800.0,0.0,0.0
1955300000,Нараївська,0.0,12341500.0,0.0,0.0,0.0,0.0,0.0,0.0,0.0,0.0,12341500.0,0.0,0.0
1951800000,Озернянська,0.0,11718700.0,0.0,0.0,0.0,0.0,0.0,0.0,0.0,0.0,11718700.0,0.0,0.0
1952100000,Почаївська,0.0,33841600.0,0.0,0.0,0.0,0.0,0.0,0.0,0.0,0.0,33841600.0,0.0,0.0
1952000000,Підволочиська,0.0,14237700.0,0.0,0.0,0.0,0.0,0.0,0.0,0.0,0.0,14237700.0,0.0,0.0
1956300000,Підгаєцька,0.0,0.0,0.0,0.0,0.0,0.0,0.0,0.0,0.0,0.0,0.0,0.0,0.0
1956400000,Підгородненська,0.0,7459800.0,0.0,0.0,0.0,0.0,0.0,0.0,0.0,0.0,7459800.0,0.0,0.0
1953700000,Саранчуківська,0.0,10639200.0,0.0,0.0,0.0,0.0,0.0,0.0,0.0,0.0,10639200.0,0.0,0.0
1952200000,Скала-Подільська,0.0,15106200.0,0.0,0.0,0.0,0.0,0.0,0.0,0.0,0.0,15106200.0,0.0,0.0
1952300000,Скалатська,0.0,13361100.0,0.0,0.0,0.0,0.0,0.0,0.0,0.0,0.0,13361100.0,0.0,0.0
1952400000,Скориківська,0.0,0.0,0.0,0.0,0.0,0.0,0.0,0.0,0.0,0.0,0.0,0.0,0.0
1952500000,Теребовлянська,0.0,28590900.0,0.0,0.0,0.0,0.0,0.0,0.0,0.0,0.0,28590900.0,0.0,0.0
1954900000,Тернопільська,221371000.0,0.0,0.0,0.0,0.0,0.0,0.0,0.0,0.0,0.0,0.0,221371000.0,0.0
1954200000,Товстенська,0.0,29380900.0,0.0,0.0,0.0,0.0,0.0,0.0,0.0,0.0,29380900.0,0.0,0.0
1953500000,Трибухівська,8365400.0,0.0,0.0,0.0,0.0,0.0,0.0,0.0,0.0,1890400.0,0.0,8365400.0,1890400.0
1953900000,Хоростківська,0.0,2924600.0,0.0,0.0,0.0,0.0,0.0,0.0,0.0,0.0,2924600.0,0.0,0.0
1955400000,Чортківська,0.0,22471200.0,0.0,0.0,0.0,0.0,0.0,0.0,0.0,17200000.0,22471200.0,0.0,17200000.0
1952600000,Шумська,0.0,24587900.0,0.0,0.0,0.0,0.0,0.0,0.0,0.0,0.0,24587900.0,0.0,0.0
0253300000,Іванівська,0.0,20228600.0,0.0,0.0,0.0,0.0,0.0,0.0,0.0,0.0,20228600.0,0.0,0.0
0250300000,Іллінецька,13869000.0,0.0,0.0,0.0,0.0,0.0,0.0,0.0,0.0,0.0,0.0,13869000.0,0.0
0254700000,Агрономічна,0.0,11125200.0,0.0,0.0,0.0,0.0,0.0,0.0,0.0,0.0,11125200.0,0.0,0.0
0251400000,Бабчинецька,0.0,9089700.0,0.0,0.0,0.0,0.0,0.0,0.0,0.0,441600.0,9089700.0,0.0,441600.0
0250500000,Барська,0.0,28615100.0,0.0,0.0,0.0,0.0,0.0,0.0,0.0,0.0,28615100.0,0.0,0.0
0254800000,Бершадська,0.0,50306100.0,0.0,0.0,0.0,0.0,0.0,0.0,0.0,0.0,50306100.0,0.0,0.0
0252900000,Брацлавська,0.0,11224100.0,0.0,0.0,0.0,0.0,0.0,0.0,0.0,0.0,11224100.0,0.0,0.0
0250400000,Вапнярська,0.0,2786000.0,0.0,0.0,0.0,0.0,0.0,0.0,0.0,1401100.0,2786000.0,0.0,1401100.0
0254900000,Вендичанська,0.0,23623400.0,0.0,0.0,0.0,0.0,0.0,0.0,0.0,77600.0,23623400.0,0.0,77600.0
0250800000,Вороновицька,0.0,23662600.0,0.0,0.0,0.0,0.0,0.0,0.0,0.0,0.0,23662600.0,0.0,0.0
0253600000,Вінницька,531278100.0,0.0,0.0,0.0,0.0,0.0,0.0,0.0,0.0,0.0,0.0,531278100.0,0.0
0255000000,Гайсинська,0.0,5759800.0,0.0,0.0,0.0,0.0,0.0,0.0,0.0,0.0,5759800.0,0.0,0.0
0252700000,Глуховецька,0.0,4571400.0,0.0,0.0,0.0,0.0,0.0,0.0,0.0,0.0,4571400.0,0.0,0.0
0253300000,Гніванська,0.0,20228600.0,0.0,0.0,0.0,0.0,0.0,0.0,0.0,0.0,20228600.0,0.0,0.0
0255100000,Городківська,0.0,2657600.0,0.0,0.0,0.0,0.0,0.0,0.0,0.0,0.0,2657600.0,0.0,0.0
0250900000,Дашівська,0.0,27379300.0,0.0,0.0,0.0,0.0,0.0,0.0,0.0,0.0,27379300.0,0.0,0.0
0251600000,Джулинська,0.0,17292600.0,0.0,0.0,0.0,0.0,0.0,0.0,0.0,0.0,17292600.0,0.0,0.0
0255200000,Джуринська,0.0,28251700.0,0.0,0.0,0.0,0.0,0.0,0.0,0.0,172400.0,28251700.0,0.0,172400.0
0250900000,Жданівська,0.0,27379300.0,0.0,0.0,0.0,0.0,0.0,0.0,0.0,0.0,27379300.0,0.0,0.0
0254200000,Жмеринська,16471600.0,0.0,0.0,0.0,0.0,0.0,0.0,0.0,0.0,7541800.0,0.0,16471600.0,7541800.0
0250100000,Калинівська,0.0,0.0,0.0,0.0,0.0,0.0,0.0,0.0,0.0,5456000.0,0.0,0.0,5456000.0
0255300000,Козятинська,20182800.0,0.0,0.0,0.0,0.0,0.0,0.0,0.0,0.0,0.0,0.0,20182800.0,0.0
0255400000,Копайгородська,0.0,14934300.0,0.0,0.0,0.0,0.0,0.0,0.0,0.0,0.0,14934300.0,0.0,0.0
0255500000,Краснопільська,0.0,0.0,0.0,0.0,0.0,0.0,0.0,0.0,0.0,0.0,0.0,0.0,0.0
0255500000,Крижопільська,0.0,0.0,0.0,0.0,0.0,0.0,0.0,0.0,0.0,0.0,0.0,0.0,0.0
0252400000,Кунківська,0.0,720500.0,0.0,0.0,0.0,0.0,0.0,0.0,0.0,360100.0,720500.0,0.0,360100.0
0255600000,Ладижинська,135367500.0,0.0,0.0,0.0,0.0,0.0,0.0,0.0,0.0,0.0,0.0,135367500.0,0.0
0255700000,Липовецька,0.0,4296300.0,0.0,0.0,0.0,0.0,0.0,0.0,0.0,0.0,4296300.0,0.0,0.0
0253000000,Лука-Мелешківська,0.0,8399600.0,0.0,0.0,0.0,0.0,0.0,0.0,0.0,0.0,8399600.0,0.0,0.0
0254100000,Літинська,0.0,3195100.0,0.0,0.0,0.0,0.0,0.0,0.0,0.0,0.0,3195100.0,0.0,0.0
0254600000,Махнівська,0.0,8867400.0,0.0,0.0,0.0,0.0,0.0,0.0,0.0,0.0,8867400.0,0.0,0.0
0255800000,Могилів-Подільська,0.0,32125200.0,0.0,0.0,0.0,0.0,0.0,0.0,0.0,0.0,32125200.0,0.0,0.0
0252200000,Мурафська,0.0,19149800.0,0.0,0.0,0.0,0.0,0.0,0.0,0.0,0.0,19149800.0,0.0,0.0
0255900000,Мурованокуриловецька,0.0,27089100.0,0.0,0.0,0.0,0.0,0.0,0.0,0.0,0.0,27089100.0,0.0,0.0
0250600000,Немирівська,0.0,1374200.0,0.0,0.0,0.0,0.0,0.0,0.0,0.0,0.0,1374200.0,0.0,0.0
0256000000,Ободівська,0.0,17703700.0,0.0,0.0,0.0,0.0,0.0,0.0,0.0,0.0,17703700.0,0.0,0.0
0256100000,Ольгопільська,0.0,9560000.0,0.0,0.0,0.0,0.0,0.0,0.0,0.0,0.0,9560000.0,0.0,0.0
0251000000,Оратівська,0.0,13801500.0,0.0,0.0,0.0,0.0,0.0,0.0,0.0,0.0,13801500.0,0.0,0.0
0256300000,Погребищенська,0.0,36858400.0,0.0,0.0,0.0,0.0,0.0,0.0,0.0,0.0,36858400.0,0.0,0.0
0256200000,Піщанська,0.0,9907300.0,0.0,0.0,0.0,0.0,0.0,0.0,0.0,0.0,9907300.0,0.0,0.0
0251900000,Райгородська,0.0,10387500.0,0.0,0.0,0.0,0.0,0.0,0.0,0.0,0.0,10387500.0,0.0,0.0
0256400000,Самгородоцька,0.0,813100.0,0.0,0.0,0.0,0.0,0.0,0.0,0.0,0.0,813100.0,0.0,0.0
0252000000,Северинівська,0.0,13713300.0,0.0,0.0,0.0,0.0,0.0,0.0,0.0,735300.0,13713300.0,0.0,735300.0
0254000000,Соболівська,0.0,14551400.0,0.0,0.0,0.0,0.0,0.0,0.0,0.0,0.0,14551400.0,0.0,0.0
0256500000,Станіславчицька,0.0,12297000.0,0.0,0.0,0.0,0.0,0.0,0.0,0.0,0.0,12297000.0,0.0,0.0
0256600000,Стрижавська,0.0,16973000.0,0.0,0.0,0.0,0.0,0.0,0.0,0.0,0.0,16973000.0,0.0,0.0
0250200000,Студенянська,0.0,6756800.0,0.0,0.0,0.0,0.0,0.0,0.0,0.0,346100.0,6756800.0,0.0,346100.0
0254300000,Сутисківська,0.0,12550300.0,0.0,0.0,0.0,0.0,0.0,0.0,0.0,0.0,12550300.0,0.0,0.0
0253800000,Теплицька,0.0,15204100.0,0.0,0.0,0.0,0.0,0.0,0.0,0.0,0.0,15204100.0,0.0,0.0
0256700000,Тиврівська,39900.0,0.0,0.0,0.0,0.0,0.0,0.0,0.0,0.0,0.0,0.0,39900.0,0.0
0251200000,Томашпільська,0.0,5802900.0,0.0,0.0,0.0,0.0,0.0,0.0,0.0,15491300.0,5802900.0,0.0,15491300.0
0253500000,Тростянецька,123900.0,0.0,0.0,0.0,0.0,0.0,0.0,0.0,0.0,0.0,0.0,123900.0,0.0
0250700000,Тульчинська,0.0,939700.0,0.0,0.0,0.0,0.0,0.0,0.0,0.0,0.0,939700.0,0.0,0.0
0256800000,Турбівська,0.0,20566100.0,0.0,0.0,0.0,0.0,0.0,0.0,0.0,0.0,20566100.0,0.0,0.0
0256900000,Уланівська,0.0,19168500.0,0.0,0.0,0.0,0.0,0.0,0.0,0.0,441000.0,19168500.0,0.0,441000.0
0253700000,Хмільницька,0.0,7246000.0,0.0,0.0,0.0,0.0,0.0,0.0,0.0,0.0,7246000.0,0.0,0.0
0257000000,Чернівецька,0.0,21626500.0,0.0,0.0,0.0,0.0,0.0,0.0,0.0,0.0,21626500.0,0.0,0.0
0257100000,Чечельницька,0.0,20467000.0,0.0,0.0,0.0,0.0,0.0,0.0,0.0,0.0,20467000.0,0.0,0.0
0257200000,Шаргородська,0.0,28824300.0,0.0,0.0,0.0,0.0,0.0,0.0,0.0,0.0,28824300.0,0.0,0.0
0251300000,Шпиківська,0.0,26158900.0,0.0,0.0,0.0,0.0,0.0,0.0,0.0,0.0,26158900.0,0.0,0.0
0252300000,Якушинецька,0.0,0.0,0.0,0.0,0.0,0.0,0.0,0.0,0.0,0.0,0.0,0.0,0.0
0257300000,Ямпільська,0.0,43258400.0,0.0,0.0,0.0,0.0,0.0,0.0,0.0,0.0,43258400.0,0.0,0.0
0257400000,Яришівська,0.0,5932700.0,0.0,0.0,0.0,0.0,0.0,0.0,0.0,0.0,5932700.0,0.0,0.0
0352200000,Іваничівська,0.0,11981300.0,0.0,0.0,0.0,0.0,0.0,0.0,0.0,0.0,11981300.0,0.0,0.0
0355500000,Берестечківська,0.0,16920900.0,0.0,0.0,0.0,0.0,0.0,0.0,0.0,0.0,16920900.0,0.0,0.0
0352500000,Боратинська,87524800.0,0.0,0.0,0.0,0.0,0.0,0.0,0.0,0.0,0.0,0.0,87524800.0,0.0
0353100000,Велимченська,0.0,7755600.0,0.0,0.0,0.0,0.0,0.0,0.0,0.0,3223500.0,7755600.0,0.0,3223500.0
0350100000,Велицька,0.0,7253600.0,0.0,0.0,0.0,0.0,0.0,0.0,0.0,0.0,7253600.0,0.0,0.0
0351800000,Вишнівська,2918400.0,0.0,0.0,0.0,0.0,0.0,0.0,0.0,0.0,0.0,0.0,2918400.0,0.0
0355600000,Володимир-Волинська,0.0,0.0,0.0,0.0,0.0,0.0,0.0,0.0,0.0,39179700.0,0.0,0.0,39179700.0
0350200000,Голобська,0.0,12256300.0,0.0,0.0,0.0,0.0,0.0,0.0,0.0,0.0,12256300.0,0.0,0.0
0352800000,Головненська,0.0,18728000.0,0.0,0.0,0.0,0.0,0.0,0.0,0.0,0.0,18728000.0,0.0,0.0
0353900000,Городищенська,0.0,6854600.0,0.0,0.0,0.0,0.0,0.0,0.0,0.0,0.0,6854600.0,0.0,0.0
0355700000,Горохівська,0.0,15617700.0,0.0,0.0,0.0,0.0,0.0,0.0,0.0,0.0,15617700.0,0.0,0.0
0355300000,Доросинівська,0.0,15487300.0,0.0,0.0,0.0,0.0,0.0,0.0,0.0,808800.0,15487300.0,0.0,808800.0
0353300000,Дубечненська,0.0,6566700.0,0.0,0.0,0.0,0.0,0.0,0.0,0.0,2548700.0,6566700.0,0.0,2548700.0
0353600000,Дубівська,1071300.0,0.0,0.0,0.0,0.0,0.0,0.0,0.0,0.0,0.0,0.0,1071300.0,0.0
0350800000,Заболоттівська,0.0,19564700.0,0.0,0.0,0.0,0.0,0.0,0.0,0.0,0.0,19564700.0,0.0,0.0
0351900000,Забродівська,0.0,20849100.0,0.0,0.0,0.0,0.0,0.0,0.0,0.0,0.0,20849100.0,0.0,0.0
0354000000,Затурцівська,0.0,8136200.0,0.0,0.0,0.0,0.0,0.0,0.0,0.0,0.0,8136200.0,0.0,0.0
0350300000,Зимнівська,0.0,12975200.0,0.0,0.0,0.0,0.0,0.0,0.0,0.0,520700.0,12975200.0,0.0,520700.0
0355800000,Камінь-Каширська,0.0,94058100.0,0.0,0.0,0.0,0.0,0.0,0.0,0.0,0.0,94058100.0,0.0,0.0
0355900000,Ковельська,0.0,0.0,0.0,0.0,0.0,0.0,0.0,0.0,0.0,45289000.0,0.0,0.0,45289000.0
0353000000,Колківська,0.0,43214700.0,0.0,0.0,0.0,0.0,0.0,0.0,0.0,0.0,43214700.0,0.0,0.0
0351600000,Колодяжненська,0.0,7595600.0,0.0,0.0,0.0,0.0,0.0,0.0,0.0,5339700.0,7595600.0,0.0,5339700.0
0353200000,Копачівська,0.0,7965800.0,0.0,0.0,0.0,0.0,0.0,0.0,0.0,654900.0,7965800.0,0.0,654900.0
0354500000,Ківерцівська,0.0,0.0,0.0,0.0,0.0,0.0,0.0,0.0,0.0,1379700.0,0.0,0.0,1379700.0
0351100000,Литовезька,0.0,5268300.0,0.0,0.0,0.0,0.0,0.0,0.0,0.0,147800.0,5268300.0,0.0,147800.0
0356000000,Локачинська,0.0,8492100.0,0.0,0.0,0.0,0.0,0.0,0.0,0.0,0.0,8492100.0,0.0,0.0
0353600000,Луківська,1071300.0,0.0,0.0,0.0,0.0,0.0,0.0,0.0,0.0,0.0,0.0,1071300.0,0.0
0355100000,Луцька,318603600.0,0.0,0.0,0.0,0.0,0.0,0.0,0.0,0.0,0.0,0.0,318603600.0,0.0
0352600000,Любешівська,0.0,50692500.0,0.0,0.0,0.0,0.0,0.0,0.0,0.0,0.0,50692500.0,0.0,0.0
0350600000,Люблинецька,0.0,7133900.0,0.0,0.0,0.0,0.0,0.0,0.0,0.0,5579400.0,7133900.0,0.0,5579400.0
0352900000,Любомльська,0.0,10161800.0,0.0,0.0,0.0,0.0,0.0,0.0,0.0,0.0,10161800.0,0.0,0.0
0356100000,Маневицька,0.0,36296600.0,0.0,0.0,0.0,0.0,0.0,0.0,0.0,0.0,36296600.0,0.0,0.0
0355200000,Мар'янівська,0.0,22396800.0,0.0,0.0,0.0,0.0,0.0,0.0,0.0,2599900.0,22396800.0,0.0,2599900.0
0356200000,Нововолинська,0.0,12353500.0,0.0,0.0,0.0,0.0,0.0,0.0,0.0,0.0,12353500.0,0.0,0.0
0353800000,Оваднівська,0.0,7021500.0,0.0,0.0,0.0,0.0,0.0,0.0,0.0,0.0,7021500.0,0.0,0.0
0356300000,Олицька,0.0,23307300.0,0.0,0.0,0.0,0.0,0.0,0.0,0.0,1298500.0,23307300.0,0.0,1298500.0
0353200000,Павлівська,0.0,7965800.0,0.0,0.0,0.0,0.0,0.0,0.0,0.0,654900.0,7965800.0,0.0,654900.0
0351300000,Поворська,0.0,6438400.0,0.0,0.0,0.0,0.0,0.0,0.0,0.0,1331000.0,6438400.0,0.0,1331000.0
0351400000,Поромівська,0.0,0.0,0.0,0.0,0.0,0.0,0.0,0.0,0.0,0.0,0.0,0.0,0.0
0351500000,Прилісненська,0.0,11347000.0,0.0,0.0,0.0,0.0,0.0,0.0,0.0,0.0,11347000.0,0.0,0.0
0354600000,Підгайцівська,63737300.0,0.0,0.0,0.0,0.0,0.0,0.0,0.0,0.0,0.0,0.0,63737300.0,0.0
0356400000,Ратнівська,0.0,26893700.0,0.0,0.0,0.0,0.0,0.0,0.0,0.0,0.0,26893700.0,0.0,0.0
0356500000,Рожищенська,0.0,14918800.0,0.0,0.0,0.0,0.0,0.0,0.0,0.0,647200.0,14918800.0,0.0,647200.0
0352700000,Рівненська,0.0,9258400.0,0.0,0.0,0.0,0.0,0.0,0.0,0.0,0.0,9258400.0,0.0,0.0
0352000000,Самарівська,0.0,11236300.0,0.0,0.0,0.0,0.0,0.0,0.0,0.0,169800.0,11236300.0,0.0,169800.0
0353400000,Сереховичівська,0.0,6973600.0,0.0,0.0,0.0,0.0,0.0,0.0,0.0,0.0,6973600.0,0.0,0.0
0353500000,Смідинська,0.0,8648900.0,0.0,0.0,0.0,0.0,0.0,0.0,0.0,1197100.0,8648900.0,0.0,1197100.0
0355400000,Сошичненська,0.0,20091900.0,0.0,0.0,0.0,0.0,0.0,0.0,0.0,0.0,20091900.0,0.0,0.0
0354900000,Старовижівська,0.0,17513400.0,0.0,0.0,0.0,0.0,0.0,0.0,0.0,0.0,17513400.0,0.0,0.0
0354100000,Торчинська,0.0,0.0,0.0,0.0,0.0,0.0,0.0,0.0,0.0,0.0,0.0,0.0,0.0
0353700000,Турійська,0.0,16740200.0,0.0,0.0,0.0,0.0,0.0,0.0,0.0,0.0,16740200.0,0.0,0.0
0350500000,Устилузька,0.0,4194700.0,0.0,0.0,0.0,0.0,0.0,0.0,0.0,534100.0,4194700.0,0.0,534100.0
0352400000,Цуманська,0.0,28000000.0,0.0,0.0,0.0,0.0,0.0,0.0,0.0,0.0,28000000.0,0.0,0.0
0350700000,Шацька,0.0,19712800.0,0.0,0.0,0.0,0.0,0.0,0.0,0.0,0.0,19712800.0,0.0,0.0
0753800000,Івановецька,0.0,7878200.0,0.0,0.0,0.0,0.0,0.0,0.0,0.0,475100.0,7878200.0,0.0,475100.0
0750400000,Іршавська,0.0,34447500.0,0.0,0.0,0.0,0.0,0.0,0.0,0.0,0.0,34447500.0,0.0,0.0
0750600000,Баранинська,0.0,0.0,0.0,0.0,0.0,0.0,0.0,0.0,0.0,770800.0,0.0,0.0,770800.0
0751800000,Батівська,0.0,19057200.0,218700.0,0.0,0.0,0.0,0.0,0.0,0.0,6157300.0,19057200.0,0.0,6376000.0
0751900000,Бедевлянська,0.0,14110500.0,0.0,0.0,0.0,0.0,0.0,0.0,0.0,0.0,14110500.0,0.0,0.0
0751700000,Берегівська,0.0,21124700.0,0.0,0.0,0.0,0.0,0.0,0.0,0.0,0.0,21124700.0,0.0,0.0
0752100000,Богданська,0.0,21554400.0,0.0,0.0,0.0,0.0,0.0,0.0,0.0,10950700.0,21554400.0,0.0,10950700.0
0752200000,Буштинська,0.0,60970200.0,0.0,0.0,0.0,0.0,0.0,0.0,0.0,0.0,60970200.0,0.0,0.0
0752000000,Білківська,0.0,45585700.0,0.0,0.0,0.0,0.0,0.0,0.0,0.0,0.0,45585700.0,0.0,0.0
0750800000,Великоберезнянська,0.0,6636600.0,0.0,0.0,0.0,0.0,0.0,0.0,0.0,6927800.0,6636600.0,0.0,6927800.0
0752300000,Великоберезька,0.0,10507200.0,0.0,0.0,0.0,0.0,0.0,0.0,0.0,2670900.0,10507200.0,0.0,2670900.0
0752400000,Великобийганська,0.0,14915600.0,0.0,0.0,0.0,0.0,0.0,0.0,0.0,1367600.0,14915600.0,0.0,1367600.0
0752500000,Великобичківська,0.0,64381500.0,0.0,0.0,0.0,0.0,0.0,0.0,0.0,0.0,64381500.0,0.0,0.0
0752600000,Великодобронська,0.0,21872000.0,0.0,0.0,0.0,0.0,0.0,0.0,0.0,4501200.0,21872000.0,0.0,4501200.0
0752700000,Великолучківська,0.0,21772400.0,0.0,0.0,0.0,0.0,0.0,0.0,0.0,19046800.0,21772400.0,0.0,19046800.0
0752800000,Верхньокоропецька,0.0,8568400.0,0.0,0.0,0.0,0.0,0.0,0.0,0.0,0.0,8568400.0,0.0,0.0
0752900000,Вилоцька,0.0,32496500.0,0.0,0.0,0.0,0.0,0.0,0.0,0.0,805700.0,32496500.0,0.0,805700.0
0753000000,Виноградівська,0.0,29153000.0,0.0,0.0,0.0,0.0,0.0,0.0,0.0,0.0,29153000.0,0.0,0.0
0753100000,Вишківська,0.0,39632800.0,0.0,0.0,0.0,0.0,0.0,0.0,0.0,0.0,39632800.0,0.0,0.0
0753200000,Воловецька,0.0,9421400.0,0.0,0.0,0.0,0.0,0.0,0.0,0.0,2391000.0,9421400.0,0.0,2391000.0
0750100000,Вільховецька,0.0,27414800.0,0.0,0.0,0.0,0.0,0.0,0.0,0.0,1094300.0,27414800.0,0.0,1094300.0
0750900000,Горондівська,0.0,21614600.0,0.0,0.0,0.0,0.0,0.0,0.0,0.0,1244100.0,21614600.0,0.0,1244100.0
0753300000,Горінчівська,0.0,28709800.0,0.0,0.0,0.0,0.0,0.0,0.0,0.0,0.0,28709800.0,0.0,0.0
0751000000,Довжанська,0.0,39130700.0,0.0,0.0,0.0,0.0,0.0,0.0,0.0,0.0,39130700.0,0.0,0.0
0753400000,Драгівська,0.0,31929900.0,0.0,0.0,0.0,0.0,0.0,0.0,0.0,0.0,31929900.0,0.0,0.0
0753600000,Дубриницько-Малоберезнянська,0.0,8868400.0,0.0,0.0,0.0,0.0,0.0,0.0,0.0,1357900.0,8868400.0,0.0,1357900.0
0753500000,Дубівська,0.0,42971400.0,0.0,0.0,0.0,0.0,0.0,0.0,0.0,670300.0,42971400.0,0.0,670300.0
0753700000,Жденіївська,0.0,10084300.0,0.0,0.0,0.0,0.0,0.0,0.0,0.0,0.0,10084300.0,0.0,0.0
0751100000,Зарічанська,0.0,8923300.0,0.0,0.0,0.0,0.0,0.0,0.0,0.0,0.0,8923300.0,0.0,0.0
0751300000,Керецьківська,0.0,38016400.0,0.0,0.0,0.0,0.0,0.0,0.0,0.0,0.0,38016400.0,0.0,0.0
0753900000,Колочавська,0.0,20024000.0,0.0,0.0,0.0,0.0,0.0,0.0,0.0,6146200.0,20024000.0,0.0,6146200.0
0754000000,Кольчинська,3927600.0,0.0,0.0,0.0,0.0,0.0,0.0,0.0,0.0,1026700.0,0.0,3927600.0,1026700.0
0754100000,Королівська,0.0,54885700.0,0.0,0.0,0.0,0.0,0.0,0.0,0.0,3435000.0,54885700.0,0.0,3435000.0
0751400000,Косоньська,0.0,13503100.0,0.0,0.0,0.0,0.0,0.0,0.0,0.0,3025800.0,13503100.0,0.0,3025800.0
0754200000,Костринська,0.0,9298900.0,0.0,0.0,0.0,0.0,0.0,0.0,0.0,595400.0,9298900.0,0.0,595400.0
0750700000,Мукачівська,4577800.0,0.0,0.0,0.0,0.0,0.0,0.0,0.0,0.0,0.0,0.0,4577800.0,0.0
0754300000,Міжгірська,0.0,34684400.0,0.0,0.0,0.0,0.0,0.0,0.0,0.0,0.0,34684400.0,0.0,0.0
0754400000,Неліпинська,0.0,314200.0,0.0,0.0,0.0,0.0,0.0,0.0,0.0,6871000.0,314200.0,0.0,6871000.0
0754500000,Нересницька,0.0,68701500.0,0.0,0.0,0.0,0.0,0.0,0.0,0.0,62800.0,68701500.0,0.0,62800.0
0754600000,Нижньоворітська,0.0,22299100.0,0.0,0.0,0.0,0.0,0.0,0.0,0.0,0.0,22299100.0,0.0,0.0
0751500000,Оноківська,0.0,0.0,0.0,0.0,0.0,0.0,0.0,0.0,0.0,0.0,0.0,0.0,0.0
0750500000,Перечинська,32516500.0,0.0,0.0,0.0,0.0,0.0,0.0,0.0,0.0,0.0,0.0,32516500.0,0.0
0754700000,Пийтерфолвівська,0.0,42938900.0,0.0,0.0,0.0,0.0,0.0,0.0,0.0,4789200.0,42938900.0,0.0,4789200.0
0754800000,Пилипецька,0.0,18015700.0,0.0,0.0,0.0,0.0,0.0,0.0,0.0,0.0,18015700.0,0.0,0.0
0750300000,Полянська,0.0,14188900.0,0.0,0.0,0.0,0.0,0.0,0.0,0.0,0.0,14188900.0,0.0,0.0
0754900000,Рахівська,0.0,25158200.0,0.0,0.0,0.0,0.0,0.0,0.0,0.0,0.0,25158200.0,0.0,0.0
0755000000,Свалявська,0.0,26131000.0,0.0,0.0,0.0,0.0,0.0,0.0,0.0,0.0,26131000.0,0.0,0.0
0755100000,Середнянська,0.0,22960300.0,0.0,0.0,0.0,0.0,0.0,0.0,0.0,0.0,22960300.0,0.0,0.0
0755200000,Синевирська,0.0,13021300.0,0.0,0.0,0.0,0.0,0.0,0.0,0.0,0.0,13021300.0,0.0,0.0
0754000000,Солотвинська,3927600.0,0.0,0.0,0.0,0.0,0.0,0.0,0.0,0.0,1026700.0,0.0,3927600.0,1026700.0
0755400000,Ставненська,0.0,10760900.0,0.0,0.0,0.0,0.0,0.0,0.0,0.0,2105600.0,10760900.0,0.0,2105600.0
0755500000,Сюртівська,0.0,5345500.0,0.0,0.0,0.0,0.0,0.0,0.0,0.0,1154100.0,5345500.0,0.0,1154100.0
0755600000,Тересвянська,0.0,37652500.0,0.0,0.0,0.0,0.0,0.0,0.0,0.0,1183300.0,37652500.0,0.0,1183300.0
0755700000,Тур'є-Реметівська,0.0,31360400.0,0.0,0.0,0.0,0.0,0.0,0.0,0.0,0.0,31360400.0,0.0,0.0
0750200000,Тячівська,6687200.0,0.0,0.0,0.0,0.0,0.0,0.0,0.0,0.0,0.0,0.0,6687200.0,0.0
0755800000,Углянська,0.0,24264900.0,0.0,0.0,0.0,0.0,0.0,0.0,0.0,0.0,24264900.0,0.0,0.0
0755900000,Ужгородська,196047700.0,0.0,0.0,0.0,0.0,0.0,0.0,0.0,0.0,0.0,0.0,196047700.0,0.0
0756000000,Усть-Чорнянська,0.0,8131000.0,0.0,0.0,0.0,0.0,0.0,0.0,0.0,403700.0,8131000.0,0.0,403700.0
0751600000,Холмківська,67287500.0,0.0,0.0,0.0,0.0,0.0,0.0,0.0,0.0,0.0,0.0,67287500.0,0.0
0756100000,Хустська,0.0,99632100.0,0.0,0.0,0.0,0.0,0.0,0.0,0.0,0.0,99632100.0,0.0,0.0
0756200000,Чинадіївська,0.0,28872000.0,0.0,0.0,0.0,0.0,0.0,0.0,0.0,1436200.0,28872000.0,0.0,1436200.0
0756300000,Чопська,0.0,0.0,0.0,0.0,0.0,0.0,0.0,0.0,0.0,0.0,0.0,0.0,0.0
0756400000,Ясінянська,0.0,30965800.0,0.0,0.0,0.0,0.0,0.0,0.0,0.0,0.0,30965800.0,0.0,0.0
0854900000,Андрівська,0.0,0.0,0.0,0.0,0.0,0.0,0.0,0.0,0.0,9527100.0,0.0,0.0,9527100.0
0855700000,Андріївська,0.0,0.0,0.0,0.0,0.0,0.0,0.0,0.0,0.0,13027300.0,0.0,0.0,13027300.0
0854400000,Бердянська,0.0,0.0,0.0,0.0,0.0,0.0,0.0,0.0,0.0,209581100.0,0.0,0.0,209581100.0
0850100000,Берестівська,0.0,0.0,0.0,0.0,0.0,0.0,0.0,0.0,0.0,11513600.0,0.0,0.0,11513600.0
0853500000,Благовіщенська,0.0,0.0,0.0,0.0,0.0,0.0,0.0,0.0,0.0,9773300.0,0.0,0.0,9773300.0
0851000000,Біленьківська,0.0,18432000.0,0.0,0.0,0.0,0.0,0.0,0.0,0.0,9450500.0,18432000.0,0.0,9450500.0
0855800000,Василівська,0.0,48251900.0,0.0,0.0,0.0,0.0,0.0,0.0,0.0,75405100.0,48251900.0,0.0,75405100.0
0851900000,Великобілозерська,0.0,0.0,0.0,0.0,0.0,0.0,0.0,0.0,0.0,27722700.0,0.0,0.0,27722700.0
0850200000,Веселівська,0.0,0.0,0.0,0.0,0.0,0.0,0.0,0.0,0.0,38122800.0,0.0,0.0,38122800.0
0852400000,Водянська,0.0,0.0,0.0,0.0,0.0,0.0,0.0,0.0,0.0,0.0,0.0,0.0,0.0
0852900000,Воздвижівська,0.0,374200.0,0.0,0.0,0.0,0.0,0.0,0.0,0.0,13855800.0,374200.0,0.0,13855800.0
0850600000,Воскресенська,0.0,0.0,0.0,0.0,0.0,0.0,0.0,0.0,0.0,16571800.0,0.0,0.0,16571800.0
0855900000,Вільнянська,0.0,5969500.0,0.0,0.0,0.0,0.0,0.0,0.0,0.0,10553300.0,5969500.0,0.0,10553300.0
0852700000,Гаврилівська,0.0,0.0,0.0,0.0,0.0,0.0,0.0,0.0,0.0,10195300.0,0.0,0.0,10195300.0
0852100000,Гуляйпільська,0.0,40709300.0,0.0,0.0,0.0,0.0,0.0,0.0,0.0,45435700.0,40709300.0,0.0,45435700.0
0856000000,Дніпрорудненська,0.0,0.0,0.0,0.0,0.0,0.0,0.0,0.0,0.0,59798400.0,0.0,0.0,59798400.0
0854200000,Долинська,0.0,0.0,0.0,0.0,0.0,0.0,0.0,0.0,0.0,29631900.0,0.0,0.0,29631900.0
0856100000,Енергодарська,0.0,0.0,0.0,0.0,0.0,0.0,0.0,0.0,0.0,461235200.0,0.0,0.0,461235200.0
0856200000,Запорізька,0.0,0.0,0.0,0.0,0.0,0.0,14267900.0,0.0,0.0,375029800.0,0.0,0.0,389297700.0
0851700000,Кам'янсько-Дніпровська,0.0,0.0,0.0,0.0,0.0,0.0,0.0,0.0,0.0,16310500.0,0.0,0.0,16310500.0
0853200000,Кирилівська,0.0,0.0,0.0,0.0,0.0,0.0,0.0,0.0,0.0,27006700.0,0.0,0.0,27006700.0
0854100000,Коларівська,0.0,0.0,0.0,0.0,0.0,0.0,0.0,0.0,0.0,3715200.0,0.0,0.0,3715200.0
0850300000,Комиш-Зорянська,0.0,0.0,0.0,0.0,0.0,0.0,0.0,0.0,0.0,19307600.0,0.0,0.0,19307600.0
0850900000,Комишуваська,0.0,31885600.0,0.0,0.0,0.0,0.0,0.0,0.0,0.0,11158700.0,31885600.0,0.0,11158700.0
0856500000,Кушугумська,0.0,46496800.0,0.0,0.0,0.0,0.0,0.0,0.0,0.0,6312100.0,46496800.0,0.0,6312100.0
0855100000,Малинівська,0.0,8147100.0,0.0,0.0,0.0,0.0,0.0,0.0,0.0,32125500.0,8147100.0,0.0,32125500.0
0856600000,Малобілозерська,0.0,0.0,0.0,0.0,0.0,0.0,0.0,0.0,0.0,78850900.0,0.0,0.0,78850900.0
0851300000,Малотокмачанська,0.0,8079200.0,0.0,0.0,0.0,0.0,0.0,0.0,0.0,19448900.0,8079200.0,0.0,19448900.0
0856700000,Матвіївська,0.0,13312600.0,0.0,0.0,0.0,0.0,0.0,0.0,0.0,7201700.0,13312600.0,0.0,7201700.0
0856800000,Мелітопольська,0.0,0.0,0.0,0.0,0.0,0.0,0.0,0.0,0.0,435314500.0,0.0,0.0,435314500.0
0850500000,Мирненська,0.0,0.0,0.0,0.0,0.0,0.0,0.0,0.0,0.0,11985400.0,0.0,0.0,11985400.0
0856900000,Михайло-Лукашівська,0.0,7740600.0,0.0,0.0,0.0,0.0,0.0,0.0,0.0,7873600.0,7740600.0,0.0,7873600.0
0853700000,Михайлівська,0.0,0.0,0.0,0.0,0.0,0.0,0.0,0.0,0.0,45008900.0,0.0,0.0,45008900.0
0857000000,Молочанська,0.0,0.0,0.0,0.0,0.0,0.0,0.0,0.0,0.0,32931900.0,0.0,0.0,32931900.0
0855200000,Новенська,0.0,0.0,0.0,0.0,0.0,0.0,0.0,0.0,0.0,5383300.0,0.0,0.0,5383300.0
0853400000,Новобогданівська,0.0,0.0,0.0,0.0,0.0,0.0,0.0,0.0,0.0,3159700.0,0.0,0.0,3159700.0
0857100000,Нововасилівська,0.0,0.0,0.0,0.0,0.0,0.0,0.0,0.0,0.0,17705600.0,0.0,0.0,17705600.0
0857200000,Новомиколаївська,0.0,12525200.0,0.0,0.0,0.0,0.0,0.0,0.0,0.0,10114700.0,12525200.0,0.0,10114700.0
0854100000,Новоолександрівська,0.0,0.0,0.0,0.0,0.0,0.0,0.0,0.0,0.0,3715200.0,0.0,0.0,3715200.0
0852600000,Новоуспенівська,0.0,0.0,0.0,0.0,0.0,0.0,0.0,0.0,0.0,12745500.0,0.0,0.0,12745500.0
0854100000,Олександрівська,0.0,0.0,0.0,0.0,0.0,0.0,0.0,0.0,0.0,3715200.0,0.0,0.0,3715200.0
0851800000,Оріхівська,0.0,33028900.0,0.0,0.0,0.0,0.0,0.0,0.0,0.0,28255400.0,33028900.0,0.0,28255400.0
0851400000,Осипенківська,0.0,0.0,0.0,0.0,0.0,0.0,0.0,0.0,0.0,16489600.0,0.0,0.0,16489600.0
0852700000,Павлівська,0.0,0.0,0.0,0.0,0.0,0.0,0.0,0.0,0.0,10195300.0,0.0,0.0,10195300.0
0852800000,Петро-Михайлівська,0.0,9765200.0,0.0,0.0,0.0,0.0,0.0,0.0,0.0,6719600.0,9765200.0,0.0,6719600.0
0854700000,Пологівська,0.0,0.0,0.0,0.0,0.0,0.0,0.0,0.0,0.0,143783200.0,0.0,0.0,143783200.0
0850400000,Преображенська,0.0,10925900.0,0.0,0.0,0.0,0.0,0.0,0.0,0.0,21184200.0,10925900.0,0.0,21184200.0
0853100000,Приазовська,0.0,0.0,0.0,0.0,0.0,0.0,0.0,0.0,0.0,30372300.0,0.0,0.0,30372300.0
0850800000,Приморська,0.0,0.0,0.0,0.0,0.0,0.0,0.0,0.0,0.0,71588700.0,0.0,0.0,71588700.0
0853000000,Райхенфельдська,0.0,0.0,0.0,0.0,0.0,0.0,0.0,0.0,0.0,10457300.0,0.0,0.0,10457300.0
0854200000,Роздольська,0.0,0.0,0.0,0.0,0.0,0.0,0.0,0.0,0.0,29631900.0,0.0,0.0,29631900.0
0854800000,Розівська,0.0,0.0,0.0,0.0,0.0,0.0,0.0,0.0,0.0,19043900.0,0.0,0.0,19043900.0
0855400000,Семенівська,0.0,0.0,0.0,0.0,0.0,0.0,0.0,0.0,0.0,20573200.0,0.0,0.0,20573200.0
0850500000,Смирновська,0.0,0.0,0.0,0.0,0.0,0.0,0.0,0.0,0.0,11985400.0,0.0,0.0,11985400.0
0857300000,Степненська,0.0,15103500.0,0.0,0.0,0.0,0.0,0.0,0.0,0.0,7957700.0,15103500.0,0.0,7957700.0
0857400000,Степногірська,0.0,21610900.0,0.0,0.0,0.0,0.0,0.0,0.0,0.0,13029200.0,21610900.0,0.0,13029200.0
0851600000,Таврійська,0.0,10585200.0,0.0,0.0,0.0,0.0,0.0,0.0,0.0,9589100.0,10585200.0,0.0,9589100.0
0855500000,Тернуватська,0.0,7033700.0,0.0,0.0,0.0,0.0,0.0,0.0,0.0,8722000.0,7033700.0,0.0,8722000.0
0857500000,Терпіннівська,0.0,0.0,0.0,0.0,0.0,0.0,0.0,0.0,0.0,13271900.0,0.0,0.0,13271900.0
0857600000,Токмацька,0.0,0.0,0.0,0.0,0.0,0.0,0.0,0.0,0.0,75719300.0,0.0,0.0,75719300.0
0855600000,Федорівська,0.0,0.0,0.0,0.0,0.0,0.0,0.0,0.0,0.0,15560500.0,0.0,0.0,15560500.0
0852000000,Чернігівська,0.0,0.0,0.0,0.0,0.0,0.0,0.0,0.0,0.0,39258500.0,0.0,0.0,39258500.0
0852300000,Широківська,0.0,17634200.0,0.0,0.0,0.0,0.0,0.0,0.0,0.0,19759700.0,17634200.0,0.0,19759700.0
0853300000,Якимівська,0.0,0.0,0.0,0.0,0.0,0.0,0.0,0.0,0.0,40668600.0,0.0,0.0,40668600.0
0653300000,Ємільчинська,0.0,27636200.0,0.0,0.0,0.0,0.0,0.0,0.0,0.0,0.0,27636200.0,0.0,0.0
0650400000,Іршанська,0.0,0.0,0.0,0.0,0.0,0.0,0.0,0.0,0.0,1051100.0,0.0,0.0,1051100.0
0652200000,Андрушківська,165400.0,0.0,0.0,0.0,0.0,0.0,0.0,0.0,0.0,0.0,0.0,165400.0,0.0
0655700000,Андрушівська,0.0,8150400.0,0.0,0.0,0.0,0.0,0.0,0.0,0.0,0.0,8150400.0,0.0,0.0
0651100000,Баранівська,0.0,32096500.0,0.0,0.0,0.0,0.0,0.0,0.0,0.0,14291200.0,32096500.0,0.0,14291200.0
0652300000,Барашівська,0.0,13291600.0,0.0,0.0,0.0,0.0,0.0,0.0,0.0,0.0,13291600.0,0.0,0.0
0655800000,Бердичівська,0.0,28726100.0,0.0,0.0,0.0,0.0,0.0,0.0,0.0,7050700.0,28726100.0,0.0,7050700.0
0655800000,Березівська,0.0,28726100.0,0.0,0.0,0.0,0.0,0.0,0.0,0.0,7050700.0,28726100.0,0.0,7050700.0
0653500000,Брониківська,0.0,6862200.0,0.0,0.0,0.0,0.0,0.0,0.0,0.0,777600.0,6862200.0,0.0,777600.0
0651400000,Брусилівська,0.0,10236800.0,0.0,0.0,0.0,0.0,0.0,0.0,0.0,528000.0,10236800.0,0.0,528000.0
0652400000,Білокоровицька,0.0,10338800.0,0.0,0.0,0.0,0.0,0.0,0.0,0.0,515400.0,10338800.0,0.0,515400.0
0650100000,Високівська,0.0,1162400.0,0.0,0.0,0.0,0.0,0.0,0.0,0.0,0.0,1162400.0,0.0,0.0
0650200000,Вишевицька,0.0,4380600.0,0.0,0.0,0.0,0.0,0.0,0.0,0.0,0.0,4380600.0,0.0,0.0
0656000000,Волицька,0.0,9700100.0,0.0,0.0,0.0,0.0,0.0,0.0,0.0,1459500.0,9700100.0,0.0,1459500.0
0654700000,Вчорайшенська,0.0,6471100.0,0.0,0.0,0.0,0.0,0.0,0.0,0.0,2770900.0,6471100.0,0.0,2770900.0
0650400000,Вільшанська,0.0,0.0,0.0,0.0,0.0,0.0,0.0,0.0,0.0,1051100.0,0.0,0.0,1051100.0
0656100000,Гладковицька,0.0,4653800.0,0.0,0.0,0.0,0.0,0.0,0.0,0.0,625300.0,4653800.0,0.0,625300.0
0654400000,Глибочицька,0.0,12839800.0,0.0,0.0,0.0,0.0,0.0,0.0,0.0,0.0,12839800.0,0.0,0.0
0651500000,Городницька,0.0,15870000.0,0.0,0.0,0.0,0.0,0.0,0.0,0.0,2389000.0,15870000.0,0.0,2389000.0
0656200000,Городоцька,0.0,2494800.0,0.0,0.0,0.0,0.0,0.0,0.0,0.0,554300.0,2494800.0,0.0,554300.0
0652600000,Горщиківська,0.0,1264400.0,0.0,0.0,0.0,0.0,0.0,0.0,0.0,1768800.0,1264400.0,0.0,1768800.0
0654800000,Гришковецька,0.0,18596000.0,0.0,0.0,0.0,0.0,0.0,0.0,0.0,0.0,18596000.0,0.0,0.0
0651600000,Довбиська,0.0,15866800.0,0.0,0.0,0.0,0.0,0.0,0.0,0.0,0.0,15866800.0,0.0,0.0
0650300000,Дубрівська,0.0,4139600.0,0.0,0.0,0.0,0.0,0.0,0.0,0.0,0.0,4139600.0,0.0,0.0
0655200000,Житомирська,227278500.0,0.0,0.0,0.0,0.0,0.0,0.0,0.0,0.0,0.0,0.0,227278500.0,0.0
0655300000,Звягельська,0.0,13859900.0,0.0,0.0,0.0,0.0,0.0,0.0,0.0,0.0,13859900.0,0.0,0.0
0652700000,Квітнева,7020600.0,0.0,0.0,0.0,0.0,0.0,0.0,0.0,0.0,0.0,0.0,7020600.0,0.0
0651000000,Корнинська,0.0,14767700.0,0.0,0.0,0.0,0.0,0.0,0.0,0.0,1665600.0,14767700.0,0.0,1665600.0
0656300000,Коростенська,0.0,0.0,0.0,0.0,0.0,0.0,0.0,0.0,0.0,0.0,0.0,0.0,0.0
0651200000,Коростишівська,0.0,26822200.0,0.0,0.0,0.0,0.0,0.0,0.0,0.0,0.0,26822200.0,0.0,0.0
0652800000,Краснопільська,0.0,8101000.0,0.0,0.0,0.0,0.0,0.0,0.0,0.0,0.0,8101000.0,0.0,0.0
0653900000,Курненська,0.0,9465700.0,0.0,0.0,0.0,0.0,0.0,0.0,0.0,13243500.0,9465700.0,0.0,13243500.0
0651700000,Лугинська,0.0,23646700.0,0.0,0.0,0.0,0.0,0.0,0.0,0.0,0.0,23646700.0,0.0,0.0
0653400000,Любарська,0.0,5737400.0,0.0,0.0,0.0,0.0,0.0,0.0,0.0,0.0,5737400.0,0.0,0.0
0656400000,Малинська,0.0,0.0,0.0,0.0,0.0,0.0,0.0,0.0,0.0,0.0,0.0,0.0,0.0
0651800000,Миропільська,0.0,8765000.0,0.0,0.0,0.0,0.0,0.0,0.0,0.0,1504700.0,8765000.0,0.0,1504700.0
0650500000,Народицька,0.0,11879200.0,0.0,0.0,0.0,0.0,0.0,0.0,0.0,6447600.0,11879200.0,0.0,6447600.0
0650600000,Новоборівська,0.0,14450700.0,0.0,0.0,0.0,0.0,0.0,0.0,0.0,490200.0,14450700.0,0.0,490200.0
0656500000,Новогуйвинська,3697000.0,0.0,0.0,0.0,0.0,0.0,0.0,0.0,0.0,6704800.0,0.0,3697000.0,6704800.0
0653800000,Овруцька,0.0,43886300.0,0.0,0.0,0.0,0.0,0.0,0.0,0.0,0.0,43886300.0,0.0,0.0
0651300000,Олевська,0.0,49184100.0,0.0,0.0,0.0,0.0,0.0,0.0,0.0,0.0,49184100.0,0.0,0.0
0654500000,Оліївська,47405800.0,0.0,0.0,0.0,0.0,0.0,0.0,0.0,0.0,0.0,0.0,47405800.0,0.0
0651900000,Попільнянська,0.0,1342500.0,0.0,0.0,0.0,0.0,0.0,0.0,0.0,0.0,1342500.0,0.0,0.0
0650700000,Потіївська,0.0,7483000.0,0.0,0.0,0.0,0.0,0.0,0.0,0.0,0.0,7483000.0,0.0,0.0
0654200000,Пулинська,0.0,20699600.0,0.0,0.0,0.0,0.0,0.0,0.0,0.0,0.0,20699600.0,0.0,0.0
0653600000,Піщівська,0.0,6609600.0,0.0,0.0,0.0,0.0,0.0,0.0,0.0,0.0,6609600.0,0.0,0.0
0654300000,Радомишльська,0.0,14084000.0,0.0,0.0,0.0,0.0,0.0,0.0,0.0,0.0,14084000.0,0.0,0.0
0654900000,Райгородоцька,0.0,7718600.0,0.0,0.0,0.0,0.0,0.0,0.0,0.0,644300.0,7718600.0,0.0,644300.0
0656600000,Романівська,0.0,18686800.0,0.0,0.0,0.0,0.0,0.0,0.0,0.0,0.0,18686800.0,0.0,0.0
0656700000,Ружинська,0.0,29056300.0,0.0,0.0,0.0,0.0,0.0,0.0,0.0,0.0,29056300.0,0.0,0.0
0656600000,Семенівська,0.0,18686800.0,0.0,0.0,0.0,0.0,0.0,0.0,0.0,0.0,18686800.0,0.0,0.0
0653700000,Словечанська,0.0,16190200.0,0.0,0.0,0.0,0.0,0.0,0.0,0.0,0.0,16190200.0,0.0,0.0
0653000000,Станишівська,5695000.0,0.0,0.0,0.0,0.0,0.0,0.0,0.0,0.0,2931900.0,0.0,5695000.0,2931900.0
0655600000,Старосілецька,0.0,8186800.0,0.0,0.0,0.0,0.0,0.0,0.0,0.0,0.0,8186800.0,0.0,0.0
0655400000,Стриївська,0.0,2565600.0,0.0,0.0,0.0,0.0,0.0,0.0,0.0,0.0,2565600.0,0.0,0.0
0650800000,Тетерівська,0.0,17634000.0,0.0,0.0,0.0,0.0,0.0,0.0,0.0,16697300.0,17634000.0,0.0,16697300.0
0653100000,Ушомирська,69722900.0,0.0,0.0,0.0,0.0,0.0,0.0,0.0,0.0,0.0,0.0,69722900.0,0.0
0655500000,Харитонівська,0.0,0.0,0.0,0.0,0.0,0.0,0.0,0.0,0.0,136300.0,0.0,0.0,136300.0
0652000000,Хорошівська,0.0,25206300.0,0.0,0.0,0.0,0.0,0.0,0.0,0.0,0.0,25206300.0,0.0,0.0
0650900000,Червоненська,0.0,11233700.0,0.0,0.0,0.0,0.0,0.0,0.0,0.0,94000.0,11233700.0,0.0,94000.0
0656800000,Черняхівська,0.0,15386000.0,0.0,0.0,0.0,0.0,0.0,0.0,0.0,0.0,15386000.0,0.0,0.0
0653200000,Чижівська,8801300.0,0.0,0.0,0.0,0.0,0.0,0.0,0.0,0.0,322300.0,0.0,8801300.0,322300.0
0652100000,Чоповицька,0.0,9407300.0,0.0,0.0,0.0,0.0,0.0,0.0,0.0,0.0,9407300.0,0.0,0.0
0655000000,Чуднівська,0.0,23303400.0,0.0,0.0,0.0,0.0,0.0,0.0,0.0,0.0,23303400.0,0.0,0.0
0655100000,Швайківська,0.0,7683800.0,0.0,0.0,0.0,0.0,0.0,0.0,0.0,0.0,7683800.0,0.0,0.0
0656900000,Ярунська,0.0,10218900.0,0.0,0.0,0.0,0.0,0.0,0.0,0.0,0.0,10218900.0,0.0,0.0
