Айді громади,Назва громади,[41031200] На забезпечення нагальних потреб функціонування держави в умовах воєнного стану,[41034700] На ліквідацію наслідків збройної агресії,[41036100] На житло для сімей ветеранів війни та інвалідів внаслідок війни,[41033900] Освітня субвенція (зарплати),"[41036000] ""Нова українська школа""",[41032800] Облаштування безпечних умов (укриттів) у школах,[41033000] Підтримка окремих закладів у системі охорони здоров'я,"[41037500] Інвестиційні проекти у сфері охорони здоров'я (реабілітації, ремонти)",Сума Війна та відновлення,Сума Освіта,Сума Охорона здоров'я
2350200000,Єрківська,0.0,0.0,0.0,10758600.0,0.0,0.0,0.0,0.0,0.0,10758600.0,0.0
2351900000,Іваньківська,0.0,0.0,0.0,9873700.0,0.0,0.0,0.0,0.0,0.0,9873700.0,0.0
2352200000,Іркліївська,0.0,0.0,0.0,44341500.0,0.0,0.0,0.0,0.0,0.0,44341500.0,0.0
2355800000,Бабанська,0.0,0.0,0.0,14109800.0,0.0,0.0,0.0,0.0,0.0,14109800.0,0.0
2356000000,Багачевська,0.0,0.0,0.0,36761100.0,0.0,0.0,0.0,0.0,0.0,36761100.0,0.0
2352700000,Балаклеївська,0.0,0.0,0.0,21429600.0,0.0,0.0,0.0,0.0,0.0,21429600.0,0.0
2355600000,Баштечківська,0.0,0.0,0.0,10765300.0,0.0,0.0,0.0,0.0,0.0,10765300.0,0.0
2352900000,Березняківська,0.0,0.0,0.0,12889900.0,0.0,0.0,0.0,0.0,0.0,12889900.0,0.0
2353000000,Бобрицька,0.0,0.0,0.0,12345200.0,0.0,0.0,0.0,0.0,0.0,12345200.0,0.0
2355900000,Будищенська,0.0,0.0,0.0,11889200.0,0.0,0.0,0.0,0.0,0.0,11889200.0,0.0
2353100000,Бужанська,0.0,0.0,0.0,12492000.0,0.0,0.0,0.0,0.0,0.0,12492000.0,0.0
2352600000,Буцька,0.0,0.0,0.0,14112800.0,0.0,0.0,0.0,0.0,0.0,14112800.0,0.0
2350100000,Білозірська,0.0,0.0,0.0,21555900.0,0.0,0.0,0.0,0.0,0.0,21555900.0,0.0
2353200000,Великохутірська,0.0,0.0,0.0,7845900.0,0.0,0.0,0.0,0.0,0.0,7845900.0,0.0
2355700000,Виноградська,0.0,0.0,0.0,11762100.0,0.0,0.0,0.0,0.0,0.0,11762100.0,0.0
2353400000,Водяницька,0.0,0.0,0.0,16060800.0,0.0,0.0,0.0,0.0,0.0,16060800.0,0.0
2356100000,Вознесенська,0.0,0.0,0.0,12436900.0,0.0,0.0,0.0,0.0,0.0,12436900.0,0.0
2353300000,Вільшанська,0.0,0.0,0.0,17125187.0,0.0,0.0,0.0,0.0,0.0,17125187.0,0.0
2356200000,Гельмязівська,0.0,0.0,0.0,23435700.0,0.0,0.0,0.0,0.0,0.0,23435700.0,0.0
2356300000,Городищенська,0.0,0.0,0.0,47223400.0,0.0,0.0,0.0,0.0,0.0,47223400.0,0.0
2353500000,Дмитрушківська,0.0,0.0,0.0,33654500.0,0.0,0.0,0.0,0.0,0.0,33654500.0,0.0
2355500000,Драбівська,0.0,0.0,0.0,33886200.0,0.0,0.0,0.0,0.0,0.0,33886200.0,0.0
2351400000,Жашківська,0.0,0.0,0.0,79513200.0,0.0,0.0,0.0,0.0,0.0,79513200.0,0.0
2356400000,Звенигородська,0.0,0.0,0.0,58638400.0,0.0,0.0,0.0,0.0,0.0,58638400.0,0.0
2356500000,Золотоніська,0.0,0.0,0.0,74582800.0,0.0,0.0,0.0,0.0,0.0,74582800.0,0.0
2352400000,Зорівська,0.0,0.0,0.0,8665100.0,0.0,0.0,0.0,0.0,0.0,8665100.0,0.0
2356600000,Калинопільська,0.0,0.0,0.0,32105000.0,0.0,0.0,0.0,0.0,0.0,32105000.0,0.0
2351500000,Кам'янська,0.0,0.0,0.0,43339500.0,0.0,0.0,0.0,0.0,0.0,43339500.0,0.0
2355400000,Канівська,0.0,0.0,0.0,49917200.0,0.0,0.0,0.0,0.0,0.0,49917200.0,0.0
2356700000,Корсунь-Шевченківська,0.0,0.0,0.0,38128200.0,0.0,0.0,0.0,0.0,0.0,38128200.0,0.0
2353600000,Ладижинська,0.0,0.0,0.0,21831200.0,0.0,0.0,0.0,0.0,0.0,21831200.0,0.0
2353800000,Леськівська,0.0,0.0,0.0,21974000.0,0.0,0.0,0.0,0.0,0.0,21974000.0,0.0
2353900000,Лип'янська,0.0,0.0,0.0,6419200.0,0.0,0.0,0.0,0.0,0.0,6419200.0,0.0
2354000000,Лисянська,0.0,0.0,0.0,31973500.0,0.0,0.0,0.0,0.0,0.0,31973500.0,0.0
2351600000,Ліплявська,0.0,0.0,0.0,10982000.0,0.0,0.0,0.0,0.0,0.0,10982000.0,0.0
2356800000,Маньківська,0.0,0.0,0.0,46303200.0,0.0,0.0,0.0,0.0,0.0,46303200.0,0.0
2352300000,Матусівська,0.0,0.0,0.0,7915900.0,0.0,0.0,0.0,0.0,0.0,7915900.0,0.0
2354200000,Медведівська,0.0,0.0,0.0,9733000.0,0.0,0.0,0.0,0.0,0.0,9733000.0,0.0
2352500000,Михайлівська,0.0,0.0,0.0,17076700.0,0.0,0.0,0.0,0.0,0.0,17076700.0,0.0
2351100000,Мліївська,0.0,0.0,0.0,14073300.0,0.0,0.0,0.0,0.0,0.0,14073300.0,0.0
2350300000,Мокрокалигірська,0.0,0.0,0.0,11388600.0,0.0,0.0,0.0,0.0,0.0,11388600.0,0.0
2356900000,Монастирищенська,0.0,0.0,0.0,80924600.0,0.0,0.0,0.0,0.0,0.0,80924600.0,0.0
2357000000,Мошнівська,0.0,0.0,0.0,34295000.0,0.0,0.0,0.0,0.0,0.0,34295000.0,0.0
2350600000,Набутівська,0.0,0.0,0.0,11168600.0,0.0,0.0,0.0,0.0,0.0,11168600.0,0.0
2357100000,Новодмитрівська,0.0,0.0,0.0,28168500.0,0.0,0.0,0.0,0.0,0.0,28168500.0,0.0
2352000000,Паланська,0.0,0.0,0.0,43246200.0,0.0,0.0,0.0,0.0,0.0,43246200.0,0.0
2357200000,Піщанська,0.0,0.0,0.0,15881300.0,0.0,0.0,0.0,0.0,0.0,15881300.0,0.0
2350800000,Ротмістрівська,0.0,0.0,0.0,20426500.0,0.0,0.0,0.0,0.0,0.0,20426500.0,0.0
2354600000,Руськополянська,0.0,0.0,0.0,36252500.0,0.0,0.0,0.0,0.0,0.0,36252500.0,0.0
2354700000,Сагунівська,0.0,0.0,0.0,12126200.0,0.0,0.0,0.0,0.0,0.0,12126200.0,0.0
2350700000,Селищенська,0.0,0.0,0.0,11640000.0,0.0,0.0,0.0,0.0,0.0,11640000.0,0.0
2355100000,Слобідська,0.0,0.0,0.0,37753800.0,0.0,0.0,0.0,0.0,0.0,37753800.0,0.0
2357300000,Смілянська,0.0,0.0,0.0,103351800.0,0.0,0.0,0.0,0.0,0.0,103351800.0,0.0
2350500000,Стеблівська,0.0,0.0,0.0,16768000.0,0.0,0.0,0.0,0.0,0.0,16768000.0,0.0
2351000000,Степанецька,0.0,0.0,0.0,18628800.0,0.0,0.0,0.0,0.0,0.0,18628800.0,0.0
2352100000,Степанківська,0.0,0.0,0.0,15599800.0,0.0,0.0,0.0,0.0,0.0,15599800.0,0.0
2350400000,Тальнівська,0.0,0.0,0.0,69415900.0,0.0,0.0,0.0,0.0,0.0,69415900.0,0.0
2354900000,Тернівська,0.0,0.0,0.0,9416900.0,0.0,0.0,0.0,0.0,0.0,9416900.0,0.0
2357400000,Уманська,0.0,0.0,0.0,137138100.0,0.0,0.0,0.0,0.0,0.0,137138100.0,0.0
2357500000,Христинівська,0.0,0.0,0.0,73332600.0,0.0,0.0,0.0,0.0,0.0,73332600.0,0.0
2357600000,Черкаська,0.0,0.0,0.0,443058200.0,0.0,0.0,0.0,0.0,0.0,443058200.0,0.0
2355200000,Чигиринська,0.0,0.0,0.0,50982300.0,0.0,0.0,0.0,0.0,0.0,50982300.0,0.0
2357700000,Чорнобаївська,0.0,0.0,0.0,53791800.0,0.0,0.0,0.0,0.0,0.0,53791800.0,0.0
2355300000,Шевченківська,0.0,0.0,0.0,7087000.0,0.0,0.0,0.0,0.0,0.0,7087000.0,0.0
2350900000,Шполянська,0.0,0.0,0.0,83096100.0,0.0,0.0,0.0,0.0,0.0,83096100.0,0.0
2357800000,Шрамківська,0.0,0.0,0.0,27745600.0,0.0,0.0,0.0,0.0,0.0,27745600.0,0.0
2551500000,Іванівська,0.0,0.0,0.0,17960000.0,0.0,0.0,0.0,0.0,0.0,17960000.0,0.0
2552400000,Ічнянська,0.0,0.0,0.0,47321300.0,0.0,0.0,0.0,0.0,0.0,47321300.0,0.0
2550600000,Батуринська,0.0,0.0,0.0,18381300.0,0.0,0.0,0.0,0.0,0.0,18381300.0,0.0
2555100000,Бахмацька,0.0,0.0,0.0,72786300.0,0.0,0.0,0.0,0.0,0.0,72786300.0,0.0
2555200000,Березнянська,0.0,0.0,0.0,15773400.0,0.0,0.0,0.0,0.0,0.0,15773400.0,0.0
2552100000,Бобровицька,0.0,0.0,0.0,66235500.0,0.0,0.0,0.0,0.0,0.0,66235500.0,0.0
2554000000,Борзнянська,0.0,0.0,0.0,29020700.0,0.0,0.0,0.0,0.0,0.0,29020700.0,0.0
2553500000,Варвинська,0.0,0.0,0.0,39176200.0,0.0,0.0,0.0,0.0,0.0,39176200.0,0.0
2550100000,Вертіївська,0.0,0.0,0.0,17833600.0,0.0,0.0,0.0,0.0,0.0,17833600.0,0.0
2553400000,Височанська,0.0,0.0,0.0,12325100.0,0.0,0.0,0.0,0.0,0.0,12325100.0,0.0
2551100000,Гончарівська,0.0,0.0,0.0,11065100.0,0.0,0.0,0.0,0.0,0.0,11065100.0,0.0
2553600000,Городнянська,0.0,0.0,0.0,45386000.0,0.0,0.0,0.0,0.0,0.0,45386000.0,0.0
2550200000,Деснянська,0.0,0.0,0.0,23057000.0,0.0,0.0,0.0,0.0,0.0,23057000.0,0.0
2555300000,Дмитрівська,0.0,0.0,0.0,10353400.0,0.0,0.0,0.0,0.0,0.0,10353400.0,0.0
2554600000,Добрянська,0.0,0.0,0.0,12392300.0,0.0,0.0,0.0,0.0,0.0,12392300.0,0.0
2554700000,Киселівська,0.0,0.0,0.0,11238400.0,0.0,0.0,0.0,0.0,0.0,11238400.0,0.0
2554200000,Киїнська,0.0,0.0,0.0,15365000.0,0.0,0.0,0.0,0.0,0.0,15365000.0,0.0
2551800000,Козелецька,0.0,0.0,0.0,48055000.0,0.0,0.0,0.0,0.0,0.0,48055000.0,0.0
2551900000,Комарівська,0.0,0.0,0.0,12219200.0,0.0,0.0,0.0,0.0,0.0,12219200.0,0.0
2551200000,Коропська,0.0,0.0,0.0,43243700.0,0.0,0.0,0.0,0.0,0.0,43243700.0,0.0
2550700000,Корюківська,0.0,0.0,0.0,51512900.0,0.0,0.0,0.0,0.0,0.0,51512900.0,0.0
2555400000,Крутівська,0.0,0.0,0.0,8745800.0,0.0,0.0,0.0,0.0,0.0,8745800.0,0.0
2552500000,Куликівська,0.0,0.0,0.0,34072200.0,0.0,0.0,0.0,0.0,0.0,34072200.0,0.0
2550300000,Кіптівська,0.0,0.0,0.0,13154300.0,0.0,0.0,0.0,0.0,0.0,13154300.0,0.0
2555500000,Ладанська,0.0,0.0,0.0,13159300.0,0.0,0.0,0.0,0.0,0.0,13159300.0,0.0
2553700000,Линовицька,0.0,0.0,0.0,11526400.0,0.0,0.0,0.0,0.0,0.0,11526400.0,0.0
2551300000,Лосинівська,0.0,0.0,0.0,17445700.0,0.0,0.0,0.0,0.0,0.0,17445700.0,0.0
2552700000,Любецька,0.0,0.0,0.0,10572300.0,0.0,0.0,0.0,0.0,0.0,10572300.0,0.0
2550400000,Макіївська,0.0,0.0,0.0,10542400.0,0.0,0.0,0.0,0.0,0.0,10542400.0,0.0
2552600000,Малодівицька,0.0,0.0,0.0,9267000.0,0.0,0.0,0.0,0.0,0.0,9267000.0,0.0
2551700000,Менська,0.0,0.0,0.0,63405400.0,0.0,0.0,0.0,0.0,0.0,63405400.0,0.0
2551400000,Михайло-Коцюбинська,0.0,0.0,0.0,29925700.0,0.0,0.0,0.0,0.0,0.0,29925700.0,0.0
2551600000,Мринська,0.0,0.0,0.0,12681500.0,0.0,0.0,0.0,0.0,0.0,12681500.0,0.0
2553900000,Новгород-Сіверська,0.0,0.0,0.0,50630000.0,0.0,0.0,0.0,0.0,0.0,50630000.0,0.0
2552000000,Новобасанська,0.0,17042470.0,0.0,16003400.0,0.0,0.0,0.0,0.0,17042470.0,16003400.0,0.0
2554100000,Новобілоуська,0.0,0.0,0.0,37545600.0,0.0,0.0,0.0,0.0,0.0,37545600.0,0.0
2550800000,Носівська,0.0,0.0,0.0,52321000.0,0.0,0.0,0.0,0.0,0.0,52321000.0,0.0
2553800000,Ніжинська,0.0,0.0,0.0,109484100.0,0.0,0.0,0.0,0.0,0.0,109484100.0,0.0
2553300000,Олишівська,0.0,0.0,0.0,5601100.0,0.0,0.0,0.0,0.0,0.0,5601100.0,0.0
2550900000,Остерська,0.0,0.0,0.0,19498100.0,0.0,0.0,0.0,0.0,0.0,19498100.0,0.0
2550500000,Парафіївська,0.0,0.0,0.0,17531900.0,0.0,0.0,0.0,0.0,0.0,17531900.0,0.0
2552200000,Плисківська,0.0,0.0,0.0,7086100.0,0.0,0.0,0.0,0.0,0.0,7086100.0,0.0
2554800000,Понорницька,0.0,0.0,0.0,19101300.0,0.0,0.0,0.0,0.0,0.0,19101300.0,0.0
2555600000,Прилуцька,0.0,0.0,0.0,93988800.0,0.0,0.0,0.0,0.0,0.0,93988800.0,0.0
2555700000,Ріпкинська,0.0,0.0,0.0,27344100.0,0.0,0.0,0.0,0.0,0.0,27344100.0,0.0
2555800000,Седнівська,0.0,0.0,0.0,5424100.0,0.0,0.0,0.0,0.0,0.0,5424100.0,0.0
2552800000,Семенівська,0.0,0.0,0.0,41126600.0,0.0,0.0,0.0,0.0,0.0,41126600.0,0.0
2551000000,Сновська,0.0,0.0,0.0,51990000.0,0.0,0.0,0.0,0.0,0.0,51990000.0,0.0
2552900000,Сосницька,0.0,0.0,0.0,35712600.0,0.0,0.0,0.0,0.0,0.0,35712600.0,0.0
2553000000,Срібнянська,0.0,0.0,0.0,27283700.0,0.0,0.0,0.0,0.0,0.0,27283700.0,0.0
2554900000,Сухополов'янська,0.0,0.0,0.0,27202400.0,0.0,0.0,0.0,0.0,0.0,27202400.0,0.0
2555000000,Талалаївська,0.0,0.0,0.0,14042600.0,0.0,0.0,0.0,0.0,0.0,14042600.0,0.0
2552300000,Тупичівська,0.0,0.0,0.0,11367600.0,0.0,0.0,0.0,0.0,0.0,11367600.0,0.0
2553200000,Холминська,0.0,0.0,0.0,10867300.0,0.0,0.0,0.0,0.0,0.0,10867300.0,0.0
2555900000,Чернігівська,0.0,0.0,0.0,453568700.0,0.0,0.0,0.0,0.0,0.0,453568700.0,0.0
2556000000,Яблунівська,0.0,0.0,0.0,6953300.0,0.0,0.0,0.0,0.0,0.0,6953300.0,0.0
2453800000,Банилівська,0.0,0.0,0.0,28581100.0,0.0,0.0,0.0,0.0,0.0,28581100.0,0.0
2453900000,Берегометська,0.0,0.0,0.0,69141900.0,0.0,0.0,0.0,0.0,0.0,69141900.0,0.0
2454000000,Боянська,0.0,0.0,0.0,19549700.0,0.0,0.0,0.0,0.0,0.0,19549700.0,0.0
2454100000,Брусницька,0.0,0.0,0.0,26294400.0,0.0,0.0,0.0,0.0,0.0,26294400.0,0.0
2453400000,Ванчиковецька,0.0,0.0,0.0,31157300.0,0.0,0.0,0.0,0.0,0.0,31157300.0,0.0
2450100000,Вашковецька,0.0,0.0,0.0,15010700.0,0.0,0.0,0.0,0.0,0.0,15010700.0,0.0
2451100000,Вашківецька,0.0,0.0,0.0,39065200.0,0.0,0.0,0.0,0.0,0.0,39065200.0,0.0
2450200000,Великокучурівська,0.0,0.0,0.0,37960900.0,0.0,0.0,0.0,0.0,0.0,37960900.0,0.0
2454200000,Веренчанська,0.0,0.0,0.0,22542700.0,0.0,0.0,0.0,0.0,0.0,22542700.0,0.0
2451200000,Вижницька,0.0,0.0,0.0,64516900.0,0.0,0.0,0.0,0.0,0.0,64516900.0,0.0
2450300000,Волоківська,0.0,0.0,0.0,15019800.0,0.0,0.0,0.0,0.0,0.0,15019800.0,0.0
2452300000,Вікнянська,0.0,0.0,0.0,14818200.0,0.0,0.0,0.0,0.0,0.0,14818200.0,0.0
2452700000,Герцаївська,0.0,0.0,0.0,61553300.0,0.0,0.0,0.0,0.0,0.0,61553300.0,0.0
2450400000,Глибоцька,0.0,0.0,0.0,55021100.0,0.0,0.0,0.0,0.0,0.0,55021100.0,0.0
2454300000,Горішньошеровецька,0.0,0.0,0.0,20488400.0,0.0,0.0,0.0,0.0,0.0,20488400.0,0.0
2452800000,Заставнівська,0.0,0.0,0.0,23334100.0,0.0,0.0,0.0,0.0,0.0,23334100.0,0.0
2453700000,Кадубовецька,0.0,0.0,0.0,26295000.0,0.0,0.0,0.0,0.0,0.0,26295000.0,0.0
2454400000,Кам'янецька,0.0,0.0,0.0,35157100.0,0.0,0.0,0.0,0.0,0.0,35157100.0,0.0
2454500000,Кам'янська,0.0,0.0,0.0,30658300.0,0.0,0.0,0.0,0.0,0.0,30658300.0,0.0
2453500000,Карапчівська,0.0,0.0,0.0,13045600.0,0.0,0.0,0.0,0.0,0.0,13045600.0,0.0
2454600000,Кельменецька,0.0,0.0,0.0,77861100.0,0.0,0.0,0.0,0.0,0.0,77861100.0,0.0
2450500000,Клішковецька,0.0,0.0,0.0,46967300.0,0.0,0.0,0.0,0.0,0.0,46967300.0,0.0
2451700000,Конятинська,0.0,0.0,0.0,31537500.0,0.0,0.0,0.0,0.0,0.0,31537500.0,0.0
2452500000,Кострижівська,0.0,0.0,0.0,9289200.0,0.0,0.0,0.0,0.0,0.0,9289200.0,0.0
2451400000,Красноїльська,0.0,0.0,0.0,32495700.0,0.0,0.0,0.0,0.0,0.0,32495700.0,0.0
2452100000,Кіцманська,0.0,0.0,0.0,51733900.0,0.0,0.0,0.0,0.0,0.0,51733900.0,0.0
2454700000,Лівинецька,0.0,0.0,0.0,15856500.0,0.0,0.0,0.0,0.0,0.0,15856500.0,0.0
2452200000,Магальська,0.0,0.0,0.0,29888600.0,0.0,0.0,0.0,0.0,0.0,29888600.0,0.0
2450600000,Мамалигівська,0.0,0.0,0.0,24971800.0,0.0,0.0,0.0,0.0,0.0,24971800.0,0.0
2452000000,Мамаївська,0.0,0.0,0.0,55405300.0,0.0,0.0,0.0,0.0,0.0,55405300.0,0.0
2450700000,Недобоївська,0.0,0.0,0.0,31536200.0,0.0,0.0,0.0,0.0,0.0,31536200.0,0.0
2452900000,Неполоковецька,0.0,0.0,0.0,19271600.0,0.0,0.0,0.0,0.0,0.0,19271600.0,0.0
2453300000,Новодністровська,0.0,0.0,0.0,19771700.0,0.0,0.0,0.0,0.0,0.0,19771700.0,0.0
2452600000,Новоселицька,0.0,0.0,0.0,79694000.0,0.0,0.0,0.0,0.0,0.0,79694000.0,0.0
2451900000,Острицька,0.0,0.0,0.0,42595300.0,0.0,0.0,0.0,0.0,0.0,42595300.0,0.0
2454800000,Петровецька,0.0,0.0,0.0,28766900.0,0.0,0.0,0.0,0.0,0.0,28766900.0,0.0
2454900000,Путильська,0.0,0.0,0.0,54459800.0,0.0,0.0,0.0,0.0,0.0,54459800.0,0.0
2450800000,Рукшинська,0.0,0.0,0.0,18804600.0,0.0,0.0,0.0,0.0,0.0,18804600.0,0.0
2451800000,Селятинська,0.0,0.0,0.0,35229200.0,0.0,0.0,0.0,0.0,0.0,35229200.0,0.0
2450900000,Сокирянська,0.0,0.0,0.0,97792700.0,0.0,0.0,0.0,0.0,0.0,97792700.0,0.0
2453000000,Ставчанська,0.0,0.0,0.0,17389500.0,0.0,0.0,0.0,0.0,0.0,17389500.0,0.0
2451300000,Сторожинецька,0.0,0.0,0.0,143084700.0,0.0,0.0,0.0,0.0,0.0,143084700.0,0.0
2453600000,Сучевенська,0.0,0.0,0.0,25321900.0,0.0,0.0,0.0,0.0,0.0,25321900.0,0.0
2455000000,Тарашанська,0.0,0.0,0.0,27033700.0,0.0,0.0,0.0,0.0,0.0,27033700.0,0.0
2451500000,Тереблеченська,0.0,0.0,0.0,18660100.0,0.0,0.0,0.0,0.0,0.0,18660100.0,0.0
2455100000,Топорівська,0.0,0.0,0.0,34054000.0,0.0,0.0,0.0,0.0,0.0,34054000.0,0.0
2451000000,Усть-Путильська,0.0,0.0,0.0,25588400.0,0.0,0.0,0.0,0.0,0.0,25588400.0,0.0
2453100000,Хотинська,0.0,3420092.0,0.0,55982900.0,0.0,0.0,0.0,0.0,3420092.0,55982900.0,0.0
2453200000,Чагорська,0.0,0.0,0.0,27761800.0,0.0,0.0,0.0,0.0,0.0,27761800.0,0.0
2455200000,Чернівецька,0.0,0.0,0.0,472461800.0,0.0,0.0,0.0,0.0,0.0,472461800.0,0.0
2451600000,Чудейська,0.0,0.0,0.0,44800000.0,0.0,0.0,0.0,0.0,0.0,44800000.0,0.0
2452400000,Юрковецька,0.0,0.0,0.0,34259000.0,0.0,0.0,0.0,0.0,0.0,34259000.0,0.0
0450100000,Апостолівська,0.0,0.0,0.0,60192000.0,0.0,0.0,0.0,0.0,0.0,60192000.0,0.0
0450200000,Богданівська,0.0,0.0,0.0,24516300.0,0.0,0.0,0.0,0.0,0.0,24516300.0,0.0
0451800000,Божедарівська,0.0,0.0,0.0,27618400.0,0.0,0.0,0.0,0.0,0.0,27618400.0,0.0
0457200000,Брагинівська,0.0,0.0,0.0,11410100.0,0.0,0.0,0.0,0.0,0.0,11410100.0,0.0
0450500000,Вакулівська,0.0,0.0,0.0,7749700.0,0.0,0.0,0.0,0.0,0.0,7749700.0,0.0
0451900000,Васильківська,0.0,0.0,0.0,53441000.0,0.0,0.0,0.0,0.0,0.0,53441000.0,0.0
0452900000,Великомихайлівська,0.0,0.0,0.0,8292800.0,0.0,0.0,0.0,0.0,0.0,8292800.0,0.0
0450300000,Вербківська,0.0,0.0,0.0,26323000.0,0.0,0.0,0.0,0.0,0.0,26323000.0,0.0
0453600000,Верхньодніпровська,0.0,0.0,0.0,80062800.0,0.0,0.0,0.0,0.0,0.0,80062800.0,0.0
0457300000,Верхівцівська,0.0,0.0,0.0,28642100.0,0.0,0.0,0.0,0.0,0.0,28642100.0,0.0
0452000000,Вишнівська,0.0,0.0,0.0,11675300.0,0.0,0.0,0.0,0.0,0.0,11675300.0,0.0
0457400000,Вільногірська,0.0,0.0,0.0,38648800.0,0.0,0.0,0.0,0.0,0.0,38648800.0,0.0
0456300000,Глеюватська,0.0,0.0,0.0,17838500.0,0.0,0.0,0.0,0.0,0.0,17838500.0,0.0
0453000000,Гречаноподівська,0.0,0.0,0.0,12082100.0,0.0,0.0,0.0,0.0,0.0,12082100.0,0.0
0450700000,Грушівська,0.0,0.0,0.0,16360700.0,0.0,0.0,0.0,0.0,0.0,16360700.0,0.0
0457500000,Губиниська,0.0,0.0,0.0,55993800.0,0.0,0.0,0.0,0.0,0.0,55993800.0,0.0
0455600000,Девладівська,0.0,0.0,0.0,14992800.0,0.0,0.0,0.0,0.0,0.0,14992800.0,0.0
0457600000,Дніпровська,0.0,55406238.0,0.0,1635525200.0,0.0,0.0,0.0,0.0,55406238.0,1635525200.0,0.0
0453500000,Дубовиківська,0.0,0.0,0.0,20307700.0,0.0,0.0,0.0,0.0,0.0,20307700.0,0.0
0457700000,Жовтоводська,0.0,0.0,0.0,73594200.0,0.0,0.0,0.0,0.0,0.0,73594200.0,0.0
0454500000,Зайцівська,0.0,0.0,0.0,11243500.0,0.0,0.0,0.0,0.0,0.0,11243500.0,0.0
0456400000,Затишнянська,0.0,0.0,0.0,13353800.0,0.0,0.0,0.0,0.0,0.0,13353800.0,0.0
0450600000,Зеленодольська,0.0,0.0,0.0,37805400.0,0.0,0.0,0.0,0.0,0.0,37805400.0,0.0
0455400000,Кам'янська,0.0,0.0,0.0,8274600.0,0.0,0.0,0.0,0.0,0.0,8274600.0,0.0
0455000000,Карпівська,0.0,0.0,0.0,14754000.0,0.0,0.0,0.0,0.0,0.0,14754000.0,0.0
0454800000,Китайгородська,0.0,0.0,0.0,12620500.0,0.0,0.0,0.0,0.0,0.0,12620500.0,0.0
0457810000,Криворізька,0.0,0.0,0.0,1029806200.0,0.0,0.0,0.0,0.0,0.0,1029806200.0,0.0
0452100000,Криничанська,0.0,0.0,0.0,52993300.0,0.0,0.0,0.0,0.0,0.0,52993300.0,0.0
0452200000,Лихівська,0.0,0.0,0.0,12068500.0,0.0,0.0,0.0,0.0,0.0,12068500.0,0.0
0455700000,Личківська,0.0,0.0,0.0,14791100.0,0.0,0.0,0.0,0.0,0.0,14791100.0,0.0
0457900000,Лозуватська,0.0,0.0,0.0,41765400.0,0.0,0.0,0.0,0.0,0.0,41765400.0,0.0
0455300000,Любимівська,0.0,0.0,0.0,5710400.0,0.0,0.0,0.0,0.0,0.0,5710400.0,0.0
0450800000,Ляшківська,0.0,0.0,0.0,5495900.0,0.0,0.0,0.0,0.0,0.0,5495900.0,0.0
0456500000,Магдалинівська,0.0,0.0,0.0,64899500.0,0.0,0.0,0.0,0.0,0.0,64899500.0,0.0
0453100000,Маломихайлівська,0.0,0.0,0.0,19903600.0,0.0,0.0,0.0,0.0,0.0,19903600.0,0.0
0456100000,Марганецька,0.0,0.0,0.0,75565000.0,0.0,0.0,0.0,0.0,0.0,75565000.0,0.0
0454100000,Межиріцька,0.0,0.0,0.0,20699100.0,0.0,0.0,0.0,0.0,0.0,20699100.0,0.0
0453700000,Межівська,0.0,71812000.0,0.0,39528800.0,0.0,0.0,0.0,0.0,71812000.0,39528800.0,0.0
0450900000,Миколаївська,0.0,0.0,0.0,14736600.0,0.0,0.0,0.0,0.0,0.0,14736600.0,0.0
0451600000,Мирівська,0.0,0.0,0.0,22079500.0,0.0,0.0,0.0,0.0,0.0,22079500.0,0.0
0450900000,Могилівська,0.0,0.0,0.0,14736600.0,0.0,0.0,0.0,0.0,0.0,14736600.0,0.0
0453900000,Мозолевська,0.0,0.0,0.0,36017800.0,0.0,0.0,0.0,0.0,0.0,36017800.0,0.0
0451000000,Нивотрудівська,0.0,0.0,0.0,12395300.0,0.0,0.0,0.0,0.0,0.0,12395300.0,0.0
0453200000,Новолатівська,0.0,0.0,0.0,7991100.0,0.0,0.0,0.0,0.0,0.0,7991100.0,0.0
0453200000,Новоолександрівська,0.0,0.0,0.0,7991100.0,0.0,0.0,0.0,0.0,0.0,7991100.0,0.0
0453300000,Новопавлівська,0.0,0.0,0.0,9088700.0,0.0,0.0,0.0,0.0,0.0,9088700.0,0.0
0452300000,Новопокровська,0.0,0.0,0.0,51118400.0,0.0,0.0,0.0,0.0,0.0,51118400.0,0.0
0458300000,Новопільська,0.0,0.0,0.0,41264600.0,0.0,0.0,0.0,0.0,0.0,41264600.0,0.0
0458100000,Нікопольська,0.0,0.0,0.0,187018700.0,0.0,0.0,0.0,0.0,0.0,187018700.0,0.0
0456600000,Обухівська,0.0,0.0,0.0,22172600.0,0.0,0.0,0.0,0.0,0.0,22172600.0,0.0
0458800000,П'ятихатська,0.0,0.0,0.0,54693600.0,0.0,0.0,0.0,0.0,0.0,54693600.0,0.0
0458400000,Павлоградська,0.0,180201924.0,0.0,203850100.0,0.0,0.0,0.0,0.0,180201924.0,203850100.0,0.0
0455800000,Перещепинська,0.0,0.0,0.0,52818900.0,0.0,0.0,0.0,0.0,0.0,52818900.0,0.0
0454300000,Петриківська,0.0,0.0,0.0,56505700.0,0.0,0.0,0.0,0.0,0.0,56505700.0,0.0
0458600000,Петропавлівська,0.0,0.0,0.0,25734100.0,0.0,0.0,0.0,0.0,0.0,25734100.0,0.0
0452300000,Покровська,0.0,0.0,0.0,51118400.0,0.0,0.0,0.0,0.0,0.0,51118400.0,0.0
0456800000,Підгородненська,0.0,0.0,0.0,46647900.0,0.0,0.0,0.0,0.0,0.0,46647900.0,0.0
0454600000,Раївська,0.0,0.0,0.0,30744200.0,0.0,0.0,0.0,0.0,0.0,30744200.0,0.0
0452400000,Роздорська,0.0,0.0,0.0,8887500.0,0.0,0.0,0.0,0.0,0.0,8887500.0,0.0
0455500000,Саксаганська,0.0,0.0,0.0,21811200.0,0.0,0.0,0.0,0.0,0.0,21811200.0,0.0
0458200000,Самарівська,0.0,0.0,0.0,120326000.0,0.0,0.0,0.0,0.0,0.0,120326000.0,0.0
0450400000,Святовасилівська,0.0,0.0,0.0,16252700.0,0.0,0.0,0.0,0.0,0.0,16252700.0,0.0
0458900000,Синельниківська,0.0,0.0,0.0,63244300.0,0.0,0.0,0.0,0.0,0.0,63244300.0,0.0
0454800000,Славгородська,0.0,0.0,0.0,12620500.0,0.0,0.0,0.0,0.0,0.0,12620500.0,0.0
0451500000,Слобожанська,0.0,0.0,0.0,55967500.0,0.0,0.0,0.0,0.0,0.0,55967500.0,0.0
0459000000,Слов'янська,0.0,0.0,0.0,10995600.0,0.0,0.0,0.0,0.0,0.0,10995600.0,0.0
0451300000,Солонянська,0.0,0.0,0.0,74393200.0,0.0,0.0,0.0,0.0,0.0,74393200.0,0.0
0452500000,Софіївська,0.0,0.0,0.0,36448800.0,0.0,0.0,0.0,0.0,0.0,36448800.0,0.0
0451400000,Сурсько-Литовська,0.0,0.0,0.0,14146400.0,0.0,0.0,0.0,0.0,0.0,14146400.0,0.0
0459100000,Тернівська,0.0,0.0,0.0,52901300.0,0.0,0.0,0.0,0.0,0.0,52901300.0,0.0
0452600000,Томаківська,0.0,0.0,0.0,41799000.0,0.0,0.0,0.0,0.0,0.0,41799000.0,0.0
0454200000,Троїцька,0.0,0.0,0.0,12311900.0,0.0,0.0,0.0,0.0,0.0,12311900.0,0.0
0455400000,Українська,0.0,0.0,0.0,8274600.0,0.0,0.0,0.0,0.0,0.0,8274600.0,0.0
0452700000,Царичанська,0.0,0.0,0.0,38087900.0,0.0,0.0,0.0,0.0,0.0,38087900.0,0.0
0454000000,Червоногригорівська,0.0,0.0,0.0,30511600.0,0.0,0.0,0.0,0.0,0.0,30511600.0,0.0
0456000000,Чумаківська,0.0,0.0,0.0,12148600.0,0.0,0.0,0.0,0.0,0.0,12148600.0,0.0
0451600000,Широківська,0.0,0.0,0.0,22079500.0,0.0,0.0,0.0,0.0,0.0,22079500.0,0.0
0455200000,Юріївська,0.0,0.0,0.0,37042500.0,0.0,0.0,0.0,0.0,0.0,37042500.0,0.0
0454700000,Яворницька,0.0,0.0,0.0,35294000.0,0.0,0.0,0.0,0.0,0.0,35294000.0,0.0
0555400000,Єнакієвська,0.0,0.0,0.0,0.0,0.0,0.0,0.0,0.0,0.0,0.0,0.0
0550600000,Іллінівська,0.0,0.0,0.0,26173500.0,0.0,0.0,0.0,0.0,0.0,26173500.0,0.0
0555600000,Іловайська,0.0,0.0,0.0,0.0,0.0,0.0,0.0,0.0,0.0,0.0,0.0
0551400000,Авдіївська,0.0,0.0,0.0,25158100.0,0.0,0.0,0.0,0.0,0.0,25158100.0,0.0
0554700000,Амвросіївська,0.0,0.0,0.0,0.0,0.0,0.0,0.0,0.0,0.0,0.0,0.0
0550900000,Андріївська,0.0,0.0,0.0,7679400.0,0.0,0.0,0.0,0.0,0.0,7679400.0,0.0
0551100000,Бахмутська,0.0,0.0,0.0,99222000.0,0.0,0.0,0.0,0.0,0.0,99222000.0,0.0
0554800000,Бойківська,0.0,0.0,0.0,0.0,0.0,0.0,0.0,0.0,0.0,0.0,0.0
0551500000,Білозерська,0.0,0.0,0.0,25268500.0,0.0,0.0,0.0,0.0,0.0,25268500.0,0.0
0551600000,Великоновосілківська,0.0,0.0,0.0,42656500.0,0.0,0.0,0.0,0.0,0.0,42656500.0,0.0
0551700000,Волноваська,0.0,0.0,0.0,17841200.0,0.0,0.0,0.0,0.0,0.0,17841200.0,0.0
0554900000,Вуглегірська,0.0,0.0,0.0,0.0,0.0,0.0,0.0,0.0,0.0,0.0,0.0
0551200000,Вугледарська,0.0,0.0,0.0,27188700.0,0.0,0.0,0.0,0.0,0.0,27188700.0,0.0
0555000000,Горлівська,0.0,0.0,0.0,0.0,0.0,0.0,0.0,0.0,0.0,0.0,0.0
0551800000,Гродівська,0.0,0.0,0.0,13691600.0,0.0,0.0,0.0,0.0,0.0,13691600.0,0.0
0555100000,Дебальцівська,0.0,0.0,0.0,0.0,0.0,0.0,0.0,0.0,0.0,0.0,0.0
0551900000,Добропільська,0.0,51828801.0,0.0,82462500.0,0.0,0.0,0.0,0.0,51828801.0,82462500.0,0.0
0555200000,Докучаєвська,0.0,0.0,0.0,0.0,0.0,0.0,0.0,0.0,0.0,0.0,0.0
0555300000,Донецька,0.0,0.0,0.0,0.0,0.0,0.0,0.0,0.0,0.0,0.0,0.0
0552000000,Дружківська,0.0,0.0,0.0,75778400.0,0.0,0.0,0.0,0.0,0.0,75778400.0,0.0
0555500000,Жданівська,0.0,0.0,0.0,0.0,0.0,0.0,0.0,0.0,0.0,0.0,0.0
0550800000,Званівська,0.0,0.0,0.0,7646300.0,0.0,0.0,0.0,0.0,0.0,7646300.0,0.0
0555700000,Кальміуська,0.0,0.0,0.0,0.0,0.0,0.0,0.0,0.0,0.0,0.0,0.0
0552100000,Кальчицька,0.0,0.0,0.0,0.0,0.0,0.0,0.0,0.0,0.0,0.0,0.0
0552200000,Комарська,0.0,0.0,0.0,13316200.0,0.0,0.0,0.0,0.0,0.0,13316200.0,0.0
0552300000,Костянтинівська,0.0,0.0,0.0,100038700.0,0.0,0.0,0.0,0.0,0.0,100038700.0,0.0
0552400000,Краматорська,0.0,0.0,0.0,258534900.0,0.0,0.0,0.0,0.0,0.0,258534900.0,0.0
0551300000,Криворізька,0.0,0.0,0.0,9674800.0,0.0,0.0,0.0,0.0,0.0,9674800.0,0.0
0552500000,Курахівська,0.0,0.0,0.0,54443000.0,0.0,0.0,0.0,0.0,0.0,54443000.0,0.0
0550100000,Лиманська,0.0,0.0,0.0,74964800.0,0.0,0.0,0.0,0.0,0.0,74964800.0,0.0
0555800000,Макіївська,0.0,0.0,0.0,0.0,0.0,0.0,0.0,0.0,0.0,0.0,0.0
0552600000,Мангушська,0.0,0.0,0.0,6254500.0,0.0,0.0,0.0,0.0,0.0,6254500.0,0.0
0552700000,Мар'їнська,0.0,0.0,0.0,32235500.0,0.0,0.0,0.0,0.0,0.0,32235500.0,0.0
0552800000,Маріупольська,0.0,0.0,0.0,80911700.0,0.0,0.0,0.0,0.0,0.0,80911700.0,0.0
0553100000,Миколаївська,0.0,0.0,0.0,14415000.0,0.0,0.0,0.0,0.0,0.0,14415000.0,0.0
0553100000,Микільська,0.0,0.0,0.0,14415000.0,0.0,0.0,0.0,0.0,0.0,14415000.0,0.0
0552700000,Мирненська,0.0,0.0,0.0,32235500.0,0.0,0.0,0.0,0.0,0.0,32235500.0,0.0
0553000000,Мирноградська,0.0,0.0,0.0,73149300.0,0.0,0.0,0.0,0.0,0.0,73149300.0,0.0
0555900000,Новоазовська,0.0,0.0,0.0,0.0,0.0,0.0,0.0,0.0,0.0,0.0,0.0
0553200000,Новогродівська,0.0,0.0,0.0,27782500.0,0.0,0.0,0.0,0.0,0.0,27782500.0,0.0
0553300000,Новодонецька,0.0,0.0,0.0,21954500.0,0.0,0.0,0.0,0.0,0.0,21954500.0,0.0
0550900000,Олександрівська,0.0,0.0,0.0,7679400.0,0.0,0.0,0.0,0.0,0.0,7679400.0,0.0
0553400000,Ольгинська,0.0,0.0,0.0,5180100.0,0.0,0.0,0.0,0.0,0.0,5180100.0,0.0
0553500000,Очеретинська,0.0,0.0,0.0,30323000.0,0.0,0.0,0.0,0.0,0.0,30323000.0,0.0
0553600000,Покровська,0.0,0.0,0.0,140499000.0,0.0,0.0,0.0,0.0,0.0,140499000.0,0.0
0553700000,Сартанська,0.0,0.0,0.0,7073400.0,0.0,0.0,0.0,0.0,0.0,7073400.0,0.0
0553900000,Святогірська,0.0,0.0,0.0,14727600.0,0.0,0.0,0.0,0.0,0.0,14727600.0,0.0
0553800000,Світлодарська,0.0,0.0,0.0,4098500.0,0.0,0.0,0.0,0.0,0.0,4098500.0,0.0
0554000000,Селидівська,0.0,0.0,0.0,43354800.0,0.0,0.0,0.0,0.0,0.0,43354800.0,0.0
0554100000,Слов'янська,0.0,0.0,0.0,169026000.0,0.0,0.0,0.0,0.0,0.0,169026000.0,0.0
0556000000,Сніжнянська,0.0,0.0,0.0,0.0,0.0,0.0,0.0,0.0,0.0,0.0,0.0
0550500000,Соледарська,0.0,0.0,0.0,27231800.0,0.0,0.0,0.0,0.0,0.0,27231800.0,0.0
0556100000,Старобешівська,0.0,0.0,0.0,0.0,0.0,0.0,0.0,0.0,0.0,0.0,0.0
0554200000,Старомлинівська,0.0,0.0,0.0,3224400.0,0.0,0.0,0.0,0.0,0.0,3224400.0,0.0
0550700000,Сіверська,0.0,0.0,0.0,11837000.0,0.0,0.0,0.0,0.0,0.0,11837000.0,0.0
0554300000,Торецька,0.0,0.0,0.0,68428300.0,0.0,0.0,0.0,0.0,0.0,68428300.0,0.0
0554400000,Удачненська,0.0,0.0,0.0,7707400.0,0.0,0.0,0.0,0.0,0.0,7707400.0,0.0
0556200000,Харцизька,0.0,0.0,0.0,0.0,0.0,0.0,0.0,0.0,0.0,0.0,0.0
0554500000,Хлібодарівська,0.0,0.0,0.0,5421800.0,0.0,0.0,0.0,0.0,0.0,5421800.0,0.0
0556300000,Хрестівська,0.0,0.0,0.0,0.0,0.0,0.0,0.0,0.0,0.0,0.0,0.0
0554600000,Часовоярська,0.0,0.0,0.0,15319000.0,0.0,0.0,0.0,0.0,0.0,15319000.0,0.0
0550300000,Черкаська,0.0,0.0,0.0,22364800.0,0.0,0.0,0.0,0.0,0.0,22364800.0,0.0
0556400000,Чистяківська,0.0,0.0,0.0,0.0,0.0,0.0,0.0,0.0,0.0,0.0,0.0
0556500000,Шахтарська,0.0,0.0,0.0,0.0,0.0,0.0,0.0,0.0,0.0,0.0,0.0
0550200000,Шахівська,0.0,0.0,0.0,9439300.0,0.0,0.0,0.0,0.0,0.0,9439300.0,0.0
0556600000,Ясинуватська,0.0,0.0,0.0,0.0,0.0,0.0,0.0,0.0,0.0,0.0,0.0
0953600000,Єзупільська,0.0,0.0,0.0,15634400.0,0.0,0.0,0.0,0.0,0.0,15634400.0,0.0
0953300000,Івано-Франківська,0.0,0.0,0.0,557344500.0,0.0,0.0,0.0,0.0,0.0,557344500.0,0.0
0954000000,Богородчанська,0.0,0.0,0.0,89087200.0,0.0,0.0,0.0,0.0,0.0,89087200.0,0.0
0954100000,Болехівська,0.0,0.0,0.0,63915200.0,0.0,0.0,0.0,0.0,0.0,63915200.0,0.0
0952000000,Брошнів-Осадська,0.0,0.0,0.0,29046400.0,0.0,0.0,0.0,0.0,0.0,29046400.0,0.0
0952600000,Букачівська,0.0,0.0,0.0,10763600.0,0.0,0.0,0.0,0.0,0.0,10763600.0,0.0
0954200000,Бурштинська,0.0,0.0,0.0,48334900.0,0.0,0.0,0.0,0.0,0.0,48334900.0,0.0
0950400000,Білоберізька,0.0,0.0,0.0,52371900.0,0.0,0.0,0.0,0.0,0.0,52371900.0,0.0
0950600000,Більшівцівська,0.0,0.0,0.0,16882200.0,0.0,0.0,0.0,0.0,0.0,16882200.0,0.0
0950100000,Верхнянська,0.0,0.0,0.0,25476300.0,0.0,0.0,0.0,0.0,0.0,25476300.0,0.0
0954300000,Верховинська,0.0,0.0,0.0,122100700.0,0.0,0.0,0.0,0.0,0.0,122100700.0,0.0
0952700000,Вигодська,0.0,0.0,0.0,73845800.0,0.0,0.0,0.0,0.0,0.0,73845800.0,0.0
0950700000,Витвицька,0.0,0.0,0.0,24575400.0,0.0,0.0,0.0,0.0,0.0,24575400.0,0.0
0952100000,Войнилівська,0.0,0.0,0.0,23868600.0,0.0,0.0,0.0,0.0,0.0,23868600.0,0.0
0954400000,Ворохтянська,0.0,0.0,0.0,20778100.0,0.0,0.0,0.0,0.0,0.0,20778100.0,0.0
0954500000,Галицька,0.0,0.0,0.0,58767200.0,0.0,0.0,0.0,0.0,0.0,58767200.0,0.0
0953400000,Гвіздецька,0.0,0.0,0.0,17314300.0,0.0,0.0,0.0,0.0,0.0,17314300.0,0.0
0954600000,Городенківська,0.0,0.0,0.0,120427400.0,0.0,0.0,0.0,0.0,0.0,120427400.0,0.0
0952200000,Делятинська,0.0,0.0,0.0,74807000.0,0.0,0.0,0.0,0.0,0.0,74807000.0,0.0
0951300000,Дзвиняцька,0.0,0.0,0.0,27009900.0,0.0,0.0,0.0,0.0,0.0,27009900.0,0.0
0953200000,Долинська,0.0,0.0,0.0,159765300.0,0.0,0.0,0.0,0.0,0.0,159765300.0,0.0
0954700000,Дубовецька,0.0,0.0,0.0,19999000.0,0.0,0.0,0.0,0.0,0.0,19999000.0,0.0
0953500000,Дубівська,0.0,0.0,0.0,27593300.0,0.0,0.0,0.0,0.0,0.0,27593300.0,0.0
0951800000,Заболотівська,0.0,0.0,0.0,54814200.0,0.0,0.0,0.0,0.0,0.0,54814200.0,0.0
0952400000,Загвіздянська,0.0,0.0,0.0,15961500.0,0.0,0.0,0.0,0.0,0.0,15961500.0,0.0
0954800000,Зеленська,0.0,0.0,0.0,8875300.0,0.0,0.0,0.0,0.0,0.0,8875300.0,0.0
0953100000,Калуська,0.0,0.0,0.0,171734200.0,0.0,0.0,0.0,0.0,0.0,171734200.0,0.0
0953000000,Коломийська,0.0,0.0,0.0,154844000.0,0.0,0.0,0.0,0.0,0.0,154844000.0,0.0
0952800000,Коршівська,0.0,0.0,0.0,22654400.0,0.0,0.0,0.0,0.0,0.0,22654400.0,0.0
0950800000,Космацька,0.0,0.0,0.0,40492100.0,0.0,0.0,0.0,0.0,0.0,40492100.0,0.0
0954900000,Косівська,0.0,0.0,0.0,109149500.0,0.0,0.0,0.0,0.0,0.0,109149500.0,0.0
0955000000,Кутська,0.0,0.0,0.0,41843200.0,0.0,0.0,0.0,0.0,0.0,41843200.0,0.0
0951700000,Ланчинська,0.0,0.0,0.0,27798400.0,0.0,0.0,0.0,0.0,0.0,27798400.0,0.0
0955100000,Лисецька,0.0,0.0,0.0,20132200.0,0.0,0.0,0.0,0.0,0.0,20132200.0,0.0
0950900000,Матеївецька,0.0,0.0,0.0,24494000.0,0.0,0.0,0.0,0.0,0.0,24494000.0,0.0
0955200000,Надвірнянська,0.0,0.0,0.0,140978300.0,0.0,0.0,0.0,0.0,0.0,140978300.0,0.0
0951000000,Нижньовербізька,0.0,0.0,0.0,34693800.0,0.0,0.0,0.0,0.0,0.0,34693800.0,0.0
0952900000,Новицька,0.0,0.0,0.0,36535700.0,0.0,0.0,0.0,0.0,0.0,36535700.0,0.0
0955300000,Обертинська,0.0,0.0,0.0,21260300.0,0.0,0.0,0.0,0.0,0.0,21260300.0,0.0
0951200000,Олешанська,0.0,0.0,0.0,33379400.0,0.0,0.0,0.0,0.0,0.0,33379400.0,0.0
0955400000,Отинійська,0.0,0.0,0.0,51815600.0,0.0,0.0,0.0,0.0,0.0,51815600.0,0.0
0951100000,П'ядицька,0.0,0.0,0.0,29604100.0,0.0,0.0,0.0,0.0,0.0,29604100.0,0.0
0953800000,Пасічнянська,0.0,0.0,0.0,75986900.0,0.0,0.0,0.0,0.0,0.0,75986900.0,0.0
0955500000,Перегінська,0.0,0.0,0.0,87966800.0,0.0,0.0,0.0,0.0,0.0,87966800.0,0.0
0951600000,Переріслянська,0.0,0.0,0.0,27217200.0,0.0,0.0,0.0,0.0,0.0,27217200.0,0.0
0950200000,Печеніжинська,0.0,0.0,0.0,56805800.0,0.0,0.0,0.0,0.0,0.0,56805800.0,0.0
0955600000,Поляницька,0.0,0.0,0.0,29632500.0,0.0,0.0,0.0,0.0,0.0,29632500.0,0.0
0953900000,Підгайчиківська,0.0,0.0,0.0,14856500.0,0.0,0.0,0.0,0.0,0.0,14856500.0,0.0
0955700000,Рогатинська,0.0,0.0,0.0,78008200.0,0.0,0.0,0.0,0.0,0.0,78008200.0,0.0
0955800000,Рожнятівська,0.0,0.0,0.0,59762300.0,0.0,0.0,0.0,0.0,0.0,59762300.0,0.0
0951400000,Рожнівська,0.0,0.0,0.0,35898900.0,0.0,0.0,0.0,0.0,0.0,35898900.0,0.0
0955900000,Снятинська,0.0,0.0,0.0,116301900.0,0.0,0.0,0.0,0.0,0.0,116301900.0,0.0
0956000000,Солотвинська,0.0,0.0,0.0,104458900.0,0.0,0.0,0.0,0.0,0.0,104458900.0,0.0
0952300000,Спаська,0.0,0.0,0.0,25184900.0,0.0,0.0,0.0,0.0,0.0,25184900.0,0.0
0950300000,Старобогородчанська,0.0,0.0,0.0,13866300.0,0.0,0.0,0.0,0.0,0.0,13866300.0,0.0
0956100000,Тисменицька,0.0,0.0,0.0,70895600.0,0.0,0.0,0.0,0.0,0.0,70895600.0,0.0
0950500000,Тлумацька,0.0,0.0,0.0,74950100.0,0.0,0.0,0.0,0.0,0.0,74950100.0,0.0
0952500000,Угринівська,0.0,0.0,0.0,13757100.0,0.0,0.0,0.0,0.0,0.0,13757100.0,0.0
0956200000,Чернелицька,0.0,0.0,0.0,17806700.0,0.0,0.0,0.0,0.0,0.0,17806700.0,0.0
0951500000,Яблунівська,0.0,0.0,0.0,60812800.0,0.0,0.0,0.0,0.0,0.0,60812800.0,0.0
0951900000,Ямницька,0.0,0.0,0.0,24007900.0,0.0,0.0,0.0,0.0,0.0,24007900.0,0.0
0956300000,Яремчанська,0.0,0.0,0.0,55728400.0,0.0,0.0,0.0,0.0,0.0,55728400.0,0.0
2051800000,Ізюмська,0.0,58637816.0,0.0,59792000.0,0.0,0.0,0.0,0.0,58637816.0,59792000.0,0.0
2052400000,Балаклійська,0.0,48355470.0,0.0,72016900.0,0.0,0.0,0.0,0.0,48355470.0,72016900.0,0.0
2052500000,Барвінківська,0.0,0.0,0.0,55769400.0,0.0,0.0,0.0,0.0,0.0,55769400.0,0.0
2052600000,Безлюдівська,0.0,0.0,0.0,36415500.0,0.0,0.0,0.0,0.0,0.0,36415500.0,0.0
2054000000,Берестинська,0.0,0.0,0.0,70075700.0,0.0,0.0,0.0,0.0,0.0,70075700.0,0.0
2052800000,Близнюківська,0.0,0.0,0.0,57813200.0,0.0,0.0,0.0,0.0,0.0,57813200.0,0.0
2052900000,Богодухівська,0.0,0.0,0.0,86193600.0,0.0,0.0,0.0,0.0,0.0,86193600.0,0.0
2053000000,Борівська,0.0,0.0,0.0,32610300.0,0.0,0.0,0.0,0.0,0.0,32610300.0,0.0
2052700000,Біляївська,0.0,0.0,0.0,16134200.0,0.0,0.0,0.0,0.0,0.0,16134200.0,0.0
2053100000,Валківська,0.0,0.0,0.0,75487000.0,0.0,0.0,0.0,0.0,0.0,75487000.0,0.0
2051300000,Великобурлуцька,0.0,0.0,0.0,24771500.0,0.0,0.0,0.0,0.0,0.0,24771500.0,0.0
2053200000,Височанська,0.0,0.0,0.0,41327500.0,0.0,0.0,0.0,0.0,0.0,41327500.0,0.0
2053500000,Вовчанська,0.0,0.0,0.0,28468500.0,0.0,0.0,0.0,0.0,0.0,28468500.0,0.0
2053400000,Вільхуватська,0.0,0.0,0.0,5397800.0,0.0,0.0,0.0,0.0,0.0,5397800.0,0.0
2053300000,Вільхівська,0.0,0.0,0.0,18022900.0,0.0,0.0,0.0,0.0,0.0,18022900.0,0.0
2053600000,Дворічанська,0.0,0.0,0.0,2893800.0,0.0,0.0,0.0,0.0,0.0,2893800.0,0.0
2053700000,Дергачівська,0.0,0.0,0.0,91539000.0,0.0,0.0,0.0,0.0,0.0,91539000.0,0.0
2052000000,Донецька,0.0,0.0,0.0,39208800.0,0.0,0.0,0.0,0.0,0.0,39208800.0,0.0
2050700000,Зачепилівська,0.0,0.0,0.0,41465000.0,0.0,0.0,0.0,0.0,0.0,41465000.0,0.0
2054700000,Златопільська,0.0,0.0,0.0,53528400.0,0.0,0.0,0.0,0.0,0.0,53528400.0,0.0
2053800000,Зміївська,0.0,0.0,0.0,89414300.0,0.0,0.0,0.0,0.0,0.0,89414300.0,0.0
2050800000,Золочівська,0.0,0.0,0.0,58709200.0,0.0,0.0,0.0,0.0,0.0,58709200.0,0.0
2053900000,Кегичівська,0.0,0.0,0.0,52637000.0,0.0,0.0,0.0,0.0,0.0,52637000.0,0.0
2051000000,Коломацька,0.0,0.0,0.0,18154400.0,0.0,0.0,0.0,0.0,0.0,18154400.0,0.0
2054100000,Краснокутська,0.0,0.0,0.0,73161700.0,0.0,0.0,0.0,0.0,0.0,73161700.0,0.0
2054200000,Куньєвська,0.0,0.0,0.0,16862100.0,0.0,0.0,0.0,0.0,0.0,16862100.0,0.0
2054300000,Куп'янська,0.0,0.0,0.0,26873400.0,0.0,0.0,0.0,0.0,0.0,26873400.0,0.0
2052200000,Курилівська,0.0,0.0,0.0,7605100.0,0.0,0.0,0.0,0.0,0.0,7605100.0,0.0
2052100000,Кіндрашівська,0.0,0.0,0.0,4971200.0,0.0,0.0,0.0,0.0,0.0,4971200.0,0.0
2054400000,Липецька,0.0,0.0,0.0,17924300.0,0.0,0.0,0.0,0.0,0.0,17924300.0,0.0
2051700000,Лозівська,0.0,0.0,0.0,165463300.0,0.0,0.0,0.0,0.0,0.0,165463300.0,0.0
2054500000,Люботинська,0.0,0.0,0.0,50801900.0,0.0,0.0,0.0,0.0,0.0,50801900.0,0.0
2051200000,Малинівська,0.0,0.0,0.0,17130100.0,0.0,0.0,0.0,0.0,0.0,17130100.0,0.0
2050600000,Малоданилівська,0.0,0.0,0.0,14777400.0,0.0,0.0,0.0,0.0,0.0,14777400.0,0.0
2050200000,Мереф'янська,0.0,0.0,0.0,61209000.0,0.0,0.0,0.0,0.0,0.0,61209000.0,0.0
2051100000,Наталинська,0.0,0.0,0.0,31298400.0,0.0,0.0,0.0,0.0,0.0,31298400.0,0.0
2050500000,Нововодолазька,0.0,0.0,0.0,56863700.0,0.0,0.0,0.0,0.0,0.0,56863700.0,0.0
2054600000,Новопокровська,0.0,0.0,0.0,33620100.0,0.0,0.0,0.0,0.0,0.0,33620100.0,0.0
2051900000,Олексіївська,0.0,0.0,0.0,17912500.0,0.0,0.0,0.0,0.0,0.0,17912500.0,0.0
2050900000,Оскільська,0.0,0.0,0.0,19283600.0,0.0,0.0,0.0,0.0,0.0,19283600.0,0.0
2052300000,Петропавлівська,0.0,0.0,0.0,7545800.0,0.0,0.0,0.0,0.0,0.0,7545800.0,0.0
2054800000,Печенізька,0.0,0.0,0.0,17014700.0,0.0,0.0,0.0,0.0,0.0,17014700.0,0.0
2050300000,Пролісненська,0.0,0.0,0.0,23867500.0,0.0,0.0,0.0,0.0,0.0,23867500.0,0.0
2054900000,Південна,0.0,0.0,0.0,26415900.0,0.0,0.0,0.0,0.0,0.0,26415900.0,0.0
2051400000,Пісочинська,0.0,0.0,0.0,55704100.0,0.0,0.0,0.0,0.0,0.0,55704100.0,0.0
2050400000,Роганська,0.0,0.0,0.0,24568500.0,0.0,0.0,0.0,0.0,0.0,24568500.0,0.0
2055000000,Савинська,0.0,0.0,0.0,16979500.0,0.0,0.0,0.0,0.0,0.0,16979500.0,0.0
2055100000,Сахновщинська,0.0,0.0,0.0,62454000.0,0.0,0.0,0.0,0.0,0.0,62454000.0,0.0
2055200000,Слобожанська,0.0,0.0,0.0,51481000.0,0.0,0.0,0.0,0.0,0.0,51481000.0,0.0
2055300000,Солоницівська,0.0,0.0,0.0,63529500.0,0.0,0.0,0.0,0.0,0.0,63529500.0,0.0
2051500000,Старовірівська,0.0,0.0,0.0,26041100.0,0.0,0.0,0.0,0.0,0.0,26041100.0,0.0
2050100000,Старосалтівська,0.0,0.0,0.0,15372300.0,0.0,0.0,0.0,0.0,0.0,15372300.0,0.0
2055400000,Харківська,0.0,1835819318.0,0.0,1661178800.0,0.0,0.0,0.0,0.0,1835819318.0,1661178800.0,0.0
2051600000,Циркунівська,0.0,0.0,0.0,12999500.0,0.0,0.0,0.0,0.0,0.0,12999500.0,0.0
2055500000,Чугуївська,0.0,0.0,0.0,63574100.0,0.0,0.0,0.0,0.0,0.0,63574100.0,0.0
2055600000,Шевченківська,0.0,0.0,0.0,42465200.0,0.0,0.0,0.0,0.0,0.0,42465200.0,0.0
2152200000,Іванівська,0.0,0.0,0.0,26672100.0,0.0,0.0,0.0,0.0,0.0,26672100.0,0.0
2150200000,Асканія-Нова,0.0,0.0,0.0,2076300.0,0.0,0.0,0.0,0.0,0.0,2076300.0,0.0
2153400000,Бериславська,0.0,0.0,0.0,27171600.0,0.0,0.0,0.0,0.0,0.0,27171600.0,0.0
2151900000,Бехтерська,0.0,0.0,0.0,5589500.0,0.0,0.0,0.0,0.0,0.0,5589500.0,0.0
2151700000,Борозенська,0.0,0.0,0.0,9238900.0,0.0,0.0,0.0,0.0,0.0,9238900.0,0.0
2151600000,Білозерська,0.0,0.0,0.0,41291800.0,0.0,0.0,0.0,0.0,0.0,41291800.0,0.0
2150700000,Великокопанівська,0.0,0.0,0.0,16584100.0,0.0,0.0,0.0,0.0,0.0,16584100.0,0.0
2153500000,Великолепетиська,0.0,0.0,0.0,1025800.0,0.0,0.0,0.0,0.0,0.0,1025800.0,0.0
2153600000,Великоолександрівська,0.0,0.0,0.0,58070600.0,0.0,0.0,0.0,0.0,0.0,58070600.0,0.0
2153700000,Верхньорогачицька,0.0,0.0,0.0,0.0,0.0,0.0,0.0,0.0,0.0,0.0,0.0
2151300000,Виноградівська,0.0,0.0,0.0,12229600.0,0.0,0.0,0.0,0.0,0.0,12229600.0,0.0
2151800000,Високопільська,0.0,0.0,0.0,19459700.0,0.0,0.0,0.0,0.0,0.0,19459700.0,0.0
2153800000,Генічеська,0.0,0.0,0.0,14726300.0,0.0,0.0,0.0,0.0,0.0,14726300.0,0.0
2152900000,Голопристанська,0.0,0.0,0.0,51028200.0,0.0,0.0,0.0,0.0,0.0,51028200.0,0.0
2151400000,Горностаївська,0.0,0.0,0.0,4703900.0,0.0,0.0,0.0,0.0,0.0,4703900.0,0.0
2153900000,Дар'ївська,0.0,0.0,0.0,19238800.0,0.0,0.0,0.0,0.0,0.0,19238800.0,0.0
2152500000,Долматівська,0.0,0.0,0.0,13597600.0,0.0,0.0,0.0,0.0,0.0,13597600.0,0.0
2150600000,Зеленопідська,0.0,0.0,0.0,20685000.0,0.0,0.0,0.0,0.0,0.0,20685000.0,0.0
2150300000,Каланчацька,0.0,0.0,0.0,30954300.0,0.0,0.0,0.0,0.0,0.0,30954300.0,0.0
2154000000,Калинівська,0.0,0.0,0.0,1959800.0,0.0,0.0,0.0,0.0,0.0,1959800.0,0.0
2154100000,Каховська,0.0,0.0,0.0,48408600.0,0.0,0.0,0.0,0.0,0.0,48408600.0,0.0
2152100000,Костянтинівська,0.0,0.0,0.0,0.0,0.0,0.0,0.0,0.0,0.0,0.0,0.0
2150100000,Кочубеївська,0.0,0.0,0.0,7728000.0,0.0,0.0,0.0,0.0,0.0,7728000.0,0.0
2154200000,Лазурненська,0.0,0.0,0.0,2756700.0,0.0,0.0,0.0,0.0,0.0,2756700.0,0.0
2152400000,Любимівська,0.0,0.0,0.0,13265400.0,0.0,0.0,0.0,0.0,0.0,13265400.0,0.0
2153000000,Милівська,0.0,0.0,0.0,10413900.0,0.0,0.0,0.0,0.0,0.0,10413900.0,0.0
2150400000,Мирненська,0.0,0.0,0.0,818000.0,0.0,0.0,0.0,0.0,0.0,818000.0,0.0
2151000000,Музиківська,0.0,0.0,0.0,12838500.0,0.0,0.0,0.0,0.0,0.0,12838500.0,0.0
2154300000,Нижньосірогозька,0.0,0.0,0.0,35164100.0,0.0,0.0,0.0,0.0,0.0,35164100.0,0.0
2154400000,Нововоронцовська,0.0,0.0,0.0,43462900.0,0.0,0.0,0.0,0.0,0.0,43462900.0,0.0
2152800000,Новокаховська,0.0,0.0,0.0,72044700.0,0.0,0.0,0.0,0.0,0.0,72044700.0,0.0
2154500000,Новомиколаївська,0.0,0.0,0.0,3342600.0,0.0,0.0,0.0,0.0,0.0,3342600.0,0.0
2154600000,Новоолександрівська,0.0,0.0,0.0,23669000.0,0.0,0.0,0.0,0.0,0.0,23669000.0,0.0
2152700000,Новорайська,0.0,0.0,0.0,11326000.0,0.0,0.0,0.0,0.0,0.0,11326000.0,0.0
2154700000,Новотроїцька,0.0,0.0,0.0,2828300.0,0.0,0.0,0.0,0.0,0.0,2828300.0,0.0
2154800000,Олешківська,0.0,0.0,0.0,70892900.0,0.0,0.0,0.0,0.0,0.0,70892900.0,0.0
2150900000,Присиваська,0.0,0.0,0.0,1498000.0,0.0,0.0,0.0,0.0,0.0,1498000.0,0.0
2154900000,Рубанівська,0.0,0.0,0.0,0.0,0.0,0.0,0.0,0.0,0.0,0.0,0.0
2155000000,Скадовська,0.0,0.0,0.0,56843000.0,0.0,0.0,0.0,0.0,0.0,56843000.0,0.0
2151500000,Станіславська,0.0,0.0,0.0,17193400.0,0.0,0.0,0.0,0.0,0.0,17193400.0,0.0
2151100000,Тавричанська,0.0,0.0,0.0,13290700.0,0.0,0.0,0.0,0.0,0.0,13290700.0,0.0
2155100000,Таврійська,0.0,0.0,0.0,22776100.0,0.0,0.0,0.0,0.0,0.0,22776100.0,0.0
2155200000,Тягинська,0.0,0.0,0.0,22120000.0,0.0,0.0,0.0,0.0,0.0,22120000.0,0.0
2155310000,Херсонська,0.0,0.0,0.0,0.0,0.0,0.0,0.0,0.0,0.0,0.0,0.0
2151200000,Хрестівська,0.0,0.0,0.0,1154200.0,0.0,0.0,0.0,0.0,0.0,1154200.0,0.0
2150500000,Чаплинська,0.0,0.0,0.0,2957700.0,0.0,0.0,0.0,0.0,0.0,2957700.0,0.0
2155400000,Чорнобаївська,0.0,0.0,0.0,18235200.0,0.0,0.0,0.0,0.0,0.0,18235200.0,0.0
2152000000,Чулаківська,0.0,0.0,0.0,7233500.0,0.0,0.0,0.0,0.0,0.0,7233500.0,0.0
2152300000,Ювілейна,0.0,0.0,0.0,8451100.0,0.0,0.0,0.0,0.0,0.0,8451100.0,0.0
2255700000,Ізяславська,0.0,0.0,0.0,65252700.0,0.0,0.0,0.0,0.0,0.0,65252700.0,0.0
2252900000,Антонінська,0.0,0.0,0.0,27365500.0,0.0,0.0,0.0,0.0,0.0,27365500.0,0.0
2250100000,Берездівська,0.0,0.0,0.0,24934200.0,0.0,0.0,0.0,0.0,0.0,24934200.0,0.0
2254000000,Білогірська,0.0,0.0,0.0,57461300.0,0.0,0.0,0.0,0.0,0.0,57461300.0,0.0
2253400000,Вовковинецька,0.0,0.0,0.0,17669000.0,0.0,0.0,0.0,0.0,0.0,17669000.0,0.0
2250300000,Волочиська,0.0,0.0,0.0,82893200.0,0.0,0.0,0.0,0.0,0.0,82893200.0,0.0
2250200000,Війтовецька,0.0,0.0,0.0,19606700.0,0.0,0.0,0.0,0.0,0.0,19606700.0,0.0
2255300000,Віньковецька,0.0,0.0,0.0,47258700.0,0.0,0.0,0.0,0.0,0.0,47258700.0,0.0
2250400000,Ганнопільська,0.0,0.0,0.0,20066800.0,0.0,0.0,0.0,0.0,0.0,20066800.0,0.0
2250500000,Гвардійська,0.0,0.0,0.0,16395100.0,0.0,0.0,0.0,0.0,0.0,16395100.0,0.0
2252700000,Городоцька,0.0,0.0,0.0,79867600.0,0.0,0.0,0.0,0.0,0.0,79867600.0,0.0
2253300000,Грицівська,0.0,0.0,0.0,16126100.0,0.0,0.0,0.0,0.0,0.0,16126100.0,0.0
2252400000,Гуківська,0.0,0.0,0.0,6875800.0,0.0,0.0,0.0,0.0,0.0,6875800.0,0.0
2250600000,Гуменецька,0.0,0.0,0.0,26962500.0,0.0,0.0,0.0,0.0,0.0,26962500.0,0.0
2255400000,Деражнянська,0.0,0.0,0.0,60120500.0,0.0,0.0,0.0,0.0,0.0,60120500.0,0.0
2250700000,Дунаєвецька,0.0,0.0,0.0,83983600.0,0.0,0.0,0.0,0.0,0.0,83983600.0,0.0
2253600000,Жванецька,0.0,0.0,0.0,16715200.0,0.0,0.0,0.0,0.0,0.0,16715200.0,0.0
2255500000,Закупненська,0.0,0.0,0.0,16550800.0,0.0,0.0,0.0,0.0,0.0,16550800.0,0.0
2254800000,Заслучненська,0.0,0.0,0.0,13183700.0,0.0,0.0,0.0,0.0,0.0,13183700.0,0.0
2255600000,Зіньківська,0.0,0.0,0.0,6141800.0,0.0,0.0,0.0,0.0,0.0,6141800.0,0.0
2255800000,Кам'янець-Подільська,0.0,0.0,0.0,200728800.0,0.0,0.0,0.0,0.0,0.0,200728800.0,0.0
2250900000,Китайгородська,0.0,0.0,0.0,7551100.0,0.0,0.0,0.0,0.0,0.0,7551100.0,0.0
2253000000,Красилівська,0.0,3553920.0,0.0,68171000.0,0.0,0.0,0.0,0.0,3553920.0,68171000.0,0.0
2253800000,Крупецька,0.0,0.0,0.0,9989300.0,0.0,0.0,0.0,0.0,0.0,9989300.0,0.0
2252500000,Ленковецька,0.0,0.0,0.0,17500700.0,0.0,0.0,0.0,0.0,0.0,17500700.0,0.0
2251100000,Летичівська,0.0,0.0,0.0,48496100.0,0.0,0.0,0.0,0.0,0.0,48496100.0,0.0
2251200000,Лісовогринівецька,0.0,0.0,0.0,14897400.0,0.0,0.0,0.0,0.0,0.0,14897400.0,0.0
2251300000,Маківська,0.0,0.0,0.0,16117400.0,0.0,0.0,0.0,0.0,0.0,16117400.0,0.0
2251400000,Меджибізька,0.0,0.0,0.0,22084700.0,0.0,0.0,0.0,0.0,0.0,22084700.0,0.0
2255900000,Миролюбненська,0.0,0.0,0.0,11379400.0,0.0,0.0,0.0,0.0,0.0,11379400.0,0.0
2256000000,Михайлюцька,0.0,0.0,0.0,19658300.0,0.0,0.0,0.0,0.0,0.0,19658300.0,0.0
2251500000,Наркевицька,0.0,0.0,0.0,12534400.0,0.0,0.0,0.0,0.0,0.0,12534400.0,0.0
2254600000,Нетішинська,0.0,0.0,0.0,70796700.0,0.0,0.0,0.0,0.0,0.0,70796700.0,0.0
2250800000,Новодунаєвецька,0.0,0.0,0.0,22676400.0,0.0,0.0,0.0,0.0,0.0,22676400.0,0.0
2251600000,Новоушицька,0.0,0.0,0.0,58671300.0,0.0,0.0,0.0,0.0,0.0,58671300.0,0.0
2256100000,Орининська,0.0,0.0,0.0,21204100.0,0.0,0.0,0.0,0.0,0.0,21204100.0,0.0
2254700000,Плужненська,0.0,0.0,0.0,20976800.0,0.0,0.0,0.0,0.0,0.0,20976800.0,0.0
2251700000,Полонська,0.0,0.0,0.0,84703500.0,0.0,0.0,0.0,0.0,0.0,84703500.0,0.0
2251800000,Понінківська,0.0,0.0,0.0,18607700.0,0.0,0.0,0.0,0.0,0.0,18607700.0,0.0
2251900000,Розсошанська,0.0,0.0,0.0,33558500.0,0.0,0.0,0.0,0.0,0.0,33558500.0,0.0
2252000000,Сатанівська,0.0,0.0,0.0,26237100.0,0.0,0.0,0.0,0.0,0.0,26237100.0,0.0
2254900000,Сахновецька,0.0,0.0,0.0,14483000.0,0.0,0.0,0.0,0.0,0.0,14483000.0,0.0
2254500000,Славутська,0.0,0.0,0.0,69883400.0,0.0,0.0,0.0,0.0,0.0,69883400.0,0.0
2252800000,Слобідсько-Кульчієвецька,0.0,0.0,0.0,21441700.0,0.0,0.0,0.0,0.0,0.0,21441700.0,0.0
2253500000,Смотрицька,0.0,0.0,0.0,14987900.0,0.0,0.0,0.0,0.0,0.0,14987900.0,0.0
2253200000,Солобковецька,0.0,0.0,0.0,12008600.0,0.0,0.0,0.0,0.0,0.0,12008600.0,0.0
2255200000,Старокостянтинівська,0.0,0.0,0.0,131669500.0,0.0,0.0,0.0,0.0,0.0,131669500.0,0.0
2256200000,Староостропільська,0.0,0.0,0.0,15959700.0,0.0,0.0,0.0,0.0,0.0,15959700.0,0.0
2252100000,Старосинявська,0.0,0.0,0.0,48121700.0,0.0,0.0,0.0,0.0,0.0,48121700.0,0.0
2253700000,Староушицька,0.0,0.0,0.0,13519200.0,0.0,0.0,0.0,0.0,0.0,13519200.0,0.0
2252600000,Судилківська,0.0,0.0,0.0,37957400.0,0.0,0.0,0.0,0.0,0.0,37957400.0,0.0
2256300000,Теофіпольська,0.0,0.0,0.0,75620000.0,0.0,0.0,0.0,0.0,0.0,75620000.0,0.0
2254300000,Улашанівська,0.0,0.0,0.0,28673000.0,0.0,0.0,0.0,0.0,0.0,28673000.0,0.0
2256400000,Хмельницька,0.0,0.0,0.0,622434500.0,0.0,0.0,0.0,0.0,0.0,622434500.0,0.0
2252300000,Чемеровецька,0.0,0.0,0.0,60178000.0,0.0,0.0,0.0,0.0,0.0,60178000.0,0.0
2252200000,Чорноострівська,0.0,0.0,0.0,26793500.0,0.0,0.0,0.0,0.0,0.0,26793500.0,0.0
2256500000,Шепетівська,0.0,0.0,0.0,95197200.0,0.0,0.0,0.0,0.0,0.0,95197200.0,0.0
2256600000,Щиборівська,0.0,0.0,0.0,12518700.0,0.0,0.0,0.0,0.0,0.0,12518700.0,0.0
2254400000,Ямпільська,0.0,0.0,0.0,18034300.0,0.0,0.0,0.0,0.0,0.0,18034300.0,0.0
2256700000,Ярмолинецька,0.0,0.0,0.0,56243900.0,0.0,0.0,0.0,0.0,0.0,56243900.0,0.0
1152900000,Аджамська,0.0,0.0,0.0,15166800.0,0.0,0.0,0.0,0.0,0.0,15166800.0,0.0
1153000000,Благовіщенська,0.0,0.0,0.0,66586000.0,0.0,0.0,0.0,0.0,0.0,66586000.0,0.0
1150100000,Бобринецька,0.0,0.0,0.0,25952100.0,0.0,0.0,0.0,0.0,0.0,25952100.0,0.0
1150400000,Великоандрусівська,0.0,0.0,0.0,27554000.0,0.0,0.0,0.0,0.0,0.0,27554000.0,0.0
1150700000,Великосеверинівська,0.0,0.0,0.0,17149200.0,0.0,0.0,0.0,0.0,0.0,17149200.0,0.0
1153200000,Гайворонська,0.0,0.0,0.0,54592300.0,0.0,0.0,0.0,0.0,0.0,54592300.0,0.0
1150600000,Ганнівська,0.0,0.0,0.0,11056500.0,0.0,0.0,0.0,0.0,0.0,11056500.0,0.0
1152300000,Глодоська,0.0,0.0,0.0,9881700.0,0.0,0.0,0.0,0.0,0.0,9881700.0,0.0
1153300000,Голованівська,0.0,0.0,0.0,40889900.0,0.0,0.0,0.0,0.0,0.0,40889900.0,0.0
1152400000,Гурівська,0.0,0.0,0.0,19133900.0,0.0,0.0,0.0,0.0,0.0,19133900.0,0.0
1151400000,Дмитрівська,0.0,0.0,0.0,17438100.0,0.0,0.0,0.0,0.0,0.0,17438100.0,0.0
1151700000,Добровеличківська,0.0,0.0,0.0,40650700.0,0.0,0.0,0.0,0.0,0.0,40650700.0,0.0
1153400000,Долинська,0.0,0.0,0.0,56552900.0,0.0,0.0,0.0,0.0,0.0,56552900.0,0.0
1153500000,Заваллівська,0.0,0.0,0.0,23892100.0,0.0,0.0,0.0,0.0,0.0,23892100.0,0.0
1152500000,Злинська,0.0,0.0,0.0,17424900.0,0.0,0.0,0.0,0.0,0.0,17424900.0,0.0
1153600000,Знам'янська,0.0,0.0,0.0,61326200.0,0.0,0.0,0.0,0.0,0.0,61326200.0,0.0
1153900000,Кам'янецька,0.0,0.0,0.0,40888300.0,0.0,0.0,0.0,0.0,0.0,40888300.0,0.0
1150900000,Катеринівська,0.0,0.0,0.0,16361500.0,0.0,0.0,0.0,0.0,0.0,16361500.0,0.0
1153700000,Кетрисанівська,0.0,0.0,0.0,43696300.0,0.0,0.0,0.0,0.0,0.0,43696300.0,0.0
1151100000,Компаніївська,0.0,0.0,0.0,55305100.0,0.0,0.0,0.0,0.0,0.0,55305100.0,0.0
1152810000,Кропивницька,0.0,0.0,0.0,426401900.0,0.0,0.0,0.0,0.0,0.0,426401900.0,0.0
1150200000,Маловисківська,0.0,0.0,0.0,36887300.0,0.0,0.0,0.0,0.0,0.0,36887300.0,0.0
1150600000,Мар'янівська,0.0,0.0,0.0,11056500.0,0.0,0.0,0.0,0.0,0.0,11056500.0,0.0
1153800000,Надлацька,0.0,0.0,0.0,11301300.0,0.0,0.0,0.0,0.0,0.0,11301300.0,0.0
1154000000,Новоархангельська,0.0,0.0,0.0,38402100.0,0.0,0.0,0.0,0.0,0.0,38402100.0,0.0
1154100000,Новомиргородська,0.0,0.0,0.0,69962000.0,0.0,0.0,0.0,0.0,0.0,69962000.0,0.0
1151500000,Новопразька,0.0,0.0,0.0,17866300.0,0.0,0.0,0.0,0.0,0.0,17866300.0,0.0
1150300000,Новоукраїнська,0.0,0.0,0.0,41132500.0,0.0,0.0,0.0,0.0,0.0,41132500.0,0.0
1154300000,Олександрівська,0.0,0.0,0.0,147074000.0,0.0,0.0,0.0,0.0,0.0,147074000.0,0.0
1154300000,Олександрійська,0.0,0.0,0.0,147074000.0,0.0,0.0,0.0,0.0,0.0,147074000.0,0.0
1154400000,Онуфріївська,0.0,0.0,0.0,47579800.0,0.0,0.0,0.0,0.0,0.0,47579800.0,0.0
1154500000,Пантаївська,0.0,0.0,0.0,9326400.0,0.0,0.0,0.0,0.0,0.0,9326400.0,0.0
1151000000,Первозванівська,0.0,0.0,0.0,27194400.0,0.0,0.0,0.0,0.0,0.0,27194400.0,0.0
1154600000,Перегонівська,0.0,0.0,0.0,8553500.0,0.0,0.0,0.0,0.0,0.0,8553500.0,0.0
1152100000,Петрівська,0.0,0.0,0.0,55199500.0,0.0,0.0,0.0,0.0,0.0,55199500.0,0.0
1154800000,Побузька,0.0,0.0,0.0,26165300.0,0.0,0.0,0.0,0.0,0.0,26165300.0,0.0
1151300000,Помічнянська,0.0,0.0,0.0,23275000.0,0.0,0.0,0.0,0.0,0.0,23275000.0,0.0
1152000000,Попельнастівська,0.0,0.0,0.0,27476700.0,0.0,0.0,0.0,0.0,0.0,27476700.0,0.0
1151600000,Приютівська,0.0,0.0,0.0,38470900.0,0.0,0.0,0.0,0.0,0.0,38470900.0,0.0
1154700000,Підвисоцька,0.0,0.0,0.0,16951200.0,0.0,0.0,0.0,0.0,0.0,16951200.0,0.0
1151900000,Піщанобрідська,0.0,0.0,0.0,20471500.0,0.0,0.0,0.0,0.0,0.0,20471500.0,0.0
1154900000,Рівнянська,0.0,0.0,0.0,29083200.0,0.0,0.0,0.0,0.0,0.0,29083200.0,0.0
1155000000,Світловодська,0.0,0.0,0.0,85327700.0,0.0,0.0,0.0,0.0,0.0,85327700.0,0.0
1151200000,Смолінська,0.0,0.0,0.0,28870200.0,0.0,0.0,0.0,0.0,0.0,28870200.0,0.0
1150500000,Соколівська,0.0,0.0,0.0,30483200.0,0.0,0.0,0.0,0.0,0.0,30483200.0,0.0
1155100000,Суботцівська,0.0,0.0,0.0,40816500.0,0.0,0.0,0.0,0.0,0.0,40816500.0,0.0
1150800000,Тишківська,0.0,0.0,0.0,11654300.0,0.0,0.0,0.0,0.0,0.0,11654300.0,0.0
1155200000,Устинівська,0.0,0.0,0.0,38226500.0,0.0,0.0,0.0,0.0,0.0,38226500.0,0.0
1054500000,Іванківська,0.0,0.0,0.0,81676800.0,0.0,0.0,0.0,0.0,0.0,81676800.0,0.0
1054600000,Ірпінська,0.0,212517112.0,0.0,163610400.0,0.0,0.0,0.0,0.0,212517112.0,163610400.0,0.0
1051000000,Баришівська,0.0,0.0,0.0,77994200.0,0.0,0.0,0.0,0.0,0.0,77994200.0,0.0
1051400000,Березанська,0.0,0.0,0.0,54197800.0,0.0,0.0,0.0,0.0,0.0,54197800.0,0.0
1052500000,Бишівська,0.0,0.0,0.0,27093200.0,0.0,0.0,0.0,0.0,0.0,27093200.0,0.0
1051800000,Богуславська,0.0,0.0,0.0,55915200.0,0.0,0.0,0.0,0.0,0.0,55915200.0,0.0
1052800000,Бориспільська,0.0,0.0,0.0,194550100.0,0.0,0.0,0.0,0.0,0.0,194550100.0,0.0
1051100000,Бородянська,0.0,0.0,0.0,62075700.0,0.0,0.0,0.0,0.0,0.0,62075700.0,0.0
1052900000,Борщагівська,0.0,0.0,0.0,113971600.0,0.0,0.0,0.0,0.0,0.0,113971600.0,0.0
1053000000,Боярська,0.0,0.0,0.0,132889000.0,0.0,0.0,0.0,0.0,0.0,132889000.0,0.0
1053100000,Броварська,0.0,0.0,0.0,257381300.0,0.0,0.0,0.0,0.0,0.0,257381300.0,0.0
1051500000,Бучанська,0.0,253953457.0,0.0,152933600.0,0.0,0.0,0.0,0.0,253953457.0,152933600.0,0.0
1052600000,Білогородська,0.0,0.0,0.0,82205700.0,0.0,0.0,0.0,0.0,0.0,82205700.0,0.0
1052700000,Білоцерківська,0.0,0.0,0.0,329442300.0,0.0,0.0,0.0,0.0,0.0,329442300.0,0.0
1053200000,Васильківська,0.0,0.0,0.0,101648100.0,0.0,0.0,0.0,0.0,0.0,101648100.0,0.0
1050400000,Великодимерська,0.0,0.0,0.0,88825200.0,0.0,0.0,0.0,0.0,0.0,88825200.0,0.0
1053300000,Вишгородська,0.0,0.0,0.0,85616400.0,0.0,0.0,0.0,0.0,0.0,85616400.0,0.0
1053400000,Вишнева,0.0,0.0,0.0,139709600.0,0.0,0.0,0.0,0.0,0.0,139709600.0,0.0
1053500000,Володарська,0.0,0.0,0.0,45367000.0,0.0,0.0,0.0,0.0,0.0,45367000.0,0.0
1053600000,Вороньківська,0.0,0.0,0.0,38072400.0,0.0,0.0,0.0,0.0,0.0,38072400.0,0.0
1053700000,Гатненська,0.0,30000000.0,0.0,25111700.0,0.0,0.0,0.0,0.0,30000000.0,25111700.0,0.0
1051900000,Глевахівська,0.0,0.0,0.0,45813300.0,0.0,0.0,0.0,0.0,0.0,45813300.0,0.0
1053900000,Гостомельська,0.0,0.0,0.0,42885200.0,0.0,0.0,0.0,0.0,0.0,42885200.0,0.0
1054000000,Гребінківська,0.0,0.0,0.0,33897200.0,0.0,0.0,0.0,0.0,0.0,33897200.0,0.0
1053800000,Гірська,0.0,0.0,0.0,23326400.0,0.0,0.0,0.0,0.0,0.0,23326400.0,0.0
1054100000,Димерська,0.0,0.0,0.0,60467700.0,0.0,0.0,0.0,0.0,0.0,60467700.0,0.0
1051300000,Дмитрівська,0.0,0.0,0.0,96931000.0,0.0,0.0,0.0,0.0,0.0,96931000.0,0.0
1050500000,Дівичківська,0.0,0.0,0.0,14819400.0,0.0,0.0,0.0,0.0,0.0,14819400.0,0.0
1052300000,Зазимська,0.0,0.0,0.0,38244200.0,0.0,0.0,0.0,0.0,0.0,38244200.0,0.0
1054300000,Згурівська,0.0,0.0,0.0,52536800.0,0.0,0.0,0.0,0.0,0.0,52536800.0,0.0
1054400000,Золочівська,0.0,0.0,0.0,23457700.0,0.0,0.0,0.0,0.0,0.0,23457700.0,0.0
1054700000,Кагарлицька,0.0,0.0,0.0,65652000.0,0.0,0.0,0.0,0.0,0.0,65652000.0,0.0
1051200000,Калинівська,0.0,0.0,0.0,22075800.0,0.0,0.0,0.0,0.0,0.0,22075800.0,0.0
1050100000,Калитянська,0.0,0.0,0.0,28600000.0,0.0,0.0,0.0,0.0,0.0,28600000.0,0.0
1051200000,Ковалівська,0.0,0.0,0.0,22075800.0,0.0,0.0,0.0,0.0,0.0,22075800.0,0.0
1054900000,Кожанська,0.0,0.0,0.0,19924400.0,0.0,0.0,0.0,0.0,0.0,19924400.0,0.0
1055000000,Козинська,0.0,0.0,0.0,24394600.0,0.0,0.0,0.0,0.0,0.0,24394600.0,0.0
1055100000,Коцюбинська,0.0,0.0,0.0,27181400.0,0.0,0.0,0.0,0.0,0.0,27181400.0,0.0
1055200000,Макарівська,0.0,0.0,0.0,100369500.0,0.0,0.0,0.0,0.0,0.0,100369500.0,0.0
1055300000,Маловільшанська,0.0,0.0,0.0,28124700.0,0.0,0.0,0.0,0.0,0.0,28124700.0,0.0
1050300000,Медвинська,0.0,0.0,0.0,9771900.0,0.0,0.0,0.0,0.0,0.0,9771900.0,0.0
1051300000,Миронівська,0.0,0.0,0.0,96931000.0,0.0,0.0,0.0,0.0,0.0,96931000.0,0.0
1055400000,Немішаївська,0.0,0.0,0.0,36823600.0,0.0,0.0,0.0,0.0,0.0,36823600.0,0.0
1051700000,Обухівська,0.0,0.0,0.0,123999100.0,0.0,0.0,0.0,0.0,0.0,123999100.0,0.0
1055500000,Переяславська,0.0,0.0,0.0,71088600.0,0.0,0.0,0.0,0.0,0.0,71088600.0,0.0
1055600000,Петрівська,0.0,28097749.0,0.0,46381400.0,0.0,0.0,0.0,0.0,28097749.0,46381400.0,0.0
1055800000,Поліська,0.0,0.0,0.0,22128800.0,0.0,0.0,0.0,0.0,0.0,22128800.0,0.0
1055900000,Пристолична,0.0,0.0,0.0,49396600.0,0.0,0.0,0.0,0.0,0.0,49396600.0,0.0
1055700000,Пірнівська,0.0,0.0,0.0,24639300.0,0.0,0.0,0.0,0.0,0.0,24639300.0,0.0
1050200000,Пісківська,0.0,0.0,0.0,20796600.0,0.0,0.0,0.0,0.0,0.0,20796600.0,0.0
1051600000,Ржищівська,0.0,0.0,0.0,33778900.0,0.0,0.0,0.0,0.0,0.0,33778900.0,0.0
1056000000,Рокитнянська,0.0,0.0,0.0,78133100.0,0.0,0.0,0.0,0.0,0.0,78133100.0,0.0
1056100000,Сквирська,0.0,0.0,0.0,82597900.0,0.0,0.0,0.0,0.0,0.0,82597900.0,0.0
1056200000,Славутицька,0.0,0.0,0.0,36816000.0,0.0,0.0,0.0,0.0,0.0,36816000.0,0.0
1056300000,Ставищенська,0.0,0.0,0.0,61366500.0,0.0,0.0,0.0,0.0,0.0,61366500.0,0.0
1050900000,Студениківська,0.0,0.0,0.0,19564100.0,0.0,0.0,0.0,0.0,0.0,19564100.0,0.0
1056400000,Таращанська,0.0,0.0,0.0,75150200.0,0.0,0.0,0.0,0.0,0.0,75150200.0,0.0
1052000000,Ташанська,0.0,0.0,0.0,13012800.0,0.0,0.0,0.0,0.0,0.0,13012800.0,0.0
1050800000,Тетіївська,0.0,0.0,0.0,89254700.0,0.0,0.0,0.0,0.0,0.0,89254700.0,0.0
1052100000,Томашівська,0.0,0.0,0.0,12690000.0,0.0,0.0,0.0,0.0,0.0,12690000.0,0.0
1050700000,Узинська,0.0,0.0,0.0,50926500.0,0.0,0.0,0.0,0.0,0.0,50926500.0,0.0
1056500000,Українська,0.0,0.0,0.0,45925300.0,0.0,0.0,0.0,0.0,0.0,45925300.0,0.0
1056600000,Фастівська,0.0,0.0,0.0,141452300.0,0.0,0.0,0.0,0.0,0.0,141452300.0,0.0
1056700000,Феодосіївська,0.0,0.0,0.0,41736800.0,0.0,0.0,0.0,0.0,0.0,41736800.0,0.0
1050600000,Фурсівська,0.0,0.0,0.0,27915200.0,0.0,0.0,0.0,0.0,0.0,27915200.0,0.0
1052200000,Циблівська,0.0,0.0,0.0,18826700.0,0.0,0.0,0.0,0.0,0.0,18826700.0,0.0
1056800000,Чабанівська,0.0,0.0,0.0,20934500.0,0.0,0.0,0.0,0.0,0.0,20934500.0,0.0
1056900000,Яготинська,0.0,0.0,0.0,77843400.0,0.0,0.0,0.0,0.0,0.0,77843400.0,0.0
1250200000,Айдарська,0.0,0.0,0.0,5793900.0,0.0,0.0,0.0,0.0,0.0,5793900.0,0.0
1253100000,Алчевська,0.0,0.0,0.0,0.0,0.0,0.0,0.0,0.0,0.0,0.0,0.0
1253200000,Антрацитівська,0.0,0.0,0.0,0.0,0.0,0.0,0.0,0.0,0.0,0.0,0.0
1250500000,Біловодська,0.0,0.0,0.0,10670200.0,0.0,0.0,0.0,0.0,0.0,10670200.0,0.0
1250100000,Білокуракинська,0.0,0.0,0.0,11334800.0,0.0,0.0,0.0,0.0,0.0,11334800.0,0.0
1251600000,Білолуцька,0.0,0.0,0.0,2967300.0,0.0,0.0,0.0,0.0,0.0,2967300.0,0.0
1251700000,Гірська,0.0,0.0,0.0,25556300.0,0.0,0.0,0.0,0.0,0.0,25556300.0,0.0
1253300000,Довжанська,0.0,0.0,0.0,0.0,0.0,0.0,0.0,0.0,0.0,0.0,0.0
1253400000,Зимогір'ївська,0.0,0.0,0.0,0.0,0.0,0.0,0.0,0.0,0.0,0.0,0.0
1253500000,Кадіївська,0.0,0.0,0.0,0.0,0.0,0.0,0.0,0.0,0.0,0.0,0.0
1251500000,Коломийчиська,0.0,0.0,0.0,868300.0,0.0,0.0,0.0,0.0,0.0,868300.0,0.0
1250600000,Красноріченська,0.0,0.0,0.0,9136800.0,0.0,0.0,0.0,0.0,0.0,9136800.0,0.0
1251800000,Кремінська,0.0,0.0,0.0,35461100.0,0.0,0.0,0.0,0.0,0.0,35461100.0,0.0
1251900000,Лисичанська,0.0,0.0,0.0,131117000.0,0.0,0.0,0.0,0.0,0.0,131117000.0,0.0
1250900000,Лозно-Олександрівська,0.0,0.0,0.0,0.0,0.0,0.0,0.0,0.0,0.0,0.0,0.0
1253600000,Луганська,0.0,0.0,0.0,0.0,0.0,0.0,0.0,0.0,0.0,0.0,0.0
1253700000,Лутугинська,0.0,0.0,0.0,0.0,0.0,0.0,0.0,0.0,0.0,0.0,0.0
1251100000,Марківська,0.0,0.0,0.0,8271300.0,0.0,0.0,0.0,0.0,0.0,8271300.0,0.0
1252000000,Міловська,0.0,0.0,0.0,681800.0,0.0,0.0,0.0,0.0,0.0,681800.0,0.0
1250800000,Нижньодуванська,0.0,0.0,0.0,10560800.0,0.0,0.0,0.0,0.0,0.0,10560800.0,0.0
1252100000,Нижньотеплівська,0.0,0.0,0.0,0.0,0.0,0.0,0.0,0.0,0.0,0.0,0.0
1252200000,Новоайдарська,0.0,0.0,0.0,9698200.0,0.0,0.0,0.0,0.0,0.0,9698200.0,0.0
1253800000,Отаманівська,0.0,0.0,0.0,0.0,0.0,0.0,0.0,0.0,0.0,0.0,0.0
1252300000,Попаснянська,0.0,0.0,0.0,24200400.0,0.0,0.0,0.0,0.0,0.0,24200400.0,0.0
1253900000,Ровеньківська,0.0,0.0,0.0,0.0,0.0,0.0,0.0,0.0,0.0,0.0,0.0
1252400000,Рубіжанська,0.0,0.0,0.0,38544700.0,0.0,0.0,0.0,0.0,0.0,38544700.0,0.0
1252500000,Сватівська,0.0,0.0,0.0,10142000.0,0.0,0.0,0.0,0.0,0.0,10142000.0,0.0
1254000000,Сорокинська,0.0,0.0,0.0,0.0,0.0,0.0,0.0,0.0,0.0,0.0,0.0
1252700000,Станично-Луганська,0.0,0.0,0.0,0.0,0.0,0.0,0.0,0.0,0.0,0.0,0.0
1252800000,Старобільська,0.0,0.0,0.0,12607400.0,0.0,0.0,0.0,0.0,0.0,12607400.0,0.0
1252600000,Сіверськодонецька,0.0,0.0,0.0,130606000.0,0.0,0.0,0.0,0.0,0.0,130606000.0,0.0
1250400000,Троїцька,0.0,0.0,0.0,11786900.0,0.0,0.0,0.0,0.0,0.0,11786900.0,0.0
1254100000,Хрустальненська,0.0,0.0,0.0,0.0,0.0,0.0,0.0,0.0,0.0,0.0,0.0
1250300000,Чмирівська,0.0,0.0,0.0,11650300.0,0.0,0.0,0.0,0.0,0.0,11650300.0,0.0
1253900000,Широківська,0.0,0.0,0.0,0.0,0.0,0.0,0.0,0.0,0.0,0.0,0.0
1251000000,Шульгинська,0.0,0.0,0.0,11902700.0,0.0,0.0,0.0,0.0,0.0,11902700.0,0.0
1253000000,Щастинська,0.0,0.0,0.0,3325600.0,0.0,0.0,0.0,0.0,0.0,3325600.0,0.0
1355800000,Івано-Франківська,0.0,0.0,0.0,60640400.0,0.0,0.0,0.0,0.0,0.0,60640400.0,0.0
1354200000,Белзька,0.0,0.0,0.0,37905700.0,0.0,0.0,0.0,0.0,0.0,37905700.0,0.0
1354300000,Боринська,0.0,0.0,0.0,89193200.0,0.0,0.0,0.0,0.0,0.0,89193200.0,0.0
1354400000,Бориславська,0.0,0.0,0.0,80646300.0,0.0,0.0,0.0,0.0,0.0,80646300.0,0.0
1354500000,Бродівська,0.0,0.0,0.0,107135300.0,0.0,0.0,0.0,0.0,0.0,107135300.0,0.0
1354600000,Буська,0.0,0.0,0.0,92580700.0,0.0,0.0,0.0,0.0,0.0,92580700.0,0.0
1353600000,Бібрська,0.0,0.0,0.0,47941700.0,0.0,0.0,0.0,0.0,0.0,47941700.0,0.0
1350200000,Бісковицька,0.0,0.0,0.0,55239300.0,0.0,0.0,0.0,0.0,0.0,55239300.0,0.0
1352300000,Великолюбінська,0.0,0.0,0.0,23459100.0,0.0,0.0,0.0,0.0,0.0,23459100.0,0.0
1353200000,Великомостівська,0.0,0.0,0.0,49436400.0,0.0,0.0,0.0,0.0,0.0,49436400.0,0.0
1354700000,Глинянська,0.0,0.0,0.0,27337700.0,0.0,0.0,0.0,0.0,0.0,27337700.0,0.0
1350500000,Гніздичівська,0.0,0.0,0.0,16698500.0,0.0,0.0,0.0,0.0,0.0,16698500.0,0.0
1354900000,Грабовецько-Дулібівська,0.0,0.0,0.0,31564200.0,0.0,0.0,0.0,0.0,0.0,31564200.0,0.0
1352000000,Давидівська,0.0,0.0,0.0,49946000.0,0.0,0.0,0.0,0.0,0.0,49946000.0,0.0
1355000000,Добромильська,0.0,0.0,0.0,38042400.0,0.0,0.0,0.0,0.0,0.0,38042400.0,0.0
1355100000,Добросинсько-Магерівська,0.0,0.0,0.0,49318200.0,0.0,0.0,0.0,0.0,0.0,49318200.0,0.0
1355200000,Добротвірська,0.0,0.0,0.0,24970300.0,0.0,0.0,0.0,0.0,0.0,24970300.0,0.0
1355300000,Дрогобицька,0.0,10000000.0,0.0,225987200.0,0.0,0.0,0.0,0.0,10000000.0,225987200.0,0.0
1355400000,Жидачівська,0.0,0.0,0.0,44538300.0,0.0,0.0,0.0,0.0,0.0,44538300.0,0.0
1355500000,Жовківська,0.0,0.0,0.0,99191300.0,0.0,0.0,0.0,0.0,0.0,99191300.0,0.0
1352100000,Жовтанецька,0.0,0.0,0.0,39220700.0,0.0,0.0,0.0,0.0,0.0,39220700.0,0.0
1355600000,Журавненська,0.0,0.0,0.0,30900300.0,0.0,0.0,0.0,0.0,0.0,30900300.0,0.0
1350800000,Заболотцівська,0.0,0.0,0.0,19425000.0,0.0,0.0,0.0,0.0,0.0,19425000.0,0.0
1353700000,Зимноводівська,0.0,0.0,0.0,54495000.0,0.0,0.0,0.0,0.0,0.0,54495000.0,0.0
1355700000,Золочівська,0.0,0.0,0.0,117158400.0,0.0,0.0,0.0,0.0,0.0,117158400.0,0.0
1353400000,Кам'янка-Бузька,0.0,0.0,0.0,53558300.0,0.0,0.0,0.0,0.0,0.0,53558300.0,0.0
1355900000,Козівська,0.0,0.0,0.0,53379900.0,0.0,0.0,0.0,0.0,0.0,53379900.0,0.0
1356000000,Комарнівська,0.0,0.0,0.0,34010600.0,0.0,0.0,0.0,0.0,0.0,34010600.0,0.0
1356100000,Красненська,0.0,0.0,0.0,49346300.0,0.0,0.0,0.0,0.0,0.0,49346300.0,0.0
1356200000,Куликівська,0.0,0.0,0.0,34368900.0,0.0,0.0,0.0,0.0,0.0,34368900.0,0.0
1353800000,Лопатинська,0.0,0.0,0.0,31138900.0,0.0,0.0,0.0,0.0,0.0,31138900.0,0.0
1356300000,Львівська,0.0,0.0,0.0,1427591800.0,0.0,0.0,0.0,0.0,0.0,1427591800.0,0.0
1353900000,Меденицька,0.0,0.0,0.0,45639800.0,0.0,0.0,0.0,0.0,0.0,45639800.0,0.0
1356400000,Миколаївська,0.0,0.0,0.0,92427100.0,0.0,0.0,0.0,0.0,0.0,92427100.0,0.0
1356500000,Моршинська,0.0,0.0,0.0,33732200.0,0.0,0.0,0.0,0.0,0.0,33732200.0,0.0
1351700000,Мостиська,0.0,0.0,0.0,99719800.0,0.0,0.0,0.0,0.0,0.0,99719800.0,0.0
1353500000,Мурованська,0.0,0.0,0.0,23165700.0,0.0,0.0,0.0,0.0,0.0,23165700.0,0.0
1351100000,Новокалинівська,0.0,0.0,0.0,28508300.0,0.0,0.0,0.0,0.0,0.0,28508300.0,0.0
1356600000,Новороздільська,0.0,0.0,0.0,60924500.0,0.0,0.0,0.0,0.0,0.0,60924500.0,0.0
1356700000,Новояворівська,0.0,0.0,0.0,134886800.0,0.0,0.0,0.0,0.0,0.0,134886800.0,0.0
1356800000,Новояричівська,0.0,0.0,0.0,53460900.0,0.0,0.0,0.0,0.0,0.0,53460900.0,0.0
1356900000,Оброшинська,0.0,0.0,0.0,18890500.0,0.0,0.0,0.0,0.0,0.0,18890500.0,0.0
1357000000,Перемишлянська,0.0,0.0,0.0,60418800.0,0.0,0.0,0.0,0.0,0.0,60418800.0,0.0
1357200000,Поморянська,0.0,0.0,0.0,16543400.0,0.0,0.0,0.0,0.0,0.0,16543400.0,0.0
1357300000,Пустомитівська,0.0,0.0,0.0,45481900.0,0.0,0.0,0.0,0.0,0.0,45481900.0,0.0
1352700000,Підберізцівська,0.0,0.0,0.0,21859600.0,0.0,0.0,0.0,0.0,0.0,21859600.0,0.0
1357100000,Підкамінська,0.0,0.0,0.0,29605700.0,0.0,0.0,0.0,0.0,0.0,29605700.0,0.0
1357400000,Рава-Руська,0.0,0.0,0.0,84229000.0,0.0,0.0,0.0,0.0,0.0,84229000.0,0.0
1354000000,Радехівська,0.0,0.0,0.0,101806900.0,0.0,0.0,0.0,0.0,0.0,101806900.0,0.0
1357500000,Ралівська,0.0,0.0,0.0,42487700.0,0.0,0.0,0.0,0.0,0.0,42487700.0,0.0
1352500000,Розвадівська,0.0,0.0,0.0,32449700.0,0.0,0.0,0.0,0.0,0.0,32449700.0,0.0
1353000000,Рудківська,0.0,0.0,0.0,65148200.0,0.0,0.0,0.0,0.0,0.0,65148200.0,0.0
1357600000,Самбірська,0.0,0.0,0.0,75416800.0,0.0,0.0,0.0,0.0,0.0,75416800.0,0.0
1357700000,Сколівська,0.0,0.0,0.0,72987200.0,0.0,0.0,0.0,0.0,0.0,72987200.0,0.0
1353100000,Славська,0.0,0.0,0.0,69582600.0,0.0,0.0,0.0,0.0,0.0,69582600.0,0.0
1357800000,Сокальська,0.0,0.0,0.0,115586500.0,0.0,0.0,0.0,0.0,0.0,115586500.0,0.0
1357900000,Сокільницька,0.0,0.0,0.0,14998300.0,0.0,0.0,0.0,0.0,0.0,14998300.0,0.0
1352800000,Солонківська,0.0,0.0,0.0,38177700.0,0.0,0.0,0.0,0.0,0.0,38177700.0,0.0
1358000000,Старосамбірська,0.0,0.0,0.0,63059200.0,0.0,0.0,0.0,0.0,0.0,63059200.0,0.0
1358100000,Стрийська,0.0,0.0,0.0,213936627.0,0.0,0.0,0.0,0.0,0.0,213936627.0,0.0
1358200000,Стрілківська,0.0,0.0,0.0,45326400.0,0.0,0.0,0.0,0.0,0.0,45326400.0,0.0
1351800000,Судововишнянська,0.0,0.0,0.0,32716500.0,0.0,0.0,0.0,0.0,0.0,32716500.0,0.0
1358300000,Східницька,0.0,0.0,0.0,48135000.0,0.0,0.0,0.0,0.0,0.0,48135000.0,0.0
1351400000,Тростянецька,0.0,0.0,0.0,23040900.0,0.0,0.0,0.0,0.0,0.0,23040900.0,0.0
1358400000,Трускавецька,0.0,0.0,0.0,66101000.0,0.0,0.0,0.0,0.0,0.0,66101000.0,0.0
1358500000,Турківська,0.0,0.0,0.0,85788800.0,0.0,0.0,0.0,0.0,0.0,85788800.0,0.0
1358600000,Хирівська,0.0,0.0,0.0,49176800.0,0.0,0.0,0.0,0.0,0.0,49176800.0,0.0
1351600000,Ходорівська,0.0,0.0,0.0,62311200.0,0.0,0.0,0.0,0.0,0.0,62311200.0,0.0
1352200000,Шегинівська,0.0,0.0,0.0,31942000.0,0.0,0.0,0.0,0.0,0.0,31942000.0,0.0
1358700000,Шептицька,0.0,0.0,0.0,162260500.0,0.0,0.0,0.0,0.0,0.0,162260500.0,0.0
1352900000,Щирецька,0.0,0.0,0.0,27013200.0,0.0,0.0,0.0,0.0,0.0,27013200.0,0.0
1358800000,Яворівська,0.0,0.0,0.0,163520000.0,0.0,0.0,0.0,0.0,0.0,163520000.0,0.0
1454500000,Єланецька,0.0,0.0,0.0,44738000.0,0.0,0.0,0.0,0.0,0.0,44738000.0,0.0
1454600000,Інгульська,0.0,0.0,0.0,28555500.0,0.0,0.0,0.0,0.0,0.0,28555500.0,0.0
1452800000,Арбузинська,0.0,0.0,0.0,26946800.0,0.0,0.0,0.0,0.0,0.0,26946800.0,0.0
1450200000,Баштанська,0.0,0.0,0.0,57261900.0,0.0,0.0,0.0,0.0,0.0,57261900.0,0.0
1452200000,Березанська,0.0,0.0,0.0,35873900.0,0.0,0.0,0.0,0.0,0.0,35873900.0,0.0
1453000000,Березнегуватська,0.0,0.0,0.0,47249400.0,0.0,0.0,0.0,0.0,0.0,47249400.0,0.0
1451000000,Благодатненська,0.0,0.0,0.0,19706400.0,0.0,0.0,0.0,0.0,0.0,19706400.0,0.0
1454300000,Братська,0.0,0.0,0.0,33377700.0,0.0,0.0,0.0,0.0,0.0,33377700.0,0.0
1451100000,Бузька,0.0,0.0,0.0,17710800.0,0.0,0.0,0.0,0.0,0.0,17710800.0,0.0
1450400000,Веселинівська,0.0,0.0,0.0,53124700.0,0.0,0.0,0.0,0.0,0.0,53124700.0,0.0
1450800000,Веснянська,0.0,0.0,0.0,28761500.0,0.0,0.0,0.0,0.0,0.0,28761500.0,0.0
1452900000,Вознесенська,0.0,0.0,0.0,82287900.0,0.0,0.0,0.0,0.0,0.0,82287900.0,0.0
1452400000,Володимирівська,0.0,0.0,0.0,6598200.0,0.0,0.0,0.0,0.0,0.0,6598200.0,0.0
1450500000,Воскресенська,0.0,0.0,0.0,36035700.0,0.0,0.0,0.0,0.0,0.0,36035700.0,0.0
1454400000,Врадіївська,0.0,0.0,0.0,45678300.0,0.0,0.0,0.0,0.0,0.0,45678300.0,0.0
1453400000,Вільнозапорізька,0.0,0.0,0.0,16971400.0,0.0,0.0,0.0,0.0,0.0,16971400.0,0.0
1451200000,Галицинівська,0.0,0.0,0.0,22496600.0,0.0,0.0,0.0,0.0,0.0,22496600.0,0.0
1453500000,Горохівська,0.0,0.0,0.0,19480100.0,0.0,0.0,0.0,0.0,0.0,19480100.0,0.0
1450600000,Доманівська,0.0,0.0,0.0,42995600.0,0.0,0.0,0.0,0.0,0.0,42995600.0,0.0
1452000000,Дорошівська,0.0,0.0,0.0,13119200.0,0.0,0.0,0.0,0.0,0.0,13119200.0,0.0
1452500000,Казанківська,0.0,0.0,0.0,40449900.0,0.0,0.0,0.0,0.0,0.0,40449900.0,0.0
1450900000,Кам'яномостівська,0.0,0.0,0.0,22838000.0,0.0,0.0,0.0,0.0,0.0,22838000.0,0.0
1451300000,Коблівська,0.0,0.0,0.0,27865500.0,0.0,0.0,0.0,0.0,0.0,27865500.0,0.0
1451500000,Костянтинівська,0.0,0.0,0.0,17678200.0,0.0,0.0,0.0,0.0,0.0,17678200.0,0.0
1454800000,Кривоозерська,0.0,0.0,0.0,61382700.0,0.0,0.0,0.0,0.0,0.0,61382700.0,0.0
1450100000,Куцурубська,0.0,0.0,0.0,23196500.0,0.0,0.0,0.0,0.0,0.0,23196500.0,0.0
1453800000,Мигіївська,0.0,0.0,0.0,23698500.0,0.0,0.0,0.0,0.0,0.0,23698500.0,0.0
1454900000,Миколаївська,0.0,0.0,0.0,704371700.0,0.0,0.0,0.0,0.0,0.0,704371700.0,0.0
1451500000,Мостівська,0.0,0.0,0.0,17678200.0,0.0,0.0,0.0,0.0,0.0,17678200.0,0.0
1454200000,Мішково-Погорілівська,0.0,0.0,0.0,16714300.0,0.0,0.0,0.0,0.0,0.0,16714300.0,0.0
1451600000,Нечаянська,0.0,0.0,0.0,14346700.0,0.0,0.0,0.0,0.0,0.0,14346700.0,0.0
1453100000,Новобузька,0.0,0.0,0.0,38800900.0,0.0,0.0,0.0,0.0,0.0,38800900.0,0.0
1453900000,Новомар'ївська,0.0,0.0,0.0,17446100.0,0.0,0.0,0.0,0.0,0.0,17446100.0,0.0
1455000000,Новоодеська,0.0,0.0,0.0,41657800.0,0.0,0.0,0.0,0.0,0.0,41657800.0,0.0
1450300000,Олександрівська,0.0,0.0,0.0,22504300.0,0.0,0.0,0.0,0.0,0.0,22504300.0,0.0
1450700000,Ольшанська,0.0,0.0,0.0,20873600.0,0.0,0.0,0.0,0.0,0.0,20873600.0,0.0
1455100000,Очаківська,0.0,0.0,0.0,23112200.0,0.0,0.0,0.0,0.0,0.0,23112200.0,0.0
1455200000,Первомайська,0.0,0.0,0.0,109038300.0,0.0,0.0,0.0,0.0,0.0,109038300.0,0.0
1451700000,Прибужанівська,0.0,0.0,0.0,21003500.0,0.0,0.0,0.0,0.0,0.0,21003500.0,0.0
1452300000,Прибузька,0.0,0.0,0.0,15069600.0,0.0,0.0,0.0,0.0,0.0,15069600.0,0.0
1455700000,Південноукраїнська,0.0,0.0,0.0,68443200.0,0.0,0.0,0.0,0.0,0.0,68443200.0,0.0
1452700000,Радсадівська,0.0,0.0,0.0,14208000.0,0.0,0.0,0.0,0.0,0.0,14208000.0,0.0
1455500000,Синюшинобрідська,0.0,0.0,0.0,17057400.0,0.0,0.0,0.0,0.0,0.0,17057400.0,0.0
1453200000,Снігурівська,0.0,0.0,0.0,43488000.0,0.0,0.0,0.0,0.0,0.0,43488000.0,0.0
1454000000,Софіївська,0.0,0.0,0.0,17780000.0,0.0,0.0,0.0,0.0,0.0,17780000.0,0.0
1455600000,Степівська,0.0,0.0,0.0,28718200.0,0.0,0.0,0.0,0.0,0.0,28718200.0,0.0
1454100000,Сухоєланецька,0.0,0.0,0.0,11500900.0,0.0,0.0,0.0,0.0,0.0,11500900.0,0.0
1451800000,Чорноморська,0.0,0.0,0.0,14684100.0,0.0,0.0,0.0,0.0,0.0,14684100.0,0.0
1452600000,Широківська,0.0,0.0,0.0,10113300.0,0.0,0.0,0.0,0.0,0.0,10113300.0,0.0
1553800000,Іванівська,0.0,0.0,0.0,49922900.0,0.0,0.0,0.0,0.0,0.0,49922900.0,0.0
1555300000,Ізмаїльська,0.0,36000000.0,0.0,147314800.0,0.0,0.0,0.0,0.0,36000000.0,147314800.0,0.0
1551800000,Авангардівська,0.0,0.0,0.0,50862300.0,0.0,0.0,0.0,0.0,0.0,50862300.0,0.0
1553800000,Ананьївська,0.0,0.0,0.0,49922900.0,0.0,0.0,0.0,0.0,0.0,49922900.0,0.0
1553900000,Арцизька,0.0,0.0,0.0,72150400.0,0.0,0.0,0.0,0.0,0.0,72150400.0,0.0
1550100000,Балтська,0.0,0.0,0.0,86608800.0,0.0,0.0,0.0,0.0,0.0,86608800.0,0.0
1551400000,Березівська,0.0,0.0,0.0,53665400.0,0.0,0.0,0.0,0.0,0.0,53665400.0,0.0
1558200000,Бессарабська,0.0,0.0,0.0,54149200.0,0.0,0.0,0.0,0.0,0.0,54149200.0,0.0
1554100000,Болградська,0.0,0.0,0.0,50620900.0,0.0,0.0,0.0,0.0,0.0,50620900.0,0.0
1554200000,Буджацька,0.0,0.0,0.0,52119300.0,0.0,0.0,0.0,0.0,0.0,52119300.0,0.0
1554000000,Білгород-Дністровська,0.0,0.0,0.0,94901900.0,0.0,0.0,0.0,0.0,0.0,94901900.0,0.0
1550200000,Біляївська,0.0,0.0,0.0,70466300.0,0.0,0.0,0.0,0.0,0.0,70466300.0,0.0
1554300000,Василівська,0.0,0.0,0.0,26547200.0,0.0,0.0,0.0,0.0,0.0,26547200.0,0.0
1553000000,Великобуялицька,0.0,0.0,0.0,16871900.0,0.0,0.0,0.0,0.0,0.0,16871900.0,0.0
1554400000,Великодальницька,0.0,0.0,0.0,40041500.0,0.0,0.0,0.0,0.0,0.0,40041500.0,0.0
1554500000,Великодолинська,0.0,0.0,0.0,45364600.0,0.0,0.0,0.0,0.0,0.0,45364600.0,0.0
1550300000,Великомихайлівська,0.0,0.0,0.0,50754400.0,0.0,0.0,0.0,0.0,0.0,50754400.0,0.0
1553100000,Великоплосківська,0.0,0.0,0.0,14507100.0,0.0,0.0,0.0,0.0,0.0,14507100.0,0.0
1554600000,Вигодянська,0.0,0.0,0.0,40256400.0,0.0,0.0,0.0,0.0,0.0,40256400.0,0.0
1552900000,Визирська,0.0,0.0,0.0,33506100.0,0.0,0.0,0.0,0.0,0.0,33506100.0,0.0
1551700000,Вилківська,0.0,0.0,0.0,34977300.0,0.0,0.0,0.0,0.0,0.0,34977300.0,0.0
1554700000,Городненська,0.0,0.0,0.0,27294400.0,0.0,0.0,0.0,0.0,0.0,27294400.0,0.0
1551900000,Дальницька,0.0,0.0,0.0,36917200.0,0.0,0.0,0.0,0.0,0.0,36917200.0,0.0
1554800000,Дачненська,0.0,0.0,0.0,34986500.0,0.0,0.0,0.0,0.0,0.0,34986500.0,0.0
1554900000,Дивізійська,0.0,0.0,0.0,17559100.0,0.0,0.0,0.0,0.0,0.0,17559100.0,0.0
1555000000,Доброславська,0.0,0.0,0.0,39760600.0,0.0,0.0,0.0,0.0,0.0,39760600.0,0.0
1555100000,Долинська,0.0,0.0,0.0,13128900.0,0.0,0.0,0.0,0.0,0.0,13128900.0,0.0
1550900000,Затишанська,0.0,0.0,0.0,21503000.0,0.0,0.0,0.0,0.0,0.0,21503000.0,0.0
1555200000,Захарівська,0.0,0.0,0.0,45000800.0,0.0,0.0,0.0,0.0,0.0,45000800.0,0.0
1553200000,Зеленогірська,0.0,0.0,0.0,22452500.0,0.0,0.0,0.0,0.0,0.0,22452500.0,0.0
1552300000,Знам'янська,0.0,0.0,0.0,26850700.0,0.0,0.0,0.0,0.0,0.0,26850700.0,0.0
1555400000,Кароліно-Бугазька,0.0,0.0,0.0,8887600.0,0.0,0.0,0.0,0.0,0.0,8887600.0,0.0
1558100000,Катлабузька,0.0,0.0,0.0,23526400.0,0.0,0.0,0.0,0.0,0.0,23526400.0,0.0
1555500000,Кодимська,0.0,0.0,0.0,61597900.0,0.0,0.0,0.0,0.0,0.0,61597900.0,0.0
1551100000,Коноплянська,0.0,0.0,0.0,30629000.0,0.0,0.0,0.0,0.0,0.0,30629000.0,0.0
1550400000,Красносільська,0.0,0.0,0.0,29419800.0,0.0,0.0,0.0,0.0,0.0,29419800.0,0.0
1555600000,Криничненська,0.0,0.0,0.0,9835600.0,0.0,0.0,0.0,0.0,0.0,9835600.0,0.0
1555700000,Кубейська,0.0,0.0,0.0,20960800.0,0.0,0.0,0.0,0.0,0.0,20960800.0,0.0
1555800000,Кулевчанська,0.0,0.0,0.0,18462400.0,0.0,0.0,0.0,0.0,0.0,18462400.0,0.0
1555900000,Курісовська,0.0,0.0,0.0,20550000.0,0.0,0.0,0.0,0.0,0.0,20550000.0,0.0
1551300000,Куяльницька,0.0,99767154.0,0.0,64985700.0,0.0,0.0,0.0,0.0,99767154.0,64985700.0,0.0
1552600000,Кілійська,0.0,0.0,0.0,78076400.0,0.0,0.0,0.0,0.0,0.0,78076400.0,0.0
1556000000,Лиманська,0.0,0.0,0.0,36642200.0,0.0,0.0,0.0,0.0,0.0,36642200.0,0.0
1552700000,Любашівська,0.0,0.0,0.0,69409400.0,0.0,0.0,0.0,0.0,0.0,69409400.0,0.0
1550500000,Маразліївська,0.0,0.0,0.0,24541700.0,0.0,0.0,0.0,0.0,0.0,24541700.0,0.0
1552100000,Маяківська,0.0,0.0,0.0,39451900.0,0.0,0.0,0.0,0.0,0.0,39451900.0,0.0
1552400000,Миколаївська,0.0,0.0,0.0,37869500.0,0.0,0.0,0.0,0.0,0.0,37869500.0,0.0
1552400000,Мологівська,0.0,0.0,0.0,37869500.0,0.0,0.0,0.0,0.0,0.0,37869500.0,0.0
1556200000,Нерубайська,0.0,0.0,0.0,53495500.0,0.0,0.0,0.0,0.0,0.0,53495500.0,0.0
1553500000,Новоборисівська,0.0,0.0,0.0,22210100.0,0.0,0.0,0.0,0.0,0.0,22210100.0,0.0
1550800000,Новокальчевська,0.0,0.0,0.0,14882800.0,0.0,0.0,0.0,0.0,0.0,14882800.0,0.0
1556300000,Овідіопольська,0.0,0.0,0.0,44252800.0,0.0,0.0,0.0,0.0,0.0,44252800.0,0.0
1556400000,Одеська,0.0,475000000.0,0.0,1612380700.0,0.0,0.0,0.0,0.0,475000000.0,1612380700.0,0.0
1552800000,Окнянська,0.0,0.0,0.0,68467000.0,0.0,0.0,0.0,0.0,0.0,68467000.0,0.0
1556500000,Павлівська,0.0,0.0,0.0,18919300.0,0.0,0.0,0.0,0.0,0.0,18919300.0,0.0
1553600000,Петровірівська,0.0,0.0,0.0,13434500.0,0.0,0.0,0.0,0.0,0.0,13434500.0,0.0
1553600000,Петропавлівська,0.0,0.0,0.0,13434500.0,0.0,0.0,0.0,0.0,0.0,13434500.0,0.0
1556800000,Плахтіївська,0.0,0.0,0.0,22089300.0,0.0,0.0,0.0,0.0,0.0,22089300.0,0.0
1556900000,Подільська,0.0,0.0,0.0,83285100.0,0.0,0.0,0.0,0.0,0.0,83285100.0,0.0
1559100000,Південнівська,0.0,0.0,0.0,63608200.0,0.0,0.0,0.0,0.0,0.0,63608200.0,0.0
1557000000,Раухівська,0.0,0.0,0.0,20499700.0,0.0,0.0,0.0,0.0,0.0,20499700.0,0.0
1557100000,Ренійська,0.0,0.0,0.0,87219000.0,0.0,0.0,0.0,0.0,0.0,87219000.0,0.0
1557200000,Роздільнянська,0.0,0.0,0.0,102604400.0,0.0,0.0,0.0,0.0,0.0,102604400.0,0.0
1550600000,Розквітівська,0.0,0.0,0.0,13577800.0,0.0,0.0,0.0,0.0,0.0,13577800.0,0.0
1557300000,Савранська,0.0,0.0,0.0,49153800.0,0.0,0.0,0.0,0.0,0.0,49153800.0,0.0
1557400000,Саратська,0.0,0.0,0.0,60949200.0,0.0,0.0,0.0,0.0,0.0,60949200.0,0.0
1557500000,Саф'янівська,0.0,0.0,0.0,127157400.0,0.0,0.0,0.0,0.0,0.0,127157400.0,0.0
1557600000,Сергіївська,0.0,0.0,0.0,17966700.0,0.0,0.0,0.0,0.0,0.0,17966700.0,0.0
1557700000,Слобідська,0.0,0.0,0.0,8363800.0,0.0,0.0,0.0,0.0,0.0,8363800.0,0.0
1551500000,Старокозацька,0.0,0.0,0.0,61868000.0,0.0,0.0,0.0,0.0,0.0,61868000.0,0.0
1557800000,Старомаяківська,0.0,0.0,0.0,16566000.0,0.0,0.0,0.0,0.0,0.0,16566000.0,0.0
1557900000,Степанівська,0.0,0.0,0.0,20955100.0,0.0,0.0,0.0,0.0,0.0,20955100.0,0.0
1558000000,Стрюківська,0.0,0.0,0.0,8811800.0,0.0,0.0,0.0,0.0,0.0,8811800.0,0.0
1558300000,Татарбунарська,0.0,0.0,0.0,71376100.0,0.0,0.0,0.0,0.0,0.0,71376100.0,0.0
1552500000,Таїровська,0.0,0.0,0.0,19233800.0,0.0,0.0,0.0,0.0,0.0,19233800.0,0.0
1558400000,Теплицька,0.0,0.0,0.0,17836500.0,0.0,0.0,0.0,0.0,0.0,17836500.0,0.0
1558500000,Теплодарська,0.0,0.0,0.0,19852100.0,0.0,0.0,0.0,0.0,0.0,19852100.0,0.0
1550700000,Тузлівська,0.0,0.0,0.0,10137900.0,0.0,0.0,0.0,0.0,0.0,10137900.0,0.0
1558600000,Усатівська,0.0,0.0,0.0,43827200.0,0.0,0.0,0.0,0.0,0.0,43827200.0,0.0
1558700000,Успенівська,0.0,0.0,0.0,22020600.0,0.0,0.0,0.0,0.0,0.0,22020600.0,0.0
1558800000,Фонтанська,0.0,0.0,0.0,51878300.0,0.0,0.0,0.0,0.0,0.0,51878300.0,0.0
1552200000,Цебриківська,0.0,0.0,0.0,13228500.0,0.0,0.0,0.0,0.0,0.0,13228500.0,0.0
1553300000,Чернівська,0.0,0.0,0.0,18846200.0,0.0,0.0,0.0,0.0,0.0,18846200.0,0.0
1553700000,Чогодарівська,0.0,0.0,0.0,7092400.0,0.0,0.0,0.0,0.0,0.0,7092400.0,0.0
1558900000,Чорноморська,0.0,0.0,0.0,126914500.0,0.0,0.0,0.0,0.0,0.0,126914500.0,0.0
1551600000,Шабівська,0.0,0.0,0.0,50626200.0,0.0,0.0,0.0,0.0,0.0,50626200.0,0.0
1551000000,Ширяївська,0.0,0.0,0.0,34206000.0,0.0,0.0,0.0,0.0,0.0,34206000.0,0.0
1551200000,Яськівська,0.0,0.0,0.0,26913500.0,0.0,0.0,0.0,0.0,0.0,26913500.0,0.0
1655400000,Білицька,0.0,0.0,0.0,30985700.0,0.0,0.0,0.0,0.0,0.0,30985700.0,0.0
1650100000,Білоцерківська,0.0,0.0,0.0,22081900.0,0.0,0.0,0.0,0.0,0.0,22081900.0,0.0
1651900000,Великобагачанська,0.0,0.0,0.0,28088800.0,0.0,0.0,0.0,0.0,0.0,28088800.0,0.0
1654800000,Великобудищанська,0.0,0.0,0.0,18718600.0,0.0,0.0,0.0,0.0,0.0,18718600.0,0.0
1655500000,Великорублівська,0.0,0.0,0.0,15642800.0,0.0,0.0,0.0,0.0,0.0,15642800.0,0.0
1651600000,Великосорочинська,0.0,0.0,0.0,18987900.0,0.0,0.0,0.0,0.0,0.0,18987900.0,0.0
1654500000,Гадяцька,0.0,0.0,0.0,45344500.0,0.0,0.0,0.0,0.0,0.0,45344500.0,0.0
1650200000,Глобинська,0.0,13451716.0,0.0,76202100.0,0.0,0.0,0.0,0.0,13451716.0,76202100.0,0.0
1654900000,Гоголівська,0.0,0.0,0.0,8913900.0,0.0,0.0,0.0,0.0,0.0,8913900.0,0.0
1654600000,Горішньоплавнівська,0.0,0.0,0.0,95332000.0,0.0,0.0,0.0,0.0,0.0,95332000.0,0.0
1655600000,Градизька,0.0,0.0,0.0,45772300.0,0.0,0.0,0.0,0.0,0.0,45772300.0,0.0
1652100000,Гребінківська,0.0,0.0,0.0,58641900.0,0.0,0.0,0.0,0.0,0.0,58641900.0,0.0
1655700000,Диканська,0.0,0.0,0.0,52763600.0,0.0,0.0,0.0,0.0,0.0,52763600.0,0.0
1652600000,Драбинівська,0.0,0.0,0.0,12696100.0,0.0,0.0,0.0,0.0,0.0,12696100.0,0.0
1655800000,Заводська,0.0,0.0,0.0,21647900.0,0.0,0.0,0.0,0.0,0.0,21647900.0,0.0
1655000000,Зіньківська,0.0,0.0,0.0,70531700.0,0.0,0.0,0.0,0.0,0.0,70531700.0,0.0
1655900000,Кам'янопотоківська,0.0,0.0,0.0,24467000.0,0.0,0.0,0.0,0.0,0.0,24467000.0,0.0
1656000000,Карлівська,0.0,0.0,0.0,51846700.0,0.0,0.0,0.0,0.0,0.0,51846700.0,0.0
1656100000,Кобеляцька,0.0,0.0,0.0,69708600.0,0.0,0.0,0.0,0.0,0.0,69708600.0,0.0
1653400000,Козельщинська,0.0,0.0,0.0,43883000.0,0.0,0.0,0.0,0.0,0.0,43883000.0,0.0
1654100000,Коломацька,0.0,0.0,0.0,10486500.0,0.0,0.0,0.0,0.0,0.0,10486500.0,0.0
1656200000,Комишнянська,0.0,0.0,0.0,18490800.0,0.0,0.0,0.0,0.0,0.0,18490800.0,0.0
1656300000,Котелевська,0.0,0.0,0.0,32437600.0,0.0,0.0,0.0,0.0,0.0,32437600.0,0.0
1654200000,Краснолуцька,0.0,0.0,0.0,11943100.0,0.0,0.0,0.0,0.0,0.0,11943100.0,0.0
1656400000,Кременчуцька,0.0,0.0,0.0,309928900.0,0.0,0.0,0.0,0.0,0.0,309928900.0,0.0
1652200000,Ланнівська,0.0,0.0,0.0,23146900.0,0.0,0.0,0.0,0.0,0.0,23146900.0,0.0
1652400000,Лохвицька,0.0,0.0,0.0,54763700.0,0.0,0.0,0.0,0.0,0.0,54763700.0,0.0
1656500000,Лубенська,0.0,0.0,0.0,139389100.0,0.0,0.0,0.0,0.0,0.0,139389100.0,0.0
1656600000,Лютенська,0.0,0.0,0.0,13937800.0,0.0,0.0,0.0,0.0,0.0,13937800.0,0.0
1656700000,Мартинівська,0.0,0.0,0.0,11544300.0,0.0,0.0,0.0,0.0,0.0,11544300.0,0.0
1653900000,Мачухівська,0.0,0.0,0.0,20750600.0,0.0,0.0,0.0,0.0,0.0,20750600.0,0.0
1653500000,Машівська,0.0,0.0,0.0,35320500.0,0.0,0.0,0.0,0.0,0.0,35320500.0,0.0
1656800000,Миргородська,0.0,0.0,0.0,98615700.0,0.0,0.0,0.0,0.0,0.0,98615700.0,0.0
1653500000,Михайлівська,0.0,0.0,0.0,35320500.0,0.0,0.0,0.0,0.0,0.0,35320500.0,0.0
1652800000,Нехворощанська,0.0,14156024.0,0.0,14623700.0,0.0,0.0,0.0,0.0,14156024.0,14623700.0,0.0
1653100000,Новогалещинська,0.0,0.0,0.0,10423200.0,0.0,0.0,0.0,0.0,0.0,10423200.0,0.0
1655100000,Новооржицька,0.0,0.0,0.0,26348900.0,0.0,0.0,0.0,0.0,0.0,26348900.0,0.0
1653000000,Новосанжарська,0.0,0.0,0.0,63259000.0,0.0,0.0,0.0,0.0,0.0,63259000.0,0.0
1654700000,Новоселівська,0.0,0.0,0.0,18145400.0,0.0,0.0,0.0,0.0,0.0,18145400.0,0.0
1653700000,Оболонська,0.0,0.0,0.0,17196000.0,0.0,0.0,0.0,0.0,0.0,17196000.0,0.0
1650500000,Омельницька,0.0,0.0,0.0,11710600.0,0.0,0.0,0.0,0.0,0.0,11710600.0,0.0
1654300000,Опішнянська,0.0,0.0,0.0,16987900.0,0.0,0.0,0.0,0.0,0.0,16987900.0,0.0
1656900000,Оржицька,0.0,0.0,0.0,41646100.0,0.0,0.0,0.0,0.0,0.0,41646100.0,0.0
1653300000,Петрівсько-Роменська,0.0,0.0,0.0,10977000.0,0.0,0.0,0.0,0.0,0.0,10977000.0,0.0
1650600000,Пирятинська,0.0,0.0,0.0,74233800.0,0.0,0.0,0.0,0.0,0.0,74233800.0,0.0
1657010000,Полтавська,0.0,0.0,0.0,524123500.0,0.0,0.0,0.0,0.0,0.0,524123500.0,0.0
1650900000,Пришибська,0.0,0.0,0.0,7421500.0,0.0,0.0,0.0,0.0,0.0,7421500.0,0.0
1651500000,Решетилівська,0.0,0.0,0.0,77808400.0,0.0,0.0,0.0,0.0,0.0,77808400.0,0.0
1655300000,Ромоданівська,0.0,0.0,0.0,9895200.0,0.0,0.0,0.0,0.0,0.0,9895200.0,0.0
1651000000,Семенівська,0.0,0.0,0.0,46565700.0,0.0,0.0,0.0,0.0,0.0,46565700.0,0.0
1653200000,Сенчанська,0.0,0.0,0.0,22412700.0,0.0,0.0,0.0,0.0,0.0,22412700.0,0.0
1651800000,Сергіївська,0.0,0.0,0.0,9956200.0,0.0,0.0,0.0,0.0,0.0,9956200.0,0.0
1651300000,Скороходівська,0.0,0.0,0.0,24219300.0,0.0,0.0,0.0,0.0,0.0,24219300.0,0.0
1654000000,Терешківська,0.0,0.0,0.0,19501200.0,0.0,0.0,0.0,0.0,0.0,19501200.0,0.0
1657100000,Хорольська,0.0,0.0,0.0,82058100.0,0.0,0.0,0.0,0.0,0.0,82058100.0,0.0
1654400000,Чорнухинська,0.0,0.0,0.0,27965500.0,0.0,0.0,0.0,0.0,0.0,27965500.0,0.0
1657200000,Чутівська,0.0,0.0,0.0,36004500.0,0.0,0.0,0.0,0.0,0.0,36004500.0,0.0
1651200000,Шишацька,0.0,0.0,0.0,48634600.0,0.0,0.0,0.0,0.0,0.0,48634600.0,0.0
1653600000,Щербанівська,0.0,0.0,0.0,39704200.0,0.0,0.0,0.0,0.0,0.0,39704200.0,0.0
1753700000,Антонівська,0.0,0.0,0.0,23824200.0,0.0,0.0,0.0,0.0,0.0,23824200.0,0.0
1750100000,Бабинська,0.0,0.0,0.0,29002000.0,0.0,0.0,0.0,0.0,0.0,29002000.0,0.0
1754700000,Березнівська,0.0,0.0,0.0,234371300.0,0.0,0.0,0.0,0.0,0.0,234371300.0,0.0
1754600000,Березівська,0.0,0.0,0.0,82458900.0,0.0,0.0,0.0,0.0,0.0,82458900.0,0.0
1751900000,Бокіймівська,0.0,0.0,0.0,19022800.0,0.0,0.0,0.0,0.0,0.0,19022800.0,0.0
1751600000,Боремельська,0.0,0.0,0.0,10753500.0,0.0,0.0,0.0,0.0,0.0,10753500.0,0.0
1750200000,Бугринська,0.0,0.0,0.0,17260000.0,0.0,0.0,0.0,0.0,0.0,17260000.0,0.0
1754800000,Білокриницька,0.0,0.0,0.0,28244100.0,0.0,0.0,0.0,0.0,0.0,28244100.0,0.0
1753200000,Вараська,0.0,0.0,0.0,152205900.0,0.0,0.0,0.0,0.0,0.0,152205900.0,0.0
1754900000,Варковицька,0.0,0.0,0.0,18113800.0,0.0,0.0,0.0,0.0,0.0,18113800.0,0.0
1755000000,Великомежиріцька,0.0,0.0,0.0,24632100.0,0.0,0.0,0.0,0.0,0.0,24632100.0,0.0
1753800000,Великоомелянська,0.0,0.0,0.0,12681600.0,0.0,0.0,0.0,0.0,0.0,12681600.0,0.0
1755100000,Вербська,0.0,0.0,0.0,13659900.0,0.0,0.0,0.0,0.0,0.0,13659900.0,0.0
1753900000,Вирівська,0.0,0.0,0.0,58427400.0,0.0,0.0,0.0,0.0,0.0,58427400.0,0.0
1751200000,Висоцька,0.0,0.0,0.0,21039300.0,0.0,0.0,0.0,0.0,0.0,21039300.0,0.0
1755200000,Володимирецька,0.0,0.0,0.0,121374700.0,0.0,0.0,0.0,0.0,0.0,121374700.0,0.0
1754000000,Головинська,0.0,0.0,0.0,35214200.0,0.0,0.0,0.0,0.0,0.0,35214200.0,0.0
1755300000,Городоцька,0.0,0.0,0.0,30034800.0,0.0,0.0,0.0,0.0,0.0,30034800.0,0.0
1755400000,Гощанська,0.0,0.0,0.0,66631700.0,0.0,0.0,0.0,0.0,0.0,66631700.0,0.0
1752400000,Демидівська,0.0,0.0,0.0,38116800.0,0.0,0.0,0.0,0.0,0.0,38116800.0,0.0
1751700000,Деражненська,0.0,0.0,0.0,24925500.0,0.0,0.0,0.0,0.0,0.0,24925500.0,0.0
1755500000,Дубенська,0.0,0.0,0.0,76159900.0,0.0,0.0,0.0,0.0,0.0,76159900.0,0.0
1755600000,Дубровицька,0.0,0.0,0.0,125655700.0,0.0,0.0,0.0,0.0,0.0,125655700.0,0.0
1752900000,Дядьковицька,0.0,0.0,0.0,17598400.0,0.0,0.0,0.0,0.0,0.0,17598400.0,0.0
1755700000,Зарічненська,0.0,0.0,0.0,126220800.0,0.0,0.0,0.0,0.0,0.0,126220800.0,0.0
1755800000,Здовбицька,0.0,0.0,0.0,32054500.0,0.0,0.0,0.0,0.0,0.0,32054500.0,0.0
1755900000,Здолбунівська,0.0,0.0,0.0,86765500.0,0.0,0.0,0.0,0.0,0.0,86765500.0,0.0
1756000000,Зорянська,0.0,0.0,0.0,33057700.0,0.0,0.0,0.0,0.0,0.0,33057700.0,0.0
1754100000,Каноницька,0.0,0.0,0.0,29230400.0,0.0,0.0,0.0,0.0,0.0,29230400.0,0.0
1752200000,Клеванська,0.0,0.0,0.0,34071000.0,0.0,0.0,0.0,0.0,0.0,34071000.0,0.0
1750300000,Клесівська,0.0,0.0,0.0,38832300.0,0.0,0.0,0.0,0.0,0.0,38832300.0,0.0
1751400000,Козинська,0.0,0.0,0.0,20400700.0,0.0,0.0,0.0,0.0,0.0,20400700.0,0.0
1756100000,Корецька,0.0,0.0,0.0,91580100.0,0.0,0.0,0.0,0.0,0.0,91580100.0,0.0
1753000000,Корнинська,0.0,0.0,0.0,24064000.0,0.0,0.0,0.0,0.0,0.0,24064000.0,0.0
1756200000,Костопільська,0.0,0.0,0.0,118759500.0,0.0,0.0,0.0,0.0,0.0,118759500.0,0.0
1750700000,Крупецька,0.0,0.0,0.0,36798500.0,0.0,0.0,0.0,0.0,0.0,36798500.0,0.0
1751000000,Локницька,0.0,0.0,0.0,25385700.0,0.0,0.0,0.0,0.0,0.0,25385700.0,0.0
1753600000,Малинська,0.0,0.0,0.0,29745900.0,0.0,0.0,0.0,0.0,0.0,29745900.0,0.0
1752500000,Малолюбашанська,0.0,0.0,0.0,23274800.0,0.0,0.0,0.0,0.0,0.0,23274800.0,0.0
1750400000,Миляцька,0.0,0.0,0.0,34577800.0,0.0,0.0,0.0,0.0,0.0,34577800.0,0.0
1750900000,Мирогощанська,0.0,0.0,0.0,21657200.0,0.0,0.0,0.0,0.0,0.0,21657200.0,0.0
1751500000,Млинівська,0.0,0.0,0.0,61622800.0,0.0,0.0,0.0,0.0,0.0,61622800.0,0.0
1756300000,Мізоцька,0.0,0.0,0.0,32608200.0,0.0,0.0,0.0,0.0,0.0,32608200.0,0.0
1752300000,Немовицька,0.0,0.0,0.0,48205200.0,0.0,0.0,0.0,0.0,0.0,48205200.0,0.0
1752600000,Олександрійська,0.0,0.0,0.0,35254000.0,0.0,0.0,0.0,0.0,0.0,35254000.0,0.0
1751800000,Острожецька,0.0,0.0,0.0,26171600.0,0.0,0.0,0.0,0.0,0.0,26171600.0,0.0
1753400000,Острозька,0.0,0.0,0.0,113165300.0,0.0,0.0,0.0,0.0,0.0,113165300.0,0.0
1752800000,Повчанська,0.0,0.0,0.0,10376200.0,0.0,0.0,0.0,0.0,0.0,10376200.0,0.0
1754300000,Полицька,0.0,0.0,0.0,23995400.0,0.0,0.0,0.0,0.0,0.0,23995400.0,0.0
1750800000,Привільненська,0.0,0.0,0.0,19424800.0,0.0,0.0,0.0,0.0,0.0,19424800.0,0.0
1750500000,Підлозцівська,0.0,0.0,0.0,9350400.0,0.0,0.0,0.0,0.0,0.0,9350400.0,0.0
1750600000,Радивилівська,0.0,0.0,0.0,48791700.0,0.0,0.0,0.0,0.0,0.0,48791700.0,0.0
1754400000,Рафалівська,0.0,0.0,0.0,23818000.0,0.0,0.0,0.0,0.0,0.0,23818000.0,0.0
1756500000,Рокитнівська,0.0,0.0,0.0,155456500.0,0.0,0.0,0.0,0.0,0.0,155456500.0,0.0
1756400000,Рівненська,0.0,0.0,0.0,518811500.0,0.0,0.0,0.0,0.0,0.0,518811500.0,0.0
1756600000,Сарненська,0.0,22900000.0,0.0,233084700.0,0.0,0.0,0.0,0.0,22900000.0,233084700.0,0.0
1754500000,Семидубська,0.0,0.0,0.0,12397700.0,0.0,0.0,0.0,0.0,0.0,12397700.0,0.0
1751100000,Смизька,0.0,0.0,0.0,24514700.0,0.0,0.0,0.0,0.0,0.0,24514700.0,0.0
1756700000,Соснівська,0.0,0.0,0.0,19817300.0,0.0,0.0,0.0,0.0,0.0,19817300.0,0.0
1753100000,Старосільська,0.0,0.0,0.0,49007200.0,0.0,0.0,0.0,0.0,0.0,49007200.0,0.0
1753500000,Степанська,0.0,0.0,0.0,21687200.0,0.0,0.0,0.0,0.0,0.0,21687200.0,0.0
1752000000,Тараканівська,0.0,0.0,0.0,21763700.0,0.0,0.0,0.0,0.0,0.0,21763700.0,0.0
1752700000,Шпанівська,0.0,0.0,0.0,29662600.0,0.0,0.0,0.0,0.0,0.0,29662600.0,0.0
1752100000,Ярославицька,0.0,0.0,0.0,9855600.0,0.0,0.0,0.0,0.0,0.0,9855600.0,0.0
1852900000,Андріяшівська,0.0,0.0,0.0,22683400.0,0.0,0.0,0.0,0.0,0.0,22683400.0,0.0
1850900000,Бездрицька,0.0,0.0,0.0,9370900.0,0.0,0.0,0.0,0.0,0.0,9370900.0,0.0
1850100000,Березівська,0.0,0.0,0.0,14976800.0,0.0,0.0,0.0,0.0,0.0,14976800.0,0.0
1851000000,Боромлянська,0.0,0.0,0.0,12613300.0,0.0,0.0,0.0,0.0,0.0,12613300.0,0.0
1851800000,Бочечківська,0.0,0.0,0.0,11580000.0,0.0,0.0,0.0,0.0,0.0,11580000.0,0.0
1851900000,Буринська,0.0,0.0,0.0,48620000.0,0.0,0.0,0.0,0.0,0.0,48620000.0,0.0
1853500000,Білопільська,0.0,0.0,0.0,43249800.0,0.0,0.0,0.0,0.0,0.0,43249800.0,0.0
1853900000,Великописарівська,0.0,0.0,0.0,19942100.0,0.0,0.0,0.0,0.0,0.0,19942100.0,0.0
1852700000,Верхньосироватська,0.0,0.0,0.0,14651000.0,0.0,0.0,0.0,0.0,0.0,14651000.0,0.0
1854000000,Ворожбянська,0.0,0.0,0.0,13311100.0,0.0,0.0,0.0,0.0,0.0,13311100.0,0.0
1851500000,Вільшанська,0.0,0.0,0.0,7944000.0,0.0,0.0,0.0,0.0,0.0,7944000.0,0.0
1854100000,Глухівська,0.0,0.0,0.0,56681900.0,0.0,0.0,0.0,0.0,0.0,56681900.0,0.0
1851100000,Грунська,0.0,0.0,0.0,12716700.0,0.0,0.0,0.0,0.0,0.0,12716700.0,0.0
1852000000,Дубов'язівська,0.0,0.0,0.0,21944300.0,0.0,0.0,0.0,0.0,0.0,21944300.0,0.0
1854200000,Есманьська,0.0,0.0,0.0,12374200.0,0.0,0.0,0.0,0.0,0.0,12374200.0,0.0
1850300000,Зноб-Новгородська,0.0,0.0,0.0,11017100.0,0.0,0.0,0.0,0.0,0.0,11017100.0,0.0
1850400000,Кириківська,0.0,0.0,0.0,11991300.0,0.0,0.0,0.0,0.0,0.0,11991300.0,0.0
1852200000,Комишанська,0.0,74425122.0,0.0,10444400.0,0.0,0.0,0.0,0.0,74425122.0,10444400.0,0.0
1853400000,Конотопська,0.0,11718887.0,0.0,106778000.0,0.0,0.0,0.0,0.0,11718887.0,106778000.0,0.0
1852100000,Коровинська,0.0,0.0,0.0,6712000.0,0.0,0.0,0.0,0.0,0.0,6712000.0,0.0
1851700000,Краснопільська,0.0,0.0,0.0,50675800.0,0.0,0.0,0.0,0.0,0.0,50675800.0,0.0
1851600000,Кролевецька,0.0,0.0,0.0,73792500.0,0.0,0.0,0.0,0.0,0.0,73792500.0,0.0
1854300000,Лебединська,0.0,27431083.0,0.0,90029300.0,0.0,0.0,0.0,0.0,27431083.0,90029300.0,0.0
1853200000,Липоводолинська,0.0,0.0,0.0,28055100.0,0.0,0.0,0.0,0.0,0.0,28055100.0,0.0
1851200000,Миколаївська,0.0,0.0,0.0,12459900.0,0.0,0.0,0.0,0.0,0.0,12459900.0,0.0
1851300000,Миропільська,0.0,0.0,0.0,11263800.0,0.0,0.0,0.0,0.0,0.0,11263800.0,0.0
1850600000,Недригайлівська,0.0,0.0,0.0,23111100.0,0.0,0.0,0.0,0.0,0.0,23111100.0,0.0
1851400000,Нижньосироватська,0.0,0.0,0.0,12691200.0,0.0,0.0,0.0,0.0,0.0,12691200.0,0.0
1852400000,Новослобідська,0.0,0.0,0.0,11772300.0,0.0,0.0,0.0,0.0,0.0,11772300.0,0.0
1853700000,Охтирська,0.0,143959069.0,0.0,88106200.0,0.0,0.0,0.0,0.0,143959069.0,88106200.0,0.0
1854400000,Попівська,0.0,0.0,0.0,32963700.0,0.0,0.0,0.0,0.0,0.0,32963700.0,0.0
1853800000,Путивльська,0.0,0.0,0.0,35721300.0,0.0,0.0,0.0,0.0,0.0,35721300.0,0.0
1854500000,Роменська,0.0,0.0,0.0,127548700.0,0.0,0.0,0.0,0.0,0.0,127548700.0,0.0
1853300000,Річківська,0.0,0.0,0.0,11412700.0,0.0,0.0,0.0,0.0,0.0,11412700.0,0.0
1854600000,Садівська,0.0,0.0,0.0,23040000.0,0.0,0.0,0.0,0.0,0.0,23040000.0,0.0
1854700000,Свеська,0.0,0.0,0.0,15102100.0,0.0,0.0,0.0,0.0,0.0,15102100.0,0.0
1854800000,Середино-Будська,0.0,0.0,0.0,23659700.0,0.0,0.0,0.0,0.0,0.0,23659700.0,0.0
1853600000,Синівська,0.0,0.0,0.0,10587600.0,0.0,0.0,0.0,0.0,0.0,10587600.0,0.0
1852500000,Степанівська,0.0,0.0,0.0,23520900.0,0.0,0.0,0.0,0.0,0.0,23520900.0,0.0
1853100000,Сумська,0.0,400000000.0,0.0,473819800.0,0.0,0.0,0.0,0.0,400000000.0,473819800.0,0.0
1852600000,Тростянецька,0.0,50867682.0,0.0,58262400.0,0.0,0.0,0.0,0.0,50867682.0,58262400.0,0.0
1854900000,Хмелівська,0.0,0.0,0.0,13300900.0,0.0,0.0,0.0,0.0,0.0,13300900.0,0.0
1850700000,Хотінська,0.0,0.0,0.0,11052000.0,0.0,0.0,0.0,0.0,0.0,11052000.0,0.0
1850200000,Хутір-Михайлівська,0.0,0.0,0.0,10084800.0,0.0,0.0,0.0,0.0,0.0,10084800.0,0.0
1852300000,Чернеччинська,0.0,6000000.0,0.0,25114700.0,0.0,0.0,0.0,0.0,6000000.0,25114700.0,0.0
1852800000,Чупахівська,0.0,112628123.0,0.0,10103700.0,0.0,0.0,0.0,0.0,112628123.0,10103700.0,0.0
1850800000,Шалигинська,0.0,0.0,0.0,5221600.0,0.0,0.0,0.0,0.0,0.0,5221600.0,0.0
1853000000,Шосткинська,0.0,0.0,0.0,133589300.0,0.0,0.0,0.0,0.0,0.0,133589300.0,0.0
1855000000,Юнаківська,0.0,0.0,0.0,12984200.0,0.0,0.0,0.0,0.0,0.0,12984200.0,0.0
1851300000,Ямпільська,0.0,0.0,0.0,11263800.0,0.0,0.0,0.0,0.0,0.0,11263800.0,0.0
1955900000,Іване-Пустенська,0.0,0.0,0.0,11480800.0,0.0,0.0,0.0,0.0,0.0,11480800.0,0.0
1950900000,Іванівська,0.0,0.0,0.0,9202300.0,0.0,0.0,0.0,0.0,0.0,9202300.0,0.0
1950100000,Байковецька,0.0,0.0,0.0,24708000.0,0.0,0.0,0.0,0.0,0.0,24708000.0,0.0
1954800000,Бережанська,0.0,0.0,0.0,48893100.0,0.0,0.0,0.0,0.0,0.0,48893100.0,0.0
1953200000,Борсуківська,0.0,0.0,0.0,21834300.0,0.0,0.0,0.0,0.0,0.0,21834300.0,0.0
1952700000,Борщівська,0.0,0.0,0.0,62950100.0,0.0,0.0,0.0,0.0,0.0,62950100.0,0.0
1955500000,Бучацька,0.0,0.0,0.0,107109600.0,0.0,0.0,0.0,0.0,0.0,107109600.0,0.0
1954300000,Білецька,0.0,0.0,0.0,23928600.0,0.0,0.0,0.0,0.0,0.0,23928600.0,0.0
1950200000,Білобожницька,0.0,0.0,0.0,27199300.0,0.0,0.0,0.0,0.0,0.0,27199300.0,0.0
1953100000,Більче-Золотецька,0.0,0.0,0.0,8327200.0,0.0,0.0,0.0,0.0,0.0,8327200.0,0.0
1950300000,Васильковецька,0.0,0.0,0.0,21864400.0,0.0,0.0,0.0,0.0,0.0,21864400.0,0.0
1955600000,Великоберезовицька,0.0,0.0,0.0,47330300.0,0.0,0.0,0.0,0.0,0.0,47330300.0,0.0
1955000000,Великобірківська,0.0,0.0,0.0,13634100.0,0.0,0.0,0.0,0.0,0.0,13634100.0,0.0
1950400000,Великогаївська,0.0,0.0,0.0,29291800.0,0.0,0.0,0.0,0.0,0.0,29291800.0,0.0
1953300000,Великодедеркальська,0.0,0.0,0.0,20372700.0,0.0,0.0,0.0,0.0,0.0,20372700.0,0.0
1952800000,Вишнівецька,0.0,0.0,0.0,46364900.0,0.0,0.0,0.0,0.0,0.0,46364900.0,0.0
1952900000,Гримайлівська,0.0,0.0,0.0,21887200.0,0.0,0.0,0.0,0.0,0.0,21887200.0,0.0
1950500000,Гусятинська,0.0,0.0,0.0,31066100.0,0.0,0.0,0.0,0.0,0.0,31066100.0,0.0
1950600000,Заводська,0.0,0.0,0.0,12800100.0,0.0,0.0,0.0,0.0,0.0,12800100.0,0.0
1953000000,Залозецька,0.0,0.0,0.0,28532500.0,0.0,0.0,0.0,0.0,0.0,28532500.0,0.0
1955700000,Заліщицька,0.0,0.0,0.0,63719200.0,0.0,0.0,0.0,0.0,0.0,63719200.0,0.0
1955800000,Збаразька,0.0,0.0,0.0,88904000.0,0.0,0.0,0.0,0.0,0.0,88904000.0,0.0
1954000000,Зборівська,0.0,0.0,0.0,47319800.0,0.0,0.0,0.0,0.0,0.0,47319800.0,0.0
1950700000,Золотниківська,0.0,0.0,0.0,19589100.0,0.0,0.0,0.0,0.0,0.0,19589100.0,0.0
1950800000,Золотопотіцька,0.0,0.0,0.0,55779800.0,0.0,0.0,0.0,0.0,0.0,55779800.0,0.0
1951000000,Козлівська,0.0,0.0,0.0,8788100.0,0.0,0.0,0.0,0.0,0.0,8788100.0,0.0
1956000000,Козівська,0.0,0.0,0.0,56084800.0,0.0,0.0,0.0,0.0,0.0,56084800.0,0.0
1951100000,Колиндянська,0.0,0.0,0.0,17254500.0,0.0,0.0,0.0,0.0,0.0,17254500.0,0.0
1954400000,Копичинецька,0.0,0.0,0.0,33707200.0,0.0,0.0,0.0,0.0,0.0,33707200.0,0.0
1951300000,Коропецька,0.0,0.0,0.0,11137500.0,0.0,0.0,0.0,0.0,0.0,11137500.0,0.0
1956100000,Кременецька,0.0,0.0,0.0,123319000.0,0.0,0.0,0.0,0.0,0.0,123319000.0,0.0
1954500000,Купчинецька,0.0,0.0,0.0,11002700.0,0.0,0.0,0.0,0.0,0.0,11002700.0,0.0
1953800000,Лановецька,0.0,0.0,0.0,58901800.0,0.0,0.0,0.0,0.0,0.0,58901800.0,0.0
1951400000,Лопушненська,0.0,0.0,0.0,20819500.0,0.0,0.0,0.0,0.0,0.0,20819500.0,0.0
1951500000,Мельнице-Подільська,0.0,0.0,0.0,41473600.0,0.0,0.0,0.0,0.0,0.0,41473600.0,0.0
1951600000,Микулинецька,0.0,0.0,0.0,41065400.0,0.0,0.0,0.0,0.0,0.0,41065400.0,0.0
1954600000,Монастириська,0.0,0.0,0.0,49546900.0,0.0,0.0,0.0,0.0,0.0,49546900.0,0.0
1956200000,Нагірянська,0.0,0.0,0.0,22019700.0,0.0,0.0,0.0,0.0,0.0,22019700.0,0.0
1955300000,Нараївська,0.0,0.0,0.0,20441400.0,0.0,0.0,0.0,0.0,0.0,20441400.0,0.0
1951800000,Озернянська,0.0,0.0,0.0,18989900.0,0.0,0.0,0.0,0.0,0.0,18989900.0,0.0
1952100000,Почаївська,0.0,0.0,0.0,56679600.0,0.0,0.0,0.0,0.0,0.0,56679600.0,0.0
1952000000,Підволочиська,0.0,0.0,0.0,39215800.0,0.0,0.0,0.0,0.0,0.0,39215800.0,0.0
1956300000,Підгаєцька,0.0,0.0,0.0,42953700.0,0.0,0.0,0.0,0.0,0.0,42953700.0,0.0
1956400000,Підгородненська,0.0,0.0,0.0,14976100.0,0.0,0.0,0.0,0.0,0.0,14976100.0,0.0
1953700000,Саранчуківська,0.0,0.0,0.0,19041400.0,0.0,0.0,0.0,0.0,0.0,19041400.0,0.0
1952200000,Скала-Подільська,0.0,0.0,0.0,21496200.0,0.0,0.0,0.0,0.0,0.0,21496200.0,0.0
1952300000,Скалатська,0.0,0.0,0.0,34229600.0,0.0,0.0,0.0,0.0,0.0,34229600.0,0.0
1952400000,Скориківська,0.0,0.0,0.0,20092200.0,0.0,0.0,0.0,0.0,0.0,20092200.0,0.0
1952500000,Теребовлянська,0.0,6565740.0,0.0,63747500.0,0.0,0.0,0.0,0.0,6565740.0,63747500.0,0.0
1954900000,Тернопільська,0.0,0.0,0.0,493425200.0,0.0,0.0,0.0,0.0,0.0,493425200.0,0.0
1954200000,Товстенська,0.0,0.0,0.0,44493800.0,0.0,0.0,0.0,0.0,0.0,44493800.0,0.0
1953500000,Трибухівська,0.0,0.0,0.0,24360500.0,0.0,0.0,0.0,0.0,0.0,24360500.0,0.0
1953900000,Хоростківська,0.0,0.0,0.0,30411900.0,0.0,0.0,0.0,0.0,0.0,30411900.0,0.0
1955400000,Чортківська,0.0,0.0,0.0,70340100.0,0.0,0.0,0.0,0.0,0.0,70340100.0,0.0
1952600000,Шумська,0.0,0.0,0.0,72297900.0,0.0,0.0,0.0,0.0,0.0,72297900.0,0.0
0253300000,Іванівська,0.0,0.0,0.0,45462100.0,0.0,0.0,0.0,0.0,0.0,45462100.0,0.0
0250300000,Іллінецька,0.0,0.0,0.0,54798800.0,0.0,0.0,0.0,0.0,0.0,54798800.0,0.0
0254700000,Агрономічна,0.0,0.0,0.0,24742100.0,0.0,0.0,0.0,0.0,0.0,24742100.0,0.0
0251400000,Бабчинецька,0.0,0.0,0.0,13865400.0,0.0,0.0,0.0,0.0,0.0,13865400.0,0.0
0250500000,Барська,0.0,0.0,0.0,109840400.0,0.0,0.0,0.0,0.0,0.0,109840400.0,0.0
0254800000,Бершадська,0.0,0.0,0.0,109196500.0,0.0,0.0,0.0,0.0,0.0,109196500.0,0.0
0252900000,Брацлавська,0.0,0.0,0.0,18900600.0,0.0,0.0,0.0,0.0,0.0,18900600.0,0.0
0250400000,Вапнярська,0.0,0.0,0.0,23425600.0,0.0,0.0,0.0,0.0,0.0,23425600.0,0.0
0254900000,Вендичанська,0.0,0.0,0.0,25316800.0,0.0,0.0,0.0,0.0,0.0,25316800.0,0.0
0250800000,Вороновицька,0.0,0.0,0.0,39188400.0,0.0,0.0,0.0,0.0,0.0,39188400.0,0.0
0253600000,Вінницька,0.0,0.0,0.0,743512700.0,0.0,0.0,0.0,0.0,0.0,743512700.0,0.0
0255000000,Гайсинська,0.0,0.0,0.0,103523300.0,0.0,0.0,0.0,0.0,0.0,103523300.0,0.0
0252700000,Глуховецька,0.0,0.0,0.0,34601200.0,0.0,0.0,0.0,0.0,0.0,34601200.0,0.0
0253300000,Гніванська,0.0,0.0,0.0,45462100.0,0.0,0.0,0.0,0.0,0.0,45462100.0,0.0
0255100000,Городківська,0.0,0.0,0.0,29060600.0,0.0,0.0,0.0,0.0,0.0,29060600.0,0.0
0250900000,Дашівська,0.0,0.0,0.0,38117100.0,0.0,0.0,0.0,0.0,0.0,38117100.0,0.0
0251600000,Джулинська,0.0,0.0,0.0,41858800.0,0.0,0.0,0.0,0.0,0.0,41858800.0,0.0
0255200000,Джуринська,0.0,0.0,0.0,32329600.0,0.0,0.0,0.0,0.0,0.0,32329600.0,0.0
0250900000,Жданівська,0.0,0.0,0.0,38117100.0,0.0,0.0,0.0,0.0,0.0,38117100.0,0.0
0254200000,Жмеринська,0.0,0.0,0.0,125296300.0,0.0,0.0,0.0,0.0,0.0,125296300.0,0.0
0250100000,Калинівська,0.0,0.0,0.0,129807400.0,0.0,0.0,0.0,0.0,0.0,129807400.0,0.0
0255300000,Козятинська,0.0,0.0,0.0,81947200.0,0.0,0.0,0.0,0.0,0.0,81947200.0,0.0
0255400000,Копайгородська,0.0,0.0,0.0,21910000.0,0.0,0.0,0.0,0.0,0.0,21910000.0,0.0
0255500000,Краснопільська,0.0,0.0,0.0,48524800.0,0.0,0.0,0.0,0.0,0.0,48524800.0,0.0
0255500000,Крижопільська,0.0,0.0,0.0,48524800.0,0.0,0.0,0.0,0.0,0.0,48524800.0,0.0
0252400000,Кунківська,0.0,0.0,0.0,10374800.0,0.0,0.0,0.0,0.0,0.0,10374800.0,0.0
0255600000,Ладижинська,0.0,0.0,0.0,51262000.0,0.0,0.0,0.0,0.0,0.0,51262000.0,0.0
0255700000,Липовецька,0.0,0.0,0.0,54244000.0,0.0,0.0,0.0,0.0,0.0,54244000.0,0.0
0253000000,Лука-Мелешківська,0.0,0.0,0.0,36503500.0,0.0,0.0,0.0,0.0,0.0,36503500.0,0.0
0254100000,Літинська,0.0,0.0,0.0,63243600.0,0.0,0.0,0.0,0.0,0.0,63243600.0,0.0
0254600000,Махнівська,0.0,0.0,0.0,21260500.0,0.0,0.0,0.0,0.0,0.0,21260500.0,0.0
0255800000,Могилів-Подільська,0.0,0.0,0.0,87512100.0,0.0,0.0,0.0,0.0,0.0,87512100.0,0.0
0252200000,Мурафська,0.0,0.0,0.0,42699600.0,0.0,0.0,0.0,0.0,0.0,42699600.0,0.0
0255900000,Мурованокуриловецька,0.0,0.0,0.0,54356900.0,0.0,0.0,0.0,0.0,0.0,54356900.0,0.0
0250600000,Немирівська,0.0,0.0,0.0,71154700.0,0.0,0.0,0.0,0.0,0.0,71154700.0,0.0
0256000000,Ободівська,0.0,0.0,0.0,24369700.0,0.0,0.0,0.0,0.0,0.0,24369700.0,0.0
0256100000,Ольгопільська,0.0,0.0,0.0,17248700.0,0.0,0.0,0.0,0.0,0.0,17248700.0,0.0
0251000000,Оратівська,0.0,0.0,0.0,54933300.0,0.0,0.0,0.0,0.0,0.0,54933300.0,0.0
0256300000,Погребищенська,0.0,0.0,0.0,72034800.0,0.0,0.0,0.0,0.0,0.0,72034800.0,0.0
0256200000,Піщанська,0.0,0.0,0.0,34374400.0,0.0,0.0,0.0,0.0,0.0,34374400.0,0.0
0251900000,Райгородська,0.0,0.0,0.0,22594400.0,0.0,0.0,0.0,0.0,0.0,22594400.0,0.0
0256400000,Самгородоцька,0.0,0.0,0.0,23724500.0,0.0,0.0,0.0,0.0,0.0,23724500.0,0.0
0252000000,Северинівська,0.0,0.0,0.0,23129000.0,0.0,0.0,0.0,0.0,0.0,23129000.0,0.0
0254000000,Соболівська,0.0,0.0,0.0,19628000.0,0.0,0.0,0.0,0.0,0.0,19628000.0,0.0
0256500000,Станіславчицька,0.0,0.0,0.0,21036200.0,0.0,0.0,0.0,0.0,0.0,21036200.0,0.0
0256600000,Стрижавська,0.0,0.0,0.0,45247100.0,0.0,0.0,0.0,0.0,0.0,45247100.0,0.0
0250200000,Студенянська,0.0,0.0,0.0,12594900.0,0.0,0.0,0.0,0.0,0.0,12594900.0,0.0
0254300000,Сутисківська,0.0,0.0,0.0,10884500.0,0.0,0.0,0.0,0.0,0.0,10884500.0,0.0
0253800000,Теплицька,0.0,0.0,0.0,43465600.0,0.0,0.0,0.0,0.0,0.0,43465600.0,0.0
0256700000,Тиврівська,0.0,0.0,0.0,32175300.0,0.0,0.0,0.0,0.0,0.0,32175300.0,0.0
0251200000,Томашпільська,0.0,0.0,0.0,61460100.0,0.0,0.0,0.0,0.0,0.0,61460100.0,0.0
0253500000,Тростянецька,0.0,0.0,0.0,63378500.0,0.0,0.0,0.0,0.0,0.0,63378500.0,0.0
0250700000,Тульчинська,0.0,0.0,0.0,101655700.0,0.0,0.0,0.0,0.0,0.0,101655700.0,0.0
0256800000,Турбівська,0.0,0.0,0.0,44498000.0,0.0,0.0,0.0,0.0,0.0,44498000.0,0.0
0256900000,Уланівська,0.0,0.0,0.0,40470300.0,0.0,0.0,0.0,0.0,0.0,40470300.0,0.0
0253700000,Хмільницька,0.0,0.0,0.0,99166300.0,0.0,0.0,0.0,0.0,0.0,99166300.0,0.0
0257000000,Чернівецька,0.0,0.0,0.0,43050200.0,0.0,0.0,0.0,0.0,0.0,43050200.0,0.0
0257100000,Чечельницька,0.0,0.0,0.0,30984200.0,0.0,0.0,0.0,0.0,0.0,30984200.0,0.0
0257200000,Шаргородська,0.0,0.0,0.0,66471200.0,0.0,0.0,0.0,0.0,0.0,66471200.0,0.0
0251300000,Шпиківська,0.0,0.0,0.0,40005300.0,0.0,0.0,0.0,0.0,0.0,40005300.0,0.0
0252300000,Якушинецька,0.0,0.0,0.0,41082000.0,0.0,0.0,0.0,0.0,0.0,41082000.0,0.0
0257300000,Ямпільська,0.0,0.0,0.0,83017900.0,0.0,0.0,0.0,0.0,0.0,83017900.0,0.0
0257400000,Яришівська,0.0,0.0,0.0,14745300.0,0.0,0.0,0.0,0.0,0.0,14745300.0,0.0
0352200000,Іваничівська,0.0,0.0,0.0,25918300.0,0.0,0.0,0.0,0.0,0.0,25918300.0,0.0
0355500000,Берестечківська,0.0,0.0,0.0,25578000.0,0.0,0.0,0.0,0.0,0.0,25578000.0,0.0
0352500000,Боратинська,0.0,0.0,0.0,66480700.0,0.0,0.0,0.0,0.0,0.0,66480700.0,0.0
0353100000,Велимченська,0.0,0.0,0.0,15968900.0,0.0,0.0,0.0,0.0,0.0,15968900.0,0.0
0350100000,Велицька,0.0,0.0,0.0,14773700.0,0.0,0.0,0.0,0.0,0.0,14773700.0,0.0
0351800000,Вишнівська,0.0,0.0,0.0,34981600.0,0.0,0.0,0.0,0.0,0.0,34981600.0,0.0
0355600000,Володимир-Волинська,0.0,0.0,0.0,77262800.0,0.0,0.0,0.0,0.0,0.0,77262800.0,0.0
0350200000,Голобська,0.0,0.0,0.0,27797000.0,0.0,0.0,0.0,0.0,0.0,27797000.0,0.0
0352800000,Головненська,0.0,0.0,0.0,31954500.0,0.0,0.0,0.0,0.0,0.0,31954500.0,0.0
0353900000,Городищенська,0.0,0.0,0.0,28566200.0,0.0,0.0,0.0,0.0,0.0,28566200.0,0.0
0355700000,Горохівська,0.0,0.0,0.0,80659100.0,0.0,0.0,0.0,0.0,0.0,80659100.0,0.0
0355300000,Доросинівська,0.0,0.0,0.0,20064800.0,0.0,0.0,0.0,0.0,0.0,20064800.0,0.0
0353300000,Дубечненська,0.0,0.0,0.0,41779600.0,0.0,0.0,0.0,0.0,0.0,41779600.0,0.0
0353600000,Дубівська,0.0,0.0,0.0,16174800.0,0.0,0.0,0.0,0.0,0.0,16174800.0,0.0
0350800000,Заболоттівська,0.0,0.0,0.0,29663000.0,0.0,0.0,0.0,0.0,0.0,29663000.0,0.0
0351900000,Забродівська,0.0,0.0,0.0,43598300.0,0.0,0.0,0.0,0.0,0.0,43598300.0,0.0
0354000000,Затурцівська,0.0,0.0,0.0,31648600.0,0.0,0.0,0.0,0.0,0.0,31648600.0,0.0
0350300000,Зимнівська,0.0,0.0,0.0,30933300.0,0.0,0.0,0.0,0.0,0.0,30933300.0,0.0
0355800000,Камінь-Каширська,0.0,0.0,0.0,234743300.0,0.0,0.0,0.0,0.0,0.0,234743300.0,0.0
0355900000,Ковельська,0.0,0.0,0.0,177706900.0,0.0,0.0,0.0,0.0,0.0,177706900.0,0.0
0353000000,Колківська,0.0,0.0,0.0,106781800.0,0.0,0.0,0.0,0.0,0.0,106781800.0,0.0
0351600000,Колодяжненська,0.0,0.0,0.0,38387200.0,0.0,0.0,0.0,0.0,0.0,38387200.0,0.0
0353200000,Копачівська,0.0,0.0,0.0,20866900.0,0.0,0.0,0.0,0.0,0.0,20866900.0,0.0
0354500000,Ківерцівська,0.0,0.0,0.0,84136100.0,0.0,0.0,0.0,0.0,0.0,84136100.0,0.0
0351100000,Литовезька,0.0,0.0,0.0,11509000.0,0.0,0.0,0.0,0.0,0.0,11509000.0,0.0
0356000000,Локачинська,0.0,0.0,0.0,45506300.0,0.0,0.0,0.0,0.0,0.0,45506300.0,0.0
0353600000,Луківська,0.0,0.0,0.0,16174800.0,0.0,0.0,0.0,0.0,0.0,16174800.0,0.0
0355100000,Луцька,0.0,0.0,0.0,527982400.0,0.0,0.0,0.0,0.0,0.0,527982400.0,0.0
0352600000,Любешівська,0.0,0.0,0.0,157596900.0,0.0,0.0,0.0,0.0,0.0,157596900.0,0.0
0350600000,Люблинецька,0.0,0.0,0.0,16972800.0,0.0,0.0,0.0,0.0,0.0,16972800.0,0.0
0352900000,Любомльська,0.0,0.0,0.0,49048800.0,0.0,0.0,0.0,0.0,0.0,49048800.0,0.0
0356100000,Маневицька,0.0,0.0,0.0,122028500.0,0.0,0.0,0.0,0.0,0.0,122028500.0,0.0
0355200000,Мар'янівська,0.0,0.0,0.0,28852600.0,0.0,0.0,0.0,0.0,0.0,28852600.0,0.0
0356200000,Нововолинська,0.0,0.0,0.0,95779900.0,0.0,0.0,0.0,0.0,0.0,95779900.0,0.0
0353800000,Оваднівська,0.0,0.0,0.0,21338800.0,0.0,0.0,0.0,0.0,0.0,21338800.0,0.0
0356300000,Олицька,0.0,0.0,0.0,39976300.0,0.0,0.0,0.0,0.0,0.0,39976300.0,0.0
0353200000,Павлівська,0.0,0.0,0.0,20866900.0,0.0,0.0,0.0,0.0,0.0,20866900.0,0.0
0351300000,Поворська,0.0,0.0,0.0,18084300.0,0.0,0.0,0.0,0.0,0.0,18084300.0,0.0
0351400000,Поромівська,0.0,0.0,0.0,18556500.0,0.0,0.0,0.0,0.0,0.0,18556500.0,0.0
0351500000,Прилісненська,0.0,0.0,0.0,44785600.0,0.0,0.0,0.0,0.0,0.0,44785600.0,0.0
0354600000,Підгайцівська,0.0,0.0,0.0,73385100.0,0.0,0.0,0.0,0.0,0.0,73385100.0,0.0
0356400000,Ратнівська,0.0,0.0,0.0,74312800.0,0.0,0.0,0.0,0.0,0.0,74312800.0,0.0
0356500000,Рожищенська,0.0,0.0,0.0,82174000.0,0.0,0.0,0.0,0.0,0.0,82174000.0,0.0
0352700000,Рівненська,0.0,0.0,0.0,23687200.0,0.0,0.0,0.0,0.0,0.0,23687200.0,0.0
0352000000,Самарівська,0.0,0.0,0.0,25594600.0,0.0,0.0,0.0,0.0,0.0,25594600.0,0.0
0353400000,Сереховичівська,0.0,0.0,0.0,9825600.0,0.0,0.0,0.0,0.0,0.0,9825600.0,0.0
0353500000,Смідинська,0.0,0.0,0.0,15761100.0,0.0,0.0,0.0,0.0,0.0,15761100.0,0.0
0355400000,Сошичненська,0.0,0.0,0.0,43214600.0,0.0,0.0,0.0,0.0,0.0,43214600.0,0.0
0354900000,Старовижівська,0.0,0.0,0.0,44508200.0,0.0,0.0,0.0,0.0,0.0,44508200.0,0.0
0354100000,Торчинська,0.0,0.0,0.0,40049300.0,0.0,0.0,0.0,0.0,0.0,40049300.0,0.0
0353700000,Турійська,0.0,0.0,0.0,72877800.0,0.0,0.0,0.0,0.0,0.0,72877800.0,0.0
0350500000,Устилузька,0.0,0.0,0.0,20564500.0,0.0,0.0,0.0,0.0,0.0,20564500.0,0.0
0352400000,Цуманська,0.0,0.0,0.0,77708300.0,0.0,0.0,0.0,0.0,0.0,77708300.0,0.0
0350700000,Шацька,0.0,0.0,0.0,57155400.0,0.0,0.0,0.0,0.0,0.0,57155400.0,0.0
0753800000,Івановецька,0.0,0.0,0.0,26684500.0,0.0,0.0,0.0,0.0,0.0,26684500.0,0.0
0750400000,Іршавська,0.0,0.0,0.0,116590700.0,0.0,0.0,0.0,0.0,0.0,116590700.0,0.0
0750600000,Баранинська,0.0,0.0,0.0,27105800.0,0.0,0.0,0.0,0.0,0.0,27105800.0,0.0
0751800000,Батівська,0.0,0.0,0.0,38052600.0,0.0,0.0,0.0,0.0,0.0,38052600.0,0.0
0751900000,Бедевлянська,0.0,0.0,0.0,18253200.0,0.0,0.0,0.0,0.0,0.0,18253200.0,0.0
0751700000,Берегівська,0.0,0.0,0.0,107480900.0,0.0,0.0,0.0,0.0,0.0,107480900.0,0.0
0752100000,Богданська,0.0,0.0,0.0,56030300.0,0.0,0.0,0.0,0.0,0.0,56030300.0,0.0
0752200000,Буштинська,0.0,0.0,0.0,64241700.0,0.0,0.0,0.0,0.0,0.0,64241700.0,0.0
0752000000,Білківська,0.0,0.0,0.0,71641400.0,0.0,0.0,0.0,0.0,0.0,71641400.0,0.0
0750800000,Великоберезнянська,0.0,0.0,0.0,26731300.0,0.0,0.0,0.0,0.0,0.0,26731300.0,0.0
0752300000,Великоберезька,0.0,0.0,0.0,20026900.0,0.0,0.0,0.0,0.0,0.0,20026900.0,0.0
0752400000,Великобийганська,0.0,0.0,0.0,12320400.0,0.0,0.0,0.0,0.0,0.0,12320400.0,0.0
0752500000,Великобичківська,0.0,0.0,0.0,105759300.0,0.0,0.0,0.0,0.0,0.0,105759300.0,0.0
0752600000,Великодобронська,0.0,0.0,0.0,29795600.0,0.0,0.0,0.0,0.0,0.0,29795600.0,0.0
0752700000,Великолучківська,0.0,0.0,0.0,61098200.0,0.0,0.0,0.0,0.0,0.0,61098200.0,0.0
0752800000,Верхньокоропецька,0.0,0.0,0.0,22006000.0,0.0,0.0,0.0,0.0,0.0,22006000.0,0.0
0752900000,Вилоцька,0.0,0.0,0.0,36766400.0,0.0,0.0,0.0,0.0,0.0,36766400.0,0.0
0753000000,Виноградівська,0.0,0.0,0.0,180898300.0,0.0,0.0,0.0,0.0,0.0,180898300.0,0.0
0753100000,Вишківська,0.0,0.0,0.0,42948900.0,0.0,0.0,0.0,0.0,0.0,42948900.0,0.0
0753200000,Воловецька,0.0,0.0,0.0,31802900.0,0.0,0.0,0.0,0.0,0.0,31802900.0,0.0
0750100000,Вільховецька,0.0,0.0,0.0,48445300.0,0.0,0.0,0.0,0.0,0.0,48445300.0,0.0
0750900000,Горондівська,0.0,0.0,0.0,26284700.0,0.0,0.0,0.0,0.0,0.0,26284700.0,0.0
0753300000,Горінчівська,0.0,0.0,0.0,48817200.0,0.0,0.0,0.0,0.0,0.0,48817200.0,0.0
0751000000,Довжанська,0.0,0.0,0.0,58338200.0,0.0,0.0,0.0,0.0,0.0,58338200.0,0.0
0753400000,Драгівська,0.0,0.0,0.0,41093500.0,0.0,0.0,0.0,0.0,0.0,41093500.0,0.0
0753600000,Дубриницько-Малоберезнянська,0.0,0.0,0.0,24346000.0,0.0,0.0,0.0,0.0,0.0,24346000.0,0.0
0753500000,Дубівська,0.0,0.0,0.0,78643400.0,0.0,0.0,0.0,0.0,0.0,78643400.0,0.0
0753700000,Жденіївська,0.0,0.0,0.0,18904300.0,0.0,0.0,0.0,0.0,0.0,18904300.0,0.0
0751100000,Зарічанська,0.0,0.0,0.0,27078700.0,0.0,0.0,0.0,0.0,0.0,27078700.0,0.0
0751300000,Керецьківська,0.0,0.0,0.0,38672400.0,0.0,0.0,0.0,0.0,0.0,38672400.0,0.0
0753900000,Колочавська,0.0,0.0,0.0,49998500.0,0.0,0.0,0.0,0.0,0.0,49998500.0,0.0
0754000000,Кольчинська,0.0,0.0,0.0,24260800.0,0.0,0.0,0.0,0.0,0.0,24260800.0,0.0
0754100000,Королівська,0.0,0.0,0.0,47220200.0,0.0,0.0,0.0,0.0,0.0,47220200.0,0.0
0751400000,Косоньська,0.0,0.0,0.0,18068000.0,0.0,0.0,0.0,0.0,0.0,18068000.0,0.0
0754200000,Костринська,0.0,0.0,0.0,20700600.0,0.0,0.0,0.0,0.0,0.0,20700600.0,0.0
0750700000,Мукачівська,0.0,0.0,0.0,239423600.0,0.0,0.0,0.0,0.0,0.0,239423600.0,0.0
0754300000,Міжгірська,0.0,0.0,0.0,109008800.0,0.0,0.0,0.0,0.0,0.0,109008800.0,0.0
0754400000,Неліпинська,0.0,0.0,0.0,16704700.0,0.0,0.0,0.0,0.0,0.0,16704700.0,0.0
0754500000,Нересницька,0.0,0.0,0.0,118443100.0,0.0,0.0,0.0,0.0,0.0,118443100.0,0.0
0754600000,Нижньоворітська,0.0,0.0,0.0,41330900.0,0.0,0.0,0.0,0.0,0.0,41330900.0,0.0
0751500000,Оноківська,0.0,0.0,0.0,16189300.0,0.0,0.0,0.0,0.0,0.0,16189300.0,0.0
0750500000,Перечинська,0.0,0.0,0.0,32829100.0,0.0,0.0,0.0,0.0,0.0,32829100.0,0.0
0754700000,Пийтерфолвівська,0.0,0.0,0.0,48406000.0,0.0,0.0,0.0,0.0,0.0,48406000.0,0.0
0754800000,Пилипецька,0.0,0.0,0.0,29378100.0,0.0,0.0,0.0,0.0,0.0,29378100.0,0.0
0750300000,Полянська,0.0,0.0,0.0,40937600.0,0.0,0.0,0.0,0.0,0.0,40937600.0,0.0
0754900000,Рахівська,0.0,0.0,0.0,91880200.0,0.0,0.0,0.0,0.0,0.0,91880200.0,0.0
0755000000,Свалявська,0.0,0.0,0.0,76934200.0,0.0,0.0,0.0,0.0,0.0,76934200.0,0.0
0755100000,Середнянська,0.0,0.0,0.0,51277700.0,0.0,0.0,0.0,0.0,0.0,51277700.0,0.0
0755200000,Синевирська,0.0,0.0,0.0,32124000.0,0.0,0.0,0.0,0.0,0.0,32124000.0,0.0
0754000000,Солотвинська,0.0,0.0,0.0,24260800.0,0.0,0.0,0.0,0.0,0.0,24260800.0,0.0
0755400000,Ставненська,0.0,0.0,0.0,24895100.0,0.0,0.0,0.0,0.0,0.0,24895100.0,0.0
0755500000,Сюртівська,0.0,0.0,0.0,20818600.0,0.0,0.0,0.0,0.0,0.0,20818600.0,0.0
0755600000,Тересвянська,0.0,0.0,0.0,43907500.0,0.0,0.0,0.0,0.0,0.0,43907500.0,0.0
0755700000,Тур'є-Реметівська,0.0,0.0,0.0,73382500.0,0.0,0.0,0.0,0.0,0.0,73382500.0,0.0
0750200000,Тячівська,0.0,0.0,0.0,71403400.0,0.0,0.0,0.0,0.0,0.0,71403400.0,0.0
0755800000,Углянська,0.0,0.0,0.0,44615400.0,0.0,0.0,0.0,0.0,0.0,44615400.0,0.0
0755900000,Ужгородська,0.0,0.0,0.0,256728400.0,0.0,0.0,0.0,0.0,0.0,256728400.0,0.0
0756000000,Усть-Чорнянська,0.0,0.0,0.0,43235200.0,0.0,0.0,0.0,0.0,0.0,43235200.0,0.0
0751600000,Холмківська,0.0,0.0,0.0,33563400.0,0.0,0.0,0.0,0.0,0.0,33563400.0,0.0
0756100000,Хустська,0.0,0.0,0.0,250312100.0,0.0,0.0,0.0,0.0,0.0,250312100.0,0.0
0756200000,Чинадіївська,0.0,0.0,0.0,38515900.0,0.0,0.0,0.0,0.0,0.0,38515900.0,0.0
0756300000,Чопська,0.0,0.0,0.0,34445300.0,0.0,0.0,0.0,0.0,0.0,34445300.0,0.0
0756400000,Ясінянська,0.0,0.0,0.0,88868000.0,0.0,0.0,0.0,0.0,0.0,88868000.0,0.0
0854900000,Андрівська,0.0,0.0,0.0,0.0,0.0,0.0,0.0,0.0,0.0,0.0,0.0
0855700000,Андріївська,0.0,0.0,0.0,9666000.0,0.0,0.0,0.0,0.0,0.0,9666000.0,0.0
0854400000,Бердянська,0.0,0.0,0.0,155204500.0,0.0,0.0,0.0,0.0,0.0,155204500.0,0.0
0850100000,Берестівська,0.0,0.0,0.0,13645500.0,0.0,0.0,0.0,0.0,0.0,13645500.0,0.0
0853500000,Благовіщенська,0.0,0.0,0.0,10791700.0,0.0,0.0,0.0,0.0,0.0,10791700.0,0.0
0851000000,Біленьківська,0.0,0.0,0.0,25650200.0,0.0,0.0,0.0,0.0,0.0,25650200.0,0.0
0855800000,Василівська,0.0,0.0,0.0,47942400.0,0.0,0.0,0.0,0.0,0.0,47942400.0,0.0
0851900000,Великобілозерська,0.0,0.0,0.0,23684600.0,0.0,0.0,0.0,0.0,0.0,23684600.0,0.0
0850200000,Веселівська,0.0,0.0,0.0,34568700.0,0.0,0.0,0.0,0.0,0.0,34568700.0,0.0
0852400000,Водянська,0.0,0.0,0.0,0.0,0.0,0.0,0.0,0.0,0.0,0.0,0.0
0852900000,Воздвижівська,0.0,0.0,0.0,9837000.0,0.0,0.0,0.0,0.0,0.0,9837000.0,0.0
0850600000,Воскресенська,0.0,0.0,0.0,12587100.0,0.0,0.0,0.0,0.0,0.0,12587100.0,0.0
0855900000,Вільнянська,0.0,0.0,0.0,40816600.0,0.0,0.0,0.0,0.0,0.0,40816600.0,0.0
0852700000,Гаврилівська,0.0,0.0,0.0,9832700.0,0.0,0.0,0.0,0.0,0.0,9832700.0,0.0
0852100000,Гуляйпільська,0.0,0.0,0.0,40263600.0,0.0,0.0,0.0,0.0,0.0,40263600.0,0.0
0856000000,Дніпрорудненська,0.0,0.0,0.0,39124700.0,0.0,0.0,0.0,0.0,0.0,39124700.0,0.0
0854200000,Долинська,0.0,0.0,0.0,21516000.0,0.0,0.0,0.0,0.0,0.0,21516000.0,0.0
0856100000,Енергодарська,0.0,0.0,0.0,80991600.0,0.0,0.0,0.0,0.0,0.0,80991600.0,0.0
0856200000,Запорізька,0.0,387982414.0,0.0,1055399400.0,0.0,0.0,0.0,0.0,387982414.0,1055399400.0,0.0
0851700000,Кам'янсько-Дніпровська,0.0,0.0,0.0,3292000.0,0.0,0.0,0.0,0.0,0.0,3292000.0,0.0
0853200000,Кирилівська,0.0,0.0,0.0,15979900.0,0.0,0.0,0.0,0.0,0.0,15979900.0,0.0
0854100000,Коларівська,0.0,0.0,0.0,2077900.0,0.0,0.0,0.0,0.0,0.0,2077900.0,0.0
0850300000,Комиш-Зорянська,0.0,0.0,0.0,13456200.0,0.0,0.0,0.0,0.0,0.0,13456200.0,0.0
0850900000,Комишуваська,0.0,0.0,0.0,31030400.0,0.0,0.0,0.0,0.0,0.0,31030400.0,0.0
0856500000,Кушугумська,0.0,0.0,0.0,34947900.0,0.0,0.0,0.0,0.0,0.0,34947900.0,0.0
0855100000,Малинівська,0.0,0.0,0.0,7983400.0,0.0,0.0,0.0,0.0,0.0,7983400.0,0.0
0856600000,Малобілозерська,0.0,0.0,0.0,27063300.0,0.0,0.0,0.0,0.0,0.0,27063300.0,0.0
0851300000,Малотокмачанська,0.0,0.0,0.0,5142000.0,0.0,0.0,0.0,0.0,0.0,5142000.0,0.0
0856700000,Матвіївська,0.0,0.0,0.0,20121100.0,0.0,0.0,0.0,0.0,0.0,20121100.0,0.0
0856800000,Мелітопольська,0.0,0.0,0.0,219032800.0,0.0,0.0,0.0,0.0,0.0,219032800.0,0.0
0850500000,Мирненська,0.0,0.0,0.0,9255000.0,0.0,0.0,0.0,0.0,0.0,9255000.0,0.0
0856900000,Михайло-Лукашівська,0.0,0.0,0.0,14856100.0,0.0,0.0,0.0,0.0,0.0,14856100.0,0.0
0853700000,Михайлівська,0.0,0.0,0.0,36293000.0,0.0,0.0,0.0,0.0,0.0,36293000.0,0.0
0857000000,Молочанська,0.0,0.0,0.0,25298800.0,0.0,0.0,0.0,0.0,0.0,25298800.0,0.0
0855200000,Новенська,0.0,0.0,0.0,15321300.0,0.0,0.0,0.0,0.0,0.0,15321300.0,0.0
0853400000,Новобогданівська,0.0,0.0,0.0,13765300.0,0.0,0.0,0.0,0.0,0.0,13765300.0,0.0
0857100000,Нововасилівська,0.0,0.0,0.0,18364900.0,0.0,0.0,0.0,0.0,0.0,18364900.0,0.0
0857200000,Новомиколаївська,0.0,0.0,0.0,26757700.0,0.0,0.0,0.0,0.0,0.0,26757700.0,0.0
0854100000,Новоолександрівська,0.0,0.0,0.0,2077900.0,0.0,0.0,0.0,0.0,0.0,2077900.0,0.0
0852600000,Новоуспенівська,0.0,0.0,0.0,0.0,0.0,0.0,0.0,0.0,0.0,0.0,0.0
0854100000,Олександрівська,0.0,0.0,0.0,2077900.0,0.0,0.0,0.0,0.0,0.0,2077900.0,0.0
0851800000,Оріхівська,0.0,0.0,0.0,39808200.0,0.0,0.0,0.0,0.0,0.0,39808200.0,0.0
0851400000,Осипенківська,0.0,0.0,0.0,20928000.0,0.0,0.0,0.0,0.0,0.0,20928000.0,0.0
0852700000,Павлівська,0.0,0.0,0.0,9832700.0,0.0,0.0,0.0,0.0,0.0,9832700.0,0.0
0852800000,Петро-Михайлівська,0.0,0.0,0.0,14785900.0,0.0,0.0,0.0,0.0,0.0,14785900.0,0.0
0854700000,Пологівська,0.0,0.0,0.0,57803500.0,0.0,0.0,0.0,0.0,0.0,57803500.0,0.0
0850400000,Преображенська,0.0,0.0,0.0,11052700.0,0.0,0.0,0.0,0.0,0.0,11052700.0,0.0
0853100000,Приазовська,0.0,0.0,0.0,24472800.0,0.0,0.0,0.0,0.0,0.0,24472800.0,0.0
0850800000,Приморська,0.0,0.0,0.0,46702100.0,0.0,0.0,0.0,0.0,0.0,46702100.0,0.0
0853000000,Райхенфельдська,0.0,0.0,0.0,8662000.0,0.0,0.0,0.0,0.0,0.0,8662000.0,0.0
0854200000,Роздольська,0.0,0.0,0.0,21516000.0,0.0,0.0,0.0,0.0,0.0,21516000.0,0.0
0854800000,Розівська,0.0,0.0,0.0,17381800.0,0.0,0.0,0.0,0.0,0.0,17381800.0,0.0
0855400000,Семенівська,0.0,0.0,0.0,28478300.0,0.0,0.0,0.0,0.0,0.0,28478300.0,0.0
0850500000,Смирновська,0.0,0.0,0.0,9255000.0,0.0,0.0,0.0,0.0,0.0,9255000.0,0.0
0857300000,Степненська,0.0,0.0,0.0,14720800.0,0.0,0.0,0.0,0.0,0.0,14720800.0,0.0
0857400000,Степногірська,0.0,0.0,0.0,19684500.0,0.0,0.0,0.0,0.0,0.0,19684500.0,0.0
0851600000,Таврійська,0.0,0.0,0.0,9861600.0,0.0,0.0,0.0,0.0,0.0,9861600.0,0.0
0855500000,Тернуватська,0.0,0.0,0.0,8939900.0,0.0,0.0,0.0,0.0,0.0,8939900.0,0.0
0857500000,Терпіннівська,0.0,0.0,0.0,24837100.0,0.0,0.0,0.0,0.0,0.0,24837100.0,0.0
0857600000,Токмацька,0.0,0.0,0.0,60953800.0,0.0,0.0,0.0,0.0,0.0,60953800.0,0.0
0855600000,Федорівська,0.0,0.0,0.0,7916500.0,0.0,0.0,0.0,0.0,0.0,7916500.0,0.0
0852000000,Чернігівська,0.0,0.0,0.0,36559100.0,0.0,0.0,0.0,0.0,0.0,36559100.0,0.0
0852300000,Широківська,0.0,0.0,0.0,38317400.0,0.0,0.0,0.0,0.0,0.0,38317400.0,0.0
0853300000,Якимівська,0.0,0.0,0.0,59439600.0,0.0,0.0,0.0,0.0,0.0,59439600.0,0.0
0653300000,Ємільчинська,0.0,0.0,0.0,73824000.0,0.0,0.0,0.0,0.0,0.0,73824000.0,0.0
0650400000,Іршанська,0.0,0.0,0.0,19386200.0,0.0,0.0,0.0,0.0,0.0,19386200.0,0.0
0652200000,Андрушківська,0.0,0.0,0.0,12613600.0,0.0,0.0,0.0,0.0,0.0,12613600.0,0.0
0655700000,Андрушівська,0.0,0.0,0.0,55576300.0,0.0,0.0,0.0,0.0,0.0,55576300.0,0.0
0651100000,Баранівська,0.0,0.0,0.0,58708400.0,0.0,0.0,0.0,0.0,0.0,58708400.0,0.0
0652300000,Барашівська,0.0,0.0,0.0,20305700.0,0.0,0.0,0.0,0.0,0.0,20305700.0,0.0
0655800000,Бердичівська,0.0,0.0,0.0,139295900.0,0.0,0.0,0.0,0.0,0.0,139295900.0,0.0
0655800000,Березівська,0.0,0.0,0.0,139295900.0,0.0,0.0,0.0,0.0,0.0,139295900.0,0.0
0653500000,Брониківська,0.0,0.0,0.0,27183100.0,0.0,0.0,0.0,0.0,0.0,27183100.0,0.0
0651400000,Брусилівська,0.0,0.0,0.0,48486100.0,0.0,0.0,0.0,0.0,0.0,48486100.0,0.0
0652400000,Білокоровицька,0.0,0.0,0.0,14873000.0,0.0,0.0,0.0,0.0,0.0,14873000.0,0.0
0650100000,Високівська,0.0,0.0,0.0,8738300.0,0.0,0.0,0.0,0.0,0.0,8738300.0,0.0
0650200000,Вишевицька,0.0,0.0,0.0,9920300.0,0.0,0.0,0.0,0.0,0.0,9920300.0,0.0
0656000000,Волицька,0.0,0.0,0.0,15986200.0,0.0,0.0,0.0,0.0,0.0,15986200.0,0.0
0654700000,Вчорайшенська,0.0,0.0,0.0,15115300.0,0.0,0.0,0.0,0.0,0.0,15115300.0,0.0
0650400000,Вільшанська,0.0,0.0,0.0,19386200.0,0.0,0.0,0.0,0.0,0.0,19386200.0,0.0
0656100000,Гладковицька,0.0,0.0,0.0,9480300.0,0.0,0.0,0.0,0.0,0.0,9480300.0,0.0
0654400000,Глибочицька,0.0,0.0,0.0,25814200.0,0.0,0.0,0.0,0.0,0.0,25814200.0,0.0
0651500000,Городницька,0.0,0.0,0.0,19332200.0,0.0,0.0,0.0,0.0,0.0,19332200.0,0.0
0656200000,Городоцька,0.0,0.0,0.0,7263900.0,0.0,0.0,0.0,0.0,0.0,7263900.0,0.0
0652600000,Горщиківська,0.0,0.0,0.0,9419000.0,0.0,0.0,0.0,0.0,0.0,9419000.0,0.0
0654800000,Гришковецька,0.0,0.0,0.0,25534600.0,0.0,0.0,0.0,0.0,0.0,25534600.0,0.0
0651600000,Довбиська,0.0,0.0,0.0,19669500.0,0.0,0.0,0.0,0.0,0.0,19669500.0,0.0
0650300000,Дубрівська,0.0,0.0,0.0,11914300.0,0.0,0.0,0.0,0.0,0.0,11914300.0,0.0
0655200000,Житомирська,0.0,0.0,0.0,520790300.0,0.0,0.0,0.0,0.0,0.0,520790300.0,0.0
0655300000,Звягельська,0.0,0.0,0.0,120654900.0,0.0,0.0,0.0,0.0,0.0,120654900.0,0.0
0652700000,Квітнева,0.0,0.0,0.0,13944000.0,0.0,0.0,0.0,0.0,0.0,13944000.0,0.0
0651000000,Корнинська,0.0,0.0,0.0,14493300.0,0.0,0.0,0.0,0.0,0.0,14493300.0,0.0
0656300000,Коростенська,0.0,0.0,0.0,156313000.0,0.0,0.0,0.0,0.0,0.0,156313000.0,0.0
0651200000,Коростишівська,0.0,0.0,0.0,72622300.0,0.0,0.0,0.0,0.0,0.0,72622300.0,0.0
0652800000,Краснопільська,0.0,0.0,0.0,18200400.0,0.0,0.0,0.0,0.0,0.0,18200400.0,0.0
0653900000,Курненська,0.0,0.0,0.0,29733800.0,0.0,0.0,0.0,0.0,0.0,29733800.0,0.0
0651700000,Лугинська,0.0,0.0,0.0,42861500.0,0.0,0.0,0.0,0.0,0.0,42861500.0,0.0
0653400000,Любарська,0.0,0.0,0.0,71317900.0,0.0,0.0,0.0,0.0,0.0,71317900.0,0.0
0656400000,Малинська,0.0,0.0,0.0,94326400.0,0.0,0.0,0.0,0.0,0.0,94326400.0,0.0
0651800000,Миропільська,0.0,0.0,0.0,20443100.0,0.0,0.0,0.0,0.0,0.0,20443100.0,0.0
0650500000,Народицька,0.0,0.0,0.0,27809700.0,0.0,0.0,0.0,0.0,0.0,27809700.0,0.0
0650600000,Новоборівська,0.0,0.0,0.0,20390000.0,0.0,0.0,0.0,0.0,0.0,20390000.0,0.0
0656500000,Новогуйвинська,0.0,0.0,0.0,49933900.0,0.0,0.0,0.0,0.0,0.0,49933900.0,0.0
0653800000,Овруцька,0.0,0.0,0.0,97797300.0,0.0,0.0,0.0,0.0,0.0,97797300.0,0.0
0651300000,Олевська,0.0,0.0,0.0,137075500.0,0.0,0.0,0.0,0.0,0.0,137075500.0,0.0
0654500000,Оліївська,0.0,0.0,0.0,23735900.0,0.0,0.0,0.0,0.0,0.0,23735900.0,0.0
0651900000,Попільнянська,0.0,0.0,0.0,40957600.0,0.0,0.0,0.0,0.0,0.0,40957600.0,0.0
0650700000,Потіївська,0.0,0.0,0.0,9718300.0,0.0,0.0,0.0,0.0,0.0,9718300.0,0.0
0654200000,Пулинська,0.0,0.0,0.0,43738400.0,0.0,0.0,0.0,0.0,0.0,43738400.0,0.0
0653600000,Піщівська,0.0,0.0,0.0,11767400.0,0.0,0.0,0.0,0.0,0.0,11767400.0,0.0
0654300000,Радомишльська,0.0,0.0,0.0,65315600.0,0.0,0.0,0.0,0.0,0.0,65315600.0,0.0
0654900000,Райгородоцька,0.0,0.0,0.0,27310200.0,0.0,0.0,0.0,0.0,0.0,27310200.0,0.0
0656600000,Романівська,0.0,0.0,0.0,56196600.0,0.0,0.0,0.0,0.0,0.0,56196600.0,0.0
0656700000,Ружинська,0.0,0.0,0.0,56430500.0,0.0,0.0,0.0,0.0,0.0,56430500.0,0.0
0656600000,Семенівська,0.0,0.0,0.0,56196600.0,0.0,0.0,0.0,0.0,0.0,56196600.0,0.0
0653700000,Словечанська,0.0,0.0,0.0,41228700.0,0.0,0.0,0.0,0.0,0.0,41228700.0,0.0
0653000000,Станишівська,0.0,0.0,0.0,35422600.0,0.0,0.0,0.0,0.0,0.0,35422600.0,0.0
0655600000,Старосілецька,0.0,0.0,0.0,19240300.0,0.0,0.0,0.0,0.0,0.0,19240300.0,0.0
0655400000,Стриївська,0.0,0.0,0.0,18717300.0,0.0,0.0,0.0,0.0,0.0,18717300.0,0.0
0650800000,Тетерівська,0.0,0.0,0.0,23030700.0,0.0,0.0,0.0,0.0,0.0,23030700.0,0.0
0653100000,Ушомирська,0.0,0.0,0.0,39168300.0,0.0,0.0,0.0,0.0,0.0,39168300.0,0.0
0655500000,Харитонівська,0.0,0.0,0.0,5747800.0,0.0,0.0,0.0,0.0,0.0,5747800.0,0.0
0652000000,Хорошівська,0.0,0.0,0.0,52840500.0,0.0,0.0,0.0,0.0,0.0,52840500.0,0.0
0650900000,Червоненська,0.0,0.0,0.0,14803600.0,0.0,0.0,0.0,0.0,0.0,14803600.0,0.0
0656800000,Черняхівська,0.0,0.0,0.0,52460300.0,0.0,0.0,0.0,0.0,0.0,52460300.0,0.0
0653200000,Чижівська,0.0,0.0,0.0,24764400.0,0.0,0.0,0.0,0.0,0.0,24764400.0,0.0
0652100000,Чоповицька,0.0,0.0,0.0,17514800.0,0.0,0.0,0.0,0.0,0.0,17514800.0,0.0
0655000000,Чуднівська,0.0,0.0,0.0,48634300.0,0.0,0.0,0.0,0.0,0.0,48634300.0,0.0
0655100000,Швайківська,0.0,0.0,0.0,13397700.0,0.0,0.0,0.0,0.0,0.0,13397700.0,0.0
0656900000,Ярунська,0.0,0.0,0.0,28475100.0,0.0,0.0,0.0,0.0,0.0,28475100.0,0.0
