Айді громади,Назва громади,[41031200] На забезпечення нагальних потреб функціонування держави в умовах воєнного стану,[41034700] На ліквідацію наслідків збройної агресії,[41036100] На житло для сімей ветеранів війни та інвалідів внаслідок війни,"[41036800] Проект ""Ремонт житла для відновлення (HOPE)""",[41033900] Освітня субвенція (зарплати),"[41036000] ""Нова українська школа""",[41032800] Облаштування безпечних умов (укриттів) у школах,[41031900] Шкільні автобуси,[41033300] Забезпечення харчуванням учнів,[41033000] Підтримка окремих закладів у системі охорони здоров'я,"[41037500] Інвестиційні проекти у сфері охорони здоров'я (реабілітації, ремонти)",[41036500] Облаштування безпечних умов (укриттів) у закладах охорони здоров'я,Сума Війна та відновлення,Сума Освіта,Сума Охорона здоров'я
2350200000,Єрківська,0.0,0.0,0.0,0.0,12638700.0,0.0,0.0,0.0,0.0,0.0,0.0,0.0,0.0,12638700.0,0.0
2351900000,Іваньківська,0.0,0.0,0.0,0.0,10824800.0,0.0,0.0,0.0,0.0,0.0,0.0,0.0,0.0,10824800.0,0.0
2352200000,Іркліївська,0.0,0.0,0.0,0.0,53152500.0,0.0,0.0,0.0,0.0,0.0,0.0,0.0,0.0,53152500.0,0.0
2355800000,Бабанська,0.0,0.0,0.0,0.0,16886300.0,0.0,0.0,0.0,0.0,0.0,0.0,0.0,0.0,16886300.0,0.0
2356000000,Багачевська,0.0,0.0,0.0,0.0,42183100.0,0.0,0.0,0.0,0.0,0.0,0.0,0.0,0.0,42183100.0,0.0
2352700000,Балаклеївська,0.0,0.0,0.0,0.0,24543700.0,0.0,0.0,0.0,0.0,0.0,0.0,0.0,0.0,24543700.0,0.0
2355600000,Баштечківська,0.0,0.0,0.0,0.0,12920100.0,0.0,0.0,0.0,0.0,0.0,0.0,0.0,0.0,12920100.0,0.0
2352900000,Березняківська,0.0,0.0,0.0,0.0,16104900.0,0.0,0.0,0.0,0.0,0.0,0.0,0.0,0.0,16104900.0,0.0
2353000000,Бобрицька,0.0,0.0,0.0,0.0,14571400.0,0.0,0.0,0.0,0.0,0.0,0.0,0.0,0.0,14571400.0,0.0
2355900000,Будищенська,0.0,0.0,0.0,0.0,13878100.0,0.0,0.0,0.0,0.0,0.0,0.0,0.0,0.0,13878100.0,0.0
2353100000,Бужанська,0.0,0.0,0.0,0.0,12366800.0,0.0,0.0,0.0,0.0,0.0,0.0,0.0,0.0,12366800.0,0.0
2352600000,Буцька,0.0,0.0,0.0,0.0,15046000.0,0.0,0.0,0.0,0.0,0.0,0.0,0.0,0.0,15046000.0,0.0
2350100000,Білозірська,0.0,0.0,0.0,0.0,25702600.0,0.0,0.0,0.0,0.0,0.0,0.0,0.0,0.0,25702600.0,0.0
2353200000,Великохутірська,0.0,0.0,0.0,0.0,9382900.0,0.0,0.0,0.0,0.0,0.0,0.0,0.0,0.0,9382900.0,0.0
2355700000,Виноградська,0.0,0.0,0.0,0.0,13213600.0,0.0,0.0,0.0,0.0,0.0,0.0,0.0,0.0,13213600.0,0.0
2353400000,Водяницька,0.0,0.0,0.0,0.0,18450600.0,0.0,0.0,0.0,0.0,0.0,0.0,0.0,0.0,18450600.0,0.0
2356100000,Вознесенська,0.0,0.0,0.0,0.0,15103400.0,0.0,0.0,0.0,0.0,0.0,0.0,0.0,0.0,15103400.0,0.0
2353300000,Вільшанська,0.0,0.0,0.0,0.0,18764700.0,0.0,0.0,0.0,0.0,0.0,0.0,0.0,0.0,18764700.0,0.0
2356200000,Гельмязівська,0.0,0.0,0.0,0.0,27285300.0,0.0,0.0,0.0,0.0,0.0,0.0,0.0,0.0,27285300.0,0.0
2356300000,Городищенська,0.0,0.0,0.0,0.0,54718000.0,0.0,0.0,0.0,0.0,0.0,0.0,0.0,0.0,54718000.0,0.0
2353500000,Дмитрушківська,0.0,0.0,0.0,0.0,38923400.0,0.0,0.0,0.0,0.0,0.0,0.0,0.0,0.0,38923400.0,0.0
2355500000,Драбівська,0.0,0.0,0.0,0.0,39720400.0,0.0,0.0,0.0,0.0,0.0,0.0,0.0,0.0,39720400.0,0.0
2351400000,Жашківська,0.0,0.0,0.0,0.0,90701000.0,0.0,0.0,0.0,0.0,0.0,0.0,0.0,0.0,90701000.0,0.0
2356400000,Звенигородська,0.0,0.0,0.0,0.0,69345000.0,0.0,0.0,0.0,0.0,0.0,0.0,0.0,0.0,69345000.0,0.0
2356500000,Золотоніська,0.0,0.0,0.0,0.0,86773200.0,0.0,0.0,0.0,0.0,0.0,0.0,0.0,0.0,86773200.0,0.0
2352400000,Зорівська,0.0,0.0,0.0,0.0,10377100.0,0.0,0.0,0.0,0.0,0.0,0.0,0.0,0.0,10377100.0,0.0
2356600000,Калинопільська,0.0,0.0,0.0,0.0,37347900.0,0.0,0.0,0.0,0.0,0.0,0.0,0.0,0.0,37347900.0,0.0
2351500000,Кам'янська,0.0,0.0,0.0,0.0,48911300.0,0.0,0.0,0.0,0.0,0.0,0.0,0.0,0.0,48911300.0,0.0
2355400000,Канівська,0.0,0.0,0.0,0.0,56712300.0,0.0,0.0,0.0,0.0,0.0,0.0,0.0,0.0,56712300.0,0.0
2356700000,Корсунь-Шевченківська,0.0,0.0,0.0,0.0,46793300.0,0.0,0.0,0.0,0.0,0.0,0.0,0.0,0.0,46793300.0,0.0
2353600000,Ладижинська,0.0,0.0,0.0,0.0,25263600.0,0.0,0.0,0.0,0.0,0.0,0.0,0.0,0.0,25263600.0,0.0
2353800000,Леськівська,0.0,0.0,0.0,0.0,27194500.0,0.0,0.0,0.0,0.0,0.0,0.0,0.0,0.0,27194500.0,0.0
2353900000,Лип'янська,0.0,0.0,0.0,0.0,8765400.0,0.0,0.0,0.0,0.0,0.0,0.0,0.0,0.0,8765400.0,0.0
2354000000,Лисянська,0.0,0.0,0.0,0.0,38472200.0,0.0,0.0,0.0,0.0,0.0,0.0,0.0,0.0,38472200.0,0.0
2351600000,Ліплявська,0.0,0.0,0.0,0.0,12568300.0,0.0,0.0,0.0,0.0,0.0,0.0,0.0,0.0,12568300.0,0.0
2356800000,Маньківська,0.0,0.0,0.0,0.0,55167600.0,0.0,0.0,0.0,0.0,0.0,0.0,0.0,0.0,55167600.0,0.0
2352300000,Матусівська,0.0,0.0,0.0,0.0,9975100.0,0.0,0.0,0.0,0.0,0.0,0.0,0.0,0.0,9975100.0,0.0
2354200000,Медведівська,0.0,0.0,0.0,0.0,11096600.0,0.0,0.0,0.0,0.0,0.0,0.0,0.0,0.0,11096600.0,0.0
2352500000,Михайлівська,0.0,0.0,0.0,0.0,19984900.0,0.0,0.0,0.0,0.0,0.0,0.0,0.0,0.0,19984900.0,0.0
2351100000,Мліївська,0.0,0.0,0.0,0.0,15926500.0,0.0,0.0,0.0,0.0,0.0,0.0,0.0,0.0,15926500.0,0.0
2350300000,Мокрокалигірська,0.0,0.0,0.0,0.0,12917300.0,0.0,0.0,0.0,0.0,0.0,0.0,0.0,0.0,12917300.0,0.0
2356900000,Монастирищенська,0.0,0.0,0.0,0.0,93467500.0,0.0,0.0,0.0,0.0,0.0,0.0,0.0,0.0,93467500.0,0.0
2357000000,Мошнівська,0.0,0.0,0.0,0.0,40059500.0,0.0,0.0,0.0,0.0,0.0,0.0,0.0,0.0,40059500.0,0.0
2350600000,Набутівська,0.0,0.0,0.0,0.0,12398100.0,0.0,0.0,0.0,0.0,0.0,0.0,0.0,0.0,12398100.0,0.0
2357100000,Новодмитрівська,0.0,0.0,0.0,0.0,30858500.0,0.0,0.0,0.0,0.0,0.0,0.0,0.0,0.0,30858500.0,0.0
2352000000,Паланська,0.0,0.0,0.0,0.0,49607800.0,0.0,0.0,0.0,0.0,0.0,0.0,0.0,0.0,49607800.0,0.0
2357200000,Піщанська,0.0,0.0,0.0,0.0,19649500.0,0.0,0.0,0.0,0.0,0.0,0.0,0.0,0.0,19649500.0,0.0
2350800000,Ротмістрівська,0.0,0.0,0.0,0.0,24135100.0,0.0,0.0,0.0,0.0,0.0,0.0,0.0,0.0,24135100.0,0.0
2354600000,Руськополянська,0.0,0.0,0.0,0.0,42998400.0,0.0,0.0,0.0,0.0,0.0,0.0,0.0,0.0,42998400.0,0.0
2354700000,Сагунівська,0.0,0.0,0.0,0.0,14321500.0,0.0,0.0,0.0,0.0,0.0,0.0,0.0,0.0,14321500.0,0.0
2350700000,Селищенська,0.0,0.0,0.0,0.0,11791500.0,0.0,0.0,0.0,0.0,0.0,0.0,0.0,0.0,11791500.0,0.0
2355100000,Слобідська,0.0,0.0,0.0,0.0,42900200.0,0.0,0.0,0.0,0.0,0.0,0.0,0.0,0.0,42900200.0,0.0
2357300000,Смілянська,0.0,0.0,0.0,0.0,122066800.0,0.0,0.0,0.0,0.0,0.0,0.0,0.0,0.0,122066800.0,0.0
2350500000,Стеблівська,0.0,0.0,0.0,0.0,18790900.0,0.0,0.0,0.0,0.0,0.0,0.0,0.0,0.0,18790900.0,0.0
2351000000,Степанецька,0.0,0.0,0.0,0.0,23258500.0,0.0,0.0,0.0,0.0,0.0,0.0,0.0,0.0,23258500.0,0.0
2352100000,Степанківська,0.0,0.0,0.0,0.0,18748700.0,0.0,0.0,0.0,0.0,0.0,0.0,0.0,0.0,18748700.0,0.0
2350400000,Тальнівська,0.0,0.0,0.0,0.0,84319100.0,0.0,0.0,0.0,0.0,0.0,0.0,0.0,0.0,84319100.0,0.0
2354900000,Тернівська,0.0,0.0,0.0,0.0,9446100.0,0.0,0.0,0.0,0.0,0.0,0.0,0.0,0.0,9446100.0,0.0
2357400000,Уманська,0.0,0.0,0.0,0.0,161913000.0,0.0,0.0,0.0,0.0,0.0,0.0,0.0,0.0,161913000.0,0.0
2357500000,Христинівська,0.0,0.0,0.0,0.0,92909500.0,0.0,0.0,0.0,0.0,0.0,0.0,0.0,0.0,92909500.0,0.0
2357600000,Черкаська,0.0,0.0,0.0,0.0,522061000.0,0.0,0.0,0.0,0.0,0.0,0.0,0.0,0.0,522061000.0,0.0
2355200000,Чигиринська,0.0,0.0,0.0,0.0,58480500.0,0.0,0.0,0.0,0.0,0.0,0.0,0.0,0.0,58480500.0,0.0
2357700000,Чорнобаївська,0.0,0.0,0.0,0.0,61454500.0,0.0,0.0,0.0,0.0,0.0,0.0,0.0,0.0,61454500.0,0.0
2355300000,Шевченківська,0.0,0.0,0.0,0.0,8914600.0,0.0,0.0,0.0,0.0,0.0,0.0,0.0,0.0,8914600.0,0.0
2350900000,Шполянська,0.0,0.0,0.0,0.0,98492500.0,0.0,0.0,0.0,0.0,0.0,0.0,0.0,0.0,98492500.0,0.0
2357800000,Шрамківська,0.0,0.0,0.0,0.0,32440700.0,0.0,0.0,0.0,0.0,0.0,0.0,0.0,0.0,32440700.0,0.0
2551500000,Іванівська,0.0,0.0,0.0,0.0,21606200.0,0.0,0.0,0.0,0.0,0.0,0.0,0.0,0.0,21606200.0,0.0
2552400000,Ічнянська,0.0,0.0,0.0,0.0,57512100.0,0.0,0.0,0.0,0.0,0.0,0.0,0.0,0.0,57512100.0,0.0
2550600000,Батуринська,0.0,0.0,0.0,0.0,21305600.0,0.0,0.0,0.0,0.0,0.0,0.0,0.0,0.0,21305600.0,0.0
2555100000,Бахмацька,0.0,0.0,0.0,0.0,79663800.0,0.0,0.0,0.0,0.0,0.0,0.0,0.0,0.0,79663800.0,0.0
2555200000,Березнянська,0.0,0.0,0.0,0.0,18457500.0,0.0,0.0,0.0,0.0,0.0,0.0,0.0,0.0,18457500.0,0.0
2552100000,Бобровицька,0.0,0.0,0.0,0.0,78673400.0,0.0,0.0,0.0,0.0,0.0,0.0,0.0,0.0,78673400.0,0.0
2554000000,Борзнянська,0.0,0.0,0.0,0.0,34029000.0,0.0,0.0,0.0,0.0,0.0,0.0,0.0,0.0,34029000.0,0.0
2553500000,Варвинська,0.0,0.0,0.0,0.0,45044900.0,0.0,0.0,0.0,0.0,0.0,0.0,0.0,0.0,45044900.0,0.0
2550100000,Вертіївська,0.0,0.0,0.0,0.0,20478700.0,0.0,0.0,0.0,0.0,0.0,0.0,0.0,0.0,20478700.0,0.0
2553400000,Височанська,0.0,0.0,0.0,0.0,13353500.0,0.0,0.0,0.0,0.0,0.0,0.0,0.0,0.0,13353500.0,0.0
2551100000,Гончарівська,0.0,0.0,0.0,0.0,12825700.0,0.0,0.0,0.0,0.0,0.0,0.0,0.0,0.0,12825700.0,0.0
2553600000,Городнянська,0.0,0.0,0.0,0.0,53601200.0,0.0,0.0,0.0,0.0,0.0,0.0,0.0,0.0,53601200.0,0.0
2550200000,Деснянська,0.0,0.0,0.0,0.0,26727900.0,0.0,0.0,0.0,0.0,0.0,0.0,0.0,0.0,26727900.0,0.0
2555300000,Дмитрівська,0.0,0.0,0.0,0.0,12439500.0,0.0,0.0,0.0,0.0,0.0,0.0,0.0,0.0,12439500.0,0.0
2554600000,Добрянська,0.0,0.0,0.0,0.0,15058800.0,0.0,0.0,0.0,0.0,0.0,0.0,0.0,0.0,15058800.0,0.0
2554700000,Киселівська,0.0,0.0,0.0,0.0,13766800.0,0.0,0.0,0.0,0.0,0.0,0.0,0.0,0.0,13766800.0,0.0
2554200000,Киїнська,0.0,0.0,0.0,0.0,19166600.0,0.0,0.0,0.0,0.0,0.0,0.0,0.0,0.0,19166600.0,0.0
2551800000,Козелецька,0.0,0.0,0.0,0.0,57561600.0,0.0,0.0,0.0,0.0,0.0,0.0,0.0,0.0,57561600.0,0.0
2551900000,Комарівська,0.0,0.0,0.0,0.0,14639400.0,0.0,0.0,0.0,0.0,0.0,0.0,0.0,0.0,14639400.0,0.0
2551200000,Коропська,0.0,0.0,0.0,0.0,45949500.0,0.0,0.0,0.0,0.0,0.0,0.0,0.0,0.0,45949500.0,0.0
2550700000,Корюківська,0.0,0.0,0.0,0.0,61725900.0,0.0,0.0,0.0,0.0,0.0,0.0,0.0,0.0,61725900.0,0.0
2555400000,Крутівська,0.0,0.0,0.0,0.0,11386600.0,0.0,0.0,0.0,0.0,0.0,0.0,0.0,0.0,11386600.0,0.0
2552500000,Куликівська,0.0,0.0,0.0,0.0,43540700.0,0.0,0.0,0.0,0.0,0.0,0.0,0.0,0.0,43540700.0,0.0
2550300000,Кіптівська,0.0,0.0,0.0,0.0,15642300.0,0.0,0.0,0.0,0.0,0.0,0.0,0.0,0.0,15642300.0,0.0
2555500000,Ладанська,0.0,0.0,0.0,0.0,15308200.0,0.0,0.0,0.0,0.0,0.0,0.0,0.0,0.0,15308200.0,0.0
2553700000,Линовицька,0.0,0.0,0.0,0.0,13664600.0,0.0,0.0,0.0,0.0,0.0,0.0,0.0,0.0,13664600.0,0.0
2551300000,Лосинівська,0.0,0.0,0.0,0.0,21133100.0,0.0,0.0,0.0,0.0,0.0,0.0,0.0,0.0,21133100.0,0.0
2552700000,Любецька,0.0,0.0,0.0,0.0,13792300.0,0.0,0.0,0.0,0.0,0.0,0.0,0.0,0.0,13792300.0,0.0
2550400000,Макіївська,0.0,0.0,0.0,0.0,12503200.0,0.0,0.0,0.0,0.0,0.0,0.0,0.0,0.0,12503200.0,0.0
2552600000,Малодівицька,0.0,0.0,0.0,0.0,10971400.0,0.0,0.0,0.0,0.0,0.0,0.0,0.0,0.0,10971400.0,0.0
2551700000,Менська,0.0,0.0,0.0,0.0,73985500.0,0.0,0.0,0.0,0.0,0.0,0.0,0.0,0.0,73985500.0,0.0
2551400000,Михайло-Коцюбинська,0.0,0.0,0.0,0.0,35082300.0,0.0,0.0,0.0,0.0,0.0,0.0,0.0,0.0,35082300.0,0.0
2551600000,Мринська,0.0,0.0,0.0,0.0,14622100.0,0.0,0.0,0.0,0.0,0.0,0.0,0.0,0.0,14622100.0,0.0
2553900000,Новгород-Сіверська,0.0,0.0,0.0,0.0,60520800.0,0.0,0.0,0.0,0.0,0.0,0.0,0.0,0.0,60520800.0,0.0
2552000000,Новобасанська,0.0,0.0,0.0,0.0,19769000.0,0.0,0.0,0.0,0.0,0.0,0.0,0.0,0.0,19769000.0,0.0
2554100000,Новобілоуська,0.0,0.0,0.0,0.0,44454400.0,0.0,0.0,0.0,0.0,0.0,0.0,0.0,0.0,44454400.0,0.0
2550800000,Носівська,0.0,0.0,0.0,0.0,63497300.0,0.0,0.0,0.0,0.0,0.0,0.0,0.0,0.0,63497300.0,0.0
2553800000,Ніжинська,0.0,0.0,0.0,0.0,130526500.0,0.0,0.0,0.0,0.0,0.0,0.0,0.0,0.0,130526500.0,0.0
2553300000,Олишівська,0.0,0.0,0.0,0.0,6634800.0,0.0,0.0,0.0,0.0,0.0,0.0,0.0,0.0,6634800.0,0.0
2550900000,Остерська,0.0,0.0,0.0,0.0,23872300.0,0.0,0.0,0.0,0.0,0.0,0.0,0.0,0.0,23872300.0,0.0
2550500000,Парафіївська,0.0,0.0,0.0,0.0,21018900.0,0.0,0.0,0.0,0.0,0.0,0.0,0.0,0.0,21018900.0,0.0
2552200000,Плисківська,0.0,0.0,0.0,0.0,9102200.0,0.0,0.0,0.0,0.0,0.0,0.0,0.0,0.0,9102200.0,0.0
2554800000,Понорницька,0.0,0.0,0.0,0.0,20833600.0,0.0,0.0,0.0,0.0,0.0,0.0,0.0,0.0,20833600.0,0.0
2555600000,Прилуцька,0.0,0.0,0.0,0.0,98218800.0,0.0,0.0,0.0,0.0,0.0,0.0,0.0,0.0,98218800.0,0.0
2555700000,Ріпкинська,0.0,0.0,0.0,0.0,33406900.0,0.0,0.0,0.0,0.0,0.0,0.0,0.0,0.0,33406900.0,0.0
2555800000,Седнівська,0.0,0.0,0.0,0.0,5854500.0,0.0,0.0,0.0,0.0,0.0,0.0,0.0,0.0,5854500.0,0.0
2552800000,Семенівська,0.0,0.0,0.0,0.0,50486000.0,0.0,0.0,0.0,0.0,0.0,0.0,0.0,0.0,50486000.0,0.0
2551000000,Сновська,0.0,0.0,0.0,0.0,64131200.0,0.0,0.0,0.0,0.0,0.0,0.0,0.0,0.0,64131200.0,0.0
2552900000,Сосницька,0.0,0.0,0.0,0.0,38135800.0,0.0,0.0,0.0,0.0,0.0,0.0,0.0,0.0,38135800.0,0.0
2553000000,Срібнянська,0.0,0.0,0.0,0.0,29168200.0,0.0,0.0,0.0,0.0,0.0,0.0,0.0,0.0,29168200.0,0.0
2554900000,Сухополов'янська,0.0,0.0,0.0,0.0,33531000.0,0.0,0.0,0.0,0.0,0.0,0.0,0.0,0.0,33531000.0,0.0
2555000000,Талалаївська,0.0,0.0,0.0,0.0,16590700.0,0.0,0.0,0.0,0.0,0.0,0.0,0.0,0.0,16590700.0,0.0
2552300000,Тупичівська,0.0,0.0,0.0,0.0,13742800.0,0.0,0.0,0.0,0.0,0.0,0.0,0.0,0.0,13742800.0,0.0
2553200000,Холминська,0.0,0.0,0.0,0.0,12655200.0,0.0,0.0,0.0,0.0,0.0,0.0,0.0,0.0,12655200.0,0.0
2555900000,Чернігівська,0.0,0.0,0.0,0.0,563877400.0,0.0,0.0,0.0,0.0,0.0,0.0,0.0,0.0,563877400.0,0.0
2556000000,Яблунівська,0.0,0.0,0.0,0.0,8692000.0,0.0,0.0,0.0,0.0,0.0,0.0,0.0,0.0,8692000.0,0.0
2453800000,Банилівська,0.0,0.0,0.0,0.0,32868400.0,0.0,0.0,0.0,0.0,0.0,0.0,0.0,0.0,32868400.0,0.0
2453900000,Берегометська,0.0,0.0,0.0,0.0,79619400.0,0.0,0.0,0.0,0.0,0.0,0.0,0.0,0.0,79619400.0,0.0
2454000000,Боянська,0.0,0.0,0.0,0.0,23549900.0,0.0,0.0,0.0,0.0,0.0,0.0,0.0,0.0,23549900.0,0.0
2454100000,Брусницька,0.0,0.0,0.0,0.0,32950000.0,0.0,0.0,0.0,0.0,0.0,0.0,0.0,0.0,32950000.0,0.0
2453400000,Ванчиковецька,0.0,0.0,0.0,0.0,34880300.0,0.0,0.0,0.0,0.0,0.0,0.0,0.0,0.0,34880300.0,0.0
2450100000,Вашковецька,0.0,0.0,0.0,0.0,17856100.0,0.0,0.0,0.0,0.0,0.0,0.0,0.0,0.0,17856100.0,0.0
2451100000,Вашківецька,0.0,0.0,0.0,0.0,45001000.0,0.0,0.0,0.0,0.0,0.0,0.0,0.0,0.0,45001000.0,0.0
2450200000,Великокучурівська,0.0,0.0,0.0,0.0,42889700.0,0.0,0.0,0.0,0.0,0.0,0.0,0.0,0.0,42889700.0,0.0
2454200000,Веренчанська,0.0,0.0,0.0,0.0,27052200.0,0.0,0.0,0.0,0.0,0.0,0.0,0.0,0.0,27052200.0,0.0
2451200000,Вижницька,0.0,0.0,0.0,0.0,74637700.0,0.0,0.0,0.0,0.0,0.0,0.0,0.0,0.0,74637700.0,0.0
2450300000,Волоківська,0.0,0.0,0.0,0.0,17471300.0,0.0,0.0,0.0,0.0,0.0,0.0,0.0,0.0,17471300.0,0.0
2452300000,Вікнянська,0.0,0.0,0.0,0.0,17875400.0,0.0,0.0,0.0,0.0,0.0,0.0,0.0,0.0,17875400.0,0.0
2452700000,Герцаївська,0.0,0.0,0.0,0.0,71058600.0,0.0,0.0,0.0,0.0,0.0,0.0,0.0,0.0,71058600.0,0.0
2450400000,Глибоцька,0.0,0.0,0.0,0.0,65851800.0,0.0,0.0,0.0,0.0,0.0,0.0,0.0,0.0,65851800.0,0.0
2454300000,Горішньошеровецька,0.0,0.0,0.0,0.0,22681900.0,0.0,0.0,0.0,0.0,0.0,0.0,0.0,0.0,22681900.0,0.0
2452800000,Заставнівська,0.0,0.0,0.0,0.0,27041900.0,0.0,0.0,0.0,0.0,0.0,0.0,0.0,0.0,27041900.0,0.0
2453700000,Кадубовецька,0.0,0.0,0.0,0.0,31891200.0,0.0,0.0,0.0,0.0,0.0,0.0,0.0,0.0,31891200.0,0.0
2454400000,Кам'янецька,0.0,0.0,0.0,0.0,41586400.0,0.0,0.0,0.0,0.0,0.0,0.0,0.0,0.0,41586400.0,0.0
2454500000,Кам'янська,0.0,0.0,0.0,0.0,35595200.0,0.0,0.0,0.0,0.0,0.0,0.0,0.0,0.0,35595200.0,0.0
2453500000,Карапчівська,0.0,0.0,0.0,0.0,15577000.0,0.0,0.0,0.0,0.0,0.0,0.0,0.0,0.0,15577000.0,0.0
2454600000,Кельменецька,0.0,0.0,0.0,0.0,94278500.0,0.0,0.0,0.0,0.0,0.0,0.0,0.0,0.0,94278500.0,0.0
2450500000,Клішковецька,0.0,0.0,0.0,0.0,52962700.0,0.0,0.0,0.0,0.0,0.0,0.0,0.0,0.0,52962700.0,0.0
2451700000,Конятинська,0.0,0.0,0.0,0.0,30762200.0,0.0,0.0,0.0,0.0,0.0,0.0,0.0,0.0,30762200.0,0.0
2452500000,Кострижівська,0.0,0.0,0.0,0.0,10353700.0,0.0,0.0,0.0,0.0,0.0,0.0,0.0,0.0,10353700.0,0.0
2451400000,Красноїльська,0.0,0.0,0.0,0.0,37222400.0,0.0,0.0,0.0,0.0,0.0,0.0,0.0,0.0,37222400.0,0.0
2452100000,Кіцманська,0.0,0.0,0.0,0.0,61940800.0,0.0,0.0,0.0,0.0,0.0,0.0,0.0,0.0,61940800.0,0.0
2454700000,Лівинецька,0.0,0.0,0.0,0.0,19165600.0,0.0,0.0,0.0,0.0,0.0,0.0,0.0,0.0,19165600.0,0.0
2452200000,Магальська,0.0,0.0,0.0,0.0,33993400.0,0.0,0.0,0.0,0.0,0.0,0.0,0.0,0.0,33993400.0,0.0
2450600000,Мамалигівська,0.0,0.0,0.0,0.0,30000400.0,0.0,0.0,0.0,0.0,0.0,0.0,0.0,0.0,30000400.0,0.0
2452000000,Мамаївська,0.0,0.0,0.0,0.0,64812100.0,0.0,0.0,0.0,0.0,0.0,0.0,0.0,0.0,64812100.0,0.0
2450700000,Недобоївська,0.0,0.0,0.0,0.0,34628100.0,0.0,0.0,0.0,0.0,0.0,0.0,0.0,0.0,34628100.0,0.0
2452900000,Неполоковецька,0.0,0.0,0.0,0.0,22813100.0,0.0,0.0,0.0,0.0,0.0,0.0,0.0,0.0,22813100.0,0.0
2453300000,Новодністровська,0.0,0.0,0.0,0.0,22452800.0,0.0,0.0,0.0,0.0,0.0,0.0,0.0,0.0,22452800.0,0.0
2452600000,Новоселицька,0.0,0.0,0.0,0.0,93824500.0,0.0,0.0,0.0,0.0,0.0,0.0,0.0,0.0,93824500.0,0.0
2451900000,Острицька,0.0,0.0,0.0,0.0,52147800.0,0.0,0.0,0.0,0.0,0.0,0.0,0.0,0.0,52147800.0,0.0
2454800000,Петровецька,0.0,0.0,0.0,0.0,33182700.0,0.0,0.0,0.0,0.0,0.0,0.0,0.0,0.0,33182700.0,0.0
2454900000,Путильська,0.0,0.0,0.0,0.0,63131200.0,0.0,0.0,0.0,0.0,0.0,0.0,0.0,0.0,63131200.0,0.0
2450800000,Рукшинська,0.0,0.0,0.0,0.0,21942500.0,0.0,0.0,0.0,0.0,0.0,0.0,0.0,0.0,21942500.0,0.0
2451800000,Селятинська,0.0,0.0,0.0,0.0,31904400.0,0.0,0.0,0.0,0.0,0.0,0.0,0.0,0.0,31904400.0,0.0
2450900000,Сокирянська,0.0,0.0,0.0,0.0,118604100.0,0.0,0.0,0.0,0.0,0.0,0.0,0.0,0.0,118604100.0,0.0
2453000000,Ставчанська,0.0,0.0,0.0,0.0,20721300.0,0.0,0.0,0.0,0.0,0.0,0.0,0.0,0.0,20721300.0,0.0
2451300000,Сторожинецька,0.0,0.0,0.0,0.0,167011200.0,0.0,0.0,0.0,0.0,0.0,0.0,0.0,0.0,167011200.0,0.0
2453600000,Сучевенська,0.0,0.0,0.0,0.0,29461200.0,0.0,0.0,0.0,0.0,0.0,0.0,0.0,0.0,29461200.0,0.0
2455000000,Тарашанська,0.0,0.0,0.0,0.0,31661000.0,0.0,0.0,0.0,0.0,0.0,0.0,0.0,0.0,31661000.0,0.0
2451500000,Тереблеченська,0.0,0.0,0.0,0.0,21428400.0,0.0,0.0,0.0,0.0,0.0,0.0,0.0,0.0,21428400.0,0.0
2455100000,Топорівська,0.0,0.0,0.0,0.0,38706500.0,0.0,0.0,0.0,0.0,0.0,0.0,0.0,0.0,38706500.0,0.0
2451000000,Усть-Путильська,0.0,0.0,0.0,0.0,30283300.0,0.0,0.0,0.0,0.0,0.0,0.0,0.0,0.0,30283300.0,0.0
2453100000,Хотинська,0.0,0.0,0.0,0.0,59837900.0,0.0,0.0,0.0,0.0,0.0,0.0,0.0,0.0,59837900.0,0.0
2453200000,Чагорська,0.0,0.0,0.0,0.0,32204400.0,0.0,0.0,0.0,0.0,0.0,0.0,0.0,0.0,32204400.0,0.0
2455200000,Чернівецька,0.0,0.0,0.0,0.0,552845700.0,0.0,0.0,0.0,0.0,0.0,0.0,0.0,0.0,552845700.0,0.0
2451600000,Чудейська,0.0,0.0,0.0,0.0,52311600.0,0.0,0.0,0.0,0.0,0.0,0.0,0.0,0.0,52311600.0,0.0
2452400000,Юрковецька,0.0,0.0,0.0,0.0,38942300.0,0.0,0.0,0.0,0.0,0.0,0.0,0.0,0.0,38942300.0,0.0
0450100000,Апостолівська,0.0,0.0,0.0,0.0,72331700.0,0.0,0.0,0.0,0.0,0.0,0.0,0.0,0.0,72331700.0,0.0
0450200000,Богданівська,0.0,0.0,0.0,0.0,29320800.0,0.0,0.0,0.0,0.0,0.0,0.0,0.0,0.0,29320800.0,0.0
0451800000,Божедарівська,0.0,0.0,0.0,0.0,32821200.0,0.0,0.0,0.0,0.0,0.0,0.0,0.0,0.0,32821200.0,0.0
0457200000,Брагинівська,0.0,0.0,0.0,0.0,12863800.0,0.0,0.0,0.0,0.0,0.0,0.0,0.0,0.0,12863800.0,0.0
0450500000,Вакулівська,0.0,0.0,0.0,0.0,10705800.0,0.0,0.0,0.0,0.0,0.0,0.0,0.0,0.0,10705800.0,0.0
0451900000,Васильківська,0.0,0.0,0.0,0.0,62321700.0,0.0,0.0,0.0,0.0,0.0,0.0,0.0,0.0,62321700.0,0.0
0452900000,Великомихайлівська,0.0,0.0,0.0,0.0,10675600.0,0.0,0.0,0.0,0.0,0.0,0.0,0.0,0.0,10675600.0,0.0
0450300000,Вербківська,0.0,0.0,0.0,0.0,30745200.0,0.0,0.0,0.0,0.0,0.0,0.0,0.0,0.0,30745200.0,0.0
0453600000,Верхньодніпровська,0.0,0.0,0.0,0.0,94300800.0,0.0,0.0,0.0,0.0,0.0,0.0,0.0,0.0,94300800.0,0.0
0457300000,Верхівцівська,0.0,0.0,0.0,0.0,33732700.0,0.0,0.0,0.0,0.0,0.0,0.0,0.0,0.0,33732700.0,0.0
0452000000,Вишнівська,0.0,0.0,0.0,0.0,14643200.0,0.0,0.0,0.0,0.0,0.0,0.0,0.0,0.0,14643200.0,0.0
0457400000,Вільногірська,0.0,0.0,0.0,0.0,45679300.0,0.0,0.0,0.0,0.0,0.0,0.0,0.0,0.0,45679300.0,0.0
0456300000,Глеюватська,0.0,0.0,0.0,0.0,19586700.0,0.0,0.0,0.0,0.0,0.0,0.0,0.0,0.0,19586700.0,0.0
0453000000,Гречаноподівська,0.0,0.0,0.0,0.0,15114000.0,0.0,0.0,0.0,0.0,0.0,0.0,0.0,0.0,15114000.0,0.0
0450700000,Грушівська,0.0,0.0,0.0,0.0,19432700.0,0.0,0.0,0.0,0.0,0.0,0.0,0.0,0.0,19432700.0,0.0
0457500000,Губиниська,0.0,0.0,0.0,0.0,64047000.0,0.0,0.0,0.0,0.0,0.0,0.0,0.0,0.0,64047000.0,0.0
0455600000,Девладівська,0.0,0.0,0.0,0.0,17236200.0,0.0,0.0,0.0,0.0,0.0,0.0,0.0,0.0,17236200.0,0.0
0457600000,Дніпровська,0.0,0.0,0.0,0.0,1910001600.0,0.0,0.0,0.0,0.0,0.0,0.0,0.0,0.0,1910001600.0,0.0
0453500000,Дубовиківська,0.0,0.0,0.0,0.0,23603900.0,0.0,0.0,0.0,0.0,0.0,0.0,0.0,0.0,23603900.0,0.0
0457700000,Жовтоводська,0.0,0.0,0.0,0.0,83084400.0,0.0,0.0,0.0,0.0,0.0,0.0,0.0,0.0,83084400.0,0.0
0454500000,Зайцівська,0.0,0.0,0.0,0.0,13547200.0,0.0,0.0,0.0,0.0,0.0,0.0,0.0,0.0,13547200.0,0.0
0456400000,Затишнянська,0.0,0.0,0.0,0.0,15987300.0,0.0,0.0,0.0,0.0,0.0,0.0,0.0,0.0,15987300.0,0.0
0450600000,Зеленодольська,0.0,0.0,0.0,0.0,46665700.0,0.0,0.0,0.0,0.0,0.0,0.0,0.0,0.0,46665700.0,0.0
0455400000,Кам'янська,0.0,0.0,0.0,0.0,9575800.0,0.0,0.0,0.0,0.0,0.0,0.0,0.0,0.0,9575800.0,0.0
0455000000,Карпівська,0.0,0.0,0.0,0.0,18343100.0,0.0,0.0,0.0,0.0,0.0,0.0,0.0,0.0,18343100.0,0.0
0454800000,Китайгородська,0.0,0.0,0.0,0.0,14823400.0,0.0,0.0,0.0,0.0,0.0,0.0,0.0,0.0,14823400.0,0.0
0457810000,Криворізька,0.0,0.0,0.0,0.0,0.0,0.0,0.0,0.0,0.0,0.0,0.0,0.0,0.0,0.0,0.0
0452100000,Криничанська,0.0,0.0,0.0,0.0,63796600.0,0.0,0.0,0.0,0.0,0.0,0.0,0.0,0.0,63796600.0,0.0
0452200000,Лихівська,0.0,0.0,0.0,0.0,14579500.0,0.0,0.0,0.0,0.0,0.0,0.0,0.0,0.0,14579500.0,0.0
0455700000,Личківська,0.0,0.0,0.0,0.0,17554200.0,0.0,0.0,0.0,0.0,0.0,0.0,0.0,0.0,17554200.0,0.0
0457900000,Лозуватська,0.0,0.0,0.0,0.0,47617700.0,0.0,0.0,0.0,0.0,0.0,0.0,0.0,0.0,47617700.0,0.0
0455300000,Любимівська,0.0,0.0,0.0,0.0,7033200.0,0.0,0.0,0.0,0.0,0.0,0.0,0.0,0.0,7033200.0,0.0
0450800000,Ляшківська,0.0,0.0,0.0,0.0,6650100.0,0.0,0.0,0.0,0.0,0.0,0.0,0.0,0.0,6650100.0,0.0
0456500000,Магдалинівська,0.0,0.0,0.0,0.0,74298400.0,0.0,0.0,0.0,0.0,0.0,0.0,0.0,0.0,74298400.0,0.0
0453100000,Маломихайлівська,0.0,0.0,0.0,0.0,21887700.0,0.0,0.0,0.0,0.0,0.0,0.0,0.0,0.0,21887700.0,0.0
0456100000,Марганецька,0.0,0.0,0.0,0.0,93646300.0,0.0,0.0,0.0,0.0,0.0,0.0,0.0,0.0,93646300.0,0.0
0454100000,Межиріцька,0.0,0.0,0.0,0.0,23785200.0,0.0,0.0,0.0,0.0,0.0,0.0,0.0,0.0,23785200.0,0.0
0453700000,Межівська,0.0,0.0,0.0,0.0,43565000.0,0.0,0.0,0.0,0.0,0.0,0.0,0.0,0.0,43565000.0,0.0
0450900000,Миколаївська,0.0,0.0,0.0,0.0,16703600.0,0.0,0.0,0.0,0.0,0.0,0.0,0.0,0.0,16703600.0,0.0
0451600000,Мирівська,0.0,0.0,0.0,0.0,27618000.0,0.0,0.0,0.0,0.0,0.0,0.0,0.0,0.0,27618000.0,0.0
0450900000,Могилівська,0.0,0.0,0.0,0.0,16703600.0,0.0,0.0,0.0,0.0,0.0,0.0,0.0,0.0,16703600.0,0.0
0453900000,Мозолевська,0.0,0.0,0.0,0.0,41617300.0,0.0,0.0,0.0,0.0,0.0,0.0,0.0,0.0,41617300.0,0.0
0451000000,Нивотрудівська,0.0,0.0,0.0,0.0,14801700.0,0.0,0.0,0.0,0.0,0.0,0.0,0.0,0.0,14801700.0,0.0
0453200000,Новолатівська,0.0,0.0,0.0,0.0,10606900.0,0.0,0.0,0.0,0.0,0.0,0.0,0.0,0.0,10606900.0,0.0
0453200000,Новоолександрівська,0.0,0.0,0.0,0.0,10606900.0,0.0,0.0,0.0,0.0,0.0,0.0,0.0,0.0,10606900.0,0.0
0453300000,Новопавлівська,0.0,0.0,0.0,0.0,10440200.0,0.0,0.0,0.0,0.0,0.0,0.0,0.0,0.0,10440200.0,0.0
0452300000,Новопокровська,0.0,0.0,0.0,0.0,63204300.0,0.0,0.0,0.0,0.0,0.0,0.0,0.0,0.0,63204300.0,0.0
0458300000,Новопільська,0.0,0.0,0.0,0.0,49599700.0,0.0,0.0,0.0,0.0,0.0,0.0,0.0,0.0,49599700.0,0.0
0458100000,Нікопольська,0.0,0.0,0.0,0.0,231261200.0,0.0,0.0,0.0,0.0,0.0,0.0,0.0,0.0,231261200.0,0.0
0456600000,Обухівська,0.0,0.0,0.0,0.0,25673800.0,0.0,0.0,0.0,0.0,0.0,0.0,0.0,0.0,25673800.0,0.0
0458800000,П'ятихатська,0.0,0.0,0.0,0.0,64120600.0,0.0,0.0,0.0,0.0,0.0,0.0,0.0,0.0,64120600.0,0.0
0458400000,Павлоградська,0.0,0.0,0.0,0.0,238300900.0,0.0,0.0,0.0,0.0,0.0,0.0,0.0,0.0,238300900.0,0.0
0455800000,Перещепинська,0.0,0.0,0.0,0.0,59937300.0,0.0,0.0,0.0,0.0,0.0,0.0,0.0,0.0,59937300.0,0.0
0454300000,Петриківська,0.0,0.0,0.0,0.0,67132100.0,0.0,0.0,0.0,0.0,0.0,0.0,0.0,0.0,67132100.0,0.0
0458600000,Петропавлівська,0.0,0.0,0.0,0.0,29411500.0,0.0,0.0,0.0,0.0,0.0,0.0,0.0,0.0,29411500.0,0.0
0452300000,Покровська,0.0,0.0,0.0,0.0,63204300.0,0.0,0.0,0.0,0.0,0.0,0.0,0.0,0.0,63204300.0,0.0
0456800000,Підгородненська,0.0,0.0,0.0,0.0,55572500.0,0.0,0.0,0.0,0.0,0.0,0.0,0.0,0.0,55572500.0,0.0
0454600000,Раївська,0.0,0.0,0.0,0.0,35643900.0,0.0,0.0,0.0,0.0,0.0,0.0,0.0,0.0,35643900.0,0.0
0452400000,Роздорська,0.0,0.0,0.0,0.0,10431700.0,0.0,0.0,0.0,0.0,0.0,0.0,0.0,0.0,10431700.0,0.0
0455500000,Саксаганська,0.0,0.0,0.0,0.0,26120500.0,0.0,0.0,0.0,0.0,0.0,0.0,0.0,0.0,26120500.0,0.0
0458200000,Самарівська,0.0,0.0,0.0,0.0,149696900.0,0.0,0.0,0.0,0.0,0.0,0.0,0.0,0.0,149696900.0,0.0
0450400000,Святовасилівська,0.0,0.0,0.0,0.0,19801700.0,0.0,0.0,0.0,0.0,0.0,0.0,0.0,0.0,19801700.0,0.0
0458900000,Синельниківська,0.0,0.0,0.0,0.0,72122200.0,0.0,0.0,0.0,0.0,0.0,0.0,0.0,0.0,72122200.0,0.0
0454800000,Славгородська,0.0,0.0,0.0,0.0,14823400.0,0.0,0.0,0.0,0.0,0.0,0.0,0.0,0.0,14823400.0,0.0
0451500000,Слобожанська,0.0,0.0,0.0,0.0,64276100.0,0.0,0.0,0.0,0.0,0.0,0.0,0.0,0.0,64276100.0,0.0
0459000000,Слов'янська,0.0,0.0,0.0,0.0,13030500.0,0.0,0.0,0.0,0.0,0.0,0.0,0.0,0.0,13030500.0,0.0
0451300000,Солонянська,0.0,0.0,0.0,0.0,86641300.0,0.0,0.0,0.0,0.0,0.0,0.0,0.0,0.0,86641300.0,0.0
0452500000,Софіївська,0.0,0.0,0.0,0.0,42968300.0,0.0,0.0,0.0,0.0,0.0,0.0,0.0,0.0,42968300.0,0.0
0451400000,Сурсько-Литовська,0.0,0.0,0.0,0.0,15707300.0,0.0,0.0,0.0,0.0,0.0,0.0,0.0,0.0,15707300.0,0.0
0459100000,Тернівська,0.0,0.0,0.0,0.0,60576600.0,0.0,0.0,0.0,0.0,0.0,0.0,0.0,0.0,60576600.0,0.0
0452600000,Томаківська,0.0,0.0,0.0,0.0,47224500.0,0.0,0.0,0.0,0.0,0.0,0.0,0.0,0.0,47224500.0,0.0
0454200000,Троїцька,0.0,0.0,0.0,0.0,13626800.0,0.0,0.0,0.0,0.0,0.0,0.0,0.0,0.0,13626800.0,0.0
0455400000,Українська,0.0,0.0,0.0,0.0,9575800.0,0.0,0.0,0.0,0.0,0.0,0.0,0.0,0.0,9575800.0,0.0
0452700000,Царичанська,0.0,0.0,0.0,0.0,45310700.0,0.0,0.0,0.0,0.0,0.0,0.0,0.0,0.0,45310700.0,0.0
0454000000,Червоногригорівська,0.0,0.0,0.0,0.0,37164500.0,0.0,0.0,0.0,0.0,0.0,0.0,0.0,0.0,37164500.0,0.0
0456000000,Чумаківська,0.0,0.0,0.0,0.0,14815200.0,0.0,0.0,0.0,0.0,0.0,0.0,0.0,0.0,14815200.0,0.0
0451600000,Широківська,0.0,0.0,0.0,0.0,27618000.0,0.0,0.0,0.0,0.0,0.0,0.0,0.0,0.0,27618000.0,0.0
0455200000,Юріївська,0.0,0.0,0.0,0.0,42913600.0,0.0,0.0,0.0,0.0,0.0,0.0,0.0,0.0,42913600.0,0.0
0454700000,Яворницька,0.0,0.0,0.0,0.0,41572900.0,0.0,0.0,0.0,0.0,0.0,0.0,0.0,0.0,41572900.0,0.0
0555400000,Єнакієвська,0.0,0.0,0.0,0.0,0.0,0.0,0.0,0.0,0.0,0.0,0.0,0.0,0.0,0.0,0.0
0550600000,Іллінівська,0.0,0.0,0.0,0.0,33492200.0,0.0,0.0,0.0,0.0,0.0,0.0,0.0,0.0,33492200.0,0.0
0555600000,Іловайська,0.0,0.0,0.0,0.0,0.0,0.0,0.0,0.0,0.0,0.0,0.0,0.0,0.0,0.0,0.0
0551400000,Авдіївська,0.0,0.0,0.0,0.0,37151900.0,0.0,0.0,0.0,0.0,0.0,0.0,0.0,0.0,37151900.0,0.0
0554700000,Амвросіївська,0.0,0.0,0.0,0.0,0.0,0.0,0.0,0.0,0.0,0.0,0.0,0.0,0.0,0.0,0.0
0550900000,Андріївська,0.0,0.0,0.0,0.0,9045600.0,0.0,0.0,0.0,0.0,0.0,0.0,0.0,0.0,9045600.0,0.0
0551100000,Бахмутська,0.0,0.0,0.0,0.0,142402000.0,0.0,0.0,0.0,0.0,0.0,0.0,0.0,0.0,142402000.0,0.0
0554800000,Бойківська,0.0,0.0,0.0,0.0,0.0,0.0,0.0,0.0,0.0,0.0,0.0,0.0,0.0,0.0,0.0
0551500000,Білозерська,0.0,0.0,0.0,0.0,32102300.0,0.0,0.0,0.0,0.0,0.0,0.0,0.0,0.0,32102300.0,0.0
0551600000,Великоновосілківська,0.0,0.0,0.0,0.0,60791200.0,0.0,0.0,0.0,0.0,0.0,0.0,0.0,0.0,60791200.0,0.0
0551700000,Волноваська,0.0,0.0,0.0,0.0,101688900.0,0.0,0.0,0.0,0.0,0.0,0.0,0.0,0.0,101688900.0,0.0
0554900000,Вуглегірська,0.0,0.0,0.0,0.0,0.0,0.0,0.0,0.0,0.0,0.0,0.0,0.0,0.0,0.0,0.0
0551200000,Вугледарська,0.0,0.0,0.0,0.0,68790100.0,0.0,0.0,0.0,0.0,0.0,0.0,0.0,0.0,68790100.0,0.0
0555000000,Горлівська,0.0,0.0,0.0,0.0,0.0,0.0,0.0,0.0,0.0,0.0,0.0,0.0,0.0,0.0,0.0
0551800000,Гродівська,0.0,0.0,0.0,0.0,18272700.0,0.0,0.0,0.0,0.0,0.0,0.0,0.0,0.0,18272700.0,0.0
0555100000,Дебальцівська,0.0,0.0,0.0,0.0,0.0,0.0,0.0,0.0,0.0,0.0,0.0,0.0,0.0,0.0,0.0
0551900000,Добропільська,0.0,0.0,0.0,0.0,106988200.0,0.0,0.0,0.0,0.0,0.0,0.0,0.0,0.0,106988200.0,0.0
0555200000,Докучаєвська,0.0,0.0,0.0,0.0,0.0,0.0,0.0,0.0,0.0,0.0,0.0,0.0,0.0,0.0,0.0
0555300000,Донецька,0.0,0.0,0.0,0.0,0.0,0.0,0.0,0.0,0.0,0.0,0.0,0.0,0.0,0.0,0.0
0552000000,Дружківська,0.0,0.0,0.0,0.0,103191800.0,0.0,0.0,0.0,0.0,0.0,0.0,0.0,0.0,103191800.0,0.0
0555500000,Жданівська,0.0,0.0,0.0,0.0,0.0,0.0,0.0,0.0,0.0,0.0,0.0,0.0,0.0,0.0,0.0
0550800000,Званівська,0.0,0.0,0.0,0.0,10898900.0,0.0,0.0,0.0,0.0,0.0,0.0,0.0,0.0,10898900.0,0.0
0555700000,Кальміуська,0.0,0.0,0.0,0.0,0.0,0.0,0.0,0.0,0.0,0.0,0.0,0.0,0.0,0.0,0.0
0552100000,Кальчицька,0.0,0.0,0.0,0.0,30834400.0,0.0,0.0,0.0,0.0,0.0,0.0,0.0,0.0,30834400.0,0.0
0552200000,Комарська,0.0,0.0,0.0,0.0,18700300.0,0.0,0.0,0.0,0.0,0.0,0.0,0.0,0.0,18700300.0,0.0
0552300000,Костянтинівська,0.0,0.0,0.0,0.0,135506000.0,0.0,0.0,0.0,0.0,0.0,0.0,0.0,0.0,135506000.0,0.0
0552400000,Краматорська,0.0,0.0,0.0,0.0,340620600.0,0.0,0.0,0.0,0.0,0.0,0.0,0.0,0.0,340620600.0,0.0
0551300000,Криворізька,0.0,0.0,0.0,0.0,12668300.0,0.0,0.0,0.0,0.0,0.0,0.0,0.0,0.0,12668300.0,0.0
0552500000,Курахівська,0.0,0.0,0.0,0.0,75272900.0,0.0,0.0,0.0,0.0,0.0,0.0,0.0,0.0,75272900.0,0.0
0550100000,Лиманська,0.0,0.0,0.0,0.0,113453600.0,0.0,0.0,0.0,0.0,0.0,0.0,0.0,0.0,113453600.0,0.0
0555800000,Макіївська,0.0,0.0,0.0,0.0,0.0,0.0,0.0,0.0,0.0,0.0,0.0,0.0,0.0,0.0,0.0
0552600000,Мангушська,0.0,0.0,0.0,0.0,51126100.0,0.0,0.0,0.0,0.0,0.0,0.0,0.0,0.0,51126100.0,0.0
0552700000,Мар'їнська,0.0,0.0,0.0,0.0,47901700.0,0.0,0.0,0.0,0.0,0.0,0.0,0.0,0.0,47901700.0,0.0
0552800000,Маріупольська,0.0,0.0,0.0,0.0,726501700.0,0.0,0.0,0.0,0.0,0.0,0.0,0.0,0.0,726501700.0,0.0
0553100000,Миколаївська,0.0,0.0,0.0,0.0,53038200.0,0.0,0.0,0.0,0.0,0.0,0.0,0.0,0.0,53038200.0,0.0
0553100000,Микільська,0.0,0.0,0.0,0.0,53038200.0,0.0,0.0,0.0,0.0,0.0,0.0,0.0,0.0,53038200.0,0.0
0552700000,Мирненська,0.0,0.0,0.0,0.0,47901700.0,0.0,0.0,0.0,0.0,0.0,0.0,0.0,0.0,47901700.0,0.0
0553000000,Мирноградська,0.0,0.0,0.0,0.0,97496500.0,0.0,0.0,0.0,0.0,0.0,0.0,0.0,0.0,97496500.0,0.0
0555900000,Новоазовська,0.0,0.0,0.0,0.0,0.0,0.0,0.0,0.0,0.0,0.0,0.0,0.0,0.0,0.0,0.0
0553200000,Новогродівська,0.0,0.0,0.0,0.0,33150500.0,0.0,0.0,0.0,0.0,0.0,0.0,0.0,0.0,33150500.0,0.0
0553300000,Новодонецька,0.0,0.0,0.0,0.0,26969200.0,0.0,0.0,0.0,0.0,0.0,0.0,0.0,0.0,26969200.0,0.0
0550900000,Олександрівська,0.0,0.0,0.0,0.0,9045600.0,0.0,0.0,0.0,0.0,0.0,0.0,0.0,0.0,9045600.0,0.0
0553400000,Ольгинська,0.0,0.0,0.0,0.0,34744200.0,0.0,0.0,0.0,0.0,0.0,0.0,0.0,0.0,34744200.0,0.0
0553500000,Очеретинська,0.0,0.0,0.0,0.0,38743600.0,0.0,0.0,0.0,0.0,0.0,0.0,0.0,0.0,38743600.0,0.0
0553600000,Покровська,0.0,0.0,0.0,0.0,175244800.0,0.0,0.0,0.0,0.0,0.0,0.0,0.0,0.0,175244800.0,0.0
0553700000,Сартанська,0.0,0.0,0.0,0.0,32989000.0,0.0,0.0,0.0,0.0,0.0,0.0,0.0,0.0,32989000.0,0.0
0553900000,Святогірська,0.0,0.0,0.0,0.0,22136200.0,0.0,0.0,0.0,0.0,0.0,0.0,0.0,0.0,22136200.0,0.0
0553800000,Світлодарська,0.0,0.0,0.0,0.0,33180600.0,0.0,0.0,0.0,0.0,0.0,0.0,0.0,0.0,33180600.0,0.0
0554000000,Селидівська,0.0,0.0,0.0,0.0,58331300.0,0.0,0.0,0.0,0.0,0.0,0.0,0.0,0.0,58331300.0,0.0
0554100000,Слов'янська,0.0,0.0,0.0,0.0,216736000.0,0.0,0.0,0.0,0.0,0.0,0.0,0.0,0.0,216736000.0,0.0
0556000000,Сніжнянська,0.0,0.0,0.0,0.0,0.0,0.0,0.0,0.0,0.0,0.0,0.0,0.0,0.0,0.0,0.0
0550500000,Соледарська,0.0,0.0,0.0,0.0,48196100.0,0.0,0.0,0.0,0.0,0.0,0.0,0.0,0.0,48196100.0,0.0
0556100000,Старобешівська,0.0,0.0,0.0,0.0,0.0,0.0,0.0,0.0,0.0,0.0,0.0,0.0,0.0,0.0,0.0
0554200000,Старомлинівська,0.0,0.0,0.0,0.0,32909000.0,0.0,0.0,0.0,0.0,0.0,0.0,0.0,0.0,32909000.0,0.0
0550700000,Сіверська,0.0,0.0,0.0,0.0,17008000.0,0.0,0.0,0.0,0.0,0.0,0.0,0.0,0.0,17008000.0,0.0
0554300000,Торецька,0.0,0.0,0.0,0.0,94977700.0,0.0,0.0,0.0,0.0,0.0,0.0,0.0,0.0,94977700.0,0.0
0554400000,Удачненська,0.0,0.0,0.0,0.0,9965200.0,0.0,0.0,0.0,0.0,0.0,0.0,0.0,0.0,9965200.0,0.0
0556200000,Харцизька,0.0,0.0,0.0,0.0,0.0,0.0,0.0,0.0,0.0,0.0,0.0,0.0,0.0,0.0,0.0
0554500000,Хлібодарівська,0.0,0.0,0.0,0.0,35839900.0,0.0,0.0,0.0,0.0,0.0,0.0,0.0,0.0,35839900.0,0.0
0556300000,Хрестівська,0.0,0.0,0.0,0.0,0.0,0.0,0.0,0.0,0.0,0.0,0.0,0.0,0.0,0.0,0.0
0554600000,Часовоярська,0.0,0.0,0.0,0.0,23240000.0,0.0,0.0,0.0,0.0,0.0,0.0,0.0,0.0,23240000.0,0.0
0550300000,Черкаська,0.0,0.0,0.0,0.0,28553600.0,0.0,0.0,0.0,0.0,0.0,0.0,0.0,0.0,28553600.0,0.0
0556400000,Чистяківська,0.0,0.0,0.0,0.0,0.0,0.0,0.0,0.0,0.0,0.0,0.0,0.0,0.0,0.0,0.0
0556500000,Шахтарська,0.0,0.0,0.0,0.0,0.0,0.0,0.0,0.0,0.0,0.0,0.0,0.0,0.0,0.0,0.0
0550200000,Шахівська,0.0,0.0,0.0,0.0,10510400.0,0.0,0.0,0.0,0.0,0.0,0.0,0.0,0.0,10510400.0,0.0
0556600000,Ясинуватська,0.0,0.0,0.0,0.0,0.0,0.0,0.0,0.0,0.0,0.0,0.0,0.0,0.0,0.0,0.0
0953600000,Єзупільська,0.0,0.0,0.0,0.0,19175200.0,0.0,0.0,0.0,0.0,0.0,0.0,0.0,0.0,19175200.0,0.0
0953300000,Івано-Франківська,0.0,0.0,0.0,0.0,637874500.0,0.0,0.0,0.0,0.0,0.0,0.0,0.0,0.0,637874500.0,0.0
0954000000,Богородчанська,0.0,0.0,0.0,0.0,108715300.0,0.0,0.0,0.0,0.0,0.0,0.0,0.0,0.0,108715300.0,0.0
0954100000,Болехівська,0.0,0.0,0.0,0.0,73019800.0,0.0,0.0,0.0,0.0,0.0,0.0,0.0,0.0,73019800.0,0.0
0952000000,Брошнів-Осадська,0.0,0.0,0.0,0.0,33772400.0,0.0,0.0,0.0,0.0,0.0,0.0,0.0,0.0,33772400.0,0.0
0952600000,Букачівська,0.0,0.0,0.0,0.0,12755500.0,0.0,0.0,0.0,0.0,0.0,0.0,0.0,0.0,12755500.0,0.0
0954200000,Бурштинська,0.0,0.0,0.0,0.0,55031100.0,0.0,0.0,0.0,0.0,0.0,0.0,0.0,0.0,55031100.0,0.0
0950400000,Білоберізька,0.0,0.0,0.0,0.0,56305700.0,0.0,0.0,0.0,0.0,0.0,0.0,0.0,0.0,56305700.0,0.0
0950600000,Більшівцівська,0.0,0.0,0.0,0.0,19512300.0,0.0,0.0,0.0,0.0,0.0,0.0,0.0,0.0,19512300.0,0.0
0950100000,Верхнянська,0.0,0.0,0.0,0.0,29276700.0,0.0,0.0,0.0,0.0,0.0,0.0,0.0,0.0,29276700.0,0.0
0954300000,Верховинська,0.0,0.0,0.0,0.0,132844300.0,0.0,0.0,0.0,0.0,0.0,0.0,0.0,0.0,132844300.0,0.0
0952700000,Вигодська,0.0,0.0,0.0,0.0,86752300.0,0.0,0.0,0.0,0.0,0.0,0.0,0.0,0.0,86752300.0,0.0
0950700000,Витвицька,0.0,0.0,0.0,0.0,28628100.0,0.0,0.0,0.0,0.0,0.0,0.0,0.0,0.0,28628100.0,0.0
0952100000,Войнилівська,0.0,0.0,0.0,0.0,25395500.0,0.0,0.0,0.0,0.0,0.0,0.0,0.0,0.0,25395500.0,0.0
0954400000,Ворохтянська,0.0,0.0,0.0,0.0,23330600.0,0.0,0.0,0.0,0.0,0.0,0.0,0.0,0.0,23330600.0,0.0
0954500000,Галицька,0.0,0.0,0.0,0.0,69235700.0,0.0,0.0,0.0,0.0,0.0,0.0,0.0,0.0,69235700.0,0.0
0953400000,Гвіздецька,0.0,0.0,0.0,0.0,20885900.0,0.0,0.0,0.0,0.0,0.0,0.0,0.0,0.0,20885900.0,0.0
0954600000,Городенківська,0.0,0.0,0.0,0.0,133026600.0,0.0,0.0,0.0,0.0,0.0,0.0,0.0,0.0,133026600.0,0.0
0952200000,Делятинська,0.0,0.0,0.0,0.0,89051700.0,0.0,0.0,0.0,0.0,0.0,0.0,0.0,0.0,89051700.0,0.0
0951300000,Дзвиняцька,0.0,0.0,0.0,0.0,31226000.0,0.0,0.0,0.0,0.0,0.0,0.0,0.0,0.0,31226000.0,0.0
0953200000,Долинська,0.0,0.0,0.0,0.0,186195400.0,0.0,0.0,0.0,0.0,0.0,0.0,0.0,0.0,186195400.0,0.0
0954700000,Дубовецька,0.0,0.0,0.0,0.0,23170200.0,0.0,0.0,0.0,0.0,0.0,0.0,0.0,0.0,23170200.0,0.0
0953500000,Дубівська,0.0,0.0,0.0,0.0,32953800.0,0.0,0.0,0.0,0.0,0.0,0.0,0.0,0.0,32953800.0,0.0
0951800000,Заболотівська,0.0,0.0,0.0,0.0,64334600.0,0.0,0.0,0.0,0.0,0.0,0.0,0.0,0.0,64334600.0,0.0
0952400000,Загвіздянська,0.0,0.0,0.0,0.0,19393100.0,0.0,0.0,0.0,0.0,0.0,0.0,0.0,0.0,19393100.0,0.0
0954800000,Зеленська,0.0,0.0,0.0,0.0,9861800.0,0.0,0.0,0.0,0.0,0.0,0.0,0.0,0.0,9861800.0,0.0
0953100000,Калуська,0.0,0.0,0.0,0.0,208824600.0,0.0,0.0,0.0,0.0,0.0,0.0,0.0,0.0,208824600.0,0.0
0953000000,Коломийська,0.0,0.0,0.0,0.0,178615000.0,0.0,0.0,0.0,0.0,0.0,0.0,0.0,0.0,178615000.0,0.0
0952800000,Коршівська,0.0,0.0,0.0,0.0,27068100.0,0.0,0.0,0.0,0.0,0.0,0.0,0.0,0.0,27068100.0,0.0
0950800000,Космацька,0.0,0.0,0.0,0.0,47441900.0,0.0,0.0,0.0,0.0,0.0,0.0,0.0,0.0,47441900.0,0.0
0954900000,Косівська,0.0,0.0,0.0,0.0,132166400.0,0.0,0.0,0.0,0.0,0.0,0.0,0.0,0.0,132166400.0,0.0
0955000000,Кутська,0.0,0.0,0.0,0.0,48770800.0,0.0,0.0,0.0,0.0,0.0,0.0,0.0,0.0,48770800.0,0.0
0951700000,Ланчинська,0.0,0.0,0.0,0.0,31583300.0,0.0,0.0,0.0,0.0,0.0,0.0,0.0,0.0,31583300.0,0.0
0955100000,Лисецька,0.0,0.0,0.0,0.0,23149000.0,0.0,0.0,0.0,0.0,0.0,0.0,0.0,0.0,23149000.0,0.0
0950900000,Матеївецька,0.0,0.0,0.0,0.0,30201800.0,0.0,0.0,0.0,0.0,0.0,0.0,0.0,0.0,30201800.0,0.0
0955200000,Надвірнянська,0.0,0.0,0.0,0.0,170248200.0,0.0,0.0,0.0,0.0,0.0,0.0,0.0,0.0,170248200.0,0.0
0951000000,Нижньовербізька,0.0,0.0,0.0,0.0,39829600.0,0.0,0.0,0.0,0.0,0.0,0.0,0.0,0.0,39829600.0,0.0
0952900000,Новицька,0.0,0.0,0.0,0.0,42508800.0,0.0,0.0,0.0,0.0,0.0,0.0,0.0,0.0,42508800.0,0.0
0955300000,Обертинська,0.0,0.0,0.0,0.0,25134700.0,0.0,0.0,0.0,0.0,0.0,0.0,0.0,0.0,25134700.0,0.0
0951200000,Олешанська,0.0,0.0,0.0,0.0,38800300.0,0.0,0.0,0.0,0.0,0.0,0.0,0.0,0.0,38800300.0,0.0
0955400000,Отинійська,0.0,0.0,0.0,0.0,63316400.0,0.0,0.0,0.0,0.0,0.0,0.0,0.0,0.0,63316400.0,0.0
0951100000,П'ядицька,0.0,0.0,0.0,0.0,34032000.0,0.0,0.0,0.0,0.0,0.0,0.0,0.0,0.0,34032000.0,0.0
0953800000,Пасічнянська,0.0,0.0,0.0,0.0,89540100.0,0.0,0.0,0.0,0.0,0.0,0.0,0.0,0.0,89540100.0,0.0
0955500000,Перегінська,0.0,0.0,0.0,0.0,100758000.0,0.0,0.0,0.0,0.0,0.0,0.0,0.0,0.0,100758000.0,0.0
0951600000,Переріслянська,0.0,0.0,0.0,0.0,32948000.0,0.0,0.0,0.0,0.0,0.0,0.0,0.0,0.0,32948000.0,0.0
0950200000,Печеніжинська,0.0,0.0,0.0,0.0,66319800.0,0.0,0.0,0.0,0.0,0.0,0.0,0.0,0.0,66319800.0,0.0
0955600000,Поляницька,0.0,0.0,0.0,0.0,31357200.0,0.0,0.0,0.0,0.0,0.0,0.0,0.0,0.0,31357200.0,0.0
0953900000,Підгайчиківська,0.0,0.0,0.0,0.0,17315300.0,0.0,0.0,0.0,0.0,0.0,0.0,0.0,0.0,17315300.0,0.0
0955700000,Рогатинська,0.0,0.0,0.0,0.0,94225200.0,0.0,0.0,0.0,0.0,0.0,0.0,0.0,0.0,94225200.0,0.0
0955800000,Рожнятівська,0.0,0.0,0.0,0.0,76993400.0,0.0,0.0,0.0,0.0,0.0,0.0,0.0,0.0,76993400.0,0.0
0951400000,Рожнівська,0.0,0.0,0.0,0.0,42234500.0,0.0,0.0,0.0,0.0,0.0,0.0,0.0,0.0,42234500.0,0.0
0955900000,Снятинська,0.0,0.0,0.0,0.0,131088500.0,0.0,0.0,0.0,0.0,0.0,0.0,0.0,0.0,131088500.0,0.0
0956000000,Солотвинська,0.0,0.0,0.0,0.0,127660000.0,0.0,0.0,0.0,0.0,0.0,0.0,0.0,0.0,127660000.0,0.0
0952300000,Спаська,0.0,0.0,0.0,0.0,31122900.0,0.0,0.0,0.0,0.0,0.0,0.0,0.0,0.0,31122900.0,0.0
0950300000,Старобогородчанська,0.0,0.0,0.0,0.0,18043300.0,0.0,0.0,0.0,0.0,0.0,0.0,0.0,0.0,18043300.0,0.0
0956100000,Тисменицька,0.0,0.0,0.0,0.0,86363300.0,0.0,0.0,0.0,0.0,0.0,0.0,0.0,0.0,86363300.0,0.0
0950500000,Тлумацька,0.0,0.0,0.0,0.0,86895200.0,0.0,0.0,0.0,0.0,0.0,0.0,0.0,0.0,86895200.0,0.0
0952500000,Угринівська,0.0,0.0,0.0,0.0,15635000.0,0.0,0.0,0.0,0.0,0.0,0.0,0.0,0.0,15635000.0,0.0
0956200000,Чернелицька,0.0,0.0,0.0,0.0,20288900.0,0.0,0.0,0.0,0.0,0.0,0.0,0.0,0.0,20288900.0,0.0
0951500000,Яблунівська,0.0,0.0,0.0,0.0,66897800.0,0.0,0.0,0.0,0.0,0.0,0.0,0.0,0.0,66897800.0,0.0
0951900000,Ямницька,0.0,0.0,0.0,0.0,28637200.0,0.0,0.0,0.0,0.0,0.0,0.0,0.0,0.0,28637200.0,0.0
0956300000,Яремчанська,0.0,0.0,0.0,0.0,61914400.0,0.0,0.0,0.0,0.0,0.0,0.0,0.0,0.0,61914400.0,0.0
2051800000,Ізюмська,0.0,0.0,0.0,0.0,92926700.0,0.0,0.0,0.0,0.0,0.0,0.0,0.0,0.0,92926700.0,0.0
2052400000,Балаклійська,0.0,0.0,0.0,0.0,110200000.0,0.0,0.0,0.0,0.0,0.0,0.0,0.0,0.0,110200000.0,0.0
2052500000,Барвінківська,0.0,0.0,0.0,0.0,70761000.0,0.0,0.0,0.0,0.0,0.0,0.0,0.0,0.0,70761000.0,0.0
2052600000,Безлюдівська,0.0,0.0,0.0,0.0,43888100.0,0.0,0.0,0.0,0.0,0.0,0.0,0.0,0.0,43888100.0,0.0
2054000000,Берестинська,0.0,0.0,0.0,0.0,80788900.0,0.0,0.0,0.0,0.0,0.0,0.0,0.0,0.0,80788900.0,0.0
2052800000,Близнюківська,0.0,0.0,0.0,0.0,68051100.0,0.0,0.0,0.0,0.0,0.0,0.0,0.0,0.0,68051100.0,0.0
2052900000,Богодухівська,0.0,0.0,0.0,0.0,99965800.0,0.0,0.0,0.0,0.0,0.0,0.0,0.0,0.0,99965800.0,0.0
2053000000,Борівська,0.0,0.0,0.0,0.0,50935000.0,0.0,0.0,0.0,0.0,0.0,0.0,0.0,0.0,50935000.0,0.0
2052700000,Біляївська,0.0,0.0,0.0,0.0,19556200.0,0.0,0.0,0.0,0.0,0.0,0.0,0.0,0.0,19556200.0,0.0
2053100000,Валківська,0.0,0.0,0.0,0.0,87090100.0,0.0,0.0,0.0,0.0,0.0,0.0,0.0,0.0,87090100.0,0.0
2051300000,Великобурлуцька,0.0,0.0,0.0,0.0,45928100.0,0.0,0.0,0.0,0.0,0.0,0.0,0.0,0.0,45928100.0,0.0
2053200000,Височанська,0.0,0.0,0.0,0.0,47725200.0,0.0,0.0,0.0,0.0,0.0,0.0,0.0,0.0,47725200.0,0.0
2053500000,Вовчанська,0.0,0.0,0.0,0.0,92640600.0,0.0,0.0,0.0,0.0,0.0,0.0,0.0,0.0,92640600.0,0.0
2053400000,Вільхуватська,0.0,0.0,0.0,0.0,18581600.0,0.0,0.0,0.0,0.0,0.0,0.0,0.0,0.0,18581600.0,0.0
2053300000,Вільхівська,0.0,0.0,0.0,0.0,24123800.0,0.0,0.0,0.0,0.0,0.0,0.0,0.0,0.0,24123800.0,0.0
2053600000,Дворічанська,0.0,0.0,0.0,0.0,49757600.0,0.0,0.0,0.0,0.0,0.0,0.0,0.0,0.0,49757600.0,0.0
2053700000,Дергачівська,0.0,0.0,0.0,0.0,112241900.0,0.0,0.0,0.0,0.0,0.0,0.0,0.0,0.0,112241900.0,0.0
2052000000,Донецька,0.0,0.0,0.0,0.0,48796200.0,0.0,0.0,0.0,0.0,0.0,0.0,0.0,0.0,48796200.0,0.0
2050700000,Зачепилівська,0.0,0.0,0.0,0.0,47133400.0,0.0,0.0,0.0,0.0,0.0,0.0,0.0,0.0,47133400.0,0.0
2054700000,Златопільська,0.0,0.0,0.0,0.0,63168000.0,0.0,0.0,0.0,0.0,0.0,0.0,0.0,0.0,63168000.0,0.0
2053800000,Зміївська,0.0,0.0,0.0,0.0,102463100.0,0.0,0.0,0.0,0.0,0.0,0.0,0.0,0.0,102463100.0,0.0
2050800000,Золочівська,0.0,0.0,0.0,0.0,81611600.0,0.0,0.0,0.0,0.0,0.0,0.0,0.0,0.0,81611600.0,0.0
2053900000,Кегичівська,0.0,0.0,0.0,0.0,60565700.0,0.0,0.0,0.0,0.0,0.0,0.0,0.0,0.0,60565700.0,0.0
2051000000,Коломацька,0.0,0.0,0.0,0.0,20474400.0,0.0,0.0,0.0,0.0,0.0,0.0,0.0,0.0,20474400.0,0.0
2054100000,Краснокутська,0.0,0.0,0.0,0.0,80567100.0,0.0,0.0,0.0,0.0,0.0,0.0,0.0,0.0,80567100.0,0.0
2054200000,Куньєвська,0.0,0.0,0.0,0.0,18474100.0,0.0,0.0,0.0,0.0,0.0,0.0,0.0,0.0,18474100.0,0.0
2054300000,Куп'янська,0.0,0.0,0.0,0.0,100652200.0,0.0,0.0,0.0,0.0,0.0,0.0,0.0,0.0,100652200.0,0.0
2052200000,Курилівська,0.0,0.0,0.0,0.0,33052100.0,0.0,0.0,0.0,0.0,0.0,0.0,0.0,0.0,33052100.0,0.0
2052100000,Кіндрашівська,0.0,0.0,0.0,0.0,20277000.0,0.0,0.0,0.0,0.0,0.0,0.0,0.0,0.0,20277000.0,0.0
2054400000,Липецька,0.0,0.0,0.0,0.0,39793500.0,0.0,0.0,0.0,0.0,0.0,0.0,0.0,0.0,39793500.0,0.0
2051700000,Лозівська,0.0,0.0,0.0,0.0,203668400.0,0.0,0.0,0.0,0.0,0.0,0.0,0.0,0.0,203668400.0,0.0
2054500000,Люботинська,0.0,0.0,0.0,0.0,59904500.0,0.0,0.0,0.0,0.0,0.0,0.0,0.0,0.0,59904500.0,0.0
2051200000,Малинівська,0.0,0.0,0.0,0.0,21329700.0,0.0,0.0,0.0,0.0,0.0,0.0,0.0,0.0,21329700.0,0.0
2050600000,Малоданилівська,0.0,0.0,0.0,0.0,19343500.0,0.0,0.0,0.0,0.0,0.0,0.0,0.0,0.0,19343500.0,0.0
2050200000,Мереф'янська,0.0,0.0,0.0,0.0,72239200.0,0.0,0.0,0.0,0.0,0.0,0.0,0.0,0.0,72239200.0,0.0
2051100000,Наталинська,0.0,0.0,0.0,0.0,36495700.0,0.0,0.0,0.0,0.0,0.0,0.0,0.0,0.0,36495700.0,0.0
2050500000,Нововодолазька,0.0,0.0,0.0,0.0,65548900.0,0.0,0.0,0.0,0.0,0.0,0.0,0.0,0.0,65548900.0,0.0
2054600000,Новопокровська,0.0,0.0,0.0,0.0,38028400.0,0.0,0.0,0.0,0.0,0.0,0.0,0.0,0.0,38028400.0,0.0
2051900000,Олексіївська,0.0,0.0,0.0,0.0,21174800.0,0.0,0.0,0.0,0.0,0.0,0.0,0.0,0.0,21174800.0,0.0
2050900000,Оскільська,0.0,0.0,0.0,0.0,28243000.0,0.0,0.0,0.0,0.0,0.0,0.0,0.0,0.0,28243000.0,0.0
2052300000,Петропавлівська,0.0,0.0,0.0,0.0,14901300.0,0.0,0.0,0.0,0.0,0.0,0.0,0.0,0.0,14901300.0,0.0
2054800000,Печенізька,0.0,0.0,0.0,0.0,22230600.0,0.0,0.0,0.0,0.0,0.0,0.0,0.0,0.0,22230600.0,0.0
2050300000,Пролісненська,0.0,0.0,0.0,0.0,35568300.0,0.0,0.0,0.0,0.0,0.0,0.0,0.0,0.0,35568300.0,0.0
2054900000,Південна,0.0,0.0,0.0,0.0,30589700.0,0.0,0.0,0.0,0.0,0.0,0.0,0.0,0.0,30589700.0,0.0
2051400000,Пісочинська,0.0,0.0,0.0,0.0,66222600.0,0.0,0.0,0.0,0.0,0.0,0.0,0.0,0.0,66222600.0,0.0
2050400000,Роганська,0.0,0.0,0.0,0.0,28869800.0,0.0,0.0,0.0,0.0,0.0,0.0,0.0,0.0,28869800.0,0.0
2055000000,Савинська,0.0,0.0,0.0,0.0,24041300.0,0.0,0.0,0.0,0.0,0.0,0.0,0.0,0.0,24041300.0,0.0
2055100000,Сахновщинська,0.0,0.0,0.0,0.0,68938200.0,0.0,0.0,0.0,0.0,0.0,0.0,0.0,0.0,68938200.0,0.0
2055200000,Слобожанська,0.0,0.0,0.0,0.0,63642400.0,0.0,0.0,0.0,0.0,0.0,0.0,0.0,0.0,63642400.0,0.0
2055300000,Солоницівська,0.0,0.0,0.0,0.0,85522100.0,0.0,0.0,0.0,0.0,0.0,0.0,0.0,0.0,85522100.0,0.0
2051500000,Старовірівська,0.0,0.0,0.0,0.0,28448000.0,0.0,0.0,0.0,0.0,0.0,0.0,0.0,0.0,28448000.0,0.0
2050100000,Старосалтівська,0.0,0.0,0.0,0.0,22011200.0,0.0,0.0,0.0,0.0,0.0,0.0,0.0,0.0,22011200.0,0.0
2055400000,Харківська,0.0,0.0,0.0,0.0,2290546000.0,0.0,0.0,0.0,0.0,0.0,0.0,0.0,0.0,2290546000.0,0.0
2051600000,Циркунівська,0.0,0.0,0.0,0.0,19811000.0,0.0,0.0,0.0,0.0,0.0,0.0,0.0,0.0,19811000.0,0.0
2055500000,Чугуївська,0.0,0.0,0.0,0.0,88873000.0,0.0,0.0,0.0,0.0,0.0,0.0,0.0,0.0,88873000.0,0.0
2055600000,Шевченківська,0.0,0.0,0.0,0.0,58291500.0,0.0,0.0,0.0,0.0,0.0,0.0,0.0,0.0,58291500.0,0.0
2152200000,Іванівська,0.0,0.0,0.0,0.0,40880100.0,0.0,0.0,0.0,0.0,0.0,0.0,0.0,0.0,40880100.0,0.0
2150200000,Асканія-Нова,0.0,0.0,0.0,0.0,20268200.0,0.0,0.0,0.0,0.0,0.0,0.0,0.0,0.0,20268200.0,0.0
2153400000,Бериславська,0.0,0.0,0.0,0.0,54607800.0,0.0,0.0,0.0,0.0,0.0,0.0,0.0,0.0,54607800.0,0.0
2151900000,Бехтерська,0.0,0.0,0.0,0.0,44486000.0,0.0,0.0,0.0,0.0,0.0,0.0,0.0,0.0,44486000.0,0.0
2151700000,Борозенська,0.0,0.0,0.0,0.0,14338200.0,0.0,0.0,0.0,0.0,0.0,0.0,0.0,0.0,14338200.0,0.0
2151600000,Білозерська,0.0,0.0,0.0,0.0,71578900.0,0.0,0.0,0.0,0.0,0.0,0.0,0.0,0.0,71578900.0,0.0
2150700000,Великокопанівська,0.0,0.0,0.0,0.0,25611800.0,0.0,0.0,0.0,0.0,0.0,0.0,0.0,0.0,25611800.0,0.0
2153500000,Великолепетиська,0.0,0.0,0.0,0.0,33248200.0,0.0,0.0,0.0,0.0,0.0,0.0,0.0,0.0,33248200.0,0.0
2153600000,Великоолександрівська,0.0,0.0,0.0,0.0,64772500.0,0.0,0.0,0.0,0.0,0.0,0.0,0.0,0.0,64772500.0,0.0
2153700000,Верхньорогачицька,0.0,0.0,0.0,0.0,35976200.0,0.0,0.0,0.0,0.0,0.0,0.0,0.0,0.0,35976200.0,0.0
2151300000,Виноградівська,0.0,0.0,0.0,0.0,36835800.0,0.0,0.0,0.0,0.0,0.0,0.0,0.0,0.0,36835800.0,0.0
2151800000,Високопільська,0.0,0.0,0.0,0.0,29616200.0,0.0,0.0,0.0,0.0,0.0,0.0,0.0,0.0,29616200.0,0.0
2153800000,Генічеська,0.0,0.0,0.0,0.0,168714400.0,0.0,0.0,0.0,0.0,0.0,0.0,0.0,0.0,168714400.0,0.0
2152900000,Голопристанська,0.0,0.0,0.0,0.0,113899200.0,0.0,0.0,0.0,0.0,0.0,0.0,0.0,0.0,113899200.0,0.0
2151400000,Горностаївська,0.0,0.0,0.0,0.0,53792400.0,0.0,0.0,0.0,0.0,0.0,0.0,0.0,0.0,53792400.0,0.0
2153900000,Дар'ївська,0.0,0.0,0.0,0.0,52236000.0,0.0,0.0,0.0,0.0,0.0,0.0,0.0,0.0,52236000.0,0.0
2152500000,Долматівська,0.0,0.0,0.0,0.0,18657500.0,0.0,0.0,0.0,0.0,0.0,0.0,0.0,0.0,18657500.0,0.0
2150600000,Зеленопідська,0.0,0.0,0.0,0.0,30385000.0,0.0,0.0,0.0,0.0,0.0,0.0,0.0,0.0,30385000.0,0.0
2150300000,Каланчацька,0.0,0.0,0.0,0.0,60512400.0,0.0,0.0,0.0,0.0,0.0,0.0,0.0,0.0,60512400.0,0.0
2154000000,Калинівська,0.0,0.0,0.0,0.0,11847400.0,0.0,0.0,0.0,0.0,0.0,0.0,0.0,0.0,11847400.0,0.0
2154100000,Каховська,0.0,0.0,0.0,0.0,97861500.0,0.0,0.0,0.0,0.0,0.0,0.0,0.0,0.0,97861500.0,0.0
2152100000,Костянтинівська,0.0,0.0,0.0,0.0,14185500.0,0.0,0.0,0.0,0.0,0.0,0.0,0.0,0.0,14185500.0,0.0
2150100000,Кочубеївська,0.0,0.0,0.0,0.0,9053700.0,0.0,0.0,0.0,0.0,0.0,0.0,0.0,0.0,9053700.0,0.0
2154200000,Лазурненська,0.0,0.0,0.0,0.0,18676300.0,0.0,0.0,0.0,0.0,0.0,0.0,0.0,0.0,18676300.0,0.0
2152400000,Любимівська,0.0,0.0,0.0,0.0,20375300.0,0.0,0.0,0.0,0.0,0.0,0.0,0.0,0.0,20375300.0,0.0
2153000000,Милівська,0.0,0.0,0.0,0.0,21655500.0,0.0,0.0,0.0,0.0,0.0,0.0,0.0,0.0,21655500.0,0.0
2150400000,Мирненська,0.0,0.0,0.0,0.0,12095600.0,0.0,0.0,0.0,0.0,0.0,0.0,0.0,0.0,12095600.0,0.0
2151000000,Музиківська,0.0,0.0,0.0,0.0,14786600.0,0.0,0.0,0.0,0.0,0.0,0.0,0.0,0.0,14786600.0,0.0
2154300000,Нижньосірогозька,0.0,0.0,0.0,0.0,53578800.0,0.0,0.0,0.0,0.0,0.0,0.0,0.0,0.0,53578800.0,0.0
2154400000,Нововоронцовська,0.0,0.0,0.0,0.0,39989800.0,0.0,0.0,0.0,0.0,0.0,0.0,0.0,0.0,39989800.0,0.0
2152800000,Новокаховська,0.0,0.0,0.0,0.0,138640700.0,0.0,0.0,0.0,0.0,0.0,0.0,0.0,0.0,138640700.0,0.0
2154500000,Новомиколаївська,0.0,0.0,0.0,0.0,16994900.0,0.0,0.0,0.0,0.0,0.0,0.0,0.0,0.0,16994900.0,0.0
2154600000,Новоолександрівська,0.0,0.0,0.0,0.0,17418400.0,0.0,0.0,0.0,0.0,0.0,0.0,0.0,0.0,17418400.0,0.0
2152700000,Новорайська,0.0,0.0,0.0,0.0,20823700.0,0.0,0.0,0.0,0.0,0.0,0.0,0.0,0.0,20823700.0,0.0
2154700000,Новотроїцька,0.0,0.0,0.0,0.0,107963000.0,0.0,0.0,0.0,0.0,0.0,0.0,0.0,0.0,107963000.0,0.0
2154800000,Олешківська,0.0,0.0,0.0,0.0,107279700.0,0.0,0.0,0.0,0.0,0.0,0.0,0.0,0.0,107279700.0,0.0
2150900000,Присиваська,0.0,0.0,0.0,0.0,16201600.0,0.0,0.0,0.0,0.0,0.0,0.0,0.0,0.0,16201600.0,0.0
2154900000,Рубанівська,0.0,0.0,0.0,0.0,14869700.0,0.0,0.0,0.0,0.0,0.0,0.0,0.0,0.0,14869700.0,0.0
2155000000,Скадовська,0.0,0.0,0.0,0.0,94986300.0,0.0,0.0,0.0,0.0,0.0,0.0,0.0,0.0,94986300.0,0.0
2151500000,Станіславська,0.0,0.0,0.0,0.0,28691100.0,0.0,0.0,0.0,0.0,0.0,0.0,0.0,0.0,28691100.0,0.0
2151100000,Тавричанська,0.0,0.0,0.0,0.0,16318200.0,0.0,0.0,0.0,0.0,0.0,0.0,0.0,0.0,16318200.0,0.0
2155100000,Таврійська,0.0,0.0,0.0,0.0,43382100.0,0.0,0.0,0.0,0.0,0.0,0.0,0.0,0.0,43382100.0,0.0
2155200000,Тягинська,0.0,0.0,0.0,0.0,36256300.0,0.0,0.0,0.0,0.0,0.0,0.0,0.0,0.0,36256300.0,0.0
2155310000,Херсонська,0.0,0.0,0.0,0.0,0.0,0.0,0.0,0.0,0.0,0.0,0.0,0.0,0.0,0.0,0.0
2151200000,Хрестівська,0.0,0.0,0.0,0.0,29709600.0,0.0,0.0,0.0,0.0,0.0,0.0,0.0,0.0,29709600.0,0.0
2150500000,Чаплинська,0.0,0.0,0.0,0.0,59359700.0,0.0,0.0,0.0,0.0,0.0,0.0,0.0,0.0,59359700.0,0.0
2155400000,Чорнобаївська,0.0,0.0,0.0,0.0,36602100.0,0.0,0.0,0.0,0.0,0.0,0.0,0.0,0.0,36602100.0,0.0
2152000000,Чулаківська,0.0,0.0,0.0,0.0,32341500.0,0.0,0.0,0.0,0.0,0.0,0.0,0.0,0.0,32341500.0,0.0
2152300000,Ювілейна,0.0,0.0,0.0,0.0,38546800.0,0.0,0.0,0.0,0.0,0.0,0.0,0.0,0.0,38546800.0,0.0
2255700000,Ізяславська,0.0,0.0,0.0,0.0,74136200.0,0.0,0.0,0.0,0.0,0.0,0.0,0.0,0.0,74136200.0,0.0
2252900000,Антонінська,0.0,0.0,0.0,0.0,31758300.0,0.0,0.0,0.0,0.0,0.0,0.0,0.0,0.0,31758300.0,0.0
2250100000,Берездівська,0.0,0.0,0.0,0.0,29945500.0,0.0,0.0,0.0,0.0,0.0,0.0,0.0,0.0,29945500.0,0.0
2254000000,Білогірська,0.0,0.0,0.0,0.0,64873700.0,0.0,0.0,0.0,0.0,0.0,0.0,0.0,0.0,64873700.0,0.0
2253400000,Вовковинецька,0.0,0.0,0.0,0.0,21468300.0,0.0,0.0,0.0,0.0,0.0,0.0,0.0,0.0,21468300.0,0.0
2250300000,Волочиська,0.0,0.0,0.0,0.0,95425900.0,0.0,0.0,0.0,0.0,0.0,0.0,0.0,0.0,95425900.0,0.0
2250200000,Війтовецька,0.0,0.0,0.0,0.0,28211100.0,0.0,0.0,0.0,0.0,0.0,0.0,0.0,0.0,28211100.0,0.0
2255300000,Віньковецька,0.0,0.0,0.0,0.0,56358900.0,0.0,0.0,0.0,0.0,0.0,0.0,0.0,0.0,56358900.0,0.0
2250400000,Ганнопільська,0.0,0.0,0.0,0.0,23670000.0,0.0,0.0,0.0,0.0,0.0,0.0,0.0,0.0,23670000.0,0.0
2250500000,Гвардійська,0.0,0.0,0.0,0.0,19660200.0,0.0,0.0,0.0,0.0,0.0,0.0,0.0,0.0,19660200.0,0.0
2252700000,Городоцька,0.0,0.0,0.0,0.0,94842400.0,0.0,0.0,0.0,0.0,0.0,0.0,0.0,0.0,94842400.0,0.0
2253300000,Грицівська,0.0,0.0,0.0,0.0,18387300.0,0.0,0.0,0.0,0.0,0.0,0.0,0.0,0.0,18387300.0,0.0
2252400000,Гуківська,0.0,0.0,0.0,0.0,8108900.0,0.0,0.0,0.0,0.0,0.0,0.0,0.0,0.0,8108900.0,0.0
2250600000,Гуменецька,0.0,0.0,0.0,0.0,35622100.0,0.0,0.0,0.0,0.0,0.0,0.0,0.0,0.0,35622100.0,0.0
2255400000,Деражнянська,0.0,0.0,0.0,0.0,69999500.0,0.0,0.0,0.0,0.0,0.0,0.0,0.0,0.0,69999500.0,0.0
2250700000,Дунаєвецька,0.0,0.0,0.0,0.0,98343300.0,0.0,0.0,0.0,0.0,0.0,0.0,0.0,0.0,98343300.0,0.0
2253600000,Жванецька,0.0,0.0,0.0,0.0,21474400.0,0.0,0.0,0.0,0.0,0.0,0.0,0.0,0.0,21474400.0,0.0
2255500000,Закупненська,0.0,0.0,0.0,0.0,19946600.0,0.0,0.0,0.0,0.0,0.0,0.0,0.0,0.0,19946600.0,0.0
2254800000,Заслучненська,0.0,0.0,0.0,0.0,15367500.0,0.0,0.0,0.0,0.0,0.0,0.0,0.0,0.0,15367500.0,0.0
2255600000,Зіньківська,0.0,0.0,0.0,0.0,6846700.0,0.0,0.0,0.0,0.0,0.0,0.0,0.0,0.0,6846700.0,0.0
2255800000,Кам'янець-Подільська,0.0,0.0,0.0,0.0,228258000.0,0.0,0.0,0.0,0.0,0.0,0.0,0.0,0.0,228258000.0,0.0
2250900000,Китайгородська,0.0,0.0,0.0,0.0,9171400.0,0.0,0.0,0.0,0.0,0.0,0.0,0.0,0.0,9171400.0,0.0
2253000000,Красилівська,0.0,0.0,0.0,0.0,82774800.0,0.0,0.0,0.0,0.0,0.0,0.0,0.0,0.0,82774800.0,0.0
2253800000,Крупецька,0.0,0.0,0.0,0.0,11800100.0,0.0,0.0,0.0,0.0,0.0,0.0,0.0,0.0,11800100.0,0.0
2252500000,Ленковецька,0.0,0.0,0.0,0.0,20701300.0,0.0,0.0,0.0,0.0,0.0,0.0,0.0,0.0,20701300.0,0.0
2251100000,Летичівська,0.0,0.0,0.0,0.0,53850300.0,0.0,0.0,0.0,0.0,0.0,0.0,0.0,0.0,53850300.0,0.0
2251200000,Лісовогринівецька,0.0,0.0,0.0,0.0,17341700.0,0.0,0.0,0.0,0.0,0.0,0.0,0.0,0.0,17341700.0,0.0
2251300000,Маківська,0.0,0.0,0.0,0.0,18895400.0,0.0,0.0,0.0,0.0,0.0,0.0,0.0,0.0,18895400.0,0.0
2251400000,Меджибізька,0.0,0.0,0.0,0.0,23939400.0,0.0,0.0,0.0,0.0,0.0,0.0,0.0,0.0,23939400.0,0.0
2255900000,Миролюбненська,0.0,0.0,0.0,0.0,13856500.0,0.0,0.0,0.0,0.0,0.0,0.0,0.0,0.0,13856500.0,0.0
2256000000,Михайлюцька,0.0,0.0,0.0,0.0,22576300.0,0.0,0.0,0.0,0.0,0.0,0.0,0.0,0.0,22576300.0,0.0
2251500000,Наркевицька,0.0,0.0,0.0,0.0,15123700.0,0.0,0.0,0.0,0.0,0.0,0.0,0.0,0.0,15123700.0,0.0
2254600000,Нетішинська,0.0,0.0,0.0,0.0,82923300.0,0.0,0.0,0.0,0.0,0.0,0.0,0.0,0.0,82923300.0,0.0
2250800000,Новодунаєвецька,0.0,0.0,0.0,0.0,27293400.0,0.0,0.0,0.0,0.0,0.0,0.0,0.0,0.0,27293400.0,0.0
2251600000,Новоушицька,0.0,0.0,0.0,0.0,69842500.0,0.0,0.0,0.0,0.0,0.0,0.0,0.0,0.0,69842500.0,0.0
2256100000,Орининська,0.0,0.0,0.0,0.0,23097100.0,0.0,0.0,0.0,0.0,0.0,0.0,0.0,0.0,23097100.0,0.0
2254700000,Плужненська,0.0,0.0,0.0,0.0,23759200.0,0.0,0.0,0.0,0.0,0.0,0.0,0.0,0.0,23759200.0,0.0
2251700000,Полонська,0.0,0.0,0.0,0.0,102249300.0,0.0,0.0,0.0,0.0,0.0,0.0,0.0,0.0,102249300.0,0.0
2251800000,Понінківська,0.0,0.0,0.0,0.0,20894700.0,0.0,0.0,0.0,0.0,0.0,0.0,0.0,0.0,20894700.0,0.0
2251900000,Розсошанська,0.0,0.0,0.0,0.0,37538000.0,0.0,0.0,0.0,0.0,0.0,0.0,0.0,0.0,37538000.0,0.0
2252000000,Сатанівська,0.0,0.0,0.0,0.0,27097700.0,0.0,0.0,0.0,0.0,0.0,0.0,0.0,0.0,27097700.0,0.0
2254900000,Сахновецька,0.0,0.0,0.0,0.0,16519800.0,0.0,0.0,0.0,0.0,0.0,0.0,0.0,0.0,16519800.0,0.0
2254500000,Славутська,0.0,0.0,0.0,0.0,82763800.0,0.0,0.0,0.0,0.0,0.0,0.0,0.0,0.0,82763800.0,0.0
2252800000,Слобідсько-Кульчієвецька,0.0,0.0,0.0,0.0,24844000.0,0.0,0.0,0.0,0.0,0.0,0.0,0.0,0.0,24844000.0,0.0
2253500000,Смотрицька,0.0,0.0,0.0,0.0,17975200.0,0.0,0.0,0.0,0.0,0.0,0.0,0.0,0.0,17975200.0,0.0
2253200000,Солобковецька,0.0,0.0,0.0,0.0,14204900.0,0.0,0.0,0.0,0.0,0.0,0.0,0.0,0.0,14204900.0,0.0
2255200000,Старокостянтинівська,0.0,0.0,0.0,0.0,154478100.0,0.0,0.0,0.0,0.0,0.0,0.0,0.0,0.0,154478100.0,0.0
2256200000,Староостропільська,0.0,0.0,0.0,0.0,19173800.0,0.0,0.0,0.0,0.0,0.0,0.0,0.0,0.0,19173800.0,0.0
2252100000,Старосинявська,0.0,0.0,0.0,0.0,52523800.0,0.0,0.0,0.0,0.0,0.0,0.0,0.0,0.0,52523800.0,0.0
2253700000,Староушицька,0.0,0.0,0.0,0.0,15489000.0,0.0,0.0,0.0,0.0,0.0,0.0,0.0,0.0,15489000.0,0.0
2252600000,Судилківська,0.0,0.0,0.0,0.0,44933200.0,0.0,0.0,0.0,0.0,0.0,0.0,0.0,0.0,44933200.0,0.0
2256300000,Теофіпольська,0.0,0.0,0.0,0.0,88053700.0,0.0,0.0,0.0,0.0,0.0,0.0,0.0,0.0,88053700.0,0.0
2254300000,Улашанівська,0.0,0.0,0.0,0.0,33659200.0,0.0,0.0,0.0,0.0,0.0,0.0,0.0,0.0,33659200.0,0.0
2256400000,Хмельницька,0.0,0.0,0.0,0.0,718166900.0,0.0,0.0,0.0,0.0,0.0,0.0,0.0,0.0,718166900.0,0.0
2252300000,Чемеровецька,0.0,0.0,0.0,0.0,71107400.0,0.0,0.0,0.0,0.0,0.0,0.0,0.0,0.0,71107400.0,0.0
2252200000,Чорноострівська,0.0,0.0,0.0,0.0,32166300.0,0.0,0.0,0.0,0.0,0.0,0.0,0.0,0.0,32166300.0,0.0
2256500000,Шепетівська,0.0,0.0,0.0,0.0,116667500.0,0.0,0.0,0.0,0.0,0.0,0.0,0.0,0.0,116667500.0,0.0
2256600000,Щиборівська,0.0,0.0,0.0,0.0,15052400.0,0.0,0.0,0.0,0.0,0.0,0.0,0.0,0.0,15052400.0,0.0
2254400000,Ямпільська,0.0,0.0,0.0,0.0,20826900.0,0.0,0.0,0.0,0.0,0.0,0.0,0.0,0.0,20826900.0,0.0
2256700000,Ярмолинецька,0.0,0.0,0.0,0.0,65329400.0,0.0,0.0,0.0,0.0,0.0,0.0,0.0,0.0,65329400.0,0.0
1152900000,Аджамська,0.0,0.0,0.0,0.0,17518600.0,0.0,0.0,0.0,0.0,0.0,0.0,0.0,0.0,17518600.0,0.0
1153000000,Благовіщенська,0.0,0.0,0.0,0.0,78945500.0,0.0,0.0,0.0,0.0,0.0,0.0,0.0,0.0,78945500.0,0.0
1150100000,Бобринецька,0.0,0.0,0.0,0.0,30434800.0,0.0,0.0,0.0,0.0,0.0,0.0,0.0,0.0,30434800.0,0.0
1150400000,Великоандрусівська,0.0,0.0,0.0,0.0,31756300.0,0.0,0.0,0.0,0.0,0.0,0.0,0.0,0.0,31756300.0,0.0
1150700000,Великосеверинівська,0.0,0.0,0.0,0.0,20473900.0,0.0,0.0,0.0,0.0,0.0,0.0,0.0,0.0,20473900.0,0.0
1153200000,Гайворонська,0.0,0.0,0.0,0.0,65046300.0,0.0,0.0,0.0,0.0,0.0,0.0,0.0,0.0,65046300.0,0.0
1150600000,Ганнівська,0.0,0.0,0.0,0.0,12531000.0,0.0,0.0,0.0,0.0,0.0,0.0,0.0,0.0,12531000.0,0.0
1152300000,Глодоська,0.0,0.0,0.0,0.0,12370600.0,0.0,0.0,0.0,0.0,0.0,0.0,0.0,0.0,12370600.0,0.0
1153300000,Голованівська,0.0,0.0,0.0,0.0,45909100.0,0.0,0.0,0.0,0.0,0.0,0.0,0.0,0.0,45909100.0,0.0
1152400000,Гурівська,0.0,0.0,0.0,0.0,23240100.0,0.0,0.0,0.0,0.0,0.0,0.0,0.0,0.0,23240100.0,0.0
1151400000,Дмитрівська,0.0,0.0,0.0,0.0,20415900.0,0.0,0.0,0.0,0.0,0.0,0.0,0.0,0.0,20415900.0,0.0
1151700000,Добровеличківська,0.0,0.0,0.0,0.0,44083100.0,0.0,0.0,0.0,0.0,0.0,0.0,0.0,0.0,44083100.0,0.0
1153400000,Долинська,0.0,0.0,0.0,0.0,71949200.0,0.0,0.0,0.0,0.0,0.0,0.0,0.0,0.0,71949200.0,0.0
1153500000,Заваллівська,0.0,0.0,0.0,0.0,27472000.0,0.0,0.0,0.0,0.0,0.0,0.0,0.0,0.0,27472000.0,0.0
1152500000,Злинська,0.0,0.0,0.0,0.0,21120300.0,0.0,0.0,0.0,0.0,0.0,0.0,0.0,0.0,21120300.0,0.0
1153600000,Знам'янська,0.0,0.0,0.0,0.0,73567400.0,0.0,0.0,0.0,0.0,0.0,0.0,0.0,0.0,73567400.0,0.0
1153900000,Кам'янецька,0.0,0.0,0.0,0.0,47461600.0,0.0,0.0,0.0,0.0,0.0,0.0,0.0,0.0,47461600.0,0.0
1150900000,Катеринівська,0.0,0.0,0.0,0.0,19763800.0,0.0,0.0,0.0,0.0,0.0,0.0,0.0,0.0,19763800.0,0.0
1153700000,Кетрисанівська,0.0,0.0,0.0,0.0,54767300.0,0.0,0.0,0.0,0.0,0.0,0.0,0.0,0.0,54767300.0,0.0
1151100000,Компаніївська,0.0,0.0,0.0,0.0,64126400.0,0.0,0.0,0.0,0.0,0.0,0.0,0.0,0.0,64126400.0,0.0
1152810000,Кропивницька,0.0,0.0,0.0,0.0,0.0,0.0,0.0,0.0,0.0,0.0,0.0,0.0,0.0,0.0,0.0
1150200000,Маловисківська,0.0,0.0,0.0,0.0,42047200.0,0.0,0.0,0.0,0.0,0.0,0.0,0.0,0.0,42047200.0,0.0
1150600000,Мар'янівська,0.0,0.0,0.0,0.0,12531000.0,0.0,0.0,0.0,0.0,0.0,0.0,0.0,0.0,12531000.0,0.0
1153800000,Надлацька,0.0,0.0,0.0,0.0,14347700.0,0.0,0.0,0.0,0.0,0.0,0.0,0.0,0.0,14347700.0,0.0
1154000000,Новоархангельська,0.0,0.0,0.0,0.0,45537900.0,0.0,0.0,0.0,0.0,0.0,0.0,0.0,0.0,45537900.0,0.0
1154100000,Новомиргородська,0.0,0.0,0.0,0.0,81613200.0,0.0,0.0,0.0,0.0,0.0,0.0,0.0,0.0,81613200.0,0.0
1151500000,Новопразька,0.0,0.0,0.0,0.0,22303100.0,0.0,0.0,0.0,0.0,0.0,0.0,0.0,0.0,22303100.0,0.0
1150300000,Новоукраїнська,0.0,0.0,0.0,0.0,51005400.0,0.0,0.0,0.0,0.0,0.0,0.0,0.0,0.0,51005400.0,0.0
1154300000,Олександрівська,0.0,0.0,0.0,0.0,177023400.0,0.0,0.0,0.0,0.0,0.0,0.0,0.0,0.0,177023400.0,0.0
1154300000,Олександрійська,0.0,0.0,0.0,0.0,177023400.0,0.0,0.0,0.0,0.0,0.0,0.0,0.0,0.0,177023400.0,0.0
1154400000,Онуфріївська,0.0,0.0,0.0,0.0,57722100.0,0.0,0.0,0.0,0.0,0.0,0.0,0.0,0.0,57722100.0,0.0
1154500000,Пантаївська,0.0,0.0,0.0,0.0,10945500.0,0.0,0.0,0.0,0.0,0.0,0.0,0.0,0.0,10945500.0,0.0
1151000000,Первозванівська,0.0,0.0,0.0,0.0,32281500.0,0.0,0.0,0.0,0.0,0.0,0.0,0.0,0.0,32281500.0,0.0
1154600000,Перегонівська,0.0,0.0,0.0,0.0,10840400.0,0.0,0.0,0.0,0.0,0.0,0.0,0.0,0.0,10840400.0,0.0
1152100000,Петрівська,0.0,0.0,0.0,0.0,65289300.0,0.0,0.0,0.0,0.0,0.0,0.0,0.0,0.0,65289300.0,0.0
1154800000,Побузька,0.0,0.0,0.0,0.0,26632200.0,0.0,0.0,0.0,0.0,0.0,0.0,0.0,0.0,26632200.0,0.0
1151300000,Помічнянська,0.0,0.0,0.0,0.0,25659400.0,0.0,0.0,0.0,0.0,0.0,0.0,0.0,0.0,25659400.0,0.0
1152000000,Попельнастівська,0.0,0.0,0.0,0.0,32564400.0,0.0,0.0,0.0,0.0,0.0,0.0,0.0,0.0,32564400.0,0.0
1151600000,Приютівська,0.0,0.0,0.0,0.0,43613000.0,0.0,0.0,0.0,0.0,0.0,0.0,0.0,0.0,43613000.0,0.0
1154700000,Підвисоцька,0.0,0.0,0.0,0.0,20088300.0,0.0,0.0,0.0,0.0,0.0,0.0,0.0,0.0,20088300.0,0.0
1151900000,Піщанобрідська,0.0,0.0,0.0,0.0,23472300.0,0.0,0.0,0.0,0.0,0.0,0.0,0.0,0.0,23472300.0,0.0
1154900000,Рівнянська,0.0,0.0,0.0,0.0,36139700.0,0.0,0.0,0.0,0.0,0.0,0.0,0.0,0.0,36139700.0,0.0
1155000000,Світловодська,0.0,0.0,0.0,0.0,101957600.0,0.0,0.0,0.0,0.0,0.0,0.0,0.0,0.0,101957600.0,0.0
1151200000,Смолінська,0.0,0.0,0.0,0.0,34419100.0,0.0,0.0,0.0,0.0,0.0,0.0,0.0,0.0,34419100.0,0.0
1150500000,Соколівська,0.0,0.0,0.0,0.0,32834400.0,0.0,0.0,0.0,0.0,0.0,0.0,0.0,0.0,32834400.0,0.0
1155100000,Суботцівська,0.0,0.0,0.0,0.0,46744300.0,0.0,0.0,0.0,0.0,0.0,0.0,0.0,0.0,46744300.0,0.0
1150800000,Тишківська,0.0,0.0,0.0,0.0,14148200.0,0.0,0.0,0.0,0.0,0.0,0.0,0.0,0.0,14148200.0,0.0
1155200000,Устинівська,0.0,0.0,0.0,0.0,44796000.0,0.0,0.0,0.0,0.0,0.0,0.0,0.0,0.0,44796000.0,0.0
1054500000,Іванківська,0.0,0.0,0.0,0.0,98671000.0,0.0,0.0,0.0,0.0,0.0,0.0,0.0,0.0,98671000.0,0.0
1054600000,Ірпінська,0.0,0.0,0.0,0.0,195225800.0,0.0,0.0,0.0,0.0,0.0,0.0,0.0,0.0,195225800.0,0.0
1051000000,Баришівська,0.0,0.0,0.0,0.0,97392500.0,0.0,0.0,0.0,0.0,0.0,0.0,0.0,0.0,97392500.0,0.0
1051400000,Березанська,0.0,0.0,0.0,0.0,63064900.0,0.0,0.0,0.0,0.0,0.0,0.0,0.0,0.0,63064900.0,0.0
1052500000,Бишівська,0.0,0.0,0.0,0.0,30921200.0,0.0,0.0,0.0,0.0,0.0,0.0,0.0,0.0,30921200.0,0.0
1051800000,Богуславська,0.0,0.0,0.0,0.0,66418700.0,0.0,0.0,0.0,0.0,0.0,0.0,0.0,0.0,66418700.0,0.0
1052800000,Бориспільська,0.0,0.0,0.0,0.0,234720500.0,0.0,0.0,0.0,0.0,0.0,0.0,0.0,0.0,234720500.0,0.0
1051100000,Бородянська,0.0,0.0,0.0,0.0,71062700.0,0.0,0.0,0.0,0.0,0.0,0.0,0.0,0.0,71062700.0,0.0
1052900000,Борщагівська,0.0,0.0,0.0,0.0,118678800.0,0.0,0.0,0.0,0.0,0.0,0.0,0.0,0.0,118678800.0,0.0
1053000000,Боярська,0.0,0.0,0.0,0.0,162234300.0,0.0,0.0,0.0,0.0,0.0,0.0,0.0,0.0,162234300.0,0.0
1053100000,Броварська,0.0,0.0,0.0,0.0,322236800.0,0.0,0.0,0.0,0.0,0.0,0.0,0.0,0.0,322236800.0,0.0
1051500000,Бучанська,0.0,0.0,0.0,0.0,183104200.0,0.0,0.0,0.0,0.0,0.0,0.0,0.0,0.0,183104200.0,0.0
1052600000,Білогородська,0.0,0.0,0.0,0.0,92705400.0,0.0,0.0,0.0,0.0,0.0,0.0,0.0,0.0,92705400.0,0.0
1052700000,Білоцерківська,0.0,0.0,0.0,0.0,398093800.0,0.0,0.0,0.0,0.0,0.0,0.0,0.0,0.0,398093800.0,0.0
1053200000,Васильківська,0.0,0.0,0.0,0.0,126629700.0,0.0,0.0,0.0,0.0,0.0,0.0,0.0,0.0,126629700.0,0.0
1050400000,Великодимерська,0.0,0.0,0.0,0.0,106610400.0,0.0,0.0,0.0,0.0,0.0,0.0,0.0,0.0,106610400.0,0.0
1053300000,Вишгородська,0.0,0.0,0.0,0.0,95334000.0,0.0,0.0,0.0,0.0,0.0,0.0,0.0,0.0,95334000.0,0.0
1053400000,Вишнева,0.0,0.0,0.0,0.0,153684000.0,0.0,0.0,0.0,0.0,0.0,0.0,0.0,0.0,153684000.0,0.0
1053500000,Володарська,0.0,0.0,0.0,0.0,53184600.0,0.0,0.0,0.0,0.0,0.0,0.0,0.0,0.0,53184600.0,0.0
1053600000,Вороньківська,0.0,0.0,0.0,0.0,43984600.0,0.0,0.0,0.0,0.0,0.0,0.0,0.0,0.0,43984600.0,0.0
1053700000,Гатненська,0.0,0.0,0.0,0.0,28009600.0,0.0,0.0,0.0,0.0,0.0,0.0,0.0,0.0,28009600.0,0.0
1051900000,Глевахівська,0.0,0.0,0.0,0.0,52109600.0,0.0,0.0,0.0,0.0,0.0,0.0,0.0,0.0,52109600.0,0.0
1053900000,Гостомельська,0.0,0.0,0.0,0.0,55419100.0,0.0,0.0,0.0,0.0,0.0,0.0,0.0,0.0,55419100.0,0.0
1054000000,Гребінківська,0.0,0.0,0.0,0.0,41476700.0,0.0,0.0,0.0,0.0,0.0,0.0,0.0,0.0,41476700.0,0.0
1053800000,Гірська,0.0,0.0,0.0,0.0,26226400.0,0.0,0.0,0.0,0.0,0.0,0.0,0.0,0.0,26226400.0,0.0
1054100000,Димерська,0.0,0.0,0.0,0.0,73447400.0,0.0,0.0,0.0,0.0,0.0,0.0,0.0,0.0,73447400.0,0.0
1051300000,Дмитрівська,0.0,0.0,0.0,0.0,112207500.0,0.0,0.0,0.0,0.0,0.0,0.0,0.0,0.0,112207500.0,0.0
1050500000,Дівичківська,0.0,0.0,0.0,0.0,17054200.0,0.0,0.0,0.0,0.0,0.0,0.0,0.0,0.0,17054200.0,0.0
1052300000,Зазимська,0.0,0.0,0.0,0.0,44954200.0,0.0,0.0,0.0,0.0,0.0,0.0,0.0,0.0,44954200.0,0.0
1054300000,Згурівська,0.0,0.0,0.0,0.0,58491900.0,0.0,0.0,0.0,0.0,0.0,0.0,0.0,0.0,58491900.0,0.0
1054400000,Золочівська,0.0,0.0,0.0,0.0,26362300.0,0.0,0.0,0.0,0.0,0.0,0.0,0.0,0.0,26362300.0,0.0
1054700000,Кагарлицька,0.0,0.0,0.0,0.0,79673600.0,0.0,0.0,0.0,0.0,0.0,0.0,0.0,0.0,79673600.0,0.0
1051200000,Калинівська,0.0,0.0,0.0,0.0,25233200.0,0.0,0.0,0.0,0.0,0.0,0.0,0.0,0.0,25233200.0,0.0
1050100000,Калитянська,0.0,0.0,0.0,0.0,39039600.0,0.0,0.0,0.0,0.0,0.0,0.0,0.0,0.0,39039600.0,0.0
1051200000,Ковалівська,0.0,0.0,0.0,0.0,25233200.0,0.0,0.0,0.0,0.0,0.0,0.0,0.0,0.0,25233200.0,0.0
1054900000,Кожанська,0.0,0.0,0.0,0.0,24736800.0,0.0,0.0,0.0,0.0,0.0,0.0,0.0,0.0,24736800.0,0.0
1055000000,Козинська,0.0,0.0,0.0,0.0,27792500.0,0.0,0.0,0.0,0.0,0.0,0.0,0.0,0.0,27792500.0,0.0
1055100000,Коцюбинська,0.0,0.0,0.0,0.0,32466600.0,0.0,0.0,0.0,0.0,0.0,0.0,0.0,0.0,32466600.0,0.0
1055200000,Макарівська,0.0,0.0,0.0,0.0,123184200.0,0.0,0.0,0.0,0.0,0.0,0.0,0.0,0.0,123184200.0,0.0
1055300000,Маловільшанська,0.0,0.0,0.0,0.0,33812900.0,0.0,0.0,0.0,0.0,0.0,0.0,0.0,0.0,33812900.0,0.0
1050300000,Медвинська,0.0,0.0,0.0,0.0,13045400.0,0.0,0.0,0.0,0.0,0.0,0.0,0.0,0.0,13045400.0,0.0
1051300000,Миронівська,0.0,0.0,0.0,0.0,112207500.0,0.0,0.0,0.0,0.0,0.0,0.0,0.0,0.0,112207500.0,0.0
1055400000,Немішаївська,0.0,0.0,0.0,0.0,47146700.0,0.0,0.0,0.0,0.0,0.0,0.0,0.0,0.0,47146700.0,0.0
1051700000,Обухівська,0.0,0.0,0.0,0.0,147040400.0,0.0,0.0,0.0,0.0,0.0,0.0,0.0,0.0,147040400.0,0.0
1055500000,Переяславська,0.0,0.0,0.0,0.0,83107300.0,0.0,0.0,0.0,0.0,0.0,0.0,0.0,0.0,83107300.0,0.0
1055600000,Петрівська,0.0,0.0,0.0,0.0,52274100.0,0.0,0.0,0.0,0.0,0.0,0.0,0.0,0.0,52274100.0,0.0
1055800000,Поліська,0.0,0.0,0.0,0.0,24937200.0,0.0,0.0,0.0,0.0,0.0,0.0,0.0,0.0,24937200.0,0.0
1055900000,Пристолична,0.0,0.0,0.0,0.0,60581000.0,0.0,0.0,0.0,0.0,0.0,0.0,0.0,0.0,60581000.0,0.0
1055700000,Пірнівська,0.0,0.0,0.0,0.0,28500500.0,0.0,0.0,0.0,0.0,0.0,0.0,0.0,0.0,28500500.0,0.0
1050200000,Пісківська,0.0,0.0,0.0,0.0,25043000.0,0.0,0.0,0.0,0.0,0.0,0.0,0.0,0.0,25043000.0,0.0
1051600000,Ржищівська,0.0,0.0,0.0,0.0,41560800.0,0.0,0.0,0.0,0.0,0.0,0.0,0.0,0.0,41560800.0,0.0
1056000000,Рокитнянська,0.0,0.0,0.0,0.0,91435700.0,0.0,0.0,0.0,0.0,0.0,0.0,0.0,0.0,91435700.0,0.0
1056100000,Сквирська,0.0,0.0,0.0,0.0,99409000.0,0.0,0.0,0.0,0.0,0.0,0.0,0.0,0.0,99409000.0,0.0
1056200000,Славутицька,0.0,0.0,0.0,0.0,43890400.0,0.0,0.0,0.0,0.0,0.0,0.0,0.0,0.0,43890400.0,0.0
1056300000,Ставищенська,0.0,0.0,0.0,0.0,72607300.0,0.0,0.0,0.0,0.0,0.0,0.0,0.0,0.0,72607300.0,0.0
1050900000,Студениківська,0.0,0.0,0.0,0.0,24167200.0,0.0,0.0,0.0,0.0,0.0,0.0,0.0,0.0,24167200.0,0.0
1056400000,Таращанська,0.0,0.0,0.0,0.0,90968100.0,0.0,0.0,0.0,0.0,0.0,0.0,0.0,0.0,90968100.0,0.0
1052000000,Ташанська,0.0,0.0,0.0,0.0,12692100.0,0.0,0.0,0.0,0.0,0.0,0.0,0.0,0.0,12692100.0,0.0
1050800000,Тетіївська,0.0,0.0,0.0,0.0,102784700.0,0.0,0.0,0.0,0.0,0.0,0.0,0.0,0.0,102784700.0,0.0
1052100000,Томашівська,0.0,0.0,0.0,0.0,14464800.0,0.0,0.0,0.0,0.0,0.0,0.0,0.0,0.0,14464800.0,0.0
1050700000,Узинська,0.0,0.0,0.0,0.0,62211200.0,0.0,0.0,0.0,0.0,0.0,0.0,0.0,0.0,62211200.0,0.0
1056500000,Українська,0.0,0.0,0.0,0.0,54886900.0,0.0,0.0,0.0,0.0,0.0,0.0,0.0,0.0,54886900.0,0.0
1056600000,Фастівська,0.0,0.0,0.0,0.0,171011600.0,0.0,0.0,0.0,0.0,0.0,0.0,0.0,0.0,171011600.0,0.0
1056700000,Феодосіївська,0.0,0.0,0.0,0.0,48404400.0,0.0,0.0,0.0,0.0,0.0,0.0,0.0,0.0,48404400.0,0.0
1050600000,Фурсівська,0.0,0.0,0.0,0.0,33409000.0,0.0,0.0,0.0,0.0,0.0,0.0,0.0,0.0,33409000.0,0.0
1052200000,Циблівська,0.0,0.0,0.0,0.0,20556500.0,0.0,0.0,0.0,0.0,0.0,0.0,0.0,0.0,20556500.0,0.0
1056800000,Чабанівська,0.0,0.0,0.0,0.0,22296600.0,0.0,0.0,0.0,0.0,0.0,0.0,0.0,0.0,22296600.0,0.0
1056900000,Яготинська,0.0,0.0,0.0,0.0,94991200.0,0.0,0.0,0.0,0.0,0.0,0.0,0.0,0.0,94991200.0,0.0
1250200000,Айдарська,0.0,0.0,0.0,0.0,68293600.0,0.0,0.0,0.0,0.0,0.0,0.0,0.0,0.0,68293600.0,0.0
1253100000,Алчевська,0.0,0.0,0.0,0.0,0.0,0.0,0.0,0.0,0.0,0.0,0.0,0.0,0.0,0.0,0.0
1253200000,Антрацитівська,0.0,0.0,0.0,0.0,0.0,0.0,0.0,0.0,0.0,0.0,0.0,0.0,0.0,0.0,0.0
1250500000,Біловодська,0.0,0.0,0.0,0.0,66370100.0,0.0,0.0,0.0,0.0,0.0,0.0,0.0,0.0,66370100.0,0.0
1250100000,Білокуракинська,0.0,0.0,0.0,0.0,47856000.0,0.0,0.0,0.0,0.0,0.0,0.0,0.0,0.0,47856000.0,0.0
1251600000,Білолуцька,0.0,0.0,0.0,0.0,27673900.0,0.0,0.0,0.0,0.0,0.0,0.0,0.0,0.0,27673900.0,0.0
1251700000,Гірська,0.0,0.0,0.0,0.0,39829300.0,0.0,0.0,0.0,0.0,0.0,0.0,0.0,0.0,39829300.0,0.0
1253300000,Довжанська,0.0,0.0,0.0,0.0,0.0,0.0,0.0,0.0,0.0,0.0,0.0,0.0,0.0,0.0,0.0
1253400000,Зимогір'ївська,0.0,0.0,0.0,0.0,0.0,0.0,0.0,0.0,0.0,0.0,0.0,0.0,0.0,0.0,0.0
1253500000,Кадіївська,0.0,0.0,0.0,0.0,0.0,0.0,0.0,0.0,0.0,0.0,0.0,0.0,0.0,0.0,0.0
1251500000,Коломийчиська,0.0,0.0,0.0,0.0,10332900.0,0.0,0.0,0.0,0.0,0.0,0.0,0.0,0.0,10332900.0,0.0
1250600000,Красноріченська,0.0,0.0,0.0,0.0,15408400.0,0.0,0.0,0.0,0.0,0.0,0.0,0.0,0.0,15408400.0,0.0
1251800000,Кремінська,0.0,0.0,0.0,0.0,47435400.0,0.0,0.0,0.0,0.0,0.0,0.0,0.0,0.0,47435400.0,0.0
1251900000,Лисичанська,0.0,0.0,0.0,0.0,185289300.0,0.0,0.0,0.0,0.0,0.0,0.0,0.0,0.0,185289300.0,0.0
1250900000,Лозно-Олександрівська,0.0,0.0,0.0,0.0,15216800.0,0.0,0.0,0.0,0.0,0.0,0.0,0.0,0.0,15216800.0,0.0
1253600000,Луганська,0.0,0.0,0.0,0.0,0.0,0.0,0.0,0.0,0.0,0.0,0.0,0.0,0.0,0.0,0.0
1253700000,Лутугинська,0.0,0.0,0.0,0.0,0.0,0.0,0.0,0.0,0.0,0.0,0.0,0.0,0.0,0.0,0.0
1251100000,Марківська,0.0,0.0,0.0,0.0,45427300.0,0.0,0.0,0.0,0.0,0.0,0.0,0.0,0.0,45427300.0,0.0
1252000000,Міловська,0.0,0.0,0.0,0.0,43365600.0,0.0,0.0,0.0,0.0,0.0,0.0,0.0,0.0,43365600.0,0.0
1250800000,Нижньодуванська,0.0,0.0,0.0,0.0,12238700.0,0.0,0.0,0.0,0.0,0.0,0.0,0.0,0.0,12238700.0,0.0
1252100000,Нижньотеплівська,0.0,0.0,0.0,0.0,20198700.0,0.0,0.0,0.0,0.0,0.0,0.0,0.0,0.0,20198700.0,0.0
1252200000,Новоайдарська,0.0,0.0,0.0,0.0,49391000.0,0.0,0.0,0.0,0.0,0.0,0.0,0.0,0.0,49391000.0,0.0
1253800000,Отаманівська,0.0,0.0,0.0,0.0,0.0,0.0,0.0,0.0,0.0,0.0,0.0,0.0,0.0,0.0,0.0
1252300000,Попаснянська,0.0,0.0,0.0,0.0,43565400.0,0.0,0.0,0.0,0.0,0.0,0.0,0.0,0.0,43565400.0,0.0
1253900000,Ровеньківська,0.0,0.0,0.0,0.0,0.0,0.0,0.0,0.0,0.0,0.0,0.0,0.0,0.0,0.0,0.0
1252400000,Рубіжанська,0.0,0.0,0.0,0.0,94407100.0,0.0,0.0,0.0,0.0,0.0,0.0,0.0,0.0,94407100.0,0.0
1252500000,Сватівська,0.0,0.0,0.0,0.0,69606700.0,0.0,0.0,0.0,0.0,0.0,0.0,0.0,0.0,69606700.0,0.0
1254000000,Сорокинська,0.0,0.0,0.0,0.0,0.0,0.0,0.0,0.0,0.0,0.0,0.0,0.0,0.0,0.0,0.0
1252700000,Станично-Луганська,0.0,0.0,0.0,0.0,43463900.0,0.0,0.0,0.0,0.0,0.0,0.0,0.0,0.0,43463900.0,0.0
1252800000,Старобільська,0.0,0.0,0.0,0.0,87002600.0,0.0,0.0,0.0,0.0,0.0,0.0,0.0,0.0,87002600.0,0.0
1252600000,Сіверськодонецька,0.0,0.0,0.0,0.0,209476100.0,0.0,0.0,0.0,0.0,0.0,0.0,0.0,0.0,209476100.0,0.0
1250400000,Троїцька,0.0,0.0,0.0,0.0,45907900.0,0.0,0.0,0.0,0.0,0.0,0.0,0.0,0.0,45907900.0,0.0
1254100000,Хрустальненська,0.0,0.0,0.0,0.0,0.0,0.0,0.0,0.0,0.0,0.0,0.0,0.0,0.0,0.0,0.0
1250300000,Чмирівська,0.0,0.0,0.0,0.0,25340900.0,0.0,0.0,0.0,0.0,0.0,0.0,0.0,0.0,25340900.0,0.0
1253900000,Широківська,0.0,0.0,0.0,0.0,0.0,0.0,0.0,0.0,0.0,0.0,0.0,0.0,0.0,0.0,0.0
1251000000,Шульгинська,0.0,0.0,0.0,0.0,16062300.0,0.0,0.0,0.0,0.0,0.0,0.0,0.0,0.0,16062300.0,0.0
1253000000,Щастинська,0.0,0.0,0.0,0.0,34938200.0,0.0,0.0,0.0,0.0,0.0,0.0,0.0,0.0,34938200.0,0.0
1355800000,Івано-Франківська,0.0,0.0,0.0,0.0,69153300.0,0.0,0.0,0.0,0.0,0.0,0.0,0.0,0.0,69153300.0,0.0
1354200000,Белзька,0.0,0.0,0.0,0.0,43545900.0,0.0,0.0,0.0,0.0,0.0,0.0,0.0,0.0,43545900.0,0.0
1354300000,Боринська,0.0,0.0,0.0,0.0,105250500.0,0.0,0.0,0.0,0.0,0.0,0.0,0.0,0.0,105250500.0,0.0
1354400000,Бориславська,0.0,0.0,0.0,0.0,93155600.0,0.0,0.0,0.0,0.0,0.0,0.0,0.0,0.0,93155600.0,0.0
1354500000,Бродівська,0.0,0.0,0.0,0.0,125193200.0,0.0,0.0,0.0,0.0,0.0,0.0,0.0,0.0,125193200.0,0.0
1354600000,Буська,0.0,0.0,0.0,0.0,108548700.0,0.0,0.0,0.0,0.0,0.0,0.0,0.0,0.0,108548700.0,0.0
1353600000,Бібрська,0.0,0.0,0.0,0.0,55345400.0,0.0,0.0,0.0,0.0,0.0,0.0,0.0,0.0,55345400.0,0.0
1350200000,Бісковицька,0.0,0.0,0.0,0.0,64079200.0,0.0,0.0,0.0,0.0,0.0,0.0,0.0,0.0,64079200.0,0.0
1352300000,Великолюбінська,0.0,0.0,0.0,0.0,27318500.0,0.0,0.0,0.0,0.0,0.0,0.0,0.0,0.0,27318500.0,0.0
1353200000,Великомостівська,0.0,0.0,0.0,0.0,57775500.0,0.0,0.0,0.0,0.0,0.0,0.0,0.0,0.0,57775500.0,0.0
1354700000,Глинянська,0.0,0.0,0.0,0.0,31570900.0,0.0,0.0,0.0,0.0,0.0,0.0,0.0,0.0,31570900.0,0.0
1350500000,Гніздичівська,0.0,0.0,0.0,0.0,20069900.0,0.0,0.0,0.0,0.0,0.0,0.0,0.0,0.0,20069900.0,0.0
1354900000,Грабовецько-Дулібівська,0.0,0.0,0.0,0.0,38250400.0,0.0,0.0,0.0,0.0,0.0,0.0,0.0,0.0,38250400.0,0.0
1352000000,Давидівська,0.0,0.0,0.0,0.0,58765300.0,0.0,0.0,0.0,0.0,0.0,0.0,0.0,0.0,58765300.0,0.0
1355000000,Добромильська,0.0,0.0,0.0,0.0,46365200.0,0.0,0.0,0.0,0.0,0.0,0.0,0.0,0.0,46365200.0,0.0
1355100000,Добросинсько-Магерівська,0.0,0.0,0.0,0.0,58269300.0,0.0,0.0,0.0,0.0,0.0,0.0,0.0,0.0,58269300.0,0.0
1355200000,Добротвірська,0.0,0.0,0.0,0.0,30075200.0,0.0,0.0,0.0,0.0,0.0,0.0,0.0,0.0,30075200.0,0.0
1355300000,Дрогобицька,0.0,0.0,0.0,0.0,259216700.0,0.0,0.0,0.0,0.0,0.0,0.0,0.0,0.0,259216700.0,0.0
1355400000,Жидачівська,0.0,0.0,0.0,0.0,53477900.0,0.0,0.0,0.0,0.0,0.0,0.0,0.0,0.0,53477900.0,0.0
1355500000,Жовківська,0.0,0.0,0.0,0.0,118892100.0,0.0,0.0,0.0,0.0,0.0,0.0,0.0,0.0,118892100.0,0.0
1352100000,Жовтанецька,0.0,0.0,0.0,0.0,45780200.0,0.0,0.0,0.0,0.0,0.0,0.0,0.0,0.0,45780200.0,0.0
1355600000,Журавненська,0.0,0.0,0.0,0.0,34545400.0,0.0,0.0,0.0,0.0,0.0,0.0,0.0,0.0,34545400.0,0.0
1350800000,Заболотцівська,0.0,0.0,0.0,0.0,22631100.0,0.0,0.0,0.0,0.0,0.0,0.0,0.0,0.0,22631100.0,0.0
1353700000,Зимноводівська,0.0,0.0,0.0,0.0,62645700.0,0.0,0.0,0.0,0.0,0.0,0.0,0.0,0.0,62645700.0,0.0
1355700000,Золочівська,0.0,0.0,0.0,0.0,138104600.0,0.0,0.0,0.0,0.0,0.0,0.0,0.0,0.0,138104600.0,0.0
1353400000,Кам'янка-Бузька,0.0,0.0,0.0,0.0,61445000.0,0.0,0.0,0.0,0.0,0.0,0.0,0.0,0.0,61445000.0,0.0
1355900000,Козівська,0.0,0.0,0.0,0.0,58636800.0,0.0,0.0,0.0,0.0,0.0,0.0,0.0,0.0,58636800.0,0.0
1356000000,Комарнівська,0.0,0.0,0.0,0.0,40101200.0,0.0,0.0,0.0,0.0,0.0,0.0,0.0,0.0,40101200.0,0.0
1356100000,Красненська,0.0,0.0,0.0,0.0,57668600.0,0.0,0.0,0.0,0.0,0.0,0.0,0.0,0.0,57668600.0,0.0
1356200000,Куликівська,0.0,0.0,0.0,0.0,39776800.0,0.0,0.0,0.0,0.0,0.0,0.0,0.0,0.0,39776800.0,0.0
1353800000,Лопатинська,0.0,0.0,0.0,0.0,36492600.0,0.0,0.0,0.0,0.0,0.0,0.0,0.0,0.0,36492600.0,0.0
1356300000,Львівська,0.0,0.0,0.0,0.0,1654118000.0,0.0,0.0,0.0,0.0,0.0,0.0,0.0,0.0,1654118000.0,0.0
1353900000,Меденицька,0.0,0.0,0.0,0.0,55265700.0,0.0,0.0,0.0,0.0,0.0,0.0,0.0,0.0,55265700.0,0.0
1356400000,Миколаївська,0.0,0.0,0.0,0.0,107904300.0,0.0,0.0,0.0,0.0,0.0,0.0,0.0,0.0,107904300.0,0.0
1356500000,Моршинська,0.0,0.0,0.0,0.0,37284200.0,0.0,0.0,0.0,0.0,0.0,0.0,0.0,0.0,37284200.0,0.0
1351700000,Мостиська,0.0,0.0,0.0,0.0,119755100.0,0.0,0.0,0.0,0.0,0.0,0.0,0.0,0.0,119755100.0,0.0
1353500000,Мурованська,0.0,0.0,0.0,0.0,26539900.0,0.0,0.0,0.0,0.0,0.0,0.0,0.0,0.0,26539900.0,0.0
1351100000,Новокалинівська,0.0,0.0,0.0,0.0,34507400.0,0.0,0.0,0.0,0.0,0.0,0.0,0.0,0.0,34507400.0,0.0
1356600000,Новороздільська,0.0,0.0,0.0,0.0,70468300.0,0.0,0.0,0.0,0.0,0.0,0.0,0.0,0.0,70468300.0,0.0
1356700000,Новояворівська,0.0,0.0,0.0,0.0,157594400.0,0.0,0.0,0.0,0.0,0.0,0.0,0.0,0.0,157594400.0,0.0
1356800000,Новояричівська,0.0,0.0,0.0,0.0,61631100.0,0.0,0.0,0.0,0.0,0.0,0.0,0.0,0.0,61631100.0,0.0
1356900000,Оброшинська,0.0,0.0,0.0,0.0,21750800.0,0.0,0.0,0.0,0.0,0.0,0.0,0.0,0.0,21750800.0,0.0
1357000000,Перемишлянська,0.0,0.0,0.0,0.0,73165100.0,0.0,0.0,0.0,0.0,0.0,0.0,0.0,0.0,73165100.0,0.0
1357200000,Поморянська,0.0,0.0,0.0,0.0,19949800.0,0.0,0.0,0.0,0.0,0.0,0.0,0.0,0.0,19949800.0,0.0
1357300000,Пустомитівська,0.0,0.0,0.0,0.0,52327100.0,0.0,0.0,0.0,0.0,0.0,0.0,0.0,0.0,52327100.0,0.0
1352700000,Підберізцівська,0.0,0.0,0.0,0.0,25267900.0,0.0,0.0,0.0,0.0,0.0,0.0,0.0,0.0,25267900.0,0.0
1357100000,Підкамінська,0.0,0.0,0.0,0.0,36058600.0,0.0,0.0,0.0,0.0,0.0,0.0,0.0,0.0,36058600.0,0.0
1357400000,Рава-Руська,0.0,0.0,0.0,0.0,89361600.0,0.0,0.0,0.0,0.0,0.0,0.0,0.0,0.0,89361600.0,0.0
1354000000,Радехівська,0.0,0.0,0.0,0.0,121233100.0,0.0,0.0,0.0,0.0,0.0,0.0,0.0,0.0,121233100.0,0.0
1357500000,Ралівська,0.0,0.0,0.0,0.0,49926700.0,0.0,0.0,0.0,0.0,0.0,0.0,0.0,0.0,49926700.0,0.0
1352500000,Розвадівська,0.0,0.0,0.0,0.0,37856200.0,0.0,0.0,0.0,0.0,0.0,0.0,0.0,0.0,37856200.0,0.0
1353000000,Рудківська,0.0,0.0,0.0,0.0,77676100.0,0.0,0.0,0.0,0.0,0.0,0.0,0.0,0.0,77676100.0,0.0
1357600000,Самбірська,0.0,0.0,0.0,0.0,90028200.0,0.0,0.0,0.0,0.0,0.0,0.0,0.0,0.0,90028200.0,0.0
1357700000,Сколівська,0.0,0.0,0.0,0.0,87331900.0,0.0,0.0,0.0,0.0,0.0,0.0,0.0,0.0,87331900.0,0.0
1353100000,Славська,0.0,0.0,0.0,0.0,79880600.0,0.0,0.0,0.0,0.0,0.0,0.0,0.0,0.0,79880600.0,0.0
1357800000,Сокальська,0.0,0.0,0.0,0.0,139183900.0,0.0,0.0,0.0,0.0,0.0,0.0,0.0,0.0,139183900.0,0.0
1357900000,Сокільницька,0.0,0.0,0.0,0.0,17372500.0,0.0,0.0,0.0,0.0,0.0,0.0,0.0,0.0,17372500.0,0.0
1352800000,Солонківська,0.0,0.0,0.0,0.0,43514200.0,0.0,0.0,0.0,0.0,0.0,0.0,0.0,0.0,43514200.0,0.0
1358000000,Старосамбірська,0.0,0.0,0.0,0.0,75147300.0,0.0,0.0,0.0,0.0,0.0,0.0,0.0,0.0,75147300.0,0.0
1358100000,Стрийська,0.0,0.0,0.0,0.0,249512600.0,0.0,0.0,0.0,0.0,0.0,0.0,0.0,0.0,249512600.0,0.0
1358200000,Стрілківська,0.0,0.0,0.0,0.0,53489700.0,0.0,0.0,0.0,0.0,0.0,0.0,0.0,0.0,53489700.0,0.0
1351800000,Судововишнянська,0.0,0.0,0.0,0.0,37044700.0,0.0,0.0,0.0,0.0,0.0,0.0,0.0,0.0,37044700.0,0.0
1358300000,Східницька,0.0,0.0,0.0,0.0,55107000.0,0.0,0.0,0.0,0.0,0.0,0.0,0.0,0.0,55107000.0,0.0
1351400000,Тростянецька,0.0,0.0,0.0,0.0,27320100.0,0.0,0.0,0.0,0.0,0.0,0.0,0.0,0.0,27320100.0,0.0
1358400000,Трускавецька,0.0,0.0,0.0,0.0,76150700.0,0.0,0.0,0.0,0.0,0.0,0.0,0.0,0.0,76150700.0,0.0
1358500000,Турківська,0.0,0.0,0.0,0.0,98039800.0,0.0,0.0,0.0,0.0,0.0,0.0,0.0,0.0,98039800.0,0.0
1358600000,Хирівська,0.0,0.0,0.0,0.0,56333600.0,0.0,0.0,0.0,0.0,0.0,0.0,0.0,0.0,56333600.0,0.0
1351600000,Ходорівська,0.0,0.0,0.0,0.0,75543300.0,0.0,0.0,0.0,0.0,0.0,0.0,0.0,0.0,75543300.0,0.0
1352200000,Шегинівська,0.0,0.0,0.0,0.0,36007300.0,0.0,0.0,0.0,0.0,0.0,0.0,0.0,0.0,36007300.0,0.0
1358700000,Шептицька,0.0,0.0,0.0,0.0,192913300.0,0.0,0.0,0.0,0.0,0.0,0.0,0.0,0.0,192913300.0,0.0
1352900000,Щирецька,0.0,0.0,0.0,0.0,31974600.0,0.0,0.0,0.0,0.0,0.0,0.0,0.0,0.0,31974600.0,0.0
1358800000,Яворівська,0.0,0.0,0.0,0.0,191874400.0,0.0,0.0,0.0,0.0,0.0,0.0,0.0,0.0,191874400.0,0.0
1454500000,Єланецька,0.0,0.0,0.0,0.0,51859300.0,0.0,0.0,0.0,0.0,0.0,0.0,0.0,0.0,51859300.0,0.0
1454600000,Інгульська,0.0,0.0,0.0,0.0,34669800.0,0.0,0.0,0.0,0.0,0.0,0.0,0.0,0.0,34669800.0,0.0
1452800000,Арбузинська,0.0,0.0,0.0,0.0,32538400.0,0.0,0.0,0.0,0.0,0.0,0.0,0.0,0.0,32538400.0,0.0
1450200000,Баштанська,0.0,0.0,0.0,0.0,68138400.0,0.0,0.0,0.0,0.0,0.0,0.0,0.0,0.0,68138400.0,0.0
1452200000,Березанська,0.0,0.0,0.0,0.0,44005800.0,0.0,0.0,0.0,0.0,0.0,0.0,0.0,0.0,44005800.0,0.0
1453000000,Березнегуватська,0.0,0.0,0.0,0.0,61775500.0,0.0,0.0,0.0,0.0,0.0,0.0,0.0,0.0,61775500.0,0.0
1451000000,Благодатненська,0.0,0.0,0.0,0.0,24076600.0,0.0,0.0,0.0,0.0,0.0,0.0,0.0,0.0,24076600.0,0.0
1454300000,Братська,0.0,0.0,0.0,0.0,40147600.0,0.0,0.0,0.0,0.0,0.0,0.0,0.0,0.0,40147600.0,0.0
1451100000,Бузька,0.0,0.0,0.0,0.0,20874500.0,0.0,0.0,0.0,0.0,0.0,0.0,0.0,0.0,20874500.0,0.0
1450400000,Веселинівська,0.0,0.0,0.0,0.0,61763400.0,0.0,0.0,0.0,0.0,0.0,0.0,0.0,0.0,61763400.0,0.0
1450800000,Веснянська,0.0,0.0,0.0,0.0,32953500.0,0.0,0.0,0.0,0.0,0.0,0.0,0.0,0.0,32953500.0,0.0
1452900000,Вознесенська,0.0,0.0,0.0,0.0,98156500.0,0.0,0.0,0.0,0.0,0.0,0.0,0.0,0.0,98156500.0,0.0
1452400000,Володимирівська,0.0,0.0,0.0,0.0,6480600.0,0.0,0.0,0.0,0.0,0.0,0.0,0.0,0.0,6480600.0,0.0
1450500000,Воскресенська,0.0,0.0,0.0,0.0,45386900.0,0.0,0.0,0.0,0.0,0.0,0.0,0.0,0.0,45386900.0,0.0
1454400000,Врадіївська,0.0,0.0,0.0,0.0,54473600.0,0.0,0.0,0.0,0.0,0.0,0.0,0.0,0.0,54473600.0,0.0
1453400000,Вільнозапорізька,0.0,0.0,0.0,0.0,19739200.0,0.0,0.0,0.0,0.0,0.0,0.0,0.0,0.0,19739200.0,0.0
1451200000,Галицинівська,0.0,0.0,0.0,0.0,31268900.0,0.0,0.0,0.0,0.0,0.0,0.0,0.0,0.0,31268900.0,0.0
1453500000,Горохівська,0.0,0.0,0.0,0.0,27356100.0,0.0,0.0,0.0,0.0,0.0,0.0,0.0,0.0,27356100.0,0.0
1450600000,Доманівська,0.0,0.0,0.0,0.0,47433400.0,0.0,0.0,0.0,0.0,0.0,0.0,0.0,0.0,47433400.0,0.0
1452000000,Дорошівська,0.0,0.0,0.0,0.0,15875100.0,0.0,0.0,0.0,0.0,0.0,0.0,0.0,0.0,15875100.0,0.0
1452500000,Казанківська,0.0,0.0,0.0,0.0,49629600.0,0.0,0.0,0.0,0.0,0.0,0.0,0.0,0.0,49629600.0,0.0
1450900000,Кам'яномостівська,0.0,0.0,0.0,0.0,27046700.0,0.0,0.0,0.0,0.0,0.0,0.0,0.0,0.0,27046700.0,0.0
1451300000,Коблівська,0.0,0.0,0.0,0.0,32440900.0,0.0,0.0,0.0,0.0,0.0,0.0,0.0,0.0,32440900.0,0.0
1451500000,Костянтинівська,0.0,0.0,0.0,0.0,21754800.0,0.0,0.0,0.0,0.0,0.0,0.0,0.0,0.0,21754800.0,0.0
1454800000,Кривоозерська,0.0,0.0,0.0,0.0,70454400.0,0.0,0.0,0.0,0.0,0.0,0.0,0.0,0.0,70454400.0,0.0
1450100000,Куцурубська,0.0,0.0,0.0,0.0,28642300.0,0.0,0.0,0.0,0.0,0.0,0.0,0.0,0.0,28642300.0,0.0
1453800000,Мигіївська,0.0,0.0,0.0,0.0,28306900.0,0.0,0.0,0.0,0.0,0.0,0.0,0.0,0.0,28306900.0,0.0
1454900000,Миколаївська,0.0,0.0,0.0,0.0,875178900.0,0.0,0.0,0.0,0.0,0.0,0.0,0.0,0.0,875178900.0,0.0
1451500000,Мостівська,0.0,0.0,0.0,0.0,21754800.0,0.0,0.0,0.0,0.0,0.0,0.0,0.0,0.0,21754800.0,0.0
1454200000,Мішково-Погорілівська,0.0,0.0,0.0,0.0,21871400.0,0.0,0.0,0.0,0.0,0.0,0.0,0.0,0.0,21871400.0,0.0
1451600000,Нечаянська,0.0,0.0,0.0,0.0,16465900.0,0.0,0.0,0.0,0.0,0.0,0.0,0.0,0.0,16465900.0,0.0
1453100000,Новобузька,0.0,0.0,0.0,0.0,44497900.0,0.0,0.0,0.0,0.0,0.0,0.0,0.0,0.0,44497900.0,0.0
1453900000,Новомар'ївська,0.0,0.0,0.0,0.0,20365100.0,0.0,0.0,0.0,0.0,0.0,0.0,0.0,0.0,20365100.0,0.0
1455000000,Новоодеська,0.0,0.0,0.0,0.0,50178400.0,0.0,0.0,0.0,0.0,0.0,0.0,0.0,0.0,50178400.0,0.0
1450300000,Олександрівська,0.0,0.0,0.0,0.0,27122300.0,0.0,0.0,0.0,0.0,0.0,0.0,0.0,0.0,27122300.0,0.0
1450700000,Ольшанська,0.0,0.0,0.0,0.0,25079600.0,0.0,0.0,0.0,0.0,0.0,0.0,0.0,0.0,25079600.0,0.0
1455100000,Очаківська,0.0,0.0,0.0,0.0,29499300.0,0.0,0.0,0.0,0.0,0.0,0.0,0.0,0.0,29499300.0,0.0
1455200000,Первомайська,0.0,0.0,0.0,0.0,145778500.0,0.0,0.0,0.0,0.0,0.0,0.0,0.0,0.0,145778500.0,0.0
1451700000,Прибужанівська,0.0,0.0,0.0,0.0,26866900.0,0.0,0.0,0.0,0.0,0.0,0.0,0.0,0.0,26866900.0,0.0
1452300000,Прибузька,0.0,0.0,0.0,0.0,16970500.0,0.0,0.0,0.0,0.0,0.0,0.0,0.0,0.0,16970500.0,0.0
1455700000,Південноукраїнська,0.0,0.0,0.0,0.0,82532200.0,0.0,0.0,0.0,0.0,0.0,0.0,0.0,0.0,82532200.0,0.0
1452700000,Радсадівська,0.0,0.0,0.0,0.0,16686000.0,0.0,0.0,0.0,0.0,0.0,0.0,0.0,0.0,16686000.0,0.0
1455500000,Синюшинобрідська,0.0,0.0,0.0,0.0,19929500.0,0.0,0.0,0.0,0.0,0.0,0.0,0.0,0.0,19929500.0,0.0
1453200000,Снігурівська,0.0,0.0,0.0,0.0,69349900.0,0.0,0.0,0.0,0.0,0.0,0.0,0.0,0.0,69349900.0,0.0
1454000000,Софіївська,0.0,0.0,0.0,0.0,19226300.0,0.0,0.0,0.0,0.0,0.0,0.0,0.0,0.0,19226300.0,0.0
1455600000,Степівська,0.0,0.0,0.0,0.0,34788900.0,0.0,0.0,0.0,0.0,0.0,0.0,0.0,0.0,34788900.0,0.0
1454100000,Сухоєланецька,0.0,0.0,0.0,0.0,14069500.0,0.0,0.0,0.0,0.0,0.0,0.0,0.0,0.0,14069500.0,0.0
1451800000,Чорноморська,0.0,0.0,0.0,0.0,19394900.0,0.0,0.0,0.0,0.0,0.0,0.0,0.0,0.0,19394900.0,0.0
1452600000,Широківська,0.0,0.0,0.0,0.0,13842500.0,0.0,0.0,0.0,0.0,0.0,0.0,0.0,0.0,13842500.0,0.0
1553800000,Іванівська,0.0,0.0,0.0,0.0,62269600.0,0.0,0.0,0.0,0.0,0.0,0.0,0.0,0.0,62269600.0,0.0
1555300000,Ізмаїльська,0.0,0.0,0.0,0.0,174856500.0,0.0,0.0,0.0,0.0,0.0,0.0,0.0,0.0,174856500.0,0.0
1551800000,Авангардівська,0.0,0.0,0.0,0.0,55576700.0,0.0,0.0,0.0,0.0,0.0,0.0,0.0,0.0,55576700.0,0.0
1553800000,Ананьївська,0.0,0.0,0.0,0.0,62269600.0,0.0,0.0,0.0,0.0,0.0,0.0,0.0,0.0,62269600.0,0.0
1553900000,Арцизька,0.0,0.0,0.0,0.0,91963900.0,0.0,0.0,0.0,0.0,0.0,0.0,0.0,0.0,91963900.0,0.0
1550100000,Балтська,0.0,0.0,0.0,0.0,100688400.0,0.0,0.0,0.0,0.0,0.0,0.0,0.0,0.0,100688400.0,0.0
1551400000,Березівська,0.0,0.0,0.0,0.0,60197600.0,0.0,0.0,0.0,0.0,0.0,0.0,0.0,0.0,60197600.0,0.0
1558200000,Бессарабська,0.0,0.0,0.0,0.0,64986400.0,0.0,0.0,0.0,0.0,0.0,0.0,0.0,0.0,64986400.0,0.0
1554100000,Болградська,0.0,0.0,0.0,0.0,62416400.0,0.0,0.0,0.0,0.0,0.0,0.0,0.0,0.0,62416400.0,0.0
1554200000,Буджацька,0.0,0.0,0.0,0.0,61643700.0,0.0,0.0,0.0,0.0,0.0,0.0,0.0,0.0,61643700.0,0.0
1554000000,Білгород-Дністровська,0.0,0.0,0.0,0.0,113924200.0,0.0,0.0,0.0,0.0,0.0,0.0,0.0,0.0,113924200.0,0.0
1550200000,Біляївська,0.0,0.0,0.0,0.0,83525100.0,0.0,0.0,0.0,0.0,0.0,0.0,0.0,0.0,83525100.0,0.0
1554300000,Василівська,0.0,0.0,0.0,0.0,32386500.0,0.0,0.0,0.0,0.0,0.0,0.0,0.0,0.0,32386500.0,0.0
1553000000,Великобуялицька,0.0,0.0,0.0,0.0,20758200.0,0.0,0.0,0.0,0.0,0.0,0.0,0.0,0.0,20758200.0,0.0
1554400000,Великодальницька,0.0,0.0,0.0,0.0,48272100.0,0.0,0.0,0.0,0.0,0.0,0.0,0.0,0.0,48272100.0,0.0
1554500000,Великодолинська,0.0,0.0,0.0,0.0,56110200.0,0.0,0.0,0.0,0.0,0.0,0.0,0.0,0.0,56110200.0,0.0
1550300000,Великомихайлівська,0.0,0.0,0.0,0.0,56939600.0,0.0,0.0,0.0,0.0,0.0,0.0,0.0,0.0,56939600.0,0.0
1553100000,Великоплосківська,0.0,0.0,0.0,0.0,16493500.0,0.0,0.0,0.0,0.0,0.0,0.0,0.0,0.0,16493500.0,0.0
1554600000,Вигодянська,0.0,0.0,0.0,0.0,48043700.0,0.0,0.0,0.0,0.0,0.0,0.0,0.0,0.0,48043700.0,0.0
1552900000,Визирська,0.0,0.0,0.0,0.0,38401800.0,0.0,0.0,0.0,0.0,0.0,0.0,0.0,0.0,38401800.0,0.0
1551700000,Вилківська,0.0,0.0,0.0,0.0,43470400.0,0.0,0.0,0.0,0.0,0.0,0.0,0.0,0.0,43470400.0,0.0
1554700000,Городненська,0.0,0.0,0.0,0.0,31875900.0,0.0,0.0,0.0,0.0,0.0,0.0,0.0,0.0,31875900.0,0.0
1551900000,Дальницька,0.0,0.0,0.0,0.0,45318200.0,0.0,0.0,0.0,0.0,0.0,0.0,0.0,0.0,45318200.0,0.0
1554800000,Дачненська,0.0,0.0,0.0,0.0,36942800.0,0.0,0.0,0.0,0.0,0.0,0.0,0.0,0.0,36942800.0,0.0
1554900000,Дивізійська,0.0,0.0,0.0,0.0,20230200.0,0.0,0.0,0.0,0.0,0.0,0.0,0.0,0.0,20230200.0,0.0
1555000000,Доброславська,0.0,0.0,0.0,0.0,46605200.0,0.0,0.0,0.0,0.0,0.0,0.0,0.0,0.0,46605200.0,0.0
1555100000,Долинська,0.0,0.0,0.0,0.0,16208500.0,0.0,0.0,0.0,0.0,0.0,0.0,0.0,0.0,16208500.0,0.0
1550900000,Затишанська,0.0,0.0,0.0,0.0,24131100.0,0.0,0.0,0.0,0.0,0.0,0.0,0.0,0.0,24131100.0,0.0
1555200000,Захарівська,0.0,0.0,0.0,0.0,51535800.0,0.0,0.0,0.0,0.0,0.0,0.0,0.0,0.0,51535800.0,0.0
1553200000,Зеленогірська,0.0,0.0,0.0,0.0,26457700.0,0.0,0.0,0.0,0.0,0.0,0.0,0.0,0.0,26457700.0,0.0
1552300000,Знам'янська,0.0,0.0,0.0,0.0,31592200.0,0.0,0.0,0.0,0.0,0.0,0.0,0.0,0.0,31592200.0,0.0
1555400000,Кароліно-Бугазька,0.0,0.0,0.0,0.0,11150200.0,0.0,0.0,0.0,0.0,0.0,0.0,0.0,0.0,11150200.0,0.0
1558100000,Катлабузька,0.0,0.0,0.0,0.0,27188200.0,0.0,0.0,0.0,0.0,0.0,0.0,0.0,0.0,27188200.0,0.0
1555500000,Кодимська,0.0,0.0,0.0,0.0,69746700.0,0.0,0.0,0.0,0.0,0.0,0.0,0.0,0.0,69746700.0,0.0
1551100000,Коноплянська,0.0,0.0,0.0,0.0,35131300.0,0.0,0.0,0.0,0.0,0.0,0.0,0.0,0.0,35131300.0,0.0
1550400000,Красносільська,0.0,0.0,0.0,0.0,34622300.0,0.0,0.0,0.0,0.0,0.0,0.0,0.0,0.0,34622300.0,0.0
1555600000,Криничненська,0.0,0.0,0.0,0.0,11269700.0,0.0,0.0,0.0,0.0,0.0,0.0,0.0,0.0,11269700.0,0.0
1555700000,Кубейська,0.0,0.0,0.0,0.0,24436400.0,0.0,0.0,0.0,0.0,0.0,0.0,0.0,0.0,24436400.0,0.0
1555800000,Кулевчанська,0.0,0.0,0.0,0.0,21552000.0,0.0,0.0,0.0,0.0,0.0,0.0,0.0,0.0,21552000.0,0.0
1555900000,Курісовська,0.0,0.0,0.0,0.0,23837900.0,0.0,0.0,0.0,0.0,0.0,0.0,0.0,0.0,23837900.0,0.0
1551300000,Куяльницька,0.0,0.0,0.0,0.0,77574100.0,0.0,0.0,0.0,0.0,0.0,0.0,0.0,0.0,77574100.0,0.0
1552600000,Кілійська,0.0,0.0,0.0,0.0,97054000.0,0.0,0.0,0.0,0.0,0.0,0.0,0.0,0.0,97054000.0,0.0
1556000000,Лиманська,0.0,0.0,0.0,0.0,45363700.0,0.0,0.0,0.0,0.0,0.0,0.0,0.0,0.0,45363700.0,0.0
1552700000,Любашівська,0.0,0.0,0.0,0.0,78573300.0,0.0,0.0,0.0,0.0,0.0,0.0,0.0,0.0,78573300.0,0.0
1550500000,Маразліївська,0.0,0.0,0.0,0.0,28204700.0,0.0,0.0,0.0,0.0,0.0,0.0,0.0,0.0,28204700.0,0.0
1552100000,Маяківська,0.0,0.0,0.0,0.0,46875100.0,0.0,0.0,0.0,0.0,0.0,0.0,0.0,0.0,46875100.0,0.0
1552400000,Миколаївська,0.0,0.0,0.0,0.0,48535800.0,0.0,0.0,0.0,0.0,0.0,0.0,0.0,0.0,48535800.0,0.0
1552400000,Мологівська,0.0,0.0,0.0,0.0,48535800.0,0.0,0.0,0.0,0.0,0.0,0.0,0.0,0.0,48535800.0,0.0
1556200000,Нерубайська,0.0,0.0,0.0,0.0,66654400.0,0.0,0.0,0.0,0.0,0.0,0.0,0.0,0.0,66654400.0,0.0
1553500000,Новоборисівська,0.0,0.0,0.0,0.0,24830200.0,0.0,0.0,0.0,0.0,0.0,0.0,0.0,0.0,24830200.0,0.0
1550800000,Новокальчевська,0.0,0.0,0.0,0.0,16178800.0,0.0,0.0,0.0,0.0,0.0,0.0,0.0,0.0,16178800.0,0.0
1556300000,Овідіопольська,0.0,0.0,0.0,0.0,53187500.0,0.0,0.0,0.0,0.0,0.0,0.0,0.0,0.0,53187500.0,0.0
1556400000,Одеська,0.0,0.0,0.0,0.0,1989891300.0,0.0,0.0,0.0,0.0,0.0,0.0,0.0,0.0,1989891300.0,0.0
1552800000,Окнянська,0.0,0.0,0.0,0.0,76546800.0,0.0,0.0,0.0,0.0,0.0,0.0,0.0,0.0,76546800.0,0.0
1556500000,Павлівська,0.0,0.0,0.0,0.0,21002000.0,0.0,0.0,0.0,0.0,0.0,0.0,0.0,0.0,21002000.0,0.0
1553600000,Петровірівська,0.0,0.0,0.0,0.0,17041600.0,0.0,0.0,0.0,0.0,0.0,0.0,0.0,0.0,17041600.0,0.0
1553600000,Петропавлівська,0.0,0.0,0.0,0.0,17041600.0,0.0,0.0,0.0,0.0,0.0,0.0,0.0,0.0,17041600.0,0.0
1556800000,Плахтіївська,0.0,0.0,0.0,0.0,26523600.0,0.0,0.0,0.0,0.0,0.0,0.0,0.0,0.0,26523600.0,0.0
1556900000,Подільська,0.0,0.0,0.0,0.0,97621300.0,0.0,0.0,0.0,0.0,0.0,0.0,0.0,0.0,97621300.0,0.0
1559100000,Південнівська,0.0,0.0,0.0,0.0,76590200.0,0.0,0.0,0.0,0.0,0.0,0.0,0.0,0.0,76590200.0,0.0
1557000000,Раухівська,0.0,0.0,0.0,0.0,22718700.0,0.0,0.0,0.0,0.0,0.0,0.0,0.0,0.0,22718700.0,0.0
1557100000,Ренійська,0.0,0.0,0.0,0.0,104677200.0,0.0,0.0,0.0,0.0,0.0,0.0,0.0,0.0,104677200.0,0.0
1557200000,Роздільнянська,0.0,0.0,0.0,0.0,114004900.0,0.0,0.0,0.0,0.0,0.0,0.0,0.0,0.0,114004900.0,0.0
1550600000,Розквітівська,0.0,0.0,0.0,0.0,15942300.0,0.0,0.0,0.0,0.0,0.0,0.0,0.0,0.0,15942300.0,0.0
1557300000,Савранська,0.0,0.0,0.0,0.0,56323300.0,0.0,0.0,0.0,0.0,0.0,0.0,0.0,0.0,56323300.0,0.0
1557400000,Саратська,0.0,0.0,0.0,0.0,73122000.0,0.0,0.0,0.0,0.0,0.0,0.0,0.0,0.0,73122000.0,0.0
1557500000,Саф'янівська,0.0,0.0,0.0,0.0,151214600.0,0.0,0.0,0.0,0.0,0.0,0.0,0.0,0.0,151214600.0,0.0
1557600000,Сергіївська,0.0,0.0,0.0,0.0,21416700.0,0.0,0.0,0.0,0.0,0.0,0.0,0.0,0.0,21416700.0,0.0
1557700000,Слобідська,0.0,0.0,0.0,0.0,8793600.0,0.0,0.0,0.0,0.0,0.0,0.0,0.0,0.0,8793600.0,0.0
1551500000,Старокозацька,0.0,0.0,0.0,0.0,72005300.0,0.0,0.0,0.0,0.0,0.0,0.0,0.0,0.0,72005300.0,0.0
1557800000,Старомаяківська,0.0,0.0,0.0,0.0,19689700.0,0.0,0.0,0.0,0.0,0.0,0.0,0.0,0.0,19689700.0,0.0
1557900000,Степанівська,0.0,0.0,0.0,0.0,25947100.0,0.0,0.0,0.0,0.0,0.0,0.0,0.0,0.0,25947100.0,0.0
1558000000,Стрюківська,0.0,0.0,0.0,0.0,11722100.0,0.0,0.0,0.0,0.0,0.0,0.0,0.0,0.0,11722100.0,0.0
1558300000,Татарбунарська,0.0,0.0,0.0,0.0,82595600.0,0.0,0.0,0.0,0.0,0.0,0.0,0.0,0.0,82595600.0,0.0
1552500000,Таїровська,0.0,0.0,0.0,0.0,22307800.0,0.0,0.0,0.0,0.0,0.0,0.0,0.0,0.0,22307800.0,0.0
1558400000,Теплицька,0.0,0.0,0.0,0.0,20721700.0,0.0,0.0,0.0,0.0,0.0,0.0,0.0,0.0,20721700.0,0.0
1558500000,Теплодарська,0.0,0.0,0.0,0.0,23303800.0,0.0,0.0,0.0,0.0,0.0,0.0,0.0,0.0,23303800.0,0.0
1550700000,Тузлівська,0.0,0.0,0.0,0.0,12221200.0,0.0,0.0,0.0,0.0,0.0,0.0,0.0,0.0,12221200.0,0.0
1558600000,Усатівська,0.0,0.0,0.0,0.0,55551800.0,0.0,0.0,0.0,0.0,0.0,0.0,0.0,0.0,55551800.0,0.0
1558700000,Успенівська,0.0,0.0,0.0,0.0,26990000.0,0.0,0.0,0.0,0.0,0.0,0.0,0.0,0.0,26990000.0,0.0
1558800000,Фонтанська,0.0,0.0,0.0,0.0,59376200.0,0.0,0.0,0.0,0.0,0.0,0.0,0.0,0.0,59376200.0,0.0
1552200000,Цебриківська,0.0,0.0,0.0,0.0,15061900.0,0.0,0.0,0.0,0.0,0.0,0.0,0.0,0.0,15061900.0,0.0
1553300000,Чернівська,0.0,0.0,0.0,0.0,21038900.0,0.0,0.0,0.0,0.0,0.0,0.0,0.0,0.0,21038900.0,0.0
1553700000,Чогодарівська,0.0,0.0,0.0,0.0,8143900.0,0.0,0.0,0.0,0.0,0.0,0.0,0.0,0.0,8143900.0,0.0
1558900000,Чорноморська,0.0,0.0,0.0,0.0,165456200.0,0.0,0.0,0.0,0.0,0.0,0.0,0.0,0.0,165456200.0,0.0
1551600000,Шабівська,0.0,0.0,0.0,0.0,61531300.0,0.0,0.0,0.0,0.0,0.0,0.0,0.0,0.0,61531300.0,0.0
1551000000,Ширяївська,0.0,0.0,0.0,0.0,38006700.0,0.0,0.0,0.0,0.0,0.0,0.0,0.0,0.0,38006700.0,0.0
1551200000,Яськівська,0.0,0.0,0.0,0.0,31455700.0,0.0,0.0,0.0,0.0,0.0,0.0,0.0,0.0,31455700.0,0.0
1655400000,Білицька,0.0,0.0,0.0,0.0,34743100.0,0.0,0.0,0.0,0.0,0.0,0.0,0.0,0.0,34743100.0,0.0
1650100000,Білоцерківська,0.0,0.0,0.0,0.0,25337200.0,0.0,0.0,0.0,0.0,0.0,0.0,0.0,0.0,25337200.0,0.0
1651900000,Великобагачанська,0.0,0.0,0.0,0.0,31543100.0,0.0,0.0,0.0,0.0,0.0,0.0,0.0,0.0,31543100.0,0.0
1654800000,Великобудищанська,0.0,0.0,0.0,0.0,21049800.0,0.0,0.0,0.0,0.0,0.0,0.0,0.0,0.0,21049800.0,0.0
1655500000,Великорублівська,0.0,0.0,0.0,0.0,16937600.0,0.0,0.0,0.0,0.0,0.0,0.0,0.0,0.0,16937600.0,0.0
1651600000,Великосорочинська,0.0,0.0,0.0,0.0,21272400.0,0.0,0.0,0.0,0.0,0.0,0.0,0.0,0.0,21272400.0,0.0
1654500000,Гадяцька,0.0,0.0,0.0,0.0,54313400.0,0.0,0.0,0.0,0.0,0.0,0.0,0.0,0.0,54313400.0,0.0
1650200000,Глобинська,0.0,0.0,0.0,0.0,87745100.0,0.0,0.0,0.0,0.0,0.0,0.0,0.0,0.0,87745100.0,0.0
1654900000,Гоголівська,0.0,0.0,0.0,0.0,13210100.0,0.0,0.0,0.0,0.0,0.0,0.0,0.0,0.0,13210100.0,0.0
1654600000,Горішньоплавнівська,0.0,0.0,0.0,0.0,108706900.0,0.0,0.0,0.0,0.0,0.0,0.0,0.0,0.0,108706900.0,0.0
1655600000,Градизька,0.0,0.0,0.0,0.0,52123400.0,0.0,0.0,0.0,0.0,0.0,0.0,0.0,0.0,52123400.0,0.0
1652100000,Гребінківська,0.0,0.0,0.0,0.0,66257500.0,0.0,0.0,0.0,0.0,0.0,0.0,0.0,0.0,66257500.0,0.0
1655700000,Диканська,0.0,0.0,0.0,0.0,59786000.0,0.0,0.0,0.0,0.0,0.0,0.0,0.0,0.0,59786000.0,0.0
1652600000,Драбинівська,0.0,0.0,0.0,0.0,14088200.0,0.0,0.0,0.0,0.0,0.0,0.0,0.0,0.0,14088200.0,0.0
1655800000,Заводська,0.0,0.0,0.0,0.0,24818600.0,0.0,0.0,0.0,0.0,0.0,0.0,0.0,0.0,24818600.0,0.0
1655000000,Зіньківська,0.0,0.0,0.0,0.0,70810700.0,0.0,0.0,0.0,0.0,0.0,0.0,0.0,0.0,70810700.0,0.0
1655900000,Кам'янопотоківська,0.0,0.0,0.0,0.0,29473400.0,0.0,0.0,0.0,0.0,0.0,0.0,0.0,0.0,29473400.0,0.0
1656000000,Карлівська,0.0,0.0,0.0,0.0,60282800.0,0.0,0.0,0.0,0.0,0.0,0.0,0.0,0.0,60282800.0,0.0
1656100000,Кобеляцька,0.0,0.0,0.0,0.0,82000700.0,0.0,0.0,0.0,0.0,0.0,0.0,0.0,0.0,82000700.0,0.0
1653400000,Козельщинська,0.0,0.0,0.0,0.0,50473800.0,0.0,0.0,0.0,0.0,0.0,0.0,0.0,0.0,50473800.0,0.0
1654100000,Коломацька,0.0,0.0,0.0,0.0,14296400.0,0.0,0.0,0.0,0.0,0.0,0.0,0.0,0.0,14296400.0,0.0
1656200000,Комишнянська,0.0,0.0,0.0,0.0,21143500.0,0.0,0.0,0.0,0.0,0.0,0.0,0.0,0.0,21143500.0,0.0
1656300000,Котелевська,0.0,0.0,0.0,0.0,36955800.0,0.0,0.0,0.0,0.0,0.0,0.0,0.0,0.0,36955800.0,0.0
1654200000,Краснолуцька,0.0,0.0,0.0,0.0,13401000.0,0.0,0.0,0.0,0.0,0.0,0.0,0.0,0.0,13401000.0,0.0
1656400000,Кременчуцька,0.0,0.0,0.0,0.0,386207800.0,0.0,0.0,0.0,0.0,0.0,0.0,0.0,0.0,386207800.0,0.0
1652200000,Ланнівська,0.0,0.0,0.0,0.0,26722900.0,0.0,0.0,0.0,0.0,0.0,0.0,0.0,0.0,26722900.0,0.0
1652400000,Лохвицька,0.0,0.0,0.0,0.0,64189700.0,0.0,0.0,0.0,0.0,0.0,0.0,0.0,0.0,64189700.0,0.0
1656500000,Лубенська,0.0,0.0,0.0,0.0,163629600.0,0.0,0.0,0.0,0.0,0.0,0.0,0.0,0.0,163629600.0,0.0
1656600000,Лютенська,0.0,0.0,0.0,0.0,16340800.0,0.0,0.0,0.0,0.0,0.0,0.0,0.0,0.0,16340800.0,0.0
1656700000,Мартинівська,0.0,0.0,0.0,0.0,14463800.0,0.0,0.0,0.0,0.0,0.0,0.0,0.0,0.0,14463800.0,0.0
1653900000,Мачухівська,0.0,0.0,0.0,0.0,21242900.0,0.0,0.0,0.0,0.0,0.0,0.0,0.0,0.0,21242900.0,0.0
1653500000,Машівська,0.0,0.0,0.0,0.0,38689200.0,0.0,0.0,0.0,0.0,0.0,0.0,0.0,0.0,38689200.0,0.0
1656800000,Миргородська,0.0,0.0,0.0,0.0,114890800.0,0.0,0.0,0.0,0.0,0.0,0.0,0.0,0.0,114890800.0,0.0
1653500000,Михайлівська,0.0,0.0,0.0,0.0,38689200.0,0.0,0.0,0.0,0.0,0.0,0.0,0.0,0.0,38689200.0,0.0
1652800000,Нехворощанська,0.0,0.0,0.0,0.0,16650300.0,0.0,0.0,0.0,0.0,0.0,0.0,0.0,0.0,16650300.0,0.0
1653100000,Новогалещинська,0.0,0.0,0.0,0.0,12473400.0,0.0,0.0,0.0,0.0,0.0,0.0,0.0,0.0,12473400.0,0.0
1655100000,Новооржицька,0.0,0.0,0.0,0.0,30612100.0,0.0,0.0,0.0,0.0,0.0,0.0,0.0,0.0,30612100.0,0.0
1653000000,Новосанжарська,0.0,0.0,0.0,0.0,76585000.0,0.0,0.0,0.0,0.0,0.0,0.0,0.0,0.0,76585000.0,0.0
1654700000,Новоселівська,0.0,0.0,0.0,0.0,20428300.0,0.0,0.0,0.0,0.0,0.0,0.0,0.0,0.0,20428300.0,0.0
1653700000,Оболонська,0.0,0.0,0.0,0.0,19674100.0,0.0,0.0,0.0,0.0,0.0,0.0,0.0,0.0,19674100.0,0.0
1650500000,Омельницька,0.0,0.0,0.0,0.0,13015400.0,0.0,0.0,0.0,0.0,0.0,0.0,0.0,0.0,13015400.0,0.0
1654300000,Опішнянська,0.0,0.0,0.0,0.0,18344100.0,0.0,0.0,0.0,0.0,0.0,0.0,0.0,0.0,18344100.0,0.0
1656900000,Оржицька,0.0,0.0,0.0,0.0,48170500.0,0.0,0.0,0.0,0.0,0.0,0.0,0.0,0.0,48170500.0,0.0
1653300000,Петрівсько-Роменська,0.0,0.0,0.0,0.0,12282700.0,0.0,0.0,0.0,0.0,0.0,0.0,0.0,0.0,12282700.0,0.0
1650600000,Пирятинська,0.0,0.0,0.0,0.0,90515400.0,0.0,0.0,0.0,0.0,0.0,0.0,0.0,0.0,90515400.0,0.0
1657010000,Полтавська,0.0,0.0,0.0,0.0,0.0,0.0,0.0,0.0,0.0,0.0,0.0,0.0,0.0,0.0,0.0
1650900000,Пришибська,0.0,0.0,0.0,0.0,7705200.0,0.0,0.0,0.0,0.0,0.0,0.0,0.0,0.0,7705200.0,0.0
1651500000,Решетилівська,0.0,0.0,0.0,0.0,87144100.0,0.0,0.0,0.0,0.0,0.0,0.0,0.0,0.0,87144100.0,0.0
1655300000,Ромоданівська,0.0,0.0,0.0,0.0,12063900.0,0.0,0.0,0.0,0.0,0.0,0.0,0.0,0.0,12063900.0,0.0
1651000000,Семенівська,0.0,0.0,0.0,0.0,54731100.0,0.0,0.0,0.0,0.0,0.0,0.0,0.0,0.0,54731100.0,0.0
1653200000,Сенчанська,0.0,0.0,0.0,0.0,26264500.0,0.0,0.0,0.0,0.0,0.0,0.0,0.0,0.0,26264500.0,0.0
1651800000,Сергіївська,0.0,0.0,0.0,0.0,11000800.0,0.0,0.0,0.0,0.0,0.0,0.0,0.0,0.0,11000800.0,0.0
1651300000,Скороходівська,0.0,0.0,0.0,0.0,27462900.0,0.0,0.0,0.0,0.0,0.0,0.0,0.0,0.0,27462900.0,0.0
1654000000,Терешківська,0.0,0.0,0.0,0.0,23933500.0,0.0,0.0,0.0,0.0,0.0,0.0,0.0,0.0,23933500.0,0.0
1657100000,Хорольська,0.0,0.0,0.0,0.0,94227800.0,0.0,0.0,0.0,0.0,0.0,0.0,0.0,0.0,94227800.0,0.0
1654400000,Чорнухинська,0.0,0.0,0.0,0.0,30624700.0,0.0,0.0,0.0,0.0,0.0,0.0,0.0,0.0,30624700.0,0.0
1657200000,Чутівська,0.0,0.0,0.0,0.0,42383300.0,0.0,0.0,0.0,0.0,0.0,0.0,0.0,0.0,42383300.0,0.0
1651200000,Шишацька,0.0,0.0,0.0,0.0,55864700.0,0.0,0.0,0.0,0.0,0.0,0.0,0.0,0.0,55864700.0,0.0
1653600000,Щербанівська,0.0,0.0,0.0,0.0,43900600.0,0.0,0.0,0.0,0.0,0.0,0.0,0.0,0.0,43900600.0,0.0
1753700000,Антонівська,0.0,0.0,0.0,0.0,28232400.0,0.0,0.0,0.0,0.0,0.0,0.0,0.0,0.0,28232400.0,0.0
1750100000,Бабинська,0.0,0.0,0.0,0.0,33861100.0,0.0,0.0,0.0,0.0,0.0,0.0,0.0,0.0,33861100.0,0.0
1754700000,Березнівська,0.0,0.0,0.0,0.0,265097900.0,0.0,0.0,0.0,0.0,0.0,0.0,0.0,0.0,265097900.0,0.0
1754600000,Березівська,0.0,0.0,0.0,0.0,96970100.0,0.0,0.0,0.0,0.0,0.0,0.0,0.0,0.0,96970100.0,0.0
1751900000,Бокіймівська,0.0,0.0,0.0,0.0,23715300.0,0.0,0.0,0.0,0.0,0.0,0.0,0.0,0.0,23715300.0,0.0
1751600000,Боремельська,0.0,0.0,0.0,0.0,13515300.0,0.0,0.0,0.0,0.0,0.0,0.0,0.0,0.0,13515300.0,0.0
1750200000,Бугринська,0.0,0.0,0.0,0.0,20278800.0,0.0,0.0,0.0,0.0,0.0,0.0,0.0,0.0,20278800.0,0.0
1754800000,Білокриницька,0.0,0.0,0.0,0.0,34897300.0,0.0,0.0,0.0,0.0,0.0,0.0,0.0,0.0,34897300.0,0.0
1753200000,Вараська,0.0,0.0,0.0,0.0,177029800.0,0.0,0.0,0.0,0.0,0.0,0.0,0.0,0.0,177029800.0,0.0
1754900000,Варковицька,0.0,0.0,0.0,0.0,20399200.0,0.0,0.0,0.0,0.0,0.0,0.0,0.0,0.0,20399200.0,0.0
1755000000,Великомежиріцька,0.0,0.0,0.0,0.0,28004000.0,0.0,0.0,0.0,0.0,0.0,0.0,0.0,0.0,28004000.0,0.0
1753800000,Великоомелянська,0.0,0.0,0.0,0.0,15628300.0,0.0,0.0,0.0,0.0,0.0,0.0,0.0,0.0,15628300.0,0.0
1755100000,Вербська,0.0,0.0,0.0,0.0,17864100.0,0.0,0.0,0.0,0.0,0.0,0.0,0.0,0.0,17864100.0,0.0
1753900000,Вирівська,0.0,0.0,0.0,0.0,68109400.0,0.0,0.0,0.0,0.0,0.0,0.0,0.0,0.0,68109400.0,0.0
1751200000,Висоцька,0.0,0.0,0.0,0.0,24944000.0,0.0,0.0,0.0,0.0,0.0,0.0,0.0,0.0,24944000.0,0.0
1755200000,Володимирецька,0.0,0.0,0.0,0.0,137238900.0,0.0,0.0,0.0,0.0,0.0,0.0,0.0,0.0,137238900.0,0.0
1754000000,Головинська,0.0,0.0,0.0,0.0,39330800.0,0.0,0.0,0.0,0.0,0.0,0.0,0.0,0.0,39330800.0,0.0
1755300000,Городоцька,0.0,0.0,0.0,0.0,35033500.0,0.0,0.0,0.0,0.0,0.0,0.0,0.0,0.0,35033500.0,0.0
1755400000,Гощанська,0.0,0.0,0.0,0.0,78887800.0,0.0,0.0,0.0,0.0,0.0,0.0,0.0,0.0,78887800.0,0.0
1752400000,Демидівська,0.0,0.0,0.0,0.0,42174400.0,0.0,0.0,0.0,0.0,0.0,0.0,0.0,0.0,42174400.0,0.0
1751700000,Деражненська,0.0,0.0,0.0,0.0,28633100.0,0.0,0.0,0.0,0.0,0.0,0.0,0.0,0.0,28633100.0,0.0
1755500000,Дубенська,0.0,0.0,0.0,0.0,90254400.0,0.0,0.0,0.0,0.0,0.0,0.0,0.0,0.0,90254400.0,0.0
1755600000,Дубровицька,0.0,0.0,0.0,0.0,148619100.0,0.0,0.0,0.0,0.0,0.0,0.0,0.0,0.0,148619100.0,0.0
1752900000,Дядьковицька,0.0,0.0,0.0,0.0,19938100.0,0.0,0.0,0.0,0.0,0.0,0.0,0.0,0.0,19938100.0,0.0
1755700000,Зарічненська,0.0,0.0,0.0,0.0,148810600.0,0.0,0.0,0.0,0.0,0.0,0.0,0.0,0.0,148810600.0,0.0
1755800000,Здовбицька,0.0,0.0,0.0,0.0,37417500.0,0.0,0.0,0.0,0.0,0.0,0.0,0.0,0.0,37417500.0,0.0
1755900000,Здолбунівська,0.0,0.0,0.0,0.0,102708100.0,0.0,0.0,0.0,0.0,0.0,0.0,0.0,0.0,102708100.0,0.0
1756000000,Зорянська,0.0,0.0,0.0,0.0,39269900.0,0.0,0.0,0.0,0.0,0.0,0.0,0.0,0.0,39269900.0,0.0
1754100000,Каноницька,0.0,0.0,0.0,0.0,33846900.0,0.0,0.0,0.0,0.0,0.0,0.0,0.0,0.0,33846900.0,0.0
1752200000,Клеванська,0.0,0.0,0.0,0.0,39701500.0,0.0,0.0,0.0,0.0,0.0,0.0,0.0,0.0,39701500.0,0.0
1750300000,Клесівська,0.0,0.0,0.0,0.0,44906300.0,0.0,0.0,0.0,0.0,0.0,0.0,0.0,0.0,44906300.0,0.0
1751400000,Козинська,0.0,0.0,0.0,0.0,23194900.0,0.0,0.0,0.0,0.0,0.0,0.0,0.0,0.0,23194900.0,0.0
1756100000,Корецька,0.0,0.0,0.0,0.0,112252900.0,0.0,0.0,0.0,0.0,0.0,0.0,0.0,0.0,112252900.0,0.0
1753000000,Корнинська,0.0,0.0,0.0,0.0,27857500.0,0.0,0.0,0.0,0.0,0.0,0.0,0.0,0.0,27857500.0,0.0
1756200000,Костопільська,0.0,0.0,0.0,0.0,141215400.0,0.0,0.0,0.0,0.0,0.0,0.0,0.0,0.0,141215400.0,0.0
1750700000,Крупецька,0.0,0.0,0.0,0.0,43243500.0,0.0,0.0,0.0,0.0,0.0,0.0,0.0,0.0,43243500.0,0.0
1751000000,Локницька,0.0,0.0,0.0,0.0,28474200.0,0.0,0.0,0.0,0.0,0.0,0.0,0.0,0.0,28474200.0,0.0
1753600000,Малинська,0.0,0.0,0.0,0.0,35245200.0,0.0,0.0,0.0,0.0,0.0,0.0,0.0,0.0,35245200.0,0.0
1752500000,Малолюбашанська,0.0,0.0,0.0,0.0,23881500.0,0.0,0.0,0.0,0.0,0.0,0.0,0.0,0.0,23881500.0,0.0
1750400000,Миляцька,0.0,0.0,0.0,0.0,40826700.0,0.0,0.0,0.0,0.0,0.0,0.0,0.0,0.0,40826700.0,0.0
1750900000,Мирогощанська,0.0,0.0,0.0,0.0,24396100.0,0.0,0.0,0.0,0.0,0.0,0.0,0.0,0.0,24396100.0,0.0
1751500000,Млинівська,0.0,0.0,0.0,0.0,71553000.0,0.0,0.0,0.0,0.0,0.0,0.0,0.0,0.0,71553000.0,0.0
1756300000,Мізоцька,0.0,0.0,0.0,0.0,39530700.0,0.0,0.0,0.0,0.0,0.0,0.0,0.0,0.0,39530700.0,0.0
1752300000,Немовицька,0.0,0.0,0.0,0.0,55962600.0,0.0,0.0,0.0,0.0,0.0,0.0,0.0,0.0,55962600.0,0.0
1752600000,Олександрійська,0.0,0.0,0.0,0.0,41195100.0,0.0,0.0,0.0,0.0,0.0,0.0,0.0,0.0,41195100.0,0.0
1751800000,Острожецька,0.0,0.0,0.0,0.0,30969800.0,0.0,0.0,0.0,0.0,0.0,0.0,0.0,0.0,30969800.0,0.0
1753400000,Острозька,0.0,0.0,0.0,0.0,135779400.0,0.0,0.0,0.0,0.0,0.0,0.0,0.0,0.0,135779400.0,0.0
1752800000,Повчанська,0.0,0.0,0.0,0.0,11921200.0,0.0,0.0,0.0,0.0,0.0,0.0,0.0,0.0,11921200.0,0.0
1754300000,Полицька,0.0,0.0,0.0,0.0,27653900.0,0.0,0.0,0.0,0.0,0.0,0.0,0.0,0.0,27653900.0,0.0
1750800000,Привільненська,0.0,0.0,0.0,0.0,21407400.0,0.0,0.0,0.0,0.0,0.0,0.0,0.0,0.0,21407400.0,0.0
1750500000,Підлозцівська,0.0,0.0,0.0,0.0,11188400.0,0.0,0.0,0.0,0.0,0.0,0.0,0.0,0.0,11188400.0,0.0
1750600000,Радивилівська,0.0,0.0,0.0,0.0,58268400.0,0.0,0.0,0.0,0.0,0.0,0.0,0.0,0.0,58268400.0,0.0
1754400000,Рафалівська,0.0,0.0,0.0,0.0,28797700.0,0.0,0.0,0.0,0.0,0.0,0.0,0.0,0.0,28797700.0,0.0
1756500000,Рокитнівська,0.0,0.0,0.0,0.0,186679200.0,0.0,0.0,0.0,0.0,0.0,0.0,0.0,0.0,186679200.0,0.0
1756400000,Рівненська,0.0,0.0,0.0,0.0,605915600.0,0.0,0.0,0.0,0.0,0.0,0.0,0.0,0.0,605915600.0,0.0
1756600000,Сарненська,0.0,0.0,0.0,0.0,279894300.0,0.0,0.0,0.0,0.0,0.0,0.0,0.0,0.0,279894300.0,0.0
1754500000,Семидубська,0.0,0.0,0.0,0.0,15293100.0,0.0,0.0,0.0,0.0,0.0,0.0,0.0,0.0,15293100.0,0.0
1751100000,Смизька,0.0,0.0,0.0,0.0,29530000.0,0.0,0.0,0.0,0.0,0.0,0.0,0.0,0.0,29530000.0,0.0
1756700000,Соснівська,0.0,0.0,0.0,0.0,24821600.0,0.0,0.0,0.0,0.0,0.0,0.0,0.0,0.0,24821600.0,0.0
1753100000,Старосільська,0.0,0.0,0.0,0.0,56229300.0,0.0,0.0,0.0,0.0,0.0,0.0,0.0,0.0,56229300.0,0.0
1753500000,Степанська,0.0,0.0,0.0,0.0,26628100.0,0.0,0.0,0.0,0.0,0.0,0.0,0.0,0.0,26628100.0,0.0
1752000000,Тараканівська,0.0,0.0,0.0,0.0,25821400.0,0.0,0.0,0.0,0.0,0.0,0.0,0.0,0.0,25821400.0,0.0
1752700000,Шпанівська,0.0,0.0,0.0,0.0,33846800.0,0.0,0.0,0.0,0.0,0.0,0.0,0.0,0.0,33846800.0,0.0
1752100000,Ярославицька,0.0,0.0,0.0,0.0,11208700.0,0.0,0.0,0.0,0.0,0.0,0.0,0.0,0.0,11208700.0,0.0
1852900000,Андріяшівська,0.0,0.0,0.0,0.0,26614500.0,0.0,0.0,0.0,0.0,0.0,0.0,0.0,0.0,26614500.0,0.0
1850900000,Бездрицька,0.0,0.0,0.0,0.0,11868600.0,0.0,0.0,0.0,0.0,0.0,0.0,0.0,0.0,11868600.0,0.0
1850100000,Березівська,0.0,0.0,0.0,0.0,17536400.0,0.0,0.0,0.0,0.0,0.0,0.0,0.0,0.0,17536400.0,0.0
1851000000,Боромлянська,0.0,0.0,0.0,0.0,15117600.0,0.0,0.0,0.0,0.0,0.0,0.0,0.0,0.0,15117600.0,0.0
1851800000,Бочечківська,0.0,0.0,0.0,0.0,13521900.0,0.0,0.0,0.0,0.0,0.0,0.0,0.0,0.0,13521900.0,0.0
1851900000,Буринська,0.0,0.0,0.0,0.0,56820100.0,0.0,0.0,0.0,0.0,0.0,0.0,0.0,0.0,56820100.0,0.0
1853500000,Білопільська,0.0,0.0,0.0,0.0,51788900.0,0.0,0.0,0.0,0.0,0.0,0.0,0.0,0.0,51788900.0,0.0
1853900000,Великописарівська,0.0,0.0,0.0,0.0,26478800.0,0.0,0.0,0.0,0.0,0.0,0.0,0.0,0.0,26478800.0,0.0
1852700000,Верхньосироватська,0.0,0.0,0.0,0.0,16992800.0,0.0,0.0,0.0,0.0,0.0,0.0,0.0,0.0,16992800.0,0.0
1854000000,Ворожбянська,0.0,0.0,0.0,0.0,15126900.0,0.0,0.0,0.0,0.0,0.0,0.0,0.0,0.0,15126900.0,0.0
1851500000,Вільшанська,0.0,0.0,0.0,0.0,8779800.0,0.0,0.0,0.0,0.0,0.0,0.0,0.0,0.0,8779800.0,0.0
1854100000,Глухівська,0.0,0.0,0.0,0.0,67377500.0,0.0,0.0,0.0,0.0,0.0,0.0,0.0,0.0,67377500.0,0.0
1851100000,Грунська,0.0,0.0,0.0,0.0,14789600.0,0.0,0.0,0.0,0.0,0.0,0.0,0.0,0.0,14789600.0,0.0
1852000000,Дубов'язівська,0.0,0.0,0.0,0.0,25944200.0,0.0,0.0,0.0,0.0,0.0,0.0,0.0,0.0,25944200.0,0.0
1854200000,Есманьська,0.0,0.0,0.0,0.0,13856900.0,0.0,0.0,0.0,0.0,0.0,0.0,0.0,0.0,13856900.0,0.0
1850300000,Зноб-Новгородська,0.0,0.0,0.0,0.0,13127800.0,0.0,0.0,0.0,0.0,0.0,0.0,0.0,0.0,13127800.0,0.0
1850400000,Кириківська,0.0,0.0,0.0,0.0,14358900.0,0.0,0.0,0.0,0.0,0.0,0.0,0.0,0.0,14358900.0,0.0
1852200000,Комишанська,0.0,0.0,0.0,0.0,12434900.0,0.0,0.0,0.0,0.0,0.0,0.0,0.0,0.0,12434900.0,0.0
1853400000,Конотопська,0.0,0.0,0.0,0.0,129235800.0,0.0,0.0,0.0,0.0,0.0,0.0,0.0,0.0,129235800.0,0.0
1852100000,Коровинська,0.0,0.0,0.0,0.0,7846800.0,0.0,0.0,0.0,0.0,0.0,0.0,0.0,0.0,7846800.0,0.0
1851700000,Краснопільська,0.0,0.0,0.0,0.0,63209200.0,0.0,0.0,0.0,0.0,0.0,0.0,0.0,0.0,63209200.0,0.0
1851600000,Кролевецька,0.0,0.0,0.0,0.0,83151500.0,0.0,0.0,0.0,0.0,0.0,0.0,0.0,0.0,83151500.0,0.0
1854300000,Лебединська,0.0,0.0,0.0,0.0,106095500.0,0.0,0.0,0.0,0.0,0.0,0.0,0.0,0.0,106095500.0,0.0
1853200000,Липоводолинська,0.0,0.0,0.0,0.0,32713600.0,0.0,0.0,0.0,0.0,0.0,0.0,0.0,0.0,32713600.0,0.0
1851200000,Миколаївська,0.0,0.0,0.0,0.0,15731400.0,0.0,0.0,0.0,0.0,0.0,0.0,0.0,0.0,15731400.0,0.0
1851300000,Миропільська,0.0,0.0,0.0,0.0,12993400.0,0.0,0.0,0.0,0.0,0.0,0.0,0.0,0.0,12993400.0,0.0
1850600000,Недригайлівська,0.0,0.0,0.0,0.0,28256800.0,0.0,0.0,0.0,0.0,0.0,0.0,0.0,0.0,28256800.0,0.0
1851400000,Нижньосироватська,0.0,0.0,0.0,0.0,14476100.0,0.0,0.0,0.0,0.0,0.0,0.0,0.0,0.0,14476100.0,0.0
1852400000,Новослобідська,0.0,0.0,0.0,0.0,14032500.0,0.0,0.0,0.0,0.0,0.0,0.0,0.0,0.0,14032500.0,0.0
1853700000,Охтирська,0.0,0.0,0.0,0.0,97756800.0,0.0,0.0,0.0,0.0,0.0,0.0,0.0,0.0,97756800.0,0.0
1854400000,Попівська,0.0,0.0,0.0,0.0,38364100.0,0.0,0.0,0.0,0.0,0.0,0.0,0.0,0.0,38364100.0,0.0
1853800000,Путивльська,0.0,0.0,0.0,0.0,42393000.0,0.0,0.0,0.0,0.0,0.0,0.0,0.0,0.0,42393000.0,0.0
1854500000,Роменська,0.0,0.0,0.0,0.0,150620200.0,0.0,0.0,0.0,0.0,0.0,0.0,0.0,0.0,150620200.0,0.0
1853300000,Річківська,0.0,0.0,0.0,0.0,13434800.0,0.0,0.0,0.0,0.0,0.0,0.0,0.0,0.0,13434800.0,0.0
1854600000,Садівська,0.0,0.0,0.0,0.0,27961600.0,0.0,0.0,0.0,0.0,0.0,0.0,0.0,0.0,27961600.0,0.0
1854700000,Свеська,0.0,0.0,0.0,0.0,17917400.0,0.0,0.0,0.0,0.0,0.0,0.0,0.0,0.0,17917400.0,0.0
1854800000,Середино-Будська,0.0,0.0,0.0,0.0,28271100.0,0.0,0.0,0.0,0.0,0.0,0.0,0.0,0.0,28271100.0,0.0
1853600000,Синівська,0.0,0.0,0.0,0.0,12925600.0,0.0,0.0,0.0,0.0,0.0,0.0,0.0,0.0,12925600.0,0.0
1852500000,Степанівська,0.0,0.0,0.0,0.0,27757300.0,0.0,0.0,0.0,0.0,0.0,0.0,0.0,0.0,27757300.0,0.0
1853100000,Сумська,0.0,0.0,0.0,0.0,571788600.0,0.0,0.0,0.0,0.0,0.0,0.0,0.0,0.0,571788600.0,0.0
1852600000,Тростянецька,0.0,0.0,0.0,0.0,68765700.0,0.0,0.0,0.0,0.0,0.0,0.0,0.0,0.0,68765700.0,0.0
1854900000,Хмелівська,0.0,0.0,0.0,0.0,14164000.0,0.0,0.0,0.0,0.0,0.0,0.0,0.0,0.0,14164000.0,0.0
1850700000,Хотінська,0.0,0.0,0.0,0.0,14830600.0,0.0,0.0,0.0,0.0,0.0,0.0,0.0,0.0,14830600.0,0.0
1850200000,Хутір-Михайлівська,0.0,0.0,0.0,0.0,12089500.0,0.0,0.0,0.0,0.0,0.0,0.0,0.0,0.0,12089500.0,0.0
1852300000,Чернеччинська,0.0,0.0,0.0,0.0,29584500.0,0.0,0.0,0.0,0.0,0.0,0.0,0.0,0.0,29584500.0,0.0
1852800000,Чупахівська,0.0,0.0,0.0,0.0,12460600.0,0.0,0.0,0.0,0.0,0.0,0.0,0.0,0.0,12460600.0,0.0
1850800000,Шалигинська,0.0,0.0,0.0,0.0,8480100.0,0.0,0.0,0.0,0.0,0.0,0.0,0.0,0.0,8480100.0,0.0
1853000000,Шосткинська,0.0,0.0,0.0,0.0,161671500.0,0.0,0.0,0.0,0.0,0.0,0.0,0.0,0.0,161671500.0,0.0
1855000000,Юнаківська,0.0,0.0,0.0,0.0,17075800.0,0.0,0.0,0.0,0.0,0.0,0.0,0.0,0.0,17075800.0,0.0
1851300000,Ямпільська,0.0,0.0,0.0,0.0,12993400.0,0.0,0.0,0.0,0.0,0.0,0.0,0.0,0.0,12993400.0,0.0
1955900000,Іване-Пустенська,0.0,0.0,0.0,0.0,13515300.0,0.0,0.0,0.0,0.0,0.0,0.0,0.0,0.0,13515300.0,0.0
1950900000,Іванівська,0.0,0.0,0.0,0.0,10531800.0,0.0,0.0,0.0,0.0,0.0,0.0,0.0,0.0,10531800.0,0.0
1950100000,Байковецька,0.0,0.0,0.0,0.0,27931300.0,0.0,0.0,0.0,0.0,0.0,0.0,0.0,0.0,27931300.0,0.0
1954800000,Бережанська,0.0,0.0,0.0,0.0,59633400.0,0.0,0.0,0.0,0.0,0.0,0.0,0.0,0.0,59633400.0,0.0
1953200000,Борсуківська,0.0,0.0,0.0,0.0,25805900.0,0.0,0.0,0.0,0.0,0.0,0.0,0.0,0.0,25805900.0,0.0
1952700000,Борщівська,0.0,0.0,0.0,0.0,74104300.0,0.0,0.0,0.0,0.0,0.0,0.0,0.0,0.0,74104300.0,0.0
1955500000,Бучацька,0.0,0.0,0.0,0.0,128963700.0,0.0,0.0,0.0,0.0,0.0,0.0,0.0,0.0,128963700.0,0.0
1954300000,Білецька,0.0,0.0,0.0,0.0,28878200.0,0.0,0.0,0.0,0.0,0.0,0.0,0.0,0.0,28878200.0,0.0
1950200000,Білобожницька,0.0,0.0,0.0,0.0,32761400.0,0.0,0.0,0.0,0.0,0.0,0.0,0.0,0.0,32761400.0,0.0
1953100000,Більче-Золотецька,0.0,0.0,0.0,0.0,9745200.0,0.0,0.0,0.0,0.0,0.0,0.0,0.0,0.0,9745200.0,0.0
1950300000,Васильковецька,0.0,0.0,0.0,0.0,27206200.0,0.0,0.0,0.0,0.0,0.0,0.0,0.0,0.0,27206200.0,0.0
1955600000,Великоберезовицька,0.0,0.0,0.0,0.0,51955700.0,0.0,0.0,0.0,0.0,0.0,0.0,0.0,0.0,51955700.0,0.0
1955000000,Великобірківська,0.0,0.0,0.0,0.0,16694300.0,0.0,0.0,0.0,0.0,0.0,0.0,0.0,0.0,16694300.0,0.0
1950400000,Великогаївська,0.0,0.0,0.0,0.0,35231000.0,0.0,0.0,0.0,0.0,0.0,0.0,0.0,0.0,35231000.0,0.0
1953300000,Великодедеркальська,0.0,0.0,0.0,0.0,24005600.0,0.0,0.0,0.0,0.0,0.0,0.0,0.0,0.0,24005600.0,0.0
1952800000,Вишнівецька,0.0,0.0,0.0,0.0,55143700.0,0.0,0.0,0.0,0.0,0.0,0.0,0.0,0.0,55143700.0,0.0
1952900000,Гримайлівська,0.0,0.0,0.0,0.0,25851300.0,0.0,0.0,0.0,0.0,0.0,0.0,0.0,0.0,25851300.0,0.0
1950500000,Гусятинська,0.0,0.0,0.0,0.0,36814200.0,0.0,0.0,0.0,0.0,0.0,0.0,0.0,0.0,36814200.0,0.0
1950600000,Заводська,0.0,0.0,0.0,0.0,15402900.0,0.0,0.0,0.0,0.0,0.0,0.0,0.0,0.0,15402900.0,0.0
1953000000,Залозецька,0.0,0.0,0.0,0.0,35702800.0,0.0,0.0,0.0,0.0,0.0,0.0,0.0,0.0,35702800.0,0.0
1955700000,Заліщицька,0.0,0.0,0.0,0.0,77499500.0,0.0,0.0,0.0,0.0,0.0,0.0,0.0,0.0,77499500.0,0.0
1955800000,Збаразька,0.0,0.0,0.0,0.0,110431300.0,0.0,0.0,0.0,0.0,0.0,0.0,0.0,0.0,110431300.0,0.0
1954000000,Зборівська,0.0,0.0,0.0,0.0,56114100.0,0.0,0.0,0.0,0.0,0.0,0.0,0.0,0.0,56114100.0,0.0
1950700000,Золотниківська,0.0,0.0,0.0,0.0,23362500.0,0.0,0.0,0.0,0.0,0.0,0.0,0.0,0.0,23362500.0,0.0
1950800000,Золотопотіцька,0.0,0.0,0.0,0.0,65105900.0,0.0,0.0,0.0,0.0,0.0,0.0,0.0,0.0,65105900.0,0.0
1951000000,Козлівська,0.0,0.0,0.0,0.0,9666500.0,0.0,0.0,0.0,0.0,0.0,0.0,0.0,0.0,9666500.0,0.0
1956000000,Козівська,0.0,0.0,0.0,0.0,69226300.0,0.0,0.0,0.0,0.0,0.0,0.0,0.0,0.0,69226300.0,0.0
1951100000,Колиндянська,0.0,0.0,0.0,0.0,20244500.0,0.0,0.0,0.0,0.0,0.0,0.0,0.0,0.0,20244500.0,0.0
1954400000,Копичинецька,0.0,0.0,0.0,0.0,39806200.0,0.0,0.0,0.0,0.0,0.0,0.0,0.0,0.0,39806200.0,0.0
1951300000,Коропецька,0.0,0.0,0.0,0.0,13222400.0,0.0,0.0,0.0,0.0,0.0,0.0,0.0,0.0,13222400.0,0.0
1956100000,Кременецька,0.0,0.0,0.0,0.0,140920900.0,0.0,0.0,0.0,0.0,0.0,0.0,0.0,0.0,140920900.0,0.0
1954500000,Купчинецька,0.0,0.0,0.0,0.0,13517800.0,0.0,0.0,0.0,0.0,0.0,0.0,0.0,0.0,13517800.0,0.0
1953800000,Лановецька,0.0,0.0,0.0,0.0,67904100.0,0.0,0.0,0.0,0.0,0.0,0.0,0.0,0.0,67904100.0,0.0
1951400000,Лопушненська,0.0,0.0,0.0,0.0,25332900.0,0.0,0.0,0.0,0.0,0.0,0.0,0.0,0.0,25332900.0,0.0
1951500000,Мельнице-Подільська,0.0,0.0,0.0,0.0,49274200.0,0.0,0.0,0.0,0.0,0.0,0.0,0.0,0.0,49274200.0,0.0
1951600000,Микулинецька,0.0,0.0,0.0,0.0,49215000.0,0.0,0.0,0.0,0.0,0.0,0.0,0.0,0.0,49215000.0,0.0
1954600000,Монастириська,0.0,0.0,0.0,0.0,58924600.0,0.0,0.0,0.0,0.0,0.0,0.0,0.0,0.0,58924600.0,0.0
1956200000,Нагірянська,0.0,0.0,0.0,0.0,25705600.0,0.0,0.0,0.0,0.0,0.0,0.0,0.0,0.0,25705600.0,0.0
1955300000,Нараївська,0.0,0.0,0.0,0.0,24154000.0,0.0,0.0,0.0,0.0,0.0,0.0,0.0,0.0,24154000.0,0.0
1951800000,Озернянська,0.0,0.0,0.0,0.0,22856800.0,0.0,0.0,0.0,0.0,0.0,0.0,0.0,0.0,22856800.0,0.0
1952100000,Почаївська,0.0,0.0,0.0,0.0,65373100.0,0.0,0.0,0.0,0.0,0.0,0.0,0.0,0.0,65373100.0,0.0
1952000000,Підволочиська,0.0,0.0,0.0,0.0,47124200.0,0.0,0.0,0.0,0.0,0.0,0.0,0.0,0.0,47124200.0,0.0
1956300000,Підгаєцька,0.0,0.0,0.0,0.0,55529200.0,0.0,0.0,0.0,0.0,0.0,0.0,0.0,0.0,55529200.0,0.0
1956400000,Підгородненська,0.0,0.0,0.0,0.0,18129700.0,0.0,0.0,0.0,0.0,0.0,0.0,0.0,0.0,18129700.0,0.0
1953700000,Саранчуківська,0.0,0.0,0.0,0.0,22043300.0,0.0,0.0,0.0,0.0,0.0,0.0,0.0,0.0,22043300.0,0.0
1952200000,Скала-Подільська,0.0,0.0,0.0,0.0,26644200.0,0.0,0.0,0.0,0.0,0.0,0.0,0.0,0.0,26644200.0,0.0
1952300000,Скалатська,0.0,0.0,0.0,0.0,40337100.0,0.0,0.0,0.0,0.0,0.0,0.0,0.0,0.0,40337100.0,0.0
1952400000,Скориківська,0.0,0.0,0.0,0.0,24332800.0,0.0,0.0,0.0,0.0,0.0,0.0,0.0,0.0,24332800.0,0.0
1952500000,Теребовлянська,0.0,0.0,0.0,0.0,76863400.0,0.0,0.0,0.0,0.0,0.0,0.0,0.0,0.0,76863400.0,0.0
1954900000,Тернопільська,0.0,0.0,0.0,0.0,570087700.0,0.0,0.0,0.0,0.0,0.0,0.0,0.0,0.0,570087700.0,0.0
1954200000,Товстенська,0.0,0.0,0.0,0.0,54230600.0,0.0,0.0,0.0,0.0,0.0,0.0,0.0,0.0,54230600.0,0.0
1953500000,Трибухівська,0.0,0.0,0.0,0.0,29184600.0,0.0,0.0,0.0,0.0,0.0,0.0,0.0,0.0,29184600.0,0.0
1953900000,Хоростківська,0.0,0.0,0.0,0.0,36513000.0,0.0,0.0,0.0,0.0,0.0,0.0,0.0,0.0,36513000.0,0.0
1955400000,Чортківська,0.0,0.0,0.0,0.0,83878200.0,0.0,0.0,0.0,0.0,0.0,0.0,0.0,0.0,83878200.0,0.0
1952600000,Шумська,0.0,0.0,0.0,0.0,87010500.0,0.0,0.0,0.0,0.0,0.0,0.0,0.0,0.0,87010500.0,0.0
0253300000,Іванівська,0.0,0.0,0.0,0.0,54999900.0,0.0,0.0,0.0,0.0,0.0,0.0,0.0,0.0,54999900.0,0.0
0250300000,Іллінецька,0.0,0.0,0.0,0.0,65870100.0,0.0,0.0,0.0,0.0,0.0,0.0,0.0,0.0,65870100.0,0.0
0254700000,Агрономічна,0.0,0.0,0.0,0.0,28102000.0,0.0,0.0,0.0,0.0,0.0,0.0,0.0,0.0,28102000.0,0.0
0251400000,Бабчинецька,0.0,0.0,0.0,0.0,16495700.0,0.0,0.0,0.0,0.0,0.0,0.0,0.0,0.0,16495700.0,0.0
0250500000,Барська,0.0,0.0,0.0,0.0,132342900.0,0.0,0.0,0.0,0.0,0.0,0.0,0.0,0.0,132342900.0,0.0
0254800000,Бершадська,0.0,0.0,0.0,0.0,128487700.0,0.0,0.0,0.0,0.0,0.0,0.0,0.0,0.0,128487700.0,0.0
0252900000,Брацлавська,0.0,0.0,0.0,0.0,21216200.0,0.0,0.0,0.0,0.0,0.0,0.0,0.0,0.0,21216200.0,0.0
0250400000,Вапнярська,0.0,0.0,0.0,0.0,26841900.0,0.0,0.0,0.0,0.0,0.0,0.0,0.0,0.0,26841900.0,0.0
0254900000,Вендичанська,0.0,0.0,0.0,0.0,30277100.0,0.0,0.0,0.0,0.0,0.0,0.0,0.0,0.0,30277100.0,0.0
0250800000,Вороновицька,0.0,0.0,0.0,0.0,46577500.0,0.0,0.0,0.0,0.0,0.0,0.0,0.0,0.0,46577500.0,0.0
0253600000,Вінницька,0.0,0.0,0.0,0.0,855684100.0,0.0,0.0,0.0,0.0,0.0,0.0,0.0,0.0,855684100.0,0.0
0255000000,Гайсинська,0.0,0.0,0.0,0.0,120966600.0,0.0,0.0,0.0,0.0,0.0,0.0,0.0,0.0,120966600.0,0.0
0252700000,Глуховецька,0.0,0.0,0.0,0.0,39096300.0,0.0,0.0,0.0,0.0,0.0,0.0,0.0,0.0,39096300.0,0.0
0253300000,Гніванська,0.0,0.0,0.0,0.0,54999900.0,0.0,0.0,0.0,0.0,0.0,0.0,0.0,0.0,54999900.0,0.0
0255100000,Городківська,0.0,0.0,0.0,0.0,34507100.0,0.0,0.0,0.0,0.0,0.0,0.0,0.0,0.0,34507100.0,0.0
0250900000,Дашівська,0.0,0.0,0.0,0.0,45456300.0,0.0,0.0,0.0,0.0,0.0,0.0,0.0,0.0,45456300.0,0.0
0251600000,Джулинська,0.0,0.0,0.0,0.0,51489300.0,0.0,0.0,0.0,0.0,0.0,0.0,0.0,0.0,51489300.0,0.0
0255200000,Джуринська,0.0,0.0,0.0,0.0,37366200.0,0.0,0.0,0.0,0.0,0.0,0.0,0.0,0.0,37366200.0,0.0
0250900000,Жданівська,0.0,0.0,0.0,0.0,45456300.0,0.0,0.0,0.0,0.0,0.0,0.0,0.0,0.0,45456300.0,0.0
0254200000,Жмеринська,0.0,0.0,0.0,0.0,139218100.0,0.0,0.0,0.0,0.0,0.0,0.0,0.0,0.0,139218100.0,0.0
0250100000,Калинівська,0.0,0.0,0.0,0.0,153095900.0,0.0,0.0,0.0,0.0,0.0,0.0,0.0,0.0,153095900.0,0.0
0255300000,Козятинська,0.0,0.0,0.0,0.0,98184000.0,0.0,0.0,0.0,0.0,0.0,0.0,0.0,0.0,98184000.0,0.0
0255400000,Копайгородська,0.0,0.0,0.0,0.0,26098000.0,0.0,0.0,0.0,0.0,0.0,0.0,0.0,0.0,26098000.0,0.0
0255500000,Краснопільська,0.0,0.0,0.0,0.0,56635800.0,0.0,0.0,0.0,0.0,0.0,0.0,0.0,0.0,56635800.0,0.0
0255500000,Крижопільська,0.0,0.0,0.0,0.0,56635800.0,0.0,0.0,0.0,0.0,0.0,0.0,0.0,0.0,56635800.0,0.0
0252400000,Кунківська,0.0,0.0,0.0,0.0,12145500.0,0.0,0.0,0.0,0.0,0.0,0.0,0.0,0.0,12145500.0,0.0
0255600000,Ладижинська,0.0,0.0,0.0,0.0,49351100.0,0.0,0.0,0.0,0.0,0.0,0.0,0.0,0.0,49351100.0,0.0
0255700000,Липовецька,0.0,0.0,0.0,0.0,63727200.0,0.0,0.0,0.0,0.0,0.0,0.0,0.0,0.0,63727200.0,0.0
0253000000,Лука-Мелешківська,0.0,0.0,0.0,0.0,40709800.0,0.0,0.0,0.0,0.0,0.0,0.0,0.0,0.0,40709800.0,0.0
0254100000,Літинська,0.0,0.0,0.0,0.0,73707500.0,0.0,0.0,0.0,0.0,0.0,0.0,0.0,0.0,73707500.0,0.0
0254600000,Махнівська,0.0,0.0,0.0,0.0,24414300.0,0.0,0.0,0.0,0.0,0.0,0.0,0.0,0.0,24414300.0,0.0
0255800000,Могилів-Подільська,0.0,0.0,0.0,0.0,102040000.0,0.0,0.0,0.0,0.0,0.0,0.0,0.0,0.0,102040000.0,0.0
0252200000,Мурафська,0.0,0.0,0.0,0.0,51120200.0,0.0,0.0,0.0,0.0,0.0,0.0,0.0,0.0,51120200.0,0.0
0255900000,Мурованокуриловецька,0.0,0.0,0.0,0.0,62062700.0,0.0,0.0,0.0,0.0,0.0,0.0,0.0,0.0,62062700.0,0.0
0250600000,Немирівська,0.0,0.0,0.0,0.0,84671300.0,0.0,0.0,0.0,0.0,0.0,0.0,0.0,0.0,84671300.0,0.0
0256000000,Ободівська,0.0,0.0,0.0,0.0,28687200.0,0.0,0.0,0.0,0.0,0.0,0.0,0.0,0.0,28687200.0,0.0
0256100000,Ольгопільська,0.0,0.0,0.0,0.0,20416500.0,0.0,0.0,0.0,0.0,0.0,0.0,0.0,0.0,20416500.0,0.0
0251000000,Оратівська,0.0,0.0,0.0,0.0,63663900.0,0.0,0.0,0.0,0.0,0.0,0.0,0.0,0.0,63663900.0,0.0
0256300000,Погребищенська,0.0,0.0,0.0,0.0,84849300.0,0.0,0.0,0.0,0.0,0.0,0.0,0.0,0.0,84849300.0,0.0
0256200000,Піщанська,0.0,0.0,0.0,0.0,39618700.0,0.0,0.0,0.0,0.0,0.0,0.0,0.0,0.0,39618700.0,0.0
0251900000,Райгородська,0.0,0.0,0.0,0.0,25989200.0,0.0,0.0,0.0,0.0,0.0,0.0,0.0,0.0,25989200.0,0.0
0256400000,Самгородоцька,0.0,0.0,0.0,0.0,29453400.0,0.0,0.0,0.0,0.0,0.0,0.0,0.0,0.0,29453400.0,0.0
0252000000,Северинівська,0.0,0.0,0.0,0.0,27959200.0,0.0,0.0,0.0,0.0,0.0,0.0,0.0,0.0,27959200.0,0.0
0254000000,Соболівська,0.0,0.0,0.0,0.0,15693500.0,0.0,0.0,0.0,0.0,0.0,0.0,0.0,0.0,15693500.0,0.0
0256500000,Станіславчицька,0.0,0.0,0.0,0.0,24650600.0,0.0,0.0,0.0,0.0,0.0,0.0,0.0,0.0,24650600.0,0.0
0256600000,Стрижавська,0.0,0.0,0.0,0.0,53853200.0,0.0,0.0,0.0,0.0,0.0,0.0,0.0,0.0,53853200.0,0.0
0250200000,Студенянська,0.0,0.0,0.0,0.0,14505700.0,0.0,0.0,0.0,0.0,0.0,0.0,0.0,0.0,14505700.0,0.0
0254300000,Сутисківська,0.0,0.0,0.0,0.0,15316500.0,0.0,0.0,0.0,0.0,0.0,0.0,0.0,0.0,15316500.0,0.0
0253800000,Теплицька,0.0,0.0,0.0,0.0,49104600.0,0.0,0.0,0.0,0.0,0.0,0.0,0.0,0.0,49104600.0,0.0
0256700000,Тиврівська,0.0,0.0,0.0,0.0,39508100.0,0.0,0.0,0.0,0.0,0.0,0.0,0.0,0.0,39508100.0,0.0
0251200000,Томашпільська,0.0,0.0,0.0,0.0,71873700.0,0.0,0.0,0.0,0.0,0.0,0.0,0.0,0.0,71873700.0,0.0
0253500000,Тростянецька,0.0,0.0,0.0,0.0,70524900.0,0.0,0.0,0.0,0.0,0.0,0.0,0.0,0.0,70524900.0,0.0
0250700000,Тульчинська,0.0,0.0,0.0,0.0,119984100.0,0.0,0.0,0.0,0.0,0.0,0.0,0.0,0.0,119984100.0,0.0
0256800000,Турбівська,0.0,0.0,0.0,0.0,53166500.0,0.0,0.0,0.0,0.0,0.0,0.0,0.0,0.0,53166500.0,0.0
0256900000,Уланівська,0.0,0.0,0.0,0.0,47340100.0,0.0,0.0,0.0,0.0,0.0,0.0,0.0,0.0,47340100.0,0.0
0253700000,Хмільницька,0.0,0.0,0.0,0.0,116126200.0,0.0,0.0,0.0,0.0,0.0,0.0,0.0,0.0,116126200.0,0.0
0257000000,Чернівецька,0.0,0.0,0.0,0.0,50427900.0,0.0,0.0,0.0,0.0,0.0,0.0,0.0,0.0,50427900.0,0.0
0257100000,Чечельницька,0.0,0.0,0.0,0.0,38305000.0,0.0,0.0,0.0,0.0,0.0,0.0,0.0,0.0,38305000.0,0.0
0257200000,Шаргородська,0.0,0.0,0.0,0.0,77012100.0,0.0,0.0,0.0,0.0,0.0,0.0,0.0,0.0,77012100.0,0.0
0251300000,Шпиківська,0.0,0.0,0.0,0.0,47827200.0,0.0,0.0,0.0,0.0,0.0,0.0,0.0,0.0,47827200.0,0.0
0252300000,Якушинецька,0.0,0.0,0.0,0.0,47839700.0,0.0,0.0,0.0,0.0,0.0,0.0,0.0,0.0,47839700.0,0.0
0257300000,Ямпільська,0.0,0.0,0.0,0.0,99298600.0,0.0,0.0,0.0,0.0,0.0,0.0,0.0,0.0,99298600.0,0.0
0257400000,Яришівська,0.0,0.0,0.0,0.0,17910300.0,0.0,0.0,0.0,0.0,0.0,0.0,0.0,0.0,17910300.0,0.0
0352200000,Іваничівська,0.0,0.0,0.0,0.0,29660200.0,0.0,0.0,0.0,0.0,0.0,0.0,0.0,0.0,29660200.0,0.0
0355500000,Берестечківська,0.0,0.0,0.0,0.0,30332100.0,0.0,0.0,0.0,0.0,0.0,0.0,0.0,0.0,30332100.0,0.0
0352500000,Боратинська,0.0,0.0,0.0,0.0,74577700.0,0.0,0.0,0.0,0.0,0.0,0.0,0.0,0.0,74577700.0,0.0
0353100000,Велимченська,0.0,0.0,0.0,0.0,18981700.0,0.0,0.0,0.0,0.0,0.0,0.0,0.0,0.0,18981700.0,0.0
0350100000,Велицька,0.0,0.0,0.0,0.0,18133000.0,0.0,0.0,0.0,0.0,0.0,0.0,0.0,0.0,18133000.0,0.0
0351800000,Вишнівська,0.0,0.0,0.0,0.0,41394100.0,0.0,0.0,0.0,0.0,0.0,0.0,0.0,0.0,41394100.0,0.0
0355600000,Володимир-Волинська,0.0,0.0,0.0,0.0,82182200.0,0.0,0.0,0.0,0.0,0.0,0.0,0.0,0.0,82182200.0,0.0
0350200000,Голобська,0.0,0.0,0.0,0.0,31710200.0,0.0,0.0,0.0,0.0,0.0,0.0,0.0,0.0,31710200.0,0.0
0352800000,Головненська,0.0,0.0,0.0,0.0,36884000.0,0.0,0.0,0.0,0.0,0.0,0.0,0.0,0.0,36884000.0,0.0
0353900000,Городищенська,0.0,0.0,0.0,0.0,34116000.0,0.0,0.0,0.0,0.0,0.0,0.0,0.0,0.0,34116000.0,0.0
0355700000,Горохівська,0.0,0.0,0.0,0.0,96512000.0,0.0,0.0,0.0,0.0,0.0,0.0,0.0,0.0,96512000.0,0.0
0355300000,Доросинівська,0.0,0.0,0.0,0.0,23773000.0,0.0,0.0,0.0,0.0,0.0,0.0,0.0,0.0,23773000.0,0.0
0353300000,Дубечненська,0.0,0.0,0.0,0.0,48137700.0,0.0,0.0,0.0,0.0,0.0,0.0,0.0,0.0,48137700.0,0.0
0353600000,Дубівська,0.0,0.0,0.0,0.0,16614000.0,0.0,0.0,0.0,0.0,0.0,0.0,0.0,0.0,16614000.0,0.0
0350800000,Заболоттівська,0.0,0.0,0.0,0.0,34976100.0,0.0,0.0,0.0,0.0,0.0,0.0,0.0,0.0,34976100.0,0.0
0351900000,Забродівська,0.0,0.0,0.0,0.0,51712100.0,0.0,0.0,0.0,0.0,0.0,0.0,0.0,0.0,51712100.0,0.0
0354000000,Затурцівська,0.0,0.0,0.0,0.0,35243500.0,0.0,0.0,0.0,0.0,0.0,0.0,0.0,0.0,35243500.0,0.0
0350300000,Зимнівська,0.0,0.0,0.0,0.0,37531000.0,0.0,0.0,0.0,0.0,0.0,0.0,0.0,0.0,37531000.0,0.0
0355800000,Камінь-Каширська,0.0,0.0,0.0,0.0,275855700.0,0.0,0.0,0.0,0.0,0.0,0.0,0.0,0.0,275855700.0,0.0
0355900000,Ковельська,0.0,0.0,0.0,0.0,206077500.0,0.0,0.0,0.0,0.0,0.0,0.0,0.0,0.0,206077500.0,0.0
0353000000,Колківська,0.0,0.0,0.0,0.0,101672200.0,0.0,0.0,0.0,0.0,0.0,0.0,0.0,0.0,101672200.0,0.0
0351600000,Колодяжненська,0.0,0.0,0.0,0.0,43949500.0,0.0,0.0,0.0,0.0,0.0,0.0,0.0,0.0,43949500.0,0.0
0353200000,Копачівська,0.0,0.0,0.0,0.0,24856200.0,0.0,0.0,0.0,0.0,0.0,0.0,0.0,0.0,24856200.0,0.0
0354500000,Ківерцівська,0.0,0.0,0.0,0.0,98669200.0,0.0,0.0,0.0,0.0,0.0,0.0,0.0,0.0,98669200.0,0.0
0351100000,Литовезька,0.0,0.0,0.0,0.0,12581100.0,0.0,0.0,0.0,0.0,0.0,0.0,0.0,0.0,12581100.0,0.0
0356000000,Локачинська,0.0,0.0,0.0,0.0,52164400.0,0.0,0.0,0.0,0.0,0.0,0.0,0.0,0.0,52164400.0,0.0
0353600000,Луківська,0.0,0.0,0.0,0.0,16614000.0,0.0,0.0,0.0,0.0,0.0,0.0,0.0,0.0,16614000.0,0.0
0355100000,Луцька,0.0,0.0,0.0,0.0,608103200.0,0.0,0.0,0.0,0.0,0.0,0.0,0.0,0.0,608103200.0,0.0
0352600000,Любешівська,0.0,0.0,0.0,0.0,164307600.0,0.0,0.0,0.0,0.0,0.0,0.0,0.0,0.0,164307600.0,0.0
0350600000,Люблинецька,0.0,0.0,0.0,0.0,19819000.0,0.0,0.0,0.0,0.0,0.0,0.0,0.0,0.0,19819000.0,0.0
0352900000,Любомльська,0.0,0.0,0.0,0.0,58359200.0,0.0,0.0,0.0,0.0,0.0,0.0,0.0,0.0,58359200.0,0.0
0356100000,Маневицька,0.0,0.0,0.0,0.0,128787100.0,0.0,0.0,0.0,0.0,0.0,0.0,0.0,0.0,128787100.0,0.0
0355200000,Мар'янівська,0.0,0.0,0.0,0.0,33938300.0,0.0,0.0,0.0,0.0,0.0,0.0,0.0,0.0,33938300.0,0.0
0356200000,Нововолинська,0.0,0.0,0.0,0.0,111798200.0,0.0,0.0,0.0,0.0,0.0,0.0,0.0,0.0,111798200.0,0.0
0353800000,Оваднівська,0.0,0.0,0.0,0.0,25380100.0,0.0,0.0,0.0,0.0,0.0,0.0,0.0,0.0,25380100.0,0.0
0356300000,Олицька,0.0,0.0,0.0,0.0,46619200.0,0.0,0.0,0.0,0.0,0.0,0.0,0.0,0.0,46619200.0,0.0
0353200000,Павлівська,0.0,0.0,0.0,0.0,24856200.0,0.0,0.0,0.0,0.0,0.0,0.0,0.0,0.0,24856200.0,0.0
0351300000,Поворська,0.0,0.0,0.0,0.0,19721900.0,0.0,0.0,0.0,0.0,0.0,0.0,0.0,0.0,19721900.0,0.0
0351400000,Поромівська,0.0,0.0,0.0,0.0,22425500.0,0.0,0.0,0.0,0.0,0.0,0.0,0.0,0.0,22425500.0,0.0
0351500000,Прилісненська,0.0,0.0,0.0,0.0,49211800.0,0.0,0.0,0.0,0.0,0.0,0.0,0.0,0.0,49211800.0,0.0
0354600000,Підгайцівська,0.0,0.0,0.0,0.0,85304000.0,0.0,0.0,0.0,0.0,0.0,0.0,0.0,0.0,85304000.0,0.0
0356400000,Ратнівська,0.0,0.0,0.0,0.0,96756000.0,0.0,0.0,0.0,0.0,0.0,0.0,0.0,0.0,96756000.0,0.0
0356500000,Рожищенська,0.0,0.0,0.0,0.0,97160200.0,0.0,0.0,0.0,0.0,0.0,0.0,0.0,0.0,97160200.0,0.0
0352700000,Рівненська,0.0,0.0,0.0,0.0,27188800.0,0.0,0.0,0.0,0.0,0.0,0.0,0.0,0.0,27188800.0,0.0
0352000000,Самарівська,0.0,0.0,0.0,0.0,30486900.0,0.0,0.0,0.0,0.0,0.0,0.0,0.0,0.0,30486900.0,0.0
0353400000,Сереховичівська,0.0,0.0,0.0,0.0,11061000.0,0.0,0.0,0.0,0.0,0.0,0.0,0.0,0.0,11061000.0,0.0
0353500000,Смідинська,0.0,0.0,0.0,0.0,17636900.0,0.0,0.0,0.0,0.0,0.0,0.0,0.0,0.0,17636900.0,0.0
0355400000,Сошичненська,0.0,0.0,0.0,0.0,51141200.0,0.0,0.0,0.0,0.0,0.0,0.0,0.0,0.0,51141200.0,0.0
0354900000,Старовижівська,0.0,0.0,0.0,0.0,49609100.0,0.0,0.0,0.0,0.0,0.0,0.0,0.0,0.0,49609100.0,0.0
0354100000,Торчинська,0.0,0.0,0.0,0.0,50188100.0,0.0,0.0,0.0,0.0,0.0,0.0,0.0,0.0,50188100.0,0.0
0353700000,Турійська,0.0,0.0,0.0,0.0,85743000.0,0.0,0.0,0.0,0.0,0.0,0.0,0.0,0.0,85743000.0,0.0
0350500000,Устилузька,0.0,0.0,0.0,0.0,26011400.0,0.0,0.0,0.0,0.0,0.0,0.0,0.0,0.0,26011400.0,0.0
0352400000,Цуманська,0.0,0.0,0.0,0.0,89723600.0,0.0,0.0,0.0,0.0,0.0,0.0,0.0,0.0,89723600.0,0.0
0350700000,Шацька,0.0,0.0,0.0,0.0,67533900.0,0.0,0.0,0.0,0.0,0.0,0.0,0.0,0.0,67533900.0,0.0
0753800000,Івановецька,0.0,0.0,0.0,0.0,32917900.0,0.0,0.0,0.0,0.0,0.0,0.0,0.0,0.0,32917900.0,0.0
0750400000,Іршавська,0.0,0.0,0.0,0.0,136479100.0,0.0,0.0,0.0,0.0,0.0,0.0,0.0,0.0,136479100.0,0.0
0750600000,Баранинська,0.0,0.0,0.0,0.0,30613400.0,0.0,0.0,0.0,0.0,0.0,0.0,0.0,0.0,30613400.0,0.0
0751800000,Батівська,0.0,0.0,0.0,0.0,46582100.0,0.0,0.0,0.0,0.0,0.0,0.0,0.0,0.0,46582100.0,0.0
0751900000,Бедевлянська,0.0,0.0,0.0,0.0,21265700.0,0.0,0.0,0.0,0.0,0.0,0.0,0.0,0.0,21265700.0,0.0
0751700000,Берегівська,0.0,0.0,0.0,0.0,143311300.0,0.0,0.0,0.0,0.0,0.0,0.0,0.0,0.0,143311300.0,0.0
0752100000,Богданська,0.0,0.0,0.0,0.0,69755300.0,0.0,0.0,0.0,0.0,0.0,0.0,0.0,0.0,69755300.0,0.0
0752200000,Буштинська,0.0,0.0,0.0,0.0,79871000.0,0.0,0.0,0.0,0.0,0.0,0.0,0.0,0.0,79871000.0,0.0
0752000000,Білківська,0.0,0.0,0.0,0.0,83235100.0,0.0,0.0,0.0,0.0,0.0,0.0,0.0,0.0,83235100.0,0.0
0750800000,Великоберезнянська,0.0,0.0,0.0,0.0,32503600.0,0.0,0.0,0.0,0.0,0.0,0.0,0.0,0.0,32503600.0,0.0
0752300000,Великоберезька,0.0,0.0,0.0,0.0,25931700.0,0.0,0.0,0.0,0.0,0.0,0.0,0.0,0.0,25931700.0,0.0
0752400000,Великобийганська,0.0,0.0,0.0,0.0,16953500.0,0.0,0.0,0.0,0.0,0.0,0.0,0.0,0.0,16953500.0,0.0
0752500000,Великобичківська,0.0,0.0,0.0,0.0,135957600.0,0.0,0.0,0.0,0.0,0.0,0.0,0.0,0.0,135957600.0,0.0
0752600000,Великодобронська,0.0,0.0,0.0,0.0,39091000.0,0.0,0.0,0.0,0.0,0.0,0.0,0.0,0.0,39091000.0,0.0
0752700000,Великолучківська,0.0,0.0,0.0,0.0,73273300.0,0.0,0.0,0.0,0.0,0.0,0.0,0.0,0.0,73273300.0,0.0
0752800000,Верхньокоропецька,0.0,0.0,0.0,0.0,25111500.0,0.0,0.0,0.0,0.0,0.0,0.0,0.0,0.0,25111500.0,0.0
0752900000,Вилоцька,0.0,0.0,0.0,0.0,46871300.0,0.0,0.0,0.0,0.0,0.0,0.0,0.0,0.0,46871300.0,0.0
0753000000,Виноградівська,0.0,0.0,0.0,0.0,214087000.0,0.0,0.0,0.0,0.0,0.0,0.0,0.0,0.0,214087000.0,0.0
0753100000,Вишківська,0.0,0.0,0.0,0.0,52710000.0,0.0,0.0,0.0,0.0,0.0,0.0,0.0,0.0,52710000.0,0.0
0753200000,Воловецька,0.0,0.0,0.0,0.0,37673200.0,0.0,0.0,0.0,0.0,0.0,0.0,0.0,0.0,37673200.0,0.0
0750100000,Вільховецька,0.0,0.0,0.0,0.0,57577700.0,0.0,0.0,0.0,0.0,0.0,0.0,0.0,0.0,57577700.0,0.0
0750900000,Горондівська,0.0,0.0,0.0,0.0,31941900.0,0.0,0.0,0.0,0.0,0.0,0.0,0.0,0.0,31941900.0,0.0
0753300000,Горінчівська,0.0,0.0,0.0,0.0,60421600.0,0.0,0.0,0.0,0.0,0.0,0.0,0.0,0.0,60421600.0,0.0
0751000000,Довжанська,0.0,0.0,0.0,0.0,68396500.0,0.0,0.0,0.0,0.0,0.0,0.0,0.0,0.0,68396500.0,0.0
0753400000,Драгівська,0.0,0.0,0.0,0.0,49913300.0,0.0,0.0,0.0,0.0,0.0,0.0,0.0,0.0,49913300.0,0.0
0753600000,Дубриницько-Малоберезнянська,0.0,0.0,0.0,0.0,27613500.0,0.0,0.0,0.0,0.0,0.0,0.0,0.0,0.0,27613500.0,0.0
0753500000,Дубівська,0.0,0.0,0.0,0.0,92290000.0,0.0,0.0,0.0,0.0,0.0,0.0,0.0,0.0,92290000.0,0.0
0753700000,Жденіївська,0.0,0.0,0.0,0.0,22784400.0,0.0,0.0,0.0,0.0,0.0,0.0,0.0,0.0,22784400.0,0.0
0751100000,Зарічанська,0.0,0.0,0.0,0.0,30748200.0,0.0,0.0,0.0,0.0,0.0,0.0,0.0,0.0,30748200.0,0.0
0751300000,Керецьківська,0.0,0.0,0.0,0.0,46068900.0,0.0,0.0,0.0,0.0,0.0,0.0,0.0,0.0,46068900.0,0.0
0753900000,Колочавська,0.0,0.0,0.0,0.0,54662700.0,0.0,0.0,0.0,0.0,0.0,0.0,0.0,0.0,54662700.0,0.0
0754000000,Кольчинська,0.0,0.0,0.0,0.0,28095300.0,0.0,0.0,0.0,0.0,0.0,0.0,0.0,0.0,28095300.0,0.0
0754100000,Королівська,0.0,0.0,0.0,0.0,62245800.0,0.0,0.0,0.0,0.0,0.0,0.0,0.0,0.0,62245800.0,0.0
0751400000,Косоньська,0.0,0.0,0.0,0.0,21872400.0,0.0,0.0,0.0,0.0,0.0,0.0,0.0,0.0,21872400.0,0.0
0754200000,Костринська,0.0,0.0,0.0,0.0,23967400.0,0.0,0.0,0.0,0.0,0.0,0.0,0.0,0.0,23967400.0,0.0
0750700000,Мукачівська,0.0,0.0,0.0,0.0,291370800.0,0.0,0.0,0.0,0.0,0.0,0.0,0.0,0.0,291370800.0,0.0
0754300000,Міжгірська,0.0,0.0,0.0,0.0,129860800.0,0.0,0.0,0.0,0.0,0.0,0.0,0.0,0.0,129860800.0,0.0
0754400000,Неліпинська,0.0,0.0,0.0,0.0,21177300.0,0.0,0.0,0.0,0.0,0.0,0.0,0.0,0.0,21177300.0,0.0
0754500000,Нересницька,0.0,0.0,0.0,0.0,144577300.0,0.0,0.0,0.0,0.0,0.0,0.0,0.0,0.0,144577300.0,0.0
0754600000,Нижньоворітська,0.0,0.0,0.0,0.0,48936600.0,0.0,0.0,0.0,0.0,0.0,0.0,0.0,0.0,48936600.0,0.0
0751500000,Оноківська,0.0,0.0,0.0,0.0,18092900.0,0.0,0.0,0.0,0.0,0.0,0.0,0.0,0.0,18092900.0,0.0
0750500000,Перечинська,0.0,0.0,0.0,0.0,37699000.0,0.0,0.0,0.0,0.0,0.0,0.0,0.0,0.0,37699000.0,0.0
0754700000,Пийтерфолвівська,0.0,0.0,0.0,0.0,61281600.0,0.0,0.0,0.0,0.0,0.0,0.0,0.0,0.0,61281600.0,0.0
0754800000,Пилипецька,0.0,0.0,0.0,0.0,32845600.0,0.0,0.0,0.0,0.0,0.0,0.0,0.0,0.0,32845600.0,0.0
0750300000,Полянська,0.0,0.0,0.0,0.0,45626400.0,0.0,0.0,0.0,0.0,0.0,0.0,0.0,0.0,45626400.0,0.0
0754900000,Рахівська,0.0,0.0,0.0,0.0,111093500.0,0.0,0.0,0.0,0.0,0.0,0.0,0.0,0.0,111093500.0,0.0
0755000000,Свалявська,0.0,0.0,0.0,0.0,93612500.0,0.0,0.0,0.0,0.0,0.0,0.0,0.0,0.0,93612500.0,0.0
0755100000,Середнянська,0.0,0.0,0.0,0.0,59387500.0,0.0,0.0,0.0,0.0,0.0,0.0,0.0,0.0,59387500.0,0.0
0755200000,Синевирська,0.0,0.0,0.0,0.0,38000800.0,0.0,0.0,0.0,0.0,0.0,0.0,0.0,0.0,38000800.0,0.0
0754000000,Солотвинська,0.0,0.0,0.0,0.0,28095300.0,0.0,0.0,0.0,0.0,0.0,0.0,0.0,0.0,28095300.0,0.0
0755400000,Ставненська,0.0,0.0,0.0,0.0,30816500.0,0.0,0.0,0.0,0.0,0.0,0.0,0.0,0.0,30816500.0,0.0
0755500000,Сюртівська,0.0,0.0,0.0,0.0,26286900.0,0.0,0.0,0.0,0.0,0.0,0.0,0.0,0.0,26286900.0,0.0
0755600000,Тересвянська,0.0,0.0,0.0,0.0,53165200.0,0.0,0.0,0.0,0.0,0.0,0.0,0.0,0.0,53165200.0,0.0
0755700000,Тур'є-Реметівська,0.0,0.0,0.0,0.0,83130300.0,0.0,0.0,0.0,0.0,0.0,0.0,0.0,0.0,83130300.0,0.0
0750200000,Тячівська,0.0,0.0,0.0,0.0,82930300.0,0.0,0.0,0.0,0.0,0.0,0.0,0.0,0.0,82930300.0,0.0
0755800000,Углянська,0.0,0.0,0.0,0.0,51179800.0,0.0,0.0,0.0,0.0,0.0,0.0,0.0,0.0,51179800.0,0.0
0755900000,Ужгородська,0.0,0.0,0.0,0.0,301956100.0,0.0,0.0,0.0,0.0,0.0,0.0,0.0,0.0,301956100.0,0.0
0756000000,Усть-Чорнянська,0.0,0.0,0.0,0.0,50962100.0,0.0,0.0,0.0,0.0,0.0,0.0,0.0,0.0,50962100.0,0.0
0751600000,Холмківська,0.0,0.0,0.0,0.0,40019900.0,0.0,0.0,0.0,0.0,0.0,0.0,0.0,0.0,40019900.0,0.0
0756100000,Хустська,0.0,0.0,0.0,0.0,304267600.0,0.0,0.0,0.0,0.0,0.0,0.0,0.0,0.0,304267600.0,0.0
0756200000,Чинадіївська,0.0,0.0,0.0,0.0,46473600.0,0.0,0.0,0.0,0.0,0.0,0.0,0.0,0.0,46473600.0,0.0
0756300000,Чопська,0.0,0.0,0.0,0.0,41017100.0,0.0,0.0,0.0,0.0,0.0,0.0,0.0,0.0,41017100.0,0.0
0756400000,Ясінянська,0.0,0.0,0.0,0.0,106104600.0,0.0,0.0,0.0,0.0,0.0,0.0,0.0,0.0,106104600.0,0.0
0854900000,Андрівська,0.0,0.0,0.0,0.0,14797900.0,0.0,0.0,0.0,0.0,0.0,0.0,0.0,0.0,14797900.0,0.0
0855700000,Андріївська,0.0,0.0,0.0,0.0,25261800.0,0.0,0.0,0.0,0.0,0.0,0.0,0.0,0.0,25261800.0,0.0
0854400000,Бердянська,0.0,0.0,0.0,0.0,202535100.0,0.0,0.0,0.0,0.0,0.0,0.0,0.0,0.0,202535100.0,0.0
0850100000,Берестівська,0.0,0.0,0.0,0.0,14899900.0,0.0,0.0,0.0,0.0,0.0,0.0,0.0,0.0,14899900.0,0.0
0853500000,Благовіщенська,0.0,0.0,0.0,0.0,17208600.0,0.0,0.0,0.0,0.0,0.0,0.0,0.0,0.0,17208600.0,0.0
0851000000,Біленьківська,0.0,0.0,0.0,0.0,31726000.0,0.0,0.0,0.0,0.0,0.0,0.0,0.0,0.0,31726000.0,0.0
0855800000,Василівська,0.0,0.0,0.0,0.0,55956800.0,0.0,0.0,0.0,0.0,0.0,0.0,0.0,0.0,55956800.0,0.0
0851900000,Великобілозерська,0.0,0.0,0.0,0.0,29608900.0,0.0,0.0,0.0,0.0,0.0,0.0,0.0,0.0,29608900.0,0.0
0850200000,Веселівська,0.0,0.0,0.0,0.0,44446000.0,0.0,0.0,0.0,0.0,0.0,0.0,0.0,0.0,44446000.0,0.0
0852400000,Водянська,0.0,0.0,0.0,0.0,39262000.0,0.0,0.0,0.0,0.0,0.0,0.0,0.0,0.0,39262000.0,0.0
0852900000,Воздвижівська,0.0,0.0,0.0,0.0,13044600.0,0.0,0.0,0.0,0.0,0.0,0.0,0.0,0.0,13044600.0,0.0
0850600000,Воскресенська,0.0,0.0,0.0,0.0,17887500.0,0.0,0.0,0.0,0.0,0.0,0.0,0.0,0.0,17887500.0,0.0
0855900000,Вільнянська,0.0,0.0,0.0,0.0,50870500.0,0.0,0.0,0.0,0.0,0.0,0.0,0.0,0.0,50870500.0,0.0
0852700000,Гаврилівська,0.0,0.0,0.0,0.0,13186600.0,0.0,0.0,0.0,0.0,0.0,0.0,0.0,0.0,13186600.0,0.0
0852100000,Гуляйпільська,0.0,0.0,0.0,0.0,57026300.0,0.0,0.0,0.0,0.0,0.0,0.0,0.0,0.0,57026300.0,0.0
0856000000,Дніпрорудненська,0.0,0.0,0.0,0.0,48792300.0,0.0,0.0,0.0,0.0,0.0,0.0,0.0,0.0,48792300.0,0.0
0854200000,Долинська,0.0,0.0,0.0,0.0,26159800.0,0.0,0.0,0.0,0.0,0.0,0.0,0.0,0.0,26159800.0,0.0
0856100000,Енергодарська,0.0,0.0,0.0,0.0,117275500.0,0.0,0.0,0.0,0.0,0.0,0.0,0.0,0.0,117275500.0,0.0
0856200000,Запорізька,0.0,0.0,0.0,0.0,1295708300.0,0.0,0.0,0.0,0.0,0.0,0.0,0.0,0.0,1295708300.0,0.0
0851700000,Кам'янсько-Дніпровська,0.0,0.0,0.0,0.0,56150200.0,0.0,0.0,0.0,0.0,0.0,0.0,0.0,0.0,56150200.0,0.0
0853200000,Кирилівська,0.0,0.0,0.0,0.0,19981500.0,0.0,0.0,0.0,0.0,0.0,0.0,0.0,0.0,19981500.0,0.0
0854100000,Коларівська,0.0,0.0,0.0,0.0,29243400.0,0.0,0.0,0.0,0.0,0.0,0.0,0.0,0.0,29243400.0,0.0
0850300000,Комиш-Зорянська,0.0,0.0,0.0,0.0,20028700.0,0.0,0.0,0.0,0.0,0.0,0.0,0.0,0.0,20028700.0,0.0
0850900000,Комишуваська,0.0,0.0,0.0,0.0,39140200.0,0.0,0.0,0.0,0.0,0.0,0.0,0.0,0.0,39140200.0,0.0
0856500000,Кушугумська,0.0,0.0,0.0,0.0,42008700.0,0.0,0.0,0.0,0.0,0.0,0.0,0.0,0.0,42008700.0,0.0
0855100000,Малинівська,0.0,0.0,0.0,0.0,13651300.0,0.0,0.0,0.0,0.0,0.0,0.0,0.0,0.0,13651300.0,0.0
0856600000,Малобілозерська,0.0,0.0,0.0,0.0,35211000.0,0.0,0.0,0.0,0.0,0.0,0.0,0.0,0.0,35211000.0,0.0
0851300000,Малотокмачанська,0.0,0.0,0.0,0.0,8369900.0,0.0,0.0,0.0,0.0,0.0,0.0,0.0,0.0,8369900.0,0.0
0856700000,Матвіївська,0.0,0.0,0.0,0.0,22966900.0,0.0,0.0,0.0,0.0,0.0,0.0,0.0,0.0,22966900.0,0.0
0856800000,Мелітопольська,0.0,0.0,0.0,0.0,276367700.0,0.0,0.0,0.0,0.0,0.0,0.0,0.0,0.0,276367700.0,0.0
0850500000,Мирненська,0.0,0.0,0.0,0.0,11492700.0,0.0,0.0,0.0,0.0,0.0,0.0,0.0,0.0,11492700.0,0.0
0856900000,Михайло-Лукашівська,0.0,0.0,0.0,0.0,18324500.0,0.0,0.0,0.0,0.0,0.0,0.0,0.0,0.0,18324500.0,0.0
0853700000,Михайлівська,0.0,0.0,0.0,0.0,50657300.0,0.0,0.0,0.0,0.0,0.0,0.0,0.0,0.0,50657300.0,0.0
0857000000,Молочанська,0.0,0.0,0.0,0.0,33076200.0,0.0,0.0,0.0,0.0,0.0,0.0,0.0,0.0,33076200.0,0.0
0855200000,Новенська,0.0,0.0,0.0,0.0,18919300.0,0.0,0.0,0.0,0.0,0.0,0.0,0.0,0.0,18919300.0,0.0
0853400000,Новобогданівська,0.0,0.0,0.0,0.0,18663900.0,0.0,0.0,0.0,0.0,0.0,0.0,0.0,0.0,18663900.0,0.0
0857100000,Нововасилівська,0.0,0.0,0.0,0.0,28339700.0,0.0,0.0,0.0,0.0,0.0,0.0,0.0,0.0,28339700.0,0.0
0857200000,Новомиколаївська,0.0,0.0,0.0,0.0,31910100.0,0.0,0.0,0.0,0.0,0.0,0.0,0.0,0.0,31910100.0,0.0
0854100000,Новоолександрівська,0.0,0.0,0.0,0.0,29243400.0,0.0,0.0,0.0,0.0,0.0,0.0,0.0,0.0,29243400.0,0.0
0852600000,Новоуспенівська,0.0,0.0,0.0,0.0,11437700.0,0.0,0.0,0.0,0.0,0.0,0.0,0.0,0.0,11437700.0,0.0
0854100000,Олександрівська,0.0,0.0,0.0,0.0,29243400.0,0.0,0.0,0.0,0.0,0.0,0.0,0.0,0.0,29243400.0,0.0
0851800000,Оріхівська,0.0,0.0,0.0,0.0,52118200.0,0.0,0.0,0.0,0.0,0.0,0.0,0.0,0.0,52118200.0,0.0
0851400000,Осипенківська,0.0,0.0,0.0,0.0,26505600.0,0.0,0.0,0.0,0.0,0.0,0.0,0.0,0.0,26505600.0,0.0
0852700000,Павлівська,0.0,0.0,0.0,0.0,13186600.0,0.0,0.0,0.0,0.0,0.0,0.0,0.0,0.0,13186600.0,0.0
0852800000,Петро-Михайлівська,0.0,0.0,0.0,0.0,16052900.0,0.0,0.0,0.0,0.0,0.0,0.0,0.0,0.0,16052900.0,0.0
0854700000,Пологівська,0.0,0.0,0.0,0.0,84691800.0,0.0,0.0,0.0,0.0,0.0,0.0,0.0,0.0,84691800.0,0.0
0850400000,Преображенська,0.0,0.0,0.0,0.0,13972300.0,0.0,0.0,0.0,0.0,0.0,0.0,0.0,0.0,13972300.0,0.0
0853100000,Приазовська,0.0,0.0,0.0,0.0,40245900.0,0.0,0.0,0.0,0.0,0.0,0.0,0.0,0.0,40245900.0,0.0
0850800000,Приморська,0.0,0.0,0.0,0.0,65682200.0,0.0,0.0,0.0,0.0,0.0,0.0,0.0,0.0,65682200.0,0.0
0853000000,Райхенфельдська,0.0,0.0,0.0,0.0,10623500.0,0.0,0.0,0.0,0.0,0.0,0.0,0.0,0.0,10623500.0,0.0
0854200000,Роздольська,0.0,0.0,0.0,0.0,26159800.0,0.0,0.0,0.0,0.0,0.0,0.0,0.0,0.0,26159800.0,0.0
0854800000,Розівська,0.0,0.0,0.0,0.0,28137000.0,0.0,0.0,0.0,0.0,0.0,0.0,0.0,0.0,28137000.0,0.0
0855400000,Семенівська,0.0,0.0,0.0,0.0,33229500.0,0.0,0.0,0.0,0.0,0.0,0.0,0.0,0.0,33229500.0,0.0
0850500000,Смирновська,0.0,0.0,0.0,0.0,11492700.0,0.0,0.0,0.0,0.0,0.0,0.0,0.0,0.0,11492700.0,0.0
0857300000,Степненська,0.0,0.0,0.0,0.0,17874200.0,0.0,0.0,0.0,0.0,0.0,0.0,0.0,0.0,17874200.0,0.0
0857400000,Степногірська,0.0,0.0,0.0,0.0,23278000.0,0.0,0.0,0.0,0.0,0.0,0.0,0.0,0.0,23278000.0,0.0
0851600000,Таврійська,0.0,0.0,0.0,0.0,12476900.0,0.0,0.0,0.0,0.0,0.0,0.0,0.0,0.0,12476900.0,0.0
0855500000,Тернуватська,0.0,0.0,0.0,0.0,10655100.0,0.0,0.0,0.0,0.0,0.0,0.0,0.0,0.0,10655100.0,0.0
0857500000,Терпіннівська,0.0,0.0,0.0,0.0,33030400.0,0.0,0.0,0.0,0.0,0.0,0.0,0.0,0.0,33030400.0,0.0
0857600000,Токмацька,0.0,0.0,0.0,0.0,80945500.0,0.0,0.0,0.0,0.0,0.0,0.0,0.0,0.0,80945500.0,0.0
0855600000,Федорівська,0.0,0.0,0.0,0.0,10665100.0,0.0,0.0,0.0,0.0,0.0,0.0,0.0,0.0,10665100.0,0.0
0852000000,Чернігівська,0.0,0.0,0.0,0.0,57841800.0,0.0,0.0,0.0,0.0,0.0,0.0,0.0,0.0,57841800.0,0.0
0852300000,Широківська,0.0,0.0,0.0,0.0,44493700.0,0.0,0.0,0.0,0.0,0.0,0.0,0.0,0.0,44493700.0,0.0
0853300000,Якимівська,0.0,0.0,0.0,0.0,80775600.0,0.0,0.0,0.0,0.0,0.0,0.0,0.0,0.0,80775600.0,0.0
0653300000,Ємільчинська,0.0,0.0,0.0,0.0,83543100.0,0.0,0.0,0.0,0.0,0.0,0.0,0.0,0.0,83543100.0,0.0
0650400000,Іршанська,0.0,0.0,0.0,0.0,23490900.0,0.0,0.0,0.0,0.0,0.0,0.0,0.0,0.0,23490900.0,0.0
0652200000,Андрушківська,0.0,0.0,0.0,0.0,15123900.0,0.0,0.0,0.0,0.0,0.0,0.0,0.0,0.0,15123900.0,0.0
0655700000,Андрушівська,0.0,0.0,0.0,0.0,64568400.0,0.0,0.0,0.0,0.0,0.0,0.0,0.0,0.0,64568400.0,0.0
0651100000,Баранівська,0.0,0.0,0.0,0.0,69712500.0,0.0,0.0,0.0,0.0,0.0,0.0,0.0,0.0,69712500.0,0.0
0652300000,Барашівська,0.0,0.0,0.0,0.0,24629400.0,0.0,0.0,0.0,0.0,0.0,0.0,0.0,0.0,24629400.0,0.0
0655800000,Бердичівська,0.0,0.0,0.0,0.0,169196800.0,0.0,0.0,0.0,0.0,0.0,0.0,0.0,0.0,169196800.0,0.0
0655800000,Березівська,0.0,0.0,0.0,0.0,169196800.0,0.0,0.0,0.0,0.0,0.0,0.0,0.0,0.0,169196800.0,0.0
0653500000,Брониківська,0.0,0.0,0.0,0.0,31319100.0,0.0,0.0,0.0,0.0,0.0,0.0,0.0,0.0,31319100.0,0.0
0651400000,Брусилівська,0.0,0.0,0.0,0.0,56983700.0,0.0,0.0,0.0,0.0,0.0,0.0,0.0,0.0,56983700.0,0.0
0652400000,Білокоровицька,0.0,0.0,0.0,0.0,16416700.0,0.0,0.0,0.0,0.0,0.0,0.0,0.0,0.0,16416700.0,0.0
0650100000,Високівська,0.0,0.0,0.0,0.0,10386600.0,0.0,0.0,0.0,0.0,0.0,0.0,0.0,0.0,10386600.0,0.0
0650200000,Вишевицька,0.0,0.0,0.0,0.0,12356100.0,0.0,0.0,0.0,0.0,0.0,0.0,0.0,0.0,12356100.0,0.0
0656000000,Волицька,0.0,0.0,0.0,0.0,19848800.0,0.0,0.0,0.0,0.0,0.0,0.0,0.0,0.0,19848800.0,0.0
0654700000,Вчорайшенська,0.0,0.0,0.0,0.0,16775500.0,0.0,0.0,0.0,0.0,0.0,0.0,0.0,0.0,16775500.0,0.0
0650400000,Вільшанська,0.0,0.0,0.0,0.0,23490900.0,0.0,0.0,0.0,0.0,0.0,0.0,0.0,0.0,23490900.0,0.0
0656100000,Гладковицька,0.0,0.0,0.0,0.0,10894400.0,0.0,0.0,0.0,0.0,0.0,0.0,0.0,0.0,10894400.0,0.0
0654400000,Глибочицька,0.0,0.0,0.0,0.0,28980500.0,0.0,0.0,0.0,0.0,0.0,0.0,0.0,0.0,28980500.0,0.0
0651500000,Городницька,0.0,0.0,0.0,0.0,23110400.0,0.0,0.0,0.0,0.0,0.0,0.0,0.0,0.0,23110400.0,0.0
0656200000,Городоцька,0.0,0.0,0.0,0.0,9202500.0,0.0,0.0,0.0,0.0,0.0,0.0,0.0,0.0,9202500.0,0.0
0652600000,Горщиківська,0.0,0.0,0.0,0.0,10358500.0,0.0,0.0,0.0,0.0,0.0,0.0,0.0,0.0,10358500.0,0.0
0654800000,Гришковецька,0.0,0.0,0.0,0.0,30431800.0,0.0,0.0,0.0,0.0,0.0,0.0,0.0,0.0,30431800.0,0.0
0651600000,Довбиська,0.0,0.0,0.0,0.0,22980100.0,0.0,0.0,0.0,0.0,0.0,0.0,0.0,0.0,22980100.0,0.0
0650300000,Дубрівська,0.0,0.0,0.0,0.0,13478200.0,0.0,0.0,0.0,0.0,0.0,0.0,0.0,0.0,13478200.0,0.0
0655200000,Житомирська,0.0,0.0,0.0,0.0,621791700.0,0.0,0.0,0.0,0.0,0.0,0.0,0.0,0.0,621791700.0,0.0
0655300000,Звягельська,0.0,0.0,0.0,0.0,145635700.0,0.0,0.0,0.0,0.0,0.0,0.0,0.0,0.0,145635700.0,0.0
0652700000,Квітнева,0.0,0.0,0.0,0.0,16469200.0,0.0,0.0,0.0,0.0,0.0,0.0,0.0,0.0,16469200.0,0.0
0651000000,Корнинська,0.0,0.0,0.0,0.0,18220400.0,0.0,0.0,0.0,0.0,0.0,0.0,0.0,0.0,18220400.0,0.0
0656300000,Коростенська,0.0,0.0,0.0,0.0,186584800.0,0.0,0.0,0.0,0.0,0.0,0.0,0.0,0.0,186584800.0,0.0
0651200000,Коростишівська,0.0,0.0,0.0,0.0,85009500.0,0.0,0.0,0.0,0.0,0.0,0.0,0.0,0.0,85009500.0,0.0
0652800000,Краснопільська,0.0,0.0,0.0,0.0,22039500.0,0.0,0.0,0.0,0.0,0.0,0.0,0.0,0.0,22039500.0,0.0
0653900000,Курненська,0.0,0.0,0.0,0.0,34275000.0,0.0,0.0,0.0,0.0,0.0,0.0,0.0,0.0,34275000.0,0.0
0651700000,Лугинська,0.0,0.0,0.0,0.0,52371200.0,0.0,0.0,0.0,0.0,0.0,0.0,0.0,0.0,52371200.0,0.0
0653400000,Любарська,0.0,0.0,0.0,0.0,89452600.0,0.0,0.0,0.0,0.0,0.0,0.0,0.0,0.0,89452600.0,0.0
0656400000,Малинська,0.0,0.0,0.0,0.0,115614200.0,0.0,0.0,0.0,0.0,0.0,0.0,0.0,0.0,115614200.0,0.0
0651800000,Миропільська,0.0,0.0,0.0,0.0,22875400.0,0.0,0.0,0.0,0.0,0.0,0.0,0.0,0.0,22875400.0,0.0
0650500000,Народицька,0.0,0.0,0.0,0.0,34802700.0,0.0,0.0,0.0,0.0,0.0,0.0,0.0,0.0,34802700.0,0.0
0650600000,Новоборівська,0.0,0.0,0.0,0.0,24196100.0,0.0,0.0,0.0,0.0,0.0,0.0,0.0,0.0,24196100.0,0.0
0656500000,Новогуйвинська,0.0,0.0,0.0,0.0,59084800.0,0.0,0.0,0.0,0.0,0.0,0.0,0.0,0.0,59084800.0,0.0
0653800000,Овруцька,0.0,0.0,0.0,0.0,119968400.0,0.0,0.0,0.0,0.0,0.0,0.0,0.0,0.0,119968400.0,0.0
0651300000,Олевська,0.0,0.0,0.0,0.0,160555400.0,0.0,0.0,0.0,0.0,0.0,0.0,0.0,0.0,160555400.0,0.0
0654500000,Оліївська,0.0,0.0,0.0,0.0,27195100.0,0.0,0.0,0.0,0.0,0.0,0.0,0.0,0.0,27195100.0,0.0
0651900000,Попільнянська,0.0,0.0,0.0,0.0,59948200.0,0.0,0.0,0.0,0.0,0.0,0.0,0.0,0.0,59948200.0,0.0
0650700000,Потіївська,0.0,0.0,0.0,0.0,10497200.0,0.0,0.0,0.0,0.0,0.0,0.0,0.0,0.0,10497200.0,0.0
0654200000,Пулинська,0.0,0.0,0.0,0.0,50073000.0,0.0,0.0,0.0,0.0,0.0,0.0,0.0,0.0,50073000.0,0.0
0653600000,Піщівська,0.0,0.0,0.0,0.0,12950000.0,0.0,0.0,0.0,0.0,0.0,0.0,0.0,0.0,12950000.0,0.0
0654300000,Радомишльська,0.0,0.0,0.0,0.0,76304100.0,0.0,0.0,0.0,0.0,0.0,0.0,0.0,0.0,76304100.0,0.0
0654900000,Райгородоцька,0.0,0.0,0.0,0.0,32275900.0,0.0,0.0,0.0,0.0,0.0,0.0,0.0,0.0,32275900.0,0.0
0656600000,Романівська,0.0,0.0,0.0,0.0,65174800.0,0.0,0.0,0.0,0.0,0.0,0.0,0.0,0.0,65174800.0,0.0
0656700000,Ружинська,0.0,0.0,0.0,0.0,63973200.0,0.0,0.0,0.0,0.0,0.0,0.0,0.0,0.0,63973200.0,0.0
0656600000,Семенівська,0.0,0.0,0.0,0.0,65174800.0,0.0,0.0,0.0,0.0,0.0,0.0,0.0,0.0,65174800.0,0.0
0653700000,Словечанська,0.0,0.0,0.0,0.0,47289300.0,0.0,0.0,0.0,0.0,0.0,0.0,0.0,0.0,47289300.0,0.0
0653000000,Станишівська,0.0,0.0,0.0,0.0,40082900.0,0.0,0.0,0.0,0.0,0.0,0.0,0.0,0.0,40082900.0,0.0
0655600000,Старосілецька,0.0,0.0,0.0,0.0,21791900.0,0.0,0.0,0.0,0.0,0.0,0.0,0.0,0.0,21791900.0,0.0
0655400000,Стриївська,0.0,0.0,0.0,0.0,21555400.0,0.0,0.0,0.0,0.0,0.0,0.0,0.0,0.0,21555400.0,0.0
0650800000,Тетерівська,0.0,0.0,0.0,0.0,27925800.0,0.0,0.0,0.0,0.0,0.0,0.0,0.0,0.0,27925800.0,0.0
0653100000,Ушомирська,0.0,0.0,0.0,0.0,45981300.0,0.0,0.0,0.0,0.0,0.0,0.0,0.0,0.0,45981300.0,0.0
0655500000,Харитонівська,0.0,0.0,0.0,0.0,6284800.0,0.0,0.0,0.0,0.0,0.0,0.0,0.0,0.0,6284800.0,0.0
0652000000,Хорошівська,0.0,0.0,0.0,0.0,62841200.0,0.0,0.0,0.0,0.0,0.0,0.0,0.0,0.0,62841200.0,0.0
0650900000,Червоненська,0.0,0.0,0.0,0.0,16610200.0,0.0,0.0,0.0,0.0,0.0,0.0,0.0,0.0,16610200.0,0.0
0656800000,Черняхівська,0.0,0.0,0.0,0.0,61390200.0,0.0,0.0,0.0,0.0,0.0,0.0,0.0,0.0,61390200.0,0.0
0653200000,Чижівська,0.0,0.0,0.0,0.0,27545600.0,0.0,0.0,0.0,0.0,0.0,0.0,0.0,0.0,27545600.0,0.0
0652100000,Чоповицька,0.0,0.0,0.0,0.0,20736600.0,0.0,0.0,0.0,0.0,0.0,0.0,0.0,0.0,20736600.0,0.0
0655000000,Чуднівська,0.0,0.0,0.0,0.0,58928600.0,0.0,0.0,0.0,0.0,0.0,0.0,0.0,0.0,58928600.0,0.0
0655100000,Швайківська,0.0,0.0,0.0,0.0,15186300.0,0.0,0.0,0.0,0.0,0.0,0.0,0.0,0.0,15186300.0,0.0
0656900000,Ярунська,0.0,0.0,0.0,0.0,33224000.0,0.0,0.0,0.0,0.0,0.0,0.0,0.0,0.0,33224000.0,0.0
