Айді громади,Назва громади,[41031200] На забезпечення нагальних потреб функціонування держави в умовах воєнного стану,[41034700] На ліквідацію наслідків збройної агресії,[41036100] На житло для сімей ветеранів війни та інвалідів внаслідок війни,[41037800] На розвиток ветеранських просторів,[41035800] На діяльність фахівців із супроводу ветеранів війни,[41033900] Освітня субвенція (зарплати),[41032800] Облаштування безпечних умов (укриттів) у школах,[41033800] Майстерні профтехів,[41033000] Підтримка окремих закладів у системі охорони здоров'я,"[41037500] Інвестиційні проекти у сфері охорони здоров'я (реабілітації, ремонти)",Сума Війна та відновлення,Сума Освіта,Сума Охорона здоров'я
2350200000,Єрківська,0.0,0.0,0.0,0.0,0.0,13767900.0,13065465.0,0.0,0.0,0.0,0.0,26833365.0,0.0
2351900000,Іваньківська,0.0,0.0,0.0,0.0,0.0,11623000.0,0.0,0.0,0.0,0.0,0.0,11623000.0,0.0
2352200000,Іркліївська,0.0,0.0,0.0,0.0,0.0,58367700.0,0.0,0.0,0.0,0.0,0.0,58367700.0,0.0
2355800000,Бабанська,0.0,0.0,0.0,0.0,0.0,18435800.0,0.0,0.0,0.0,0.0,0.0,18435800.0,0.0
2356000000,Багачевська,0.0,0.0,0.0,0.0,0.0,44202600.0,0.0,0.0,0.0,0.0,0.0,44202600.0,0.0
2352700000,Балаклеївська,0.0,0.0,0.0,0.0,0.0,25030900.0,0.0,0.0,0.0,0.0,0.0,25030900.0,0.0
2355600000,Баштечківська,0.0,0.0,0.0,0.0,0.0,13258500.0,0.0,0.0,0.0,0.0,0.0,13258500.0,0.0
2352900000,Березняківська,0.0,0.0,0.0,0.0,0.0,14822100.0,0.0,0.0,0.0,0.0,0.0,14822100.0,0.0
2353000000,Бобрицька,0.0,0.0,0.0,0.0,0.0,14904500.0,0.0,0.0,0.0,0.0,0.0,14904500.0,0.0
2355900000,Будищенська,0.0,0.0,0.0,0.0,0.0,13268000.0,0.0,0.0,0.0,0.0,0.0,13268000.0,0.0
2353100000,Бужанська,0.0,0.0,0.0,0.0,0.0,13149600.0,0.0,0.0,0.0,0.0,0.0,13149600.0,0.0
2352600000,Буцька,0.0,0.0,0.0,0.0,0.0,16270600.0,0.0,0.0,0.0,0.0,0.0,16270600.0,0.0
2350100000,Білозірська,0.0,0.0,0.0,0.0,0.0,25940200.0,0.0,0.0,0.0,0.0,0.0,25940200.0,0.0
2353200000,Великохутірська,0.0,0.0,0.0,0.0,0.0,8127500.0,0.0,0.0,0.0,0.0,0.0,8127500.0,0.0
2355700000,Виноградська,0.0,0.0,0.0,0.0,0.0,12384000.0,0.0,0.0,0.0,0.0,0.0,12384000.0,0.0
2353400000,Водяницька,0.0,0.0,0.0,0.0,0.0,18805100.0,0.0,0.0,0.0,0.0,0.0,18805100.0,0.0
2356100000,Вознесенська,0.0,0.0,0.0,0.0,0.0,14174500.0,0.0,0.0,0.0,0.0,0.0,14174500.0,0.0
2353300000,Вільшанська,0.0,0.0,0.0,0.0,0.0,19447100.0,0.0,0.0,0.0,0.0,0.0,19447100.0,0.0
2356200000,Гельмязівська,0.0,0.0,0.0,0.0,0.0,31197400.0,0.0,0.0,0.0,0.0,0.0,31197400.0,0.0
2356300000,Городищенська,0.0,0.0,0.0,0.0,0.0,60063000.0,0.0,0.0,0.0,0.0,0.0,60063000.0,0.0
2353500000,Дмитрушківська,0.0,0.0,0.0,0.0,0.0,40775200.0,0.0,0.0,0.0,0.0,0.0,40775200.0,0.0
2355500000,Драбівська,0.0,0.0,0.0,0.0,0.0,38777100.0,0.0,0.0,0.0,0.0,0.0,38777100.0,0.0
2351400000,Жашківська,0.0,0.0,0.0,0.0,0.0,103531500.0,0.0,0.0,0.0,0.0,0.0,103531500.0,0.0
2356400000,Звенигородська,0.0,0.0,0.0,0.0,0.0,71197900.0,0.0,0.0,0.0,0.0,0.0,71197900.0,0.0
2356500000,Золотоніська,0.0,0.0,0.0,0.0,0.0,94623100.0,0.0,0.0,0.0,0.0,0.0,94623100.0,0.0
2352400000,Зорівська,0.0,0.0,0.0,0.0,0.0,10512700.0,0.0,0.0,0.0,0.0,0.0,10512700.0,0.0
2356600000,Калинопільська,0.0,0.0,0.0,0.0,0.0,39339900.0,0.0,0.0,0.0,0.0,0.0,39339900.0,0.0
2351500000,Кам'янська,0.0,0.0,0.0,0.0,0.0,53579755.0,0.0,0.0,0.0,0.0,0.0,53579755.0,0.0
2355400000,Канівська,0.0,0.0,0.0,0.0,0.0,60360100.0,0.0,0.0,0.0,0.0,0.0,60360100.0,0.0
2356700000,Корсунь-Шевченківська,0.0,0.0,0.0,0.0,0.0,42757500.0,0.0,0.0,0.0,0.0,0.0,42757500.0,0.0
2353600000,Ладижинська,0.0,0.0,0.0,0.0,0.0,26457000.0,0.0,0.0,0.0,0.0,0.0,26457000.0,0.0
2353800000,Леськівська,0.0,0.0,0.0,0.0,0.0,25555100.0,0.0,0.0,0.0,0.0,0.0,25555100.0,0.0
2353900000,Лип'янська,0.0,0.0,0.0,0.0,0.0,10389800.0,0.0,0.0,0.0,0.0,0.0,10389800.0,0.0
2354000000,Лисянська,0.0,0.0,0.0,0.0,0.0,38557200.0,0.0,0.0,0.0,0.0,0.0,38557200.0,0.0
2351600000,Ліплявська,0.0,0.0,0.0,0.0,0.0,14519100.0,0.0,0.0,0.0,0.0,0.0,14519100.0,0.0
2356800000,Маньківська,0.0,0.0,0.0,0.0,0.0,54595900.0,1754694.0,0.0,0.0,0.0,0.0,56350594.0,0.0
2352300000,Матусівська,0.0,0.0,0.0,0.0,0.0,9788600.0,0.0,0.0,0.0,0.0,0.0,9788600.0,0.0
2354200000,Медведівська,0.0,0.0,0.0,0.0,0.0,10760700.0,0.0,0.0,0.0,0.0,0.0,10760700.0,0.0
2352500000,Михайлівська,0.0,0.0,0.0,0.0,0.0,21273200.0,0.0,0.0,0.0,0.0,0.0,21273200.0,0.0
2351100000,Мліївська,0.0,0.0,0.0,0.0,0.0,16252000.0,0.0,0.0,0.0,0.0,0.0,16252000.0,0.0
2350300000,Мокрокалигірська,0.0,0.0,0.0,0.0,0.0,13870100.0,0.0,0.0,0.0,0.0,0.0,13870100.0,0.0
2356900000,Монастирищенська,0.0,0.0,0.0,0.0,0.0,113645500.0,0.0,0.0,0.0,0.0,0.0,113645500.0,0.0
2357000000,Мошнівська,0.0,0.0,0.0,0.0,0.0,41131100.0,0.0,0.0,0.0,0.0,0.0,41131100.0,0.0
2350600000,Набутівська,0.0,0.0,0.0,0.0,0.0,15651800.0,0.0,0.0,0.0,0.0,0.0,15651800.0,0.0
2357100000,Новодмитрівська,0.0,0.0,0.0,0.0,0.0,34571200.0,0.0,0.0,0.0,0.0,0.0,34571200.0,0.0
2352000000,Паланська,0.0,0.0,0.0,0.0,0.0,58179900.0,0.0,0.0,0.0,0.0,0.0,58179900.0,0.0
2357200000,Піщанська,0.0,0.0,0.0,0.0,0.0,18752100.0,0.0,0.0,0.0,0.0,0.0,18752100.0,0.0
2350800000,Ротмістрівська,0.0,0.0,0.0,0.0,0.0,24480000.0,0.0,0.0,0.0,0.0,0.0,24480000.0,0.0
2354600000,Руськополянська,0.0,0.0,0.0,0.0,0.0,41716000.0,0.0,0.0,0.0,0.0,0.0,41716000.0,0.0
2354700000,Сагунівська,0.0,0.0,0.0,0.0,0.0,15425300.0,0.0,0.0,0.0,0.0,0.0,15425300.0,0.0
2350700000,Селищенська,0.0,0.0,0.0,0.0,0.0,16754700.0,0.0,0.0,0.0,0.0,0.0,16754700.0,0.0
2355100000,Слобідська,0.0,0.0,0.0,0.0,0.0,44002000.0,0.0,0.0,0.0,0.0,0.0,44002000.0,0.0
2357300000,Смілянська,0.0,0.0,0.0,0.0,0.0,122520600.0,0.0,0.0,0.0,0.0,0.0,122520600.0,0.0
2350500000,Стеблівська,0.0,0.0,0.0,0.0,0.0,19561200.0,0.0,0.0,0.0,0.0,0.0,19561200.0,0.0
2351000000,Степанецька,0.0,0.0,0.0,0.0,0.0,23840900.0,0.0,0.0,0.0,0.0,0.0,23840900.0,0.0
2352100000,Степанківська,0.0,0.0,0.0,0.0,0.0,16280500.0,0.0,0.0,0.0,0.0,0.0,16280500.0,0.0
2350400000,Тальнівська,0.0,0.0,0.0,0.0,0.0,79652300.0,28840370.0,0.0,0.0,0.0,0.0,108492670.0,0.0
2354900000,Тернівська,0.0,0.0,0.0,0.0,0.0,11236400.0,0.0,0.0,0.0,0.0,0.0,11236400.0,0.0
2357400000,Уманська,0.0,0.0,0.0,0.0,0.0,168166100.0,0.0,0.0,0.0,0.0,0.0,168166100.0,0.0
2357500000,Христинівська,0.0,0.0,0.0,0.0,0.0,94115500.0,0.0,0.0,0.0,0.0,0.0,94115500.0,0.0
2357600000,Черкаська,0.0,0.0,0.0,0.0,0.0,571784806.0,0.0,8472000.0,0.0,0.0,0.0,580256806.0,0.0
2355200000,Чигиринська,0.0,0.0,0.0,0.0,0.0,64212300.0,0.0,0.0,0.0,0.0,0.0,64212300.0,0.0
2357700000,Чорнобаївська,0.0,0.0,0.0,0.0,0.0,71501209.0,0.0,0.0,0.0,0.0,0.0,71501209.0,0.0
2355300000,Шевченківська,0.0,0.0,0.0,0.0,0.0,8900700.0,0.0,0.0,0.0,0.0,0.0,8900700.0,0.0
2350900000,Шполянська,0.0,0.0,0.0,0.0,0.0,105332310.0,0.0,0.0,0.0,0.0,0.0,105332310.0,0.0
2357800000,Шрамківська,0.0,0.0,0.0,0.0,0.0,31429600.0,0.0,0.0,0.0,0.0,0.0,31429600.0,0.0
2551500000,Іванівська,0.0,0.0,0.0,0.0,0.0,20639500.0,0.0,0.0,0.0,0.0,0.0,20639500.0,0.0
2552400000,Ічнянська,0.0,0.0,0.0,0.0,0.0,59542600.0,0.0,0.0,0.0,0.0,0.0,59542600.0,0.0
2550600000,Батуринська,0.0,0.0,0.0,0.0,0.0,21912000.0,0.0,0.0,0.0,0.0,0.0,21912000.0,0.0
2555100000,Бахмацька,0.0,0.0,0.0,0.0,0.0,88070510.0,20539674.0,0.0,0.0,0.0,0.0,108610184.0,0.0
2555200000,Березнянська,0.0,0.0,0.0,0.0,0.0,19030700.0,0.0,0.0,0.0,0.0,0.0,19030700.0,0.0
2552100000,Бобровицька,0.0,0.0,0.0,0.0,0.0,80352000.0,0.0,0.0,0.0,0.0,0.0,80352000.0,0.0
2554000000,Борзнянська,0.0,0.0,0.0,0.0,0.0,36839000.0,0.0,0.0,0.0,0.0,0.0,36839000.0,0.0
2553500000,Варвинська,0.0,0.0,0.0,0.0,0.0,51490500.0,0.0,0.0,0.0,0.0,0.0,51490500.0,0.0
2550100000,Вертіївська,0.0,0.0,0.0,0.0,0.0,20764000.0,0.0,0.0,0.0,0.0,0.0,20764000.0,0.0
2553400000,Височанська,0.0,0.0,0.0,0.0,0.0,12104700.0,0.0,0.0,0.0,0.0,0.0,12104700.0,0.0
2551100000,Гончарівська,0.0,0.0,0.0,0.0,0.0,11447000.0,0.0,0.0,0.0,0.0,0.0,11447000.0,0.0
2553600000,Городнянська,0.0,0.0,0.0,0.0,0.0,56278100.0,0.0,0.0,0.0,0.0,0.0,56278100.0,0.0
2550200000,Деснянська,0.0,0.0,0.0,0.0,0.0,23866100.0,0.0,0.0,0.0,0.0,0.0,23866100.0,0.0
2555300000,Дмитрівська,0.0,0.0,0.0,0.0,0.0,12351900.0,0.0,0.0,0.0,0.0,0.0,12351900.0,0.0
2554600000,Добрянська,0.0,0.0,0.0,0.0,0.0,19105900.0,0.0,0.0,0.0,0.0,0.0,19105900.0,0.0
2554700000,Киселівська,0.0,0.0,0.0,0.0,0.0,17429700.0,0.0,0.0,0.0,0.0,0.0,17429700.0,0.0
2554200000,Киїнська,0.0,0.0,0.0,0.0,0.0,19524400.0,0.0,0.0,0.0,0.0,0.0,19524400.0,0.0
2551800000,Козелецька,0.0,0.0,0.0,0.0,0.0,62580534.0,0.0,0.0,0.0,0.0,0.0,62580534.0,0.0
2551900000,Комарівська,0.0,0.0,0.0,0.0,0.0,12731000.0,0.0,0.0,0.0,0.0,0.0,12731000.0,0.0
2551200000,Коропська,0.0,0.0,0.0,0.0,0.0,51349700.0,0.0,0.0,0.0,0.0,0.0,51349700.0,0.0
2550700000,Корюківська,0.0,0.0,0.0,0.0,0.0,60933600.0,27198651.0,0.0,0.0,0.0,0.0,88132251.0,0.0
2555400000,Крутівська,0.0,0.0,0.0,0.0,0.0,10993200.0,0.0,0.0,0.0,0.0,0.0,10993200.0,0.0
2552500000,Куликівська,0.0,0.0,0.0,0.0,0.0,38764800.0,0.0,0.0,0.0,0.0,0.0,38764800.0,0.0
2550300000,Кіптівська,0.0,0.0,0.0,0.0,0.0,17589600.0,0.0,0.0,0.0,0.0,0.0,17589600.0,0.0
2555500000,Ладанська,0.0,0.0,0.0,0.0,0.0,17422600.0,0.0,0.0,0.0,0.0,0.0,17422600.0,0.0
2553700000,Линовицька,0.0,0.0,0.0,0.0,0.0,14254100.0,0.0,0.0,0.0,0.0,0.0,14254100.0,0.0
2551300000,Лосинівська,0.0,0.0,0.0,0.0,0.0,21107200.0,0.0,0.0,0.0,0.0,0.0,21107200.0,0.0
2552700000,Любецька,0.0,0.0,0.0,0.0,0.0,11365400.0,0.0,0.0,0.0,0.0,0.0,11365400.0,0.0
2550400000,Макіївська,0.0,0.0,0.0,0.0,0.0,11482500.0,0.0,0.0,0.0,0.0,0.0,11482500.0,0.0
2552600000,Малодівицька,0.0,0.0,0.0,0.0,0.0,9796800.0,0.0,0.0,0.0,0.0,0.0,9796800.0,0.0
2551700000,Менська,0.0,0.0,0.0,0.0,0.0,81476023.0,0.0,0.0,0.0,0.0,0.0,81476023.0,0.0
2551400000,Михайло-Коцюбинська,0.0,0.0,0.0,0.0,0.0,31093100.0,0.0,0.0,0.0,0.0,0.0,31093100.0,0.0
2551600000,Мринська,0.0,0.0,0.0,0.0,0.0,15025300.0,0.0,0.0,0.0,0.0,0.0,15025300.0,0.0
2553900000,Новгород-Сіверська,0.0,0.0,0.0,0.0,0.0,56904099.0,0.0,0.0,0.0,0.0,0.0,56904099.0,0.0
2552000000,Новобасанська,0.0,0.0,0.0,0.0,0.0,19587300.0,0.0,0.0,0.0,0.0,0.0,19587300.0,0.0
2554100000,Новобілоуська,0.0,0.0,0.0,0.0,0.0,44688400.0,0.0,0.0,0.0,0.0,0.0,44688400.0,0.0
2550800000,Носівська,0.0,0.0,0.0,0.0,0.0,59950200.0,0.0,0.0,0.0,0.0,0.0,59950200.0,0.0
2553800000,Ніжинська,0.0,0.0,0.0,0.0,0.0,134810200.0,23525108.0,0.0,0.0,0.0,0.0,158335308.0,0.0
2553300000,Олишівська,0.0,0.0,0.0,0.0,0.0,7527900.0,0.0,0.0,0.0,0.0,0.0,7527900.0,0.0
2550900000,Остерська,0.0,0.0,0.0,0.0,0.0,27283100.0,0.0,0.0,0.0,0.0,0.0,27283100.0,0.0
2550500000,Парафіївська,0.0,0.0,0.0,0.0,0.0,20276500.0,0.0,0.0,0.0,0.0,0.0,20276500.0,0.0
2552200000,Плисківська,0.0,0.0,0.0,0.0,0.0,9791500.0,0.0,0.0,0.0,0.0,0.0,9791500.0,0.0
2554800000,Понорницька,0.0,0.0,0.0,0.0,0.0,24290200.0,0.0,0.0,0.0,0.0,0.0,24290200.0,0.0
2555600000,Прилуцька,0.0,0.0,0.0,0.0,0.0,118652300.0,17005709.0,0.0,0.0,0.0,0.0,135658009.0,0.0
2555700000,Ріпкинська,0.0,0.0,0.0,0.0,0.0,32263000.0,0.0,0.0,0.0,0.0,0.0,32263000.0,0.0
2555800000,Седнівська,0.0,0.0,0.0,0.0,0.0,7084100.0,0.0,0.0,0.0,0.0,0.0,7084100.0,0.0
2552800000,Семенівська,0.0,0.0,0.0,0.0,0.0,33412300.0,0.0,0.0,0.0,0.0,0.0,33412300.0,0.0
2551000000,Сновська,0.0,0.0,0.0,0.0,0.0,57799500.0,65969143.0,0.0,0.0,0.0,0.0,123768643.0,0.0
2552900000,Сосницька,0.0,0.0,0.0,0.0,0.0,38674000.0,0.0,0.0,0.0,0.0,0.0,38674000.0,0.0
2553000000,Срібнянська,0.0,0.0,0.0,0.0,0.0,28681500.0,0.0,0.0,0.0,0.0,0.0,28681500.0,0.0
2554900000,Сухополов'янська,0.0,0.0,0.0,0.0,0.0,31742400.0,0.0,0.0,0.0,0.0,0.0,31742400.0,0.0
2555000000,Талалаївська,0.0,0.0,0.0,0.0,0.0,17281100.0,0.0,0.0,0.0,0.0,0.0,17281100.0,0.0
2552300000,Тупичівська,0.0,0.0,0.0,0.0,0.0,17466600.0,14638719.0,0.0,0.0,0.0,0.0,32105319.0,0.0
2553200000,Холминська,0.0,0.0,0.0,0.0,0.0,13213600.0,0.0,0.0,0.0,0.0,0.0,13213600.0,0.0
2555900000,Чернігівська,0.0,0.0,0.0,0.0,0.0,559427525.0,0.0,0.0,0.0,0.0,0.0,559427525.0,0.0
2556000000,Яблунівська,0.0,0.0,0.0,0.0,0.0,6964400.0,0.0,0.0,0.0,0.0,0.0,6964400.0,0.0
2453800000,Банилівська,0.0,0.0,0.0,0.0,0.0,34727500.0,0.0,0.0,0.0,0.0,0.0,34727500.0,0.0
2453900000,Берегометська,0.0,0.0,0.0,0.0,0.0,83948900.0,0.0,0.0,0.0,0.0,0.0,83948900.0,0.0
2454000000,Боянська,0.0,0.0,0.0,0.0,0.0,25416200.0,0.0,0.0,0.0,0.0,0.0,25416200.0,0.0
2454100000,Брусницька,0.0,0.0,0.0,0.0,0.0,31847500.0,0.0,0.0,0.0,0.0,0.0,31847500.0,0.0
2453400000,Ванчиковецька,0.0,0.0,0.0,0.0,0.0,33679000.0,0.0,0.0,0.0,0.0,0.0,33679000.0,0.0
2450100000,Вашковецька,0.0,0.0,0.0,0.0,0.0,18541700.0,0.0,0.0,0.0,0.0,0.0,18541700.0,0.0
2451100000,Вашківецька,0.0,0.0,0.0,0.0,0.0,47077300.0,0.0,0.0,0.0,0.0,0.0,47077300.0,0.0
2450200000,Великокучурівська,0.0,0.0,0.0,0.0,0.0,45214600.0,7887708.0,0.0,0.0,0.0,0.0,53102308.0,0.0
2454200000,Веренчанська,0.0,0.0,0.0,0.0,0.0,26546900.0,0.0,0.0,0.0,0.0,0.0,26546900.0,0.0
2451200000,Вижницька,0.0,0.0,0.0,0.0,0.0,76002900.0,0.0,0.0,0.0,0.0,0.0,76002900.0,0.0
2450300000,Волоківська,0.0,0.0,0.0,0.0,92145.0,20220700.0,0.0,0.0,0.0,0.0,92145.0,20220700.0,0.0
2452300000,Вікнянська,0.0,0.0,0.0,0.0,0.0,16526500.0,0.0,0.0,0.0,0.0,0.0,16526500.0,0.0
2452700000,Герцаївська,0.0,0.0,0.0,0.0,0.0,69129300.0,0.0,0.0,0.0,0.0,0.0,69129300.0,0.0
2450400000,Глибоцька,0.0,0.0,0.0,0.0,0.0,66347200.0,0.0,0.0,0.0,0.0,0.0,66347200.0,0.0
2454300000,Горішньошеровецька,0.0,0.0,0.0,0.0,0.0,23177200.0,0.0,0.0,0.0,0.0,0.0,23177200.0,0.0
2452800000,Заставнівська,0.0,0.0,0.0,0.0,0.0,29049800.0,0.0,0.0,0.0,0.0,0.0,29049800.0,0.0
2453700000,Кадубовецька,0.0,0.0,0.0,0.0,0.0,31004400.0,0.0,0.0,0.0,0.0,0.0,31004400.0,0.0
2454400000,Кам'янецька,0.0,0.0,0.0,0.0,0.0,41996400.0,0.0,0.0,0.0,0.0,0.0,41996400.0,0.0
2454500000,Кам'янська,0.0,0.0,0.0,0.0,0.0,38821300.0,0.0,0.0,0.0,0.0,0.0,38821300.0,0.0
2453500000,Карапчівська,0.0,0.0,0.0,0.0,0.0,17403400.0,0.0,0.0,0.0,0.0,0.0,17403400.0,0.0
2454600000,Кельменецька,0.0,0.0,0.0,0.0,0.0,93497100.0,0.0,0.0,0.0,0.0,0.0,93497100.0,0.0
2450500000,Клішковецька,0.0,0.0,0.0,0.0,0.0,60805300.0,0.0,0.0,0.0,0.0,0.0,60805300.0,0.0
2451700000,Конятинська,0.0,0.0,0.0,0.0,0.0,33541100.0,0.0,0.0,0.0,0.0,0.0,33541100.0,0.0
2452500000,Кострижівська,0.0,0.0,0.0,0.0,0.0,10412700.0,0.0,0.0,0.0,0.0,0.0,10412700.0,0.0
2451400000,Красноїльська,0.0,0.0,0.0,0.0,0.0,41465299.0,0.0,0.0,0.0,0.0,0.0,41465299.0,0.0
2452100000,Кіцманська,0.0,0.0,0.0,0.0,0.0,63057400.0,0.0,0.0,0.0,0.0,0.0,63057400.0,0.0
2454700000,Лівинецька,0.0,0.0,0.0,0.0,0.0,17978200.0,0.0,0.0,0.0,0.0,0.0,17978200.0,0.0
2452200000,Магальська,0.0,0.0,0.0,0.0,0.0,37490000.0,0.0,0.0,0.0,0.0,0.0,37490000.0,0.0
2450600000,Мамалигівська,0.0,0.0,0.0,0.0,0.0,30255600.0,0.0,0.0,0.0,0.0,0.0,30255600.0,0.0
2452000000,Мамаївська,0.0,0.0,0.0,0.0,0.0,63109900.0,0.0,0.0,0.0,0.0,0.0,63109900.0,0.0
2450700000,Недобоївська,0.0,0.0,0.0,0.0,0.0,39802200.0,0.0,0.0,0.0,0.0,0.0,39802200.0,0.0
2452900000,Неполоковецька,0.0,0.0,0.0,0.0,0.0,22107600.0,0.0,0.0,0.0,0.0,0.0,22107600.0,0.0
2453300000,Новодністровська,0.0,0.0,0.0,0.0,0.0,29882093.0,0.0,0.0,0.0,0.0,0.0,29882093.0,0.0
2452600000,Новоселицька,0.0,0.0,0.0,0.0,0.0,97000900.0,0.0,0.0,0.0,0.0,0.0,97000900.0,0.0
2451900000,Острицька,0.0,0.0,0.0,0.0,0.0,52226800.0,0.0,0.0,0.0,0.0,0.0,52226800.0,0.0
2454800000,Петровецька,0.0,0.0,0.0,0.0,0.0,35202000.0,0.0,0.0,0.0,0.0,0.0,35202000.0,0.0
2454900000,Путильська,0.0,0.0,0.0,0.0,0.0,67229800.0,0.0,0.0,0.0,0.0,0.0,67229800.0,0.0
2450800000,Рукшинська,0.0,0.0,0.0,0.0,0.0,19886200.0,0.0,0.0,0.0,0.0,0.0,19886200.0,0.0
2451800000,Селятинська,0.0,0.0,0.0,0.0,0.0,35067300.0,0.0,0.0,0.0,0.0,0.0,35067300.0,0.0
2450900000,Сокирянська,0.0,0.0,0.0,0.0,0.0,112286600.0,0.0,0.0,0.0,0.0,0.0,112286600.0,0.0
2453000000,Ставчанська,0.0,0.0,0.0,0.0,0.0,19452000.0,0.0,0.0,0.0,0.0,0.0,19452000.0,0.0
2451300000,Сторожинецька,0.0,0.0,0.0,0.0,0.0,175818785.0,0.0,0.0,0.0,0.0,0.0,175818785.0,0.0
2453600000,Сучевенська,0.0,0.0,0.0,0.0,0.0,28720800.0,0.0,0.0,0.0,0.0,0.0,28720800.0,0.0
2455000000,Тарашанська,0.0,0.0,0.0,0.0,0.0,34747100.0,0.0,0.0,0.0,0.0,0.0,34747100.0,0.0
2451500000,Тереблеченська,0.0,0.0,0.0,0.0,0.0,18818400.0,0.0,0.0,0.0,0.0,0.0,18818400.0,0.0
2455100000,Топорівська,0.0,0.0,0.0,0.0,0.0,39838700.0,27852014.0,0.0,0.0,0.0,0.0,67690714.0,0.0
2451000000,Усть-Путильська,0.0,0.0,0.0,0.0,0.0,30295800.0,0.0,0.0,0.0,0.0,0.0,30295800.0,0.0
2453100000,Хотинська,0.0,0.0,0.0,0.0,0.0,65047479.0,0.0,0.0,0.0,0.0,0.0,65047479.0,0.0
2453200000,Чагорська,0.0,0.0,0.0,0.0,0.0,34983800.0,0.0,0.0,0.0,0.0,0.0,34983800.0,0.0
2455200000,Чернівецька,0.0,0.0,0.0,0.0,0.0,585819617.0,0.0,0.0,0.0,0.0,0.0,585819617.0,0.0
2451600000,Чудейська,0.0,0.0,0.0,0.0,0.0,56130300.0,0.0,0.0,0.0,0.0,0.0,56130300.0,0.0
2452400000,Юрковецька,0.0,0.0,0.0,0.0,0.0,38416000.0,0.0,0.0,0.0,0.0,0.0,38416000.0,0.0
0450100000,Апостолівська,0.0,0.0,0.0,0.0,0.0,67485600.0,0.0,0.0,0.0,0.0,0.0,67485600.0,0.0
0450200000,Богданівська,0.0,0.0,0.0,0.0,0.0,31624000.0,0.0,0.0,0.0,0.0,0.0,31624000.0,0.0
0451800000,Божедарівська,0.0,0.0,0.0,0.0,0.0,31717400.0,0.0,0.0,0.0,0.0,0.0,31717400.0,0.0
0457200000,Брагинівська,0.0,0.0,0.0,0.0,0.0,15049500.0,0.0,0.0,0.0,0.0,0.0,15049500.0,0.0
0450500000,Вакулівська,0.0,0.0,0.0,0.0,0.0,10636600.0,0.0,0.0,0.0,0.0,0.0,10636600.0,0.0
0451900000,Васильківська,0.0,0.0,0.0,0.0,0.0,66096400.0,0.0,0.0,0.0,0.0,0.0,66096400.0,0.0
0452900000,Великомихайлівська,0.0,0.0,0.0,0.0,0.0,8236300.0,0.0,0.0,0.0,0.0,0.0,8236300.0,0.0
0450300000,Вербківська,0.0,0.0,0.0,0.0,0.0,31098800.0,0.0,0.0,0.0,0.0,0.0,31098800.0,0.0
0453600000,Верхньодніпровська,0.0,0.0,0.0,0.0,0.0,99478800.0,0.0,0.0,0.0,0.0,0.0,99478800.0,0.0
0457300000,Верхівцівська,0.0,0.0,0.0,0.0,0.0,36836600.0,132911980.0,0.0,0.0,0.0,0.0,169748580.0,0.0
0452000000,Вишнівська,0.0,0.0,0.0,0.0,0.0,14862000.0,0.0,0.0,0.0,0.0,0.0,14862000.0,0.0
0457400000,Вільногірська,0.0,0.0,0.0,0.0,0.0,47421100.0,0.0,0.0,0.0,0.0,0.0,47421100.0,0.0
0456300000,Глеюватська,0.0,0.0,0.0,0.0,0.0,19992400.0,0.0,0.0,0.0,0.0,0.0,19992400.0,0.0
0453000000,Гречаноподівська,0.0,0.0,0.0,0.0,0.0,15059100.0,0.0,0.0,0.0,0.0,0.0,15059100.0,0.0
0450700000,Грушівська,0.0,0.0,0.0,0.0,0.0,17409200.0,0.0,0.0,0.0,0.0,0.0,17409200.0,0.0
0457500000,Губиниська,0.0,0.0,0.0,0.0,0.0,69870500.0,0.0,0.0,0.0,0.0,0.0,69870500.0,0.0
0455600000,Девладівська,0.0,0.0,0.0,0.0,0.0,19619000.0,0.0,0.0,0.0,0.0,0.0,19619000.0,0.0
0457600000,Дніпровська,0.0,0.0,0.0,0.0,0.0,1883999718.0,185781240.0,26543820.0,0.0,0.0,0.0,2096324778.0,0.0
0453500000,Дубовиківська,0.0,0.0,0.0,0.0,0.0,22572000.0,0.0,0.0,0.0,0.0,0.0,22572000.0,0.0
0457700000,Жовтоводська,0.0,0.0,0.0,0.0,0.0,89565200.0,0.0,0.0,0.0,0.0,0.0,89565200.0,0.0
0454500000,Зайцівська,0.0,0.0,0.0,0.0,0.0,14308700.0,0.0,0.0,0.0,0.0,0.0,14308700.0,0.0
0456400000,Затишнянська,0.0,0.0,0.0,0.0,0.0,14647600.0,0.0,0.0,0.0,0.0,0.0,14647600.0,0.0
0450600000,Зеленодольська,0.0,0.0,0.0,0.0,0.0,41375200.0,0.0,0.0,0.0,0.0,0.0,41375200.0,0.0
0455400000,Кам'янська,0.0,0.0,0.0,0.0,0.0,9618800.0,0.0,0.0,0.0,0.0,0.0,9618800.0,0.0
0455000000,Карпівська,0.0,0.0,0.0,0.0,0.0,16749600.0,0.0,0.0,0.0,0.0,0.0,16749600.0,0.0
0454800000,Китайгородська,0.0,0.0,0.0,0.0,0.0,13651300.0,0.0,0.0,0.0,0.0,0.0,13651300.0,0.0
0457810000,Криворізька,0.0,0.0,0.0,63735956.0,0.0,1209857800.0,60100300.0,0.0,0.0,0.0,63735956.0,1269958100.0,0.0
0452100000,Криничанська,0.0,0.0,0.0,0.0,0.0,64808400.0,0.0,0.0,0.0,0.0,0.0,64808400.0,0.0
0452200000,Лихівська,0.0,0.0,0.0,0.0,0.0,13289800.0,0.0,0.0,0.0,0.0,0.0,13289800.0,0.0
0455700000,Личківська,0.0,0.0,0.0,0.0,0.0,18709600.0,0.0,0.0,0.0,0.0,0.0,18709600.0,0.0
0457900000,Лозуватська,0.0,0.0,0.0,0.0,0.0,48185700.0,0.0,0.0,0.0,0.0,0.0,48185700.0,0.0
0455300000,Любимівська,0.0,0.0,0.0,0.0,0.0,5780100.0,0.0,0.0,0.0,0.0,0.0,5780100.0,0.0
0450800000,Ляшківська,0.0,0.0,0.0,0.0,0.0,8107400.0,0.0,0.0,0.0,0.0,0.0,8107400.0,0.0
0456500000,Магдалинівська,0.0,0.0,0.0,0.0,0.0,80898200.0,0.0,0.0,0.0,0.0,0.0,80898200.0,0.0
0453100000,Маломихайлівська,0.0,0.0,0.0,0.0,0.0,22734700.0,0.0,0.0,0.0,0.0,0.0,22734700.0,0.0
0456100000,Марганецька,0.0,0.0,0.0,0.0,0.0,84279200.0,0.0,0.0,0.0,0.0,0.0,84279200.0,0.0
0454100000,Межиріцька,0.0,0.0,0.0,0.0,0.0,25164200.0,0.0,0.0,0.0,0.0,0.0,25164200.0,0.0
0453700000,Межівська,0.0,0.0,0.0,0.0,0.0,44164700.0,0.0,0.0,0.0,0.0,0.0,44164700.0,0.0
0450900000,Миколаївська,0.0,0.0,0.0,0.0,0.0,16255300.0,0.0,0.0,0.0,0.0,0.0,16255300.0,0.0
0451600000,Мирівська,0.0,0.0,0.0,0.0,0.0,24072600.0,0.0,0.0,0.0,0.0,0.0,24072600.0,0.0
0450900000,Могилівська,0.0,0.0,0.0,0.0,0.0,16255300.0,0.0,0.0,0.0,0.0,0.0,16255300.0,0.0
0453900000,Мозолевська,0.0,0.0,0.0,0.0,0.0,44017400.0,0.0,0.0,0.0,0.0,0.0,44017400.0,0.0
0451000000,Нивотрудівська,0.0,0.0,0.0,0.0,0.0,14630300.0,0.0,0.0,0.0,0.0,0.0,14630300.0,0.0
0453200000,Новолатівська,0.0,0.0,0.0,0.0,0.0,11147700.0,0.0,0.0,0.0,0.0,0.0,11147700.0,0.0
0453200000,Новоолександрівська,0.0,0.0,0.0,0.0,0.0,11147700.0,0.0,0.0,0.0,0.0,0.0,11147700.0,0.0
0453300000,Новопавлівська,0.0,0.0,0.0,0.0,0.0,10788300.0,0.0,0.0,0.0,0.0,0.0,10788300.0,0.0
0452300000,Новопокровська,0.0,0.0,0.0,0.0,0.0,58419100.0,0.0,0.0,0.0,0.0,0.0,58419100.0,0.0
0458300000,Новопільська,0.0,0.0,0.0,0.0,0.0,47735600.0,0.0,0.0,0.0,0.0,0.0,47735600.0,0.0
0458100000,Нікопольська,0.0,0.0,0.0,0.0,0.0,201062200.0,0.0,0.0,0.0,0.0,0.0,201062200.0,0.0
0456600000,Обухівська,0.0,0.0,0.0,0.0,0.0,29223900.0,0.0,0.0,0.0,0.0,0.0,29223900.0,0.0
0458800000,П'ятихатська,0.0,0.0,0.0,0.0,0.0,69210200.0,0.0,0.0,0.0,0.0,0.0,69210200.0,0.0
0458400000,Павлоградська,0.0,0.0,0.0,0.0,0.0,233603900.0,0.0,0.0,0.0,0.0,0.0,233603900.0,0.0
0455800000,Перещепинська,0.0,0.0,0.0,0.0,0.0,64328900.0,0.0,0.0,0.0,0.0,0.0,64328900.0,0.0
0454300000,Петриківська,0.0,0.0,0.0,0.0,0.0,71574700.0,9997492.0,0.0,0.0,0.0,0.0,81572192.0,0.0
0458600000,Петропавлівська,0.0,0.0,0.0,0.0,0.0,29228400.0,0.0,0.0,0.0,0.0,0.0,29228400.0,0.0
0452300000,Покровська,0.0,0.0,0.0,0.0,0.0,58419100.0,0.0,0.0,0.0,0.0,0.0,58419100.0,0.0
0456800000,Підгородненська,0.0,0.0,0.0,0.0,0.0,58102700.0,78184031.0,0.0,0.0,0.0,0.0,136286731.0,0.0
0454600000,Раївська,0.0,0.0,0.0,0.0,0.0,37154500.0,0.0,0.0,0.0,0.0,0.0,37154500.0,0.0
0452400000,Роздорська,0.0,0.0,0.0,0.0,0.0,11680300.0,0.0,0.0,0.0,0.0,0.0,11680300.0,0.0
0455500000,Саксаганська,0.0,0.0,0.0,0.0,0.0,26865500.0,0.0,0.0,0.0,0.0,0.0,26865500.0,0.0
0458200000,Самарівська,0.0,0.0,0.0,0.0,0.0,133834500.0,243142999.0,0.0,0.0,0.0,0.0,376977499.0,0.0
0450400000,Святовасилівська,0.0,0.0,0.0,0.0,0.0,17988800.0,0.0,0.0,0.0,0.0,0.0,17988800.0,0.0
0458900000,Синельниківська,0.0,0.0,0.0,0.0,0.0,76404200.0,0.0,0.0,0.0,0.0,0.0,76404200.0,0.0
0454800000,Славгородська,0.0,0.0,0.0,0.0,0.0,13651300.0,0.0,0.0,0.0,0.0,0.0,13651300.0,0.0
0451500000,Слобожанська,0.0,0.0,0.0,0.0,0.0,74891342.0,0.0,0.0,0.0,0.0,0.0,74891342.0,0.0
0459000000,Слов'янська,0.0,0.0,0.0,0.0,0.0,12984000.0,0.0,0.0,0.0,0.0,0.0,12984000.0,0.0
0451300000,Солонянська,0.0,0.0,0.0,0.0,0.0,106833895.0,0.0,0.0,0.0,0.0,0.0,106833895.0,0.0
0452500000,Софіївська,0.0,0.0,0.0,0.0,0.0,40520200.0,0.0,0.0,0.0,0.0,0.0,40520200.0,0.0
0451400000,Сурсько-Литовська,0.0,0.0,0.0,0.0,0.0,16662600.0,0.0,0.0,0.0,0.0,0.0,16662600.0,0.0
0459100000,Тернівська,0.0,0.0,0.0,0.0,0.0,59193700.0,0.0,0.0,0.0,0.0,0.0,59193700.0,0.0
0452600000,Томаківська,0.0,0.0,0.0,0.0,0.0,48475100.0,44682863.0,0.0,0.0,0.0,0.0,93157963.0,0.0
0454200000,Троїцька,0.0,0.0,0.0,0.0,0.0,15550900.0,0.0,0.0,0.0,0.0,0.0,15550900.0,0.0
0455400000,Українська,0.0,0.0,0.0,0.0,0.0,9618800.0,0.0,0.0,0.0,0.0,0.0,9618800.0,0.0
0452700000,Царичанська,0.0,0.0,0.0,0.0,0.0,48720800.0,0.0,0.0,0.0,0.0,0.0,48720800.0,0.0
0454000000,Червоногригорівська,0.0,0.0,0.0,0.0,0.0,32830600.0,0.0,0.0,0.0,0.0,0.0,32830600.0,0.0
0456000000,Чумаківська,0.0,0.0,0.0,0.0,0.0,14801700.0,0.0,0.0,0.0,0.0,0.0,14801700.0,0.0
0451600000,Широківська,0.0,0.0,0.0,0.0,0.0,24072600.0,0.0,0.0,0.0,0.0,0.0,24072600.0,0.0
0455200000,Юріївська,0.0,0.0,0.0,0.0,0.0,45124400.0,0.0,0.0,0.0,0.0,0.0,45124400.0,0.0
0454700000,Яворницька,0.0,0.0,0.0,0.0,0.0,45533165.0,0.0,0.0,0.0,0.0,0.0,45533165.0,0.0
0555400000,Єнакієвська,0.0,0.0,0.0,0.0,0.0,0.0,0.0,0.0,0.0,0.0,0.0,0.0,0.0
0550600000,Іллінівська,0.0,0.0,0.0,0.0,0.0,33070700.0,0.0,0.0,0.0,0.0,0.0,33070700.0,0.0
0555600000,Іловайська,0.0,0.0,0.0,0.0,0.0,0.0,0.0,0.0,0.0,0.0,0.0,0.0,0.0
0551400000,Авдіївська,0.0,0.0,0.0,0.0,0.0,20305600.0,0.0,0.0,0.0,0.0,0.0,20305600.0,0.0
0554700000,Амвросіївська,0.0,0.0,0.0,0.0,0.0,0.0,0.0,0.0,0.0,0.0,0.0,0.0,0.0
0550900000,Андріївська,0.0,0.0,0.0,0.0,0.0,8230400.0,0.0,0.0,0.0,0.0,0.0,8230400.0,0.0
0551100000,Бахмутська,0.0,0.0,0.0,0.0,0.0,61939800.0,0.0,0.0,0.0,0.0,0.0,61939800.0,0.0
0554800000,Бойківська,0.0,0.0,0.0,0.0,0.0,0.0,0.0,0.0,0.0,0.0,0.0,0.0,0.0
0551500000,Білозерська,0.0,0.0,0.0,0.0,0.0,25887700.0,0.0,0.0,0.0,0.0,0.0,25887700.0,0.0
0551600000,Великоновосілківська,0.0,0.0,0.0,0.0,0.0,50993500.0,0.0,0.0,0.0,0.0,0.0,50993500.0,0.0
0551700000,Волноваська,0.0,0.0,0.0,0.0,0.0,25800100.0,0.0,0.0,0.0,0.0,0.0,25800100.0,0.0
0554900000,Вуглегірська,0.0,0.0,0.0,0.0,0.0,0.0,0.0,0.0,0.0,0.0,0.0,0.0,0.0
0551200000,Вугледарська,0.0,0.0,0.0,0.0,0.0,25444500.0,0.0,0.0,0.0,0.0,0.0,25444500.0,0.0
0555000000,Горлівська,0.0,0.0,0.0,0.0,0.0,0.0,0.0,0.0,0.0,0.0,0.0,0.0,0.0
0551800000,Гродівська,0.0,0.0,0.0,0.0,0.0,9006700.0,0.0,0.0,0.0,0.0,0.0,9006700.0,0.0
0555100000,Дебальцівська,0.0,0.0,0.0,0.0,0.0,0.0,0.0,0.0,0.0,0.0,0.0,0.0,0.0
0551900000,Добропільська,0.0,0.0,0.0,0.0,0.0,84640200.0,0.0,0.0,0.0,0.0,0.0,84640200.0,0.0
0555200000,Докучаєвська,0.0,0.0,0.0,0.0,0.0,0.0,0.0,0.0,0.0,0.0,0.0,0.0,0.0
0555300000,Донецька,0.0,0.0,0.0,0.0,0.0,0.0,0.0,0.0,0.0,0.0,0.0,0.0,0.0
0552000000,Дружківська,0.0,0.0,0.0,0.0,0.0,68138800.0,0.0,0.0,0.0,0.0,0.0,68138800.0,0.0
0555500000,Жданівська,0.0,0.0,0.0,0.0,0.0,0.0,0.0,0.0,0.0,0.0,0.0,0.0,0.0
0550800000,Званівська,0.0,0.0,0.0,0.0,0.0,11078500.0,0.0,0.0,0.0,0.0,0.0,11078500.0,0.0
0555700000,Кальміуська,0.0,0.0,0.0,0.0,0.0,0.0,0.0,0.0,0.0,0.0,0.0,0.0,0.0
0552100000,Кальчицька,0.0,0.0,0.0,0.0,0.0,0.0,0.0,0.0,0.0,0.0,0.0,0.0,0.0
0552200000,Комарська,0.0,0.0,0.0,0.0,0.0,14720400.0,0.0,0.0,0.0,0.0,0.0,14720400.0,0.0
0552300000,Костянтинівська,0.0,0.0,0.0,0.0,0.0,96031100.0,0.0,0.0,0.0,0.0,0.0,96031100.0,0.0
0552400000,Краматорська,0.0,0.0,0.0,0.0,0.0,233100200.0,90200757.0,0.0,0.0,0.0,0.0,323300957.0,0.0
0551300000,Криворізька,0.0,0.0,0.0,0.0,0.0,10774000.0,0.0,0.0,0.0,0.0,0.0,10774000.0,0.0
0552500000,Курахівська,0.0,0.0,0.0,0.0,0.0,47395400.0,0.0,0.0,0.0,0.0,0.0,47395400.0,0.0
0550100000,Лиманська,0.0,0.0,0.0,0.0,0.0,49799500.0,0.0,0.0,0.0,0.0,0.0,49799500.0,0.0
0555800000,Макіївська,0.0,0.0,0.0,0.0,0.0,0.0,0.0,0.0,0.0,0.0,0.0,0.0,0.0
0552600000,Мангушська,0.0,0.0,0.0,0.0,0.0,7439400.0,0.0,0.0,0.0,0.0,0.0,7439400.0,0.0
0552700000,Мар'їнська,0.0,0.0,0.0,0.0,0.0,29702500.0,0.0,0.0,0.0,0.0,0.0,29702500.0,0.0
0552800000,Маріупольська,0.0,0.0,0.0,0.0,0.0,79979900.0,0.0,0.0,0.0,0.0,0.0,79979900.0,0.0
0553100000,Миколаївська,0.0,0.0,0.0,0.0,0.0,17301900.0,0.0,0.0,0.0,0.0,0.0,17301900.0,0.0
0553100000,Микільська,0.0,0.0,0.0,0.0,0.0,17301900.0,0.0,0.0,0.0,0.0,0.0,17301900.0,0.0
0552700000,Мирненська,0.0,0.0,0.0,0.0,0.0,29702500.0,0.0,0.0,0.0,0.0,0.0,29702500.0,0.0
0553000000,Мирноградська,0.0,0.0,0.0,0.0,0.0,62604400.0,0.0,0.0,0.0,0.0,0.0,62604400.0,0.0
0555900000,Новоазовська,0.0,0.0,0.0,0.0,0.0,0.0,0.0,0.0,0.0,0.0,0.0,0.0,0.0
0553200000,Новогродівська,0.0,0.0,0.0,0.0,0.0,22837200.0,0.0,0.0,0.0,0.0,0.0,22837200.0,0.0
0553300000,Новодонецька,0.0,0.0,0.0,0.0,0.0,24828500.0,0.0,0.0,0.0,0.0,0.0,24828500.0,0.0
0550900000,Олександрівська,0.0,0.0,0.0,0.0,0.0,8230400.0,0.0,0.0,0.0,0.0,0.0,8230400.0,0.0
0553400000,Ольгинська,0.0,0.0,0.0,0.0,0.0,7282000.0,0.0,0.0,0.0,0.0,0.0,7282000.0,0.0
0553500000,Очеретинська,0.0,0.0,0.0,0.0,0.0,37619100.0,0.0,0.0,0.0,0.0,0.0,37619100.0,0.0
0553600000,Покровська,0.0,0.0,0.0,0.0,0.0,131010800.0,0.0,0.0,0.0,0.0,0.0,131010800.0,0.0
0553700000,Сартанська,0.0,0.0,0.0,0.0,0.0,8628400.0,0.0,0.0,0.0,0.0,0.0,8628400.0,0.0
0553900000,Святогірська,0.0,0.0,0.0,0.0,0.0,15836500.0,0.0,0.0,0.0,0.0,0.0,15836500.0,0.0
0553800000,Світлодарська,0.0,0.0,0.0,0.0,0.0,4134300.0,0.0,0.0,0.0,0.0,0.0,4134300.0,0.0
0554000000,Селидівська,0.0,0.0,0.0,0.0,0.0,33817600.0,0.0,0.0,0.0,0.0,0.0,33817600.0,0.0
0554100000,Слов'янська,0.0,0.0,0.0,0.0,0.0,182647000.0,0.0,0.0,0.0,0.0,0.0,182647000.0,0.0
0556000000,Сніжнянська,0.0,0.0,0.0,0.0,0.0,0.0,0.0,0.0,0.0,0.0,0.0,0.0,0.0
0550500000,Соледарська,0.0,0.0,0.0,0.0,0.0,19212900.0,0.0,0.0,0.0,0.0,0.0,19212900.0,0.0
0556100000,Старобешівська,0.0,0.0,0.0,0.0,0.0,0.0,0.0,0.0,0.0,0.0,0.0,0.0,0.0
0554200000,Старомлинівська,0.0,0.0,0.0,0.0,0.0,5464300.0,0.0,0.0,0.0,0.0,0.0,5464300.0,0.0
0550700000,Сіверська,0.0,0.0,0.0,0.0,0.0,10286500.0,0.0,0.0,0.0,0.0,0.0,10286500.0,0.0
0554300000,Торецька,0.0,0.0,0.0,0.0,0.0,56044900.0,0.0,0.0,0.0,0.0,0.0,56044900.0,0.0
0554400000,Удачненська,0.0,0.0,0.0,0.0,0.0,7834300.0,0.0,0.0,0.0,0.0,0.0,7834300.0,0.0
0556200000,Харцизька,0.0,0.0,0.0,0.0,0.0,0.0,0.0,0.0,0.0,0.0,0.0,0.0,0.0
0554500000,Хлібодарівська,0.0,0.0,0.0,0.0,0.0,7269000.0,0.0,0.0,0.0,0.0,0.0,7269000.0,0.0
0556300000,Хрестівська,0.0,0.0,0.0,0.0,0.0,0.0,0.0,0.0,0.0,0.0,0.0,0.0,0.0
0554600000,Часовоярська,0.0,0.0,0.0,0.0,0.0,10724600.0,0.0,0.0,0.0,0.0,0.0,10724600.0,0.0
0550300000,Черкаська,0.0,0.0,0.0,0.0,0.0,28276300.0,0.0,0.0,0.0,0.0,0.0,28276300.0,0.0
0556400000,Чистяківська,0.0,0.0,0.0,0.0,0.0,0.0,0.0,0.0,0.0,0.0,0.0,0.0,0.0
0556500000,Шахтарська,0.0,0.0,0.0,0.0,0.0,0.0,0.0,0.0,0.0,0.0,0.0,0.0,0.0
0550200000,Шахівська,0.0,0.0,0.0,0.0,0.0,10532700.0,0.0,0.0,0.0,0.0,0.0,10532700.0,0.0
0556600000,Ясинуватська,0.0,0.0,0.0,0.0,0.0,0.0,0.0,0.0,0.0,0.0,0.0,0.0,0.0
0953600000,Єзупільська,0.0,0.0,0.0,0.0,0.0,19019300.0,0.0,0.0,0.0,0.0,0.0,19019300.0,0.0
0953300000,Івано-Франківська,0.0,0.0,0.0,0.0,0.0,713514051.0,0.0,0.0,0.0,63000000.0,0.0,713514051.0,63000000.0
0954000000,Богородчанська,0.0,0.0,0.0,0.0,0.0,104709162.0,0.0,0.0,0.0,0.0,0.0,104709162.0,0.0
0954100000,Болехівська,0.0,0.0,0.0,0.0,0.0,71713000.0,0.0,0.0,0.0,0.0,0.0,71713000.0,0.0
0952000000,Брошнів-Осадська,0.0,0.0,0.0,0.0,0.0,33914800.0,0.0,0.0,0.0,0.0,0.0,33914800.0,0.0
0952600000,Букачівська,0.0,0.0,0.0,0.0,0.0,14520700.0,0.0,0.0,0.0,0.0,0.0,14520700.0,0.0
0954200000,Бурштинська,0.0,0.0,0.0,0.0,0.0,58945800.0,0.0,0.0,0.0,0.0,0.0,58945800.0,0.0
0950400000,Білоберізька,0.0,0.0,0.0,0.0,0.0,58561500.0,0.0,0.0,0.0,0.0,0.0,58561500.0,0.0
0950600000,Більшівцівська,0.0,0.0,0.0,0.0,0.0,19994000.0,0.0,0.0,0.0,0.0,0.0,19994000.0,0.0
0950100000,Верхнянська,0.0,0.0,0.0,0.0,122858.88,27896300.0,0.0,0.0,0.0,0.0,122858.88,27896300.0,0.0
0954300000,Верховинська,0.0,0.0,0.0,0.0,0.0,145334600.0,0.0,0.0,0.0,0.0,0.0,145334600.0,0.0
0952700000,Вигодська,0.0,0.0,0.0,0.0,0.0,84412400.0,0.0,0.0,0.0,0.0,0.0,84412400.0,0.0
0950700000,Витвицька,0.0,0.0,0.0,0.0,0.0,27813600.0,0.0,0.0,0.0,0.0,0.0,27813600.0,0.0
0952100000,Войнилівська,0.0,0.0,0.0,0.0,0.0,25819100.0,0.0,0.0,0.0,0.0,0.0,25819100.0,0.0
0954400000,Ворохтянська,0.0,0.0,0.0,0.0,0.0,23204600.0,0.0,0.0,0.0,0.0,0.0,23204600.0,0.0
0954500000,Галицька,0.0,0.0,0.0,0.0,0.0,67149100.0,0.0,0.0,0.0,0.0,0.0,67149100.0,0.0
0953400000,Гвіздецька,0.0,0.0,0.0,0.0,0.0,20423900.0,0.0,0.0,0.0,0.0,0.0,20423900.0,0.0
0954600000,Городенківська,0.0,0.0,0.0,0.0,0.0,135946000.0,0.0,0.0,0.0,0.0,0.0,135946000.0,0.0
0952200000,Делятинська,0.0,0.0,0.0,0.0,0.0,91576700.0,0.0,0.0,0.0,0.0,0.0,91576700.0,0.0
0951300000,Дзвиняцька,0.0,0.0,0.0,0.0,0.0,31593600.0,0.0,0.0,0.0,0.0,0.0,31593600.0,0.0
0953200000,Долинська,0.0,0.0,0.0,0.0,0.0,194794900.0,0.0,0.0,0.0,0.0,0.0,194794900.0,0.0
0954700000,Дубовецька,0.0,0.0,0.0,0.0,0.0,22547700.0,0.0,0.0,0.0,0.0,0.0,22547700.0,0.0
0953500000,Дубівська,0.0,0.0,0.0,0.0,0.0,33119400.0,0.0,0.0,0.0,0.0,0.0,33119400.0,0.0
0951800000,Заболотівська,0.0,0.0,0.0,0.0,0.0,65122100.0,0.0,0.0,0.0,0.0,0.0,65122100.0,0.0
0952400000,Загвіздянська,0.0,0.0,0.0,0.0,0.0,18373200.0,0.0,0.0,0.0,0.0,0.0,18373200.0,0.0
0954800000,Зеленська,0.0,0.0,0.0,0.0,0.0,11180400.0,0.0,0.0,0.0,0.0,0.0,11180400.0,0.0
0953100000,Калуська,0.0,0.0,0.0,0.0,0.0,208736900.0,0.0,0.0,0.0,0.0,0.0,208736900.0,0.0
0953000000,Коломийська,0.0,0.0,0.0,0.0,0.0,192308200.0,6239959.0,0.0,0.0,0.0,0.0,198548159.0,0.0
0952800000,Коршівська,0.0,0.0,0.0,0.0,0.0,27774900.0,0.0,0.0,0.0,0.0,0.0,27774900.0,0.0
0950800000,Космацька,0.0,0.0,0.0,0.0,0.0,48584400.0,0.0,0.0,0.0,0.0,0.0,48584400.0,0.0
0954900000,Косівська,0.0,0.0,0.0,0.0,0.0,129690000.0,0.0,0.0,0.0,0.0,0.0,129690000.0,0.0
0955000000,Кутська,0.0,0.0,0.0,0.0,0.0,53063400.0,0.0,0.0,0.0,0.0,0.0,53063400.0,0.0
0951700000,Ланчинська,0.0,0.0,0.0,0.0,0.0,34348800.0,0.0,0.0,0.0,0.0,0.0,34348800.0,0.0
0955100000,Лисецька,0.0,0.0,0.0,0.0,0.0,24114100.0,0.0,0.0,0.0,0.0,0.0,24114100.0,0.0
0950900000,Матеївецька,0.0,0.0,0.0,0.0,0.0,28437200.0,0.0,0.0,0.0,0.0,0.0,28437200.0,0.0
0955200000,Надвірнянська,0.0,0.0,0.0,0.0,0.0,175202674.0,0.0,0.0,0.0,0.0,0.0,175202674.0,0.0
0951000000,Нижньовербізька,0.0,0.0,0.0,0.0,0.0,39539300.0,0.0,0.0,0.0,0.0,0.0,39539300.0,0.0
0952900000,Новицька,0.0,0.0,0.0,0.0,0.0,44330000.0,0.0,0.0,0.0,0.0,0.0,44330000.0,0.0
0955300000,Обертинська,0.0,0.0,0.0,0.0,0.0,22296000.0,0.0,0.0,0.0,0.0,0.0,22296000.0,0.0
0951200000,Олешанська,0.0,0.0,0.0,0.0,0.0,39668200.0,0.0,0.0,0.0,0.0,0.0,39668200.0,0.0
0955400000,Отинійська,0.0,0.0,0.0,0.0,0.0,60020300.0,0.0,0.0,0.0,0.0,0.0,60020300.0,0.0
0951100000,П'ядицька,0.0,0.0,0.0,0.0,0.0,35213200.0,0.0,0.0,0.0,0.0,0.0,35213200.0,0.0
0953800000,Пасічнянська,0.0,0.0,0.0,0.0,606981.68,91786100.0,0.0,0.0,0.0,0.0,606981.68,91786100.0,0.0
0955500000,Перегінська,0.0,0.0,0.0,0.0,0.0,110263700.0,0.0,0.0,0.0,0.0,0.0,110263700.0,0.0
0951600000,Переріслянська,0.0,0.0,0.0,0.0,0.0,33037800.0,0.0,0.0,0.0,0.0,0.0,33037800.0,0.0
0950200000,Печеніжинська,0.0,0.0,0.0,0.0,0.0,71838100.0,0.0,0.0,0.0,0.0,0.0,71838100.0,0.0
0955600000,Поляницька,0.0,0.0,0.0,0.0,0.0,36336300.0,0.0,0.0,0.0,0.0,0.0,36336300.0,0.0
0953900000,Підгайчиківська,0.0,0.0,0.0,0.0,0.0,16464500.0,0.0,0.0,0.0,0.0,0.0,16464500.0,0.0
0955700000,Рогатинська,0.0,0.0,0.0,0.0,0.0,91690000.0,0.0,0.0,0.0,0.0,0.0,91690000.0,0.0
0955800000,Рожнятівська,0.0,0.0,0.0,0.0,0.0,71783000.0,0.0,0.0,0.0,0.0,0.0,71783000.0,0.0
0951400000,Рожнівська,0.0,0.0,0.0,0.0,0.0,44349900.0,0.0,0.0,0.0,0.0,0.0,44349900.0,0.0
0955900000,Снятинська,0.0,0.0,0.0,0.0,0.0,132305900.0,0.0,0.0,0.0,0.0,0.0,132305900.0,0.0
0956000000,Солотвинська,0.0,0.0,0.0,0.0,0.0,129884600.0,0.0,0.0,0.0,0.0,0.0,129884600.0,0.0
0952300000,Спаська,0.0,0.0,0.0,0.0,0.0,28998900.0,0.0,0.0,0.0,0.0,0.0,28998900.0,0.0
0950300000,Старобогородчанська,0.0,0.0,0.0,0.0,0.0,18677700.0,0.0,0.0,0.0,0.0,0.0,18677700.0,0.0
0956100000,Тисменицька,0.0,0.0,0.0,0.0,0.0,84039982.0,0.0,0.0,0.0,0.0,0.0,84039982.0,0.0
0950500000,Тлумацька,0.0,0.0,0.0,0.0,0.0,87839200.0,0.0,0.0,0.0,0.0,0.0,87839200.0,0.0
0952500000,Угринівська,0.0,0.0,0.0,0.0,153573.6,18291700.0,0.0,0.0,0.0,0.0,153573.6,18291700.0,0.0
0956200000,Чернелицька,0.0,0.0,0.0,0.0,0.0,20737400.0,0.0,0.0,0.0,0.0,0.0,20737400.0,0.0
0951500000,Яблунівська,0.0,0.0,0.0,0.0,0.0,70382900.0,0.0,0.0,0.0,0.0,0.0,70382900.0,0.0
0951900000,Ямницька,0.0,0.0,0.0,0.0,0.0,29870000.0,0.0,0.0,0.0,0.0,0.0,29870000.0,0.0
0956300000,Яремчанська,0.0,0.0,0.0,0.0,0.0,70784600.0,0.0,0.0,0.0,0.0,0.0,70784600.0,0.0
2051800000,Ізюмська,0.0,0.0,0.0,0.0,0.0,58149100.0,0.0,0.0,0.0,0.0,0.0,58149100.0,0.0
2052400000,Балаклійська,0.0,0.0,0.0,0.0,0.0,74843000.0,0.0,0.0,0.0,0.0,0.0,74843000.0,0.0
2052500000,Барвінківська,0.0,0.0,0.0,0.0,0.0,65928800.0,0.0,0.0,0.0,0.0,0.0,65928800.0,0.0
2052600000,Безлюдівська,0.0,0.0,0.0,0.0,0.0,41795600.0,0.0,0.0,0.0,0.0,0.0,41795600.0,0.0
2054000000,Берестинська,0.0,0.0,0.0,0.0,0.0,82873400.0,0.0,0.0,0.0,0.0,0.0,82873400.0,0.0
2052800000,Близнюківська,0.0,0.0,0.0,0.0,0.0,86846100.0,56582815.0,0.0,0.0,0.0,0.0,143428915.0,0.0
2052900000,Богодухівська,0.0,0.0,0.0,0.0,0.0,101976200.0,0.0,0.0,0.0,0.0,0.0,101976200.0,0.0
2053000000,Борівська,0.0,0.0,0.0,0.0,0.0,32948200.0,0.0,0.0,0.0,0.0,0.0,32948200.0,0.0
2052700000,Біляївська,0.0,0.0,0.0,0.0,0.0,19905700.0,0.0,0.0,0.0,0.0,0.0,19905700.0,0.0
2053100000,Валківська,0.0,0.0,0.0,0.0,0.0,88144200.0,125538216.0,0.0,0.0,0.0,0.0,213682416.0,0.0
2051300000,Великобурлуцька,0.0,0.0,0.0,0.0,0.0,30864300.0,0.0,0.0,0.0,0.0,0.0,30864300.0,0.0
2053200000,Височанська,0.0,0.0,0.0,0.0,0.0,47786900.0,0.0,0.0,0.0,0.0,0.0,47786900.0,0.0
2053500000,Вовчанська,0.0,0.0,0.0,0.0,0.0,33386400.0,0.0,0.0,0.0,0.0,0.0,33386400.0,0.0
2053400000,Вільхуватська,0.0,0.0,0.0,0.0,0.0,8620900.0,0.0,0.0,0.0,0.0,0.0,8620900.0,0.0
2053300000,Вільхівська,0.0,0.0,0.0,0.0,0.0,19110400.0,39359162.0,0.0,0.0,0.0,0.0,58469562.0,0.0
2053600000,Дворічанська,0.0,0.0,0.0,0.0,0.0,8681100.0,0.0,0.0,0.0,0.0,0.0,8681100.0,0.0
2053700000,Дергачівська,0.0,0.0,0.0,0.0,0.0,94829000.0,0.0,0.0,0.0,0.0,0.0,94829000.0,0.0
2052000000,Донецька,0.0,0.0,0.0,0.0,0.0,43318700.0,61002873.0,0.0,0.0,0.0,0.0,104321573.0,0.0
2050700000,Зачепилівська,0.0,0.0,0.0,0.0,0.0,49217000.0,0.0,0.0,0.0,0.0,0.0,49217000.0,0.0
2054700000,Златопільська,0.0,0.0,0.0,0.0,0.0,61768300.0,0.0,0.0,0.0,0.0,0.0,61768300.0,0.0
2053800000,Зміївська,0.0,0.0,0.0,0.0,0.0,102139600.0,16145086.0,0.0,0.0,0.0,0.0,118284686.0,0.0
2050800000,Золочівська,0.0,0.0,0.0,0.0,0.0,71601000.0,0.0,0.0,0.0,0.0,0.0,71601000.0,0.0
2053900000,Кегичівська,0.0,0.0,0.0,0.0,0.0,60485150.0,0.0,0.0,0.0,0.0,0.0,60485150.0,0.0
2051000000,Коломацька,0.0,0.0,0.0,0.0,0.0,22034500.0,0.0,0.0,0.0,0.0,0.0,22034500.0,0.0
2054100000,Краснокутська,0.0,0.0,0.0,0.0,0.0,83371600.0,0.0,0.0,0.0,0.0,0.0,83371600.0,0.0
2054200000,Куньєвська,0.0,0.0,0.0,0.0,0.0,15273900.0,12046272.0,0.0,0.0,0.0,0.0,27320172.0,0.0
2054300000,Куп'янська,0.0,0.0,0.0,0.0,0.0,26079800.0,0.0,0.0,0.0,0.0,0.0,26079800.0,0.0
2052200000,Курилівська,0.0,0.0,0.0,0.0,0.0,17697700.0,0.0,0.0,0.0,0.0,0.0,17697700.0,0.0
2052100000,Кіндрашівська,0.0,0.0,0.0,0.0,0.0,8642800.0,0.0,0.0,0.0,0.0,0.0,8642800.0,0.0
2054400000,Липецька,0.0,0.0,0.0,0.0,0.0,24651000.0,0.0,0.0,0.0,0.0,0.0,24651000.0,0.0
2051700000,Лозівська,0.0,0.0,0.0,0.0,0.0,199823100.0,257614740.0,0.0,0.0,0.0,0.0,457437840.0,0.0
2054500000,Люботинська,0.0,0.0,0.0,0.0,0.0,59908900.0,0.0,0.0,0.0,0.0,0.0,59908900.0,0.0
2051200000,Малинівська,0.0,0.0,0.0,0.0,0.0,18595000.0,0.0,0.0,0.0,0.0,0.0,18595000.0,0.0
2050600000,Малоданилівська,0.0,0.0,0.0,0.0,0.0,17201700.0,0.0,0.0,0.0,0.0,0.0,17201700.0,0.0
2050200000,Мереф'янська,0.0,0.0,0.0,0.0,0.0,69649900.0,0.0,0.0,0.0,0.0,0.0,69649900.0,0.0
2051100000,Наталинська,0.0,0.0,0.0,0.0,0.0,37346700.0,94710409.0,0.0,0.0,0.0,0.0,132057109.0,0.0
2050500000,Нововодолазька,0.0,0.0,0.0,0.0,0.0,62736000.0,0.0,0.0,0.0,0.0,0.0,62736000.0,0.0
2054600000,Новопокровська,0.0,0.0,0.0,0.0,0.0,36187200.0,0.0,0.0,0.0,0.0,0.0,36187200.0,0.0
2051900000,Олексіївська,0.0,0.0,0.0,0.0,0.0,20509000.0,0.0,0.0,0.0,0.0,0.0,20509000.0,0.0
2050900000,Оскільська,0.0,0.0,0.0,0.0,0.0,20107800.0,0.0,0.0,0.0,0.0,0.0,20107800.0,0.0
2052300000,Петропавлівська,0.0,0.0,0.0,0.0,0.0,12091500.0,0.0,0.0,0.0,0.0,0.0,12091500.0,0.0
2054800000,Печенізька,0.0,0.0,0.0,0.0,0.0,20243900.0,9248562.0,0.0,0.0,0.0,0.0,29492462.0,0.0
2050300000,Пролісненська,0.0,0.0,0.0,0.0,0.0,27188600.0,0.0,0.0,0.0,0.0,0.0,27188600.0,0.0
2054900000,Південна,0.0,0.0,0.0,0.0,0.0,30423700.0,0.0,0.0,0.0,0.0,0.0,30423700.0,0.0
2051400000,Пісочинська,0.0,0.0,0.0,0.0,0.0,65606800.0,0.0,0.0,0.0,0.0,0.0,65606800.0,0.0
2050400000,Роганська,0.0,0.0,0.0,0.0,0.0,27406500.0,0.0,0.0,0.0,0.0,0.0,27406500.0,0.0
2055000000,Савинська,0.0,0.0,0.0,0.0,0.0,19390600.0,0.0,0.0,0.0,0.0,0.0,19390600.0,0.0
2055100000,Сахновщинська,0.0,0.0,0.0,0.0,0.0,72076400.0,0.0,0.0,0.0,0.0,0.0,72076400.0,0.0
2055200000,Слобожанська,0.0,0.0,0.0,0.0,0.0,58977200.0,144667494.0,0.0,0.0,0.0,0.0,203644694.0,0.0
2055300000,Солоницівська,0.0,0.0,0.0,0.0,0.0,84382600.0,0.0,0.0,0.0,0.0,0.0,84382600.0,0.0
2051500000,Старовірівська,0.0,0.0,0.0,0.0,0.0,31089800.0,0.0,0.0,0.0,0.0,0.0,31089800.0,0.0
2050100000,Старосалтівська,0.0,0.0,0.0,0.0,0.0,17300900.0,141771356.0,0.0,0.0,0.0,0.0,159072256.0,0.0
2055400000,Харківська,0.0,0.0,0.0,0.0,0.0,1928796000.0,260532083.0,0.0,0.0,0.0,0.0,2189328083.0,0.0
2051600000,Циркунівська,0.0,0.0,0.0,0.0,0.0,13783300.0,0.0,0.0,0.0,0.0,0.0,13783300.0,0.0
2055500000,Чугуївська,0.0,0.0,0.0,0.0,0.0,73419400.0,184990434.0,0.0,0.0,0.0,0.0,258409834.0,0.0
2055600000,Шевченківська,0.0,0.0,0.0,0.0,0.0,46123500.0,0.0,0.0,0.0,0.0,0.0,46123500.0,0.0
2152200000,Іванівська,0.0,0.0,0.0,0.0,0.0,19546300.0,0.0,0.0,0.0,0.0,0.0,19546300.0,0.0
2150200000,Асканія-Нова,0.0,0.0,0.0,0.0,0.0,7157100.0,0.0,0.0,0.0,0.0,0.0,7157100.0,0.0
2153400000,Бериславська,0.0,0.0,0.0,0.0,0.0,31077700.0,0.0,0.0,0.0,0.0,0.0,31077700.0,0.0
2151900000,Бехтерська,0.0,0.0,0.0,0.0,0.0,10283000.0,0.0,0.0,0.0,0.0,0.0,10283000.0,0.0
2151700000,Борозенська,0.0,0.0,0.0,0.0,0.0,13160900.0,0.0,0.0,0.0,0.0,0.0,13160900.0,0.0
2151600000,Білозерська,0.0,0.0,0.0,0.0,0.0,49365100.0,0.0,0.0,0.0,0.0,0.0,49365100.0,0.0
2150700000,Великокопанівська,0.0,0.0,0.0,0.0,0.0,18981500.0,0.0,0.0,0.0,0.0,0.0,18981500.0,0.0
2153500000,Великолепетиська,0.0,0.0,0.0,0.0,0.0,7922300.0,0.0,0.0,0.0,0.0,0.0,7922300.0,0.0
2153600000,Великоолександрівська,0.0,0.0,0.0,0.0,0.0,60019200.0,45492247.0,0.0,0.0,0.0,0.0,105511447.0,0.0
2153700000,Верхньорогачицька,0.0,0.0,0.0,0.0,0.0,0.0,0.0,0.0,0.0,0.0,0.0,0.0,0.0
2151300000,Виноградівська,0.0,0.0,0.0,0.0,0.0,8017700.0,0.0,0.0,0.0,0.0,0.0,8017700.0,0.0
2151800000,Високопільська,0.0,0.0,0.0,0.0,0.0,25705700.0,23694500.0,0.0,0.0,0.0,0.0,49400200.0,0.0
2153800000,Генічеська,0.0,0.0,0.0,0.0,0.0,17423600.0,0.0,0.0,0.0,0.0,0.0,17423600.0,0.0
2152900000,Голопристанська,0.0,0.0,0.0,0.0,0.0,53452900.0,0.0,0.0,0.0,0.0,0.0,53452900.0,0.0
2151400000,Горностаївська,0.0,0.0,0.0,0.0,0.0,24807900.0,0.0,0.0,0.0,0.0,0.0,24807900.0,0.0
2153900000,Дар'ївська,0.0,0.0,0.0,0.0,0.0,30653500.0,0.0,0.0,0.0,0.0,0.0,30653500.0,0.0
2152500000,Долматівська,0.0,0.0,0.0,0.0,0.0,14103600.0,0.0,0.0,0.0,0.0,0.0,14103600.0,0.0
2150600000,Зеленопідська,0.0,0.0,0.0,0.0,0.0,10394700.0,0.0,0.0,0.0,0.0,0.0,10394700.0,0.0
2150300000,Каланчацька,0.0,0.0,0.0,0.0,0.0,32548800.0,0.0,0.0,0.0,0.0,0.0,32548800.0,0.0
2154000000,Калинівська,0.0,0.0,0.0,0.0,0.0,9047200.0,28747611.0,0.0,0.0,0.0,0.0,37794811.0,0.0
2154100000,Каховська,0.0,0.0,0.0,0.0,0.0,68808300.0,0.0,0.0,0.0,0.0,0.0,68808300.0,0.0
2152100000,Костянтинівська,0.0,0.0,0.0,0.0,0.0,0.0,0.0,0.0,0.0,0.0,0.0,0.0,0.0
2150100000,Кочубеївська,0.0,0.0,0.0,0.0,123000.0,8582100.0,0.0,0.0,0.0,0.0,123000.0,8582100.0,0.0
2154200000,Лазурненська,0.0,0.0,0.0,0.0,0.0,5839400.0,0.0,0.0,0.0,0.0,0.0,5839400.0,0.0
2152400000,Любимівська,0.0,0.0,0.0,0.0,0.0,13501400.0,0.0,0.0,0.0,0.0,0.0,13501400.0,0.0
2153000000,Милівська,0.0,0.0,0.0,0.0,0.0,14909700.0,0.0,0.0,0.0,0.0,0.0,14909700.0,0.0
2150400000,Мирненська,0.0,0.0,0.0,0.0,0.0,3113000.0,0.0,0.0,0.0,0.0,0.0,3113000.0,0.0
2151000000,Музиківська,0.0,0.0,0.0,0.0,0.0,14597400.0,0.0,0.0,0.0,0.0,0.0,14597400.0,0.0
2154300000,Нижньосірогозька,0.0,0.0,0.0,0.0,0.0,22340100.0,0.0,0.0,0.0,0.0,0.0,22340100.0,0.0
2154400000,Нововоронцовська,0.0,0.0,0.0,0.0,0.0,43568300.0,0.0,0.0,0.0,0.0,0.0,43568300.0,0.0
2152800000,Новокаховська,0.0,0.0,0.0,0.0,0.0,78506600.0,0.0,0.0,0.0,0.0,0.0,78506600.0,0.0
2154500000,Новомиколаївська,0.0,0.0,0.0,0.0,0.0,11316300.0,0.0,0.0,0.0,0.0,0.0,11316300.0,0.0
2154600000,Новоолександрівська,0.0,0.0,0.0,0.0,0.0,29185400.0,0.0,0.0,0.0,0.0,0.0,29185400.0,0.0
2152700000,Новорайська,0.0,0.0,0.0,0.0,0.0,14694800.0,0.0,0.0,0.0,0.0,0.0,14694800.0,0.0
2154700000,Новотроїцька,0.0,0.0,0.0,0.0,0.0,7970800.0,0.0,0.0,0.0,0.0,0.0,7970800.0,0.0
2154800000,Олешківська,0.0,0.0,0.0,0.0,0.0,46570700.0,0.0,0.0,0.0,0.0,0.0,46570700.0,0.0
2150900000,Присиваська,0.0,0.0,0.0,0.0,0.0,0.0,0.0,0.0,0.0,0.0,0.0,0.0,0.0
2154900000,Рубанівська,0.0,0.0,0.0,0.0,0.0,0.0,0.0,0.0,0.0,0.0,0.0,0.0,0.0
2155000000,Скадовська,0.0,0.0,0.0,0.0,0.0,45470200.0,0.0,0.0,0.0,0.0,0.0,45470200.0,0.0
2151500000,Станіславська,0.0,0.0,0.0,0.0,0.0,21660100.0,0.0,0.0,0.0,0.0,0.0,21660100.0,0.0
2151100000,Тавричанська,0.0,0.0,0.0,0.0,0.0,12278900.0,0.0,0.0,0.0,0.0,0.0,12278900.0,0.0
2155100000,Таврійська,0.0,0.0,0.0,0.0,0.0,16007800.0,0.0,0.0,0.0,0.0,0.0,16007800.0,0.0
2155200000,Тягинська,0.0,0.0,0.0,0.0,0.0,19240700.0,0.0,0.0,0.0,0.0,0.0,19240700.0,0.0
2155310000,Херсонська,0.0,0.0,0.0,0.0,0.0,0.0,0.0,0.0,0.0,0.0,0.0,0.0,0.0
2151200000,Хрестівська,0.0,0.0,0.0,0.0,0.0,6373200.0,0.0,0.0,0.0,0.0,0.0,6373200.0,0.0
2150500000,Чаплинська,0.0,0.0,0.0,0.0,0.0,4806100.0,0.0,0.0,0.0,0.0,0.0,4806100.0,0.0
2155400000,Чорнобаївська,0.0,0.0,0.0,0.0,0.0,25844000.0,0.0,0.0,0.0,0.0,0.0,25844000.0,0.0
2152000000,Чулаківська,0.0,0.0,0.0,0.0,0.0,14526300.0,0.0,0.0,0.0,0.0,0.0,14526300.0,0.0
2152300000,Ювілейна,0.0,0.0,0.0,0.0,0.0,5589800.0,0.0,0.0,0.0,0.0,0.0,5589800.0,0.0
2255700000,Ізяславська,0.0,0.0,0.0,0.0,0.0,79803500.0,0.0,0.0,0.0,0.0,0.0,79803500.0,0.0
2252900000,Антонінська,0.0,0.0,0.0,0.0,0.0,30979800.0,0.0,0.0,0.0,0.0,0.0,30979800.0,0.0
2250100000,Берездівська,0.0,0.0,0.0,0.0,0.0,29043800.0,0.0,0.0,0.0,0.0,0.0,29043800.0,0.0
2254000000,Білогірська,0.0,0.0,0.0,0.0,0.0,69235000.0,0.0,0.0,0.0,0.0,0.0,69235000.0,0.0
2253400000,Вовковинецька,0.0,0.0,0.0,0.0,0.0,19480800.0,0.0,0.0,0.0,0.0,0.0,19480800.0,0.0
2250300000,Волочиська,0.0,0.0,0.0,0.0,0.0,98020700.0,0.0,0.0,0.0,0.0,0.0,98020700.0,0.0
2250200000,Війтовецька,0.0,0.0,0.0,0.0,0.0,24285600.0,0.0,0.0,0.0,0.0,0.0,24285600.0,0.0
2255300000,Віньковецька,0.0,0.0,0.0,0.0,0.0,57273000.0,0.0,0.0,0.0,0.0,0.0,57273000.0,0.0
2250400000,Ганнопільська,0.0,0.0,0.0,0.0,0.0,23880200.0,0.0,0.0,0.0,0.0,0.0,23880200.0,0.0
2250500000,Гвардійська,0.0,0.0,0.0,0.0,0.0,20907000.0,0.0,0.0,0.0,0.0,0.0,20907000.0,0.0
2252700000,Городоцька,0.0,0.0,0.0,0.0,0.0,99793870.0,0.0,0.0,0.0,0.0,0.0,99793870.0,0.0
2253300000,Грицівська,0.0,0.0,0.0,0.0,0.0,18762800.0,0.0,0.0,0.0,0.0,0.0,18762800.0,0.0
2252400000,Гуківська,0.0,0.0,0.0,0.0,0.0,7704600.0,0.0,0.0,0.0,0.0,0.0,7704600.0,0.0
2250600000,Гуменецька,0.0,0.0,0.0,0.0,0.0,32573000.0,0.0,0.0,0.0,0.0,0.0,32573000.0,0.0
2255400000,Деражнянська,0.0,0.0,0.0,0.0,0.0,74577617.0,0.0,0.0,0.0,0.0,0.0,74577617.0,0.0
2250700000,Дунаєвецька,0.0,0.0,0.0,0.0,0.0,100235300.0,0.0,0.0,0.0,0.0,0.0,100235300.0,0.0
2253600000,Жванецька,0.0,0.0,0.0,0.0,0.0,21425900.0,0.0,0.0,0.0,0.0,0.0,21425900.0,0.0
2255500000,Закупненська,0.0,0.0,0.0,0.0,0.0,22176100.0,0.0,0.0,0.0,0.0,0.0,22176100.0,0.0
2254800000,Заслучненська,0.0,0.0,0.0,0.0,0.0,15428200.0,0.0,0.0,0.0,0.0,0.0,15428200.0,0.0
2255600000,Зіньківська,0.0,0.0,0.0,0.0,0.0,8221500.0,0.0,0.0,0.0,0.0,0.0,8221500.0,0.0
2255800000,Кам'янець-Подільська,0.0,0.0,0.0,0.0,0.0,246836600.0,0.0,0.0,0.0,0.0,0.0,246836600.0,0.0
2250900000,Китайгородська,0.0,0.0,0.0,0.0,0.0,8442100.0,0.0,0.0,0.0,0.0,0.0,8442100.0,0.0
2253000000,Красилівська,0.0,0.0,0.0,0.0,0.0,80379500.0,8550917.0,0.0,0.0,0.0,0.0,88930417.0,0.0
2253800000,Крупецька,0.0,0.0,0.0,0.0,0.0,12057900.0,0.0,0.0,0.0,0.0,0.0,12057900.0,0.0
2252500000,Ленковецька,0.0,0.0,0.0,0.0,0.0,16520600.0,0.0,0.0,0.0,0.0,0.0,16520600.0,0.0
2251100000,Летичівська,0.0,0.0,0.0,0.0,0.0,56629000.0,0.0,0.0,0.0,0.0,0.0,56629000.0,0.0
2251200000,Лісовогринівецька,0.0,0.0,0.0,0.0,0.0,18170300.0,0.0,0.0,0.0,0.0,0.0,18170300.0,0.0
2251300000,Маківська,0.0,0.0,0.0,0.0,0.0,20361400.0,0.0,0.0,0.0,0.0,0.0,20361400.0,0.0
2251400000,Меджибізька,0.0,0.0,0.0,0.0,0.0,28048100.0,0.0,0.0,0.0,0.0,0.0,28048100.0,0.0
2255900000,Миролюбненська,0.0,0.0,0.0,0.0,0.0,13540500.0,0.0,0.0,0.0,0.0,0.0,13540500.0,0.0
2256000000,Михайлюцька,0.0,0.0,0.0,0.0,0.0,21335500.0,0.0,0.0,0.0,0.0,0.0,21335500.0,0.0
2251500000,Наркевицька,0.0,0.0,0.0,0.0,0.0,15080700.0,0.0,0.0,0.0,0.0,0.0,15080700.0,0.0
2254600000,Нетішинська,0.0,0.0,0.0,0.0,0.0,89427800.0,0.0,0.0,0.0,0.0,0.0,89427800.0,0.0
2250800000,Новодунаєвецька,0.0,0.0,0.0,0.0,0.0,25583900.0,59191242.0,0.0,0.0,0.0,0.0,84775142.0,0.0
2251600000,Новоушицька,0.0,0.0,0.0,0.0,0.0,66746000.0,0.0,0.0,0.0,0.0,0.0,66746000.0,0.0
2256100000,Орининська,0.0,0.0,0.0,0.0,0.0,22667300.0,0.0,0.0,0.0,0.0,0.0,22667300.0,0.0
2254700000,Плужненська,0.0,0.0,0.0,0.0,0.0,26028600.0,0.0,0.0,0.0,0.0,0.0,26028600.0,0.0
2251700000,Полонська,0.0,0.0,0.0,0.0,0.0,96821800.0,0.0,0.0,0.0,0.0,0.0,96821800.0,0.0
2251800000,Понінківська,0.0,0.0,0.0,0.0,0.0,21277200.0,0.0,0.0,0.0,0.0,0.0,21277200.0,0.0
2251900000,Розсошанська,0.0,0.0,0.0,0.0,0.0,40622900.0,0.0,0.0,0.0,0.0,0.0,40622900.0,0.0
2252000000,Сатанівська,0.0,0.0,0.0,0.0,0.0,28497900.0,29554914.0,0.0,0.0,0.0,0.0,58052814.0,0.0
2254900000,Сахновецька,0.0,0.0,0.0,0.0,0.0,17526400.0,0.0,0.0,0.0,0.0,0.0,17526400.0,0.0
2254500000,Славутська,0.0,0.0,0.0,0.0,0.0,89598871.0,0.0,0.0,0.0,0.0,0.0,89598871.0,0.0
2252800000,Слобідсько-Кульчієвецька,0.0,0.0,0.0,0.0,0.0,24159400.0,0.0,0.0,0.0,0.0,0.0,24159400.0,0.0
2253500000,Смотрицька,0.0,0.0,0.0,0.0,0.0,16644900.0,0.0,0.0,0.0,0.0,0.0,16644900.0,0.0
2253200000,Солобковецька,0.0,0.0,0.0,0.0,0.0,13316700.0,0.0,0.0,0.0,0.0,0.0,13316700.0,0.0
2255200000,Старокостянтинівська,0.0,0.0,0.0,0.0,0.0,152868400.0,0.0,0.0,0.0,0.0,0.0,152868400.0,0.0
2256200000,Староостропільська,0.0,0.0,0.0,0.0,0.0,16960900.0,0.0,0.0,0.0,0.0,0.0,16960900.0,0.0
2252100000,Старосинявська,0.0,0.0,0.0,0.0,0.0,56455200.0,0.0,0.0,0.0,0.0,0.0,56455200.0,0.0
2253700000,Староушицька,0.0,0.0,0.0,0.0,0.0,16002900.0,0.0,0.0,0.0,0.0,0.0,16002900.0,0.0
2252600000,Судилківська,0.0,0.0,0.0,0.0,0.0,44297500.0,0.0,0.0,0.0,0.0,0.0,44297500.0,0.0
2256300000,Теофіпольська,0.0,0.0,0.0,0.0,0.0,92050969.0,0.0,0.0,0.0,0.0,0.0,92050969.0,0.0
2254300000,Улашанівська,0.0,0.0,0.0,0.0,0.0,32275000.0,0.0,0.0,0.0,0.0,0.0,32275000.0,0.0
2256400000,Хмельницька,0.0,0.0,0.0,0.0,0.0,784582367.0,0.0,0.0,0.0,0.0,0.0,784582367.0,0.0
2252300000,Чемеровецька,0.0,0.0,0.0,0.0,0.0,71262900.0,0.0,0.0,0.0,0.0,0.0,71262900.0,0.0
2252200000,Чорноострівська,0.0,0.0,0.0,0.0,0.0,30160500.0,0.0,0.0,0.0,0.0,0.0,30160500.0,0.0
2256500000,Шепетівська,0.0,0.0,0.0,0.0,0.0,111011600.0,0.0,0.0,0.0,0.0,0.0,111011600.0,0.0
2256600000,Щиборівська,0.0,0.0,0.0,0.0,0.0,15287700.0,0.0,0.0,0.0,0.0,0.0,15287700.0,0.0
2254400000,Ямпільська,0.0,0.0,0.0,0.0,0.0,19150600.0,0.0,0.0,0.0,0.0,0.0,19150600.0,0.0
2256700000,Ярмолинецька,0.0,0.0,0.0,0.0,0.0,67796700.0,0.0,0.0,0.0,0.0,0.0,67796700.0,0.0
1152900000,Аджамська,0.0,0.0,0.0,0.0,0.0,18743800.0,0.0,0.0,0.0,0.0,0.0,18743800.0,0.0
1153000000,Благовіщенська,0.0,0.0,0.0,0.0,0.0,76047100.0,0.0,0.0,0.0,0.0,0.0,76047100.0,0.0
1150100000,Бобринецька,0.0,0.0,0.0,0.0,0.0,32390500.0,0.0,0.0,0.0,0.0,0.0,32390500.0,0.0
1150400000,Великоандрусівська,0.0,0.0,0.0,0.0,0.0,31636600.0,0.0,0.0,0.0,0.0,0.0,31636600.0,0.0
1150700000,Великосеверинівська,0.0,0.0,0.0,0.0,0.0,21893500.0,0.0,0.0,0.0,0.0,0.0,21893500.0,0.0
1153200000,Гайворонська,0.0,0.0,0.0,0.0,0.0,65975300.0,0.0,0.0,0.0,0.0,0.0,65975300.0,0.0
1150600000,Ганнівська,0.0,0.0,0.0,0.0,0.0,12643600.0,0.0,0.0,0.0,0.0,0.0,12643600.0,0.0
1152300000,Глодоська,0.0,0.0,0.0,0.0,0.0,12213300.0,0.0,0.0,0.0,0.0,0.0,12213300.0,0.0
1153300000,Голованівська,0.0,0.0,0.0,0.0,0.0,48586500.0,0.0,0.0,0.0,0.0,0.0,48586500.0,0.0
1152400000,Гурівська,0.0,0.0,0.0,0.0,0.0,24859500.0,0.0,0.0,0.0,0.0,0.0,24859500.0,0.0
1151400000,Дмитрівська,0.0,0.0,0.0,0.0,0.0,18995200.0,0.0,0.0,0.0,0.0,0.0,18995200.0,0.0
1151700000,Добровеличківська,0.0,0.0,0.0,0.0,0.0,48019500.0,0.0,0.0,0.0,0.0,0.0,48019500.0,0.0
1153400000,Долинська,0.0,0.0,0.0,0.0,0.0,70116000.0,0.0,0.0,0.0,0.0,0.0,70116000.0,0.0
1153500000,Заваллівська,0.0,0.0,0.0,0.0,0.0,28368800.0,0.0,0.0,0.0,0.0,0.0,28368800.0,0.0
1152500000,Злинська,0.0,0.0,0.0,0.0,0.0,19833200.0,0.0,0.0,0.0,0.0,0.0,19833200.0,0.0
1153600000,Знам'янська,0.0,0.0,0.0,0.0,0.0,71672000.0,65790442.0,0.0,0.0,0.0,0.0,137462442.0,0.0
1153900000,Кам'янецька,0.0,0.0,0.0,0.0,0.0,46548700.0,0.0,0.0,0.0,0.0,0.0,46548700.0,0.0
1150900000,Катеринівська,0.0,0.0,0.0,0.0,0.0,19933600.0,0.0,0.0,0.0,0.0,0.0,19933600.0,0.0
1153700000,Кетрисанівська,0.0,0.0,0.0,0.0,0.0,46885100.0,0.0,0.0,0.0,0.0,0.0,46885100.0,0.0
1151100000,Компаніївська,0.0,0.0,0.0,0.0,0.0,62448300.0,0.0,0.0,0.0,0.0,0.0,62448300.0,0.0
1152810000,Кропивницька,0.0,0.0,0.0,0.0,0.0,525449804.0,0.0,3255000.0,0.0,0.0,0.0,528704804.0,0.0
1150200000,Маловисківська,0.0,0.0,0.0,0.0,0.0,45667000.0,0.0,0.0,0.0,0.0,0.0,45667000.0,0.0
1150600000,Мар'янівська,0.0,0.0,0.0,0.0,0.0,12643600.0,0.0,0.0,0.0,0.0,0.0,12643600.0,0.0
1153800000,Надлацька,0.0,0.0,0.0,0.0,0.0,14228800.0,0.0,0.0,0.0,0.0,0.0,14228800.0,0.0
1154000000,Новоархангельська,0.0,0.0,0.0,0.0,0.0,47921100.0,0.0,0.0,0.0,0.0,0.0,47921100.0,0.0
1154100000,Новомиргородська,0.0,0.0,0.0,0.0,0.0,83200900.0,21820572.0,0.0,0.0,0.0,0.0,105021472.0,0.0
1151500000,Новопразька,0.0,0.0,0.0,0.0,0.0,21086400.0,0.0,0.0,0.0,0.0,0.0,21086400.0,0.0
1150300000,Новоукраїнська,0.0,0.0,0.0,0.0,0.0,49157400.0,0.0,0.0,0.0,0.0,0.0,49157400.0,0.0
1154300000,Олександрівська,0.0,0.0,0.0,0.0,0.0,182056570.0,0.0,0.0,0.0,0.0,0.0,182056570.0,0.0
1154300000,Олександрійська,0.0,0.0,0.0,0.0,0.0,182056570.0,0.0,0.0,0.0,0.0,0.0,182056570.0,0.0
1154400000,Онуфріївська,0.0,0.0,0.0,0.0,0.0,55451400.0,0.0,0.0,0.0,0.0,0.0,55451400.0,0.0
1154500000,Пантаївська,0.0,0.0,0.0,0.0,0.0,11868600.0,0.0,0.0,0.0,0.0,0.0,11868600.0,0.0
1151000000,Первозванівська,0.0,0.0,0.0,0.0,0.0,34236200.0,0.0,0.0,0.0,0.0,0.0,34236200.0,0.0
1154600000,Перегонівська,0.0,0.0,0.0,0.0,0.0,10632800.0,0.0,0.0,0.0,0.0,0.0,10632800.0,0.0
1152100000,Петрівська,0.0,0.0,0.0,0.0,0.0,66795400.0,0.0,0.0,0.0,0.0,0.0,66795400.0,0.0
1154800000,Побузька,0.0,0.0,0.0,0.0,0.0,24173800.0,0.0,0.0,0.0,0.0,0.0,24173800.0,0.0
1151300000,Помічнянська,0.0,0.0,0.0,0.0,0.0,32089700.0,31881509.0,0.0,0.0,0.0,0.0,63971209.0,0.0
1152000000,Попельнастівська,0.0,0.0,0.0,0.0,0.0,32666800.0,0.0,0.0,0.0,0.0,0.0,32666800.0,0.0
1151600000,Приютівська,0.0,0.0,0.0,0.0,0.0,46145500.0,0.0,0.0,0.0,0.0,0.0,46145500.0,0.0
1154700000,Підвисоцька,0.0,0.0,0.0,0.0,0.0,21107200.0,0.0,0.0,0.0,0.0,0.0,21107200.0,0.0
1151900000,Піщанобрідська,0.0,0.0,0.0,0.0,0.0,24720000.0,0.0,0.0,0.0,0.0,0.0,24720000.0,0.0
1154900000,Рівнянська,0.0,0.0,0.0,0.0,0.0,33356500.0,0.0,0.0,0.0,0.0,0.0,33356500.0,0.0
1155000000,Світловодська,0.0,0.0,0.0,0.0,0.0,106511491.0,0.0,0.0,0.0,0.0,0.0,106511491.0,0.0
1151200000,Смолінська,0.0,0.0,0.0,0.0,0.0,42083435.0,0.0,0.0,0.0,0.0,0.0,42083435.0,0.0
1150500000,Соколівська,0.0,0.0,0.0,0.0,0.0,36723600.0,0.0,0.0,0.0,0.0,0.0,36723600.0,0.0
1155100000,Суботцівська,0.0,0.0,0.0,0.0,0.0,47683700.0,0.0,0.0,0.0,0.0,0.0,47683700.0,0.0
1150800000,Тишківська,0.0,0.0,0.0,0.0,0.0,14897100.0,0.0,0.0,0.0,0.0,0.0,14897100.0,0.0
1155200000,Устинівська,0.0,0.0,0.0,0.0,0.0,46653300.0,0.0,0.0,0.0,0.0,0.0,46653300.0,0.0
1054500000,Іванківська,0.0,0.0,0.0,0.0,0.0,94171600.0,0.0,0.0,0.0,0.0,0.0,94171600.0,0.0
1054600000,Ірпінська,0.0,69697554.0,0.0,0.0,0.0,225558300.0,0.0,0.0,0.0,0.0,69697554.0,225558300.0,0.0
1051000000,Баришівська,0.0,0.0,0.0,0.0,0.0,89574500.0,0.0,0.0,0.0,0.0,0.0,89574500.0,0.0
1051400000,Березанська,0.0,0.0,0.0,0.0,0.0,67722400.0,0.0,0.0,0.0,0.0,0.0,67722400.0,0.0
1052500000,Бишівська,0.0,0.0,0.0,0.0,0.0,34430600.0,0.0,0.0,0.0,0.0,0.0,34430600.0,0.0
1051800000,Богуславська,0.0,0.0,0.0,0.0,0.0,66178600.0,0.0,0.0,0.0,0.0,0.0,66178600.0,0.0
1052800000,Бориспільська,0.0,0.0,0.0,0.0,0.0,255197668.0,0.0,0.0,0.0,0.0,0.0,255197668.0,0.0
1051100000,Бородянська,0.0,0.0,0.0,0.0,0.0,74549700.0,0.0,0.0,0.0,0.0,0.0,74549700.0,0.0
1052900000,Борщагівська,0.0,0.0,0.0,0.0,0.0,165614800.0,0.0,0.0,0.0,0.0,0.0,165614800.0,0.0
1053000000,Боярська,0.0,0.0,0.0,0.0,0.0,179016500.0,142805032.0,0.0,0.0,0.0,0.0,321821532.0,0.0
1053100000,Броварська,0.0,0.0,0.0,0.0,0.0,342103700.0,0.0,0.0,0.0,0.0,0.0,342103700.0,0.0
1051500000,Бучанська,0.0,57340195.0,0.0,0.0,0.0,195605000.0,0.0,0.0,0.0,0.0,57340195.0,195605000.0,0.0
1052600000,Білогородська,0.0,0.0,0.0,0.0,0.0,114053700.0,0.0,0.0,0.0,0.0,0.0,114053700.0,0.0
1052700000,Білоцерківська,0.0,0.0,0.0,0.0,0.0,399737700.0,0.0,0.0,0.0,0.0,0.0,399737700.0,0.0
1053200000,Васильківська,0.0,0.0,0.0,0.0,0.0,123831300.0,0.0,0.0,0.0,0.0,0.0,123831300.0,0.0
1050400000,Великодимерська,0.0,0.0,0.0,0.0,0.0,107354700.0,0.0,0.0,0.0,0.0,0.0,107354700.0,0.0
1053300000,Вишгородська,0.0,0.0,0.0,0.0,0.0,94593800.0,0.0,0.0,0.0,0.0,0.0,94593800.0,0.0
1053400000,Вишнева,0.0,0.0,0.0,0.0,0.0,172943300.0,208314044.0,0.0,0.0,0.0,0.0,381257344.0,0.0
1053500000,Володарська,0.0,0.0,0.0,0.0,0.0,54279600.0,0.0,0.0,0.0,0.0,0.0,54279600.0,0.0
1053600000,Вороньківська,0.0,0.0,0.0,0.0,0.0,47002600.0,0.0,0.0,0.0,0.0,0.0,47002600.0,0.0
1053700000,Гатненська,0.0,0.0,0.0,0.0,0.0,41622623.0,0.0,0.0,0.0,0.0,0.0,41622623.0,0.0
1051900000,Глевахівська,0.0,0.0,0.0,0.0,0.0,56842700.0,0.0,0.0,0.0,0.0,0.0,56842700.0,0.0
1053900000,Гостомельська,0.0,0.0,0.0,0.0,0.0,53991300.0,0.0,0.0,0.0,0.0,0.0,53991300.0,0.0
1054000000,Гребінківська,0.0,0.0,0.0,0.0,0.0,40941200.0,0.0,0.0,0.0,0.0,0.0,40941200.0,0.0
1053800000,Гірська,0.0,0.0,0.0,0.0,0.0,30059000.0,0.0,0.0,0.0,0.0,0.0,30059000.0,0.0
1054100000,Димерська,0.0,0.0,0.0,0.0,0.0,73107500.0,0.0,0.0,0.0,0.0,0.0,73107500.0,0.0
1051300000,Дмитрівська,0.0,0.0,0.0,0.0,0.0,110225300.0,0.0,0.0,0.0,0.0,0.0,110225300.0,0.0
1050500000,Дівичківська,0.0,0.0,0.0,0.0,0.0,17799200.0,0.0,0.0,0.0,0.0,0.0,17799200.0,0.0
1052300000,Зазимська,0.0,0.0,0.0,0.0,0.0,53199400.0,0.0,0.0,0.0,0.0,0.0,53199400.0,0.0
1054300000,Згурівська,0.0,0.0,0.0,0.0,0.0,60577200.0,0.0,0.0,0.0,0.0,0.0,60577200.0,0.0
1054400000,Золочівська,0.0,0.0,0.0,0.0,0.0,30324700.0,0.0,0.0,0.0,0.0,0.0,30324700.0,0.0
1054700000,Кагарлицька,0.0,0.0,0.0,0.0,0.0,81348600.0,0.0,0.0,0.0,0.0,0.0,81348600.0,0.0
1051200000,Калинівська,0.0,0.0,0.0,0.0,0.0,25411900.0,0.0,0.0,0.0,0.0,0.0,25411900.0,0.0
1050100000,Калитянська,0.0,0.0,0.0,0.0,0.0,34242300.0,0.0,0.0,0.0,0.0,0.0,34242300.0,0.0
1051200000,Ковалівська,0.0,0.0,0.0,0.0,0.0,25411900.0,0.0,0.0,0.0,0.0,0.0,25411900.0,0.0
1054900000,Кожанська,0.0,0.0,0.0,0.0,0.0,23270100.0,0.0,0.0,0.0,0.0,0.0,23270100.0,0.0
1055000000,Козинська,0.0,0.0,0.0,0.0,0.0,32166700.0,0.0,0.0,0.0,0.0,0.0,32166700.0,0.0
1055100000,Коцюбинська,0.0,0.0,0.0,0.0,0.0,35918900.0,0.0,0.0,0.0,0.0,0.0,35918900.0,0.0
1055200000,Макарівська,0.0,0.0,0.0,0.0,0.0,117851900.0,0.0,0.0,0.0,0.0,0.0,117851900.0,0.0
1055300000,Маловільшанська,0.0,0.0,0.0,0.0,0.0,33590400.0,21825509.0,0.0,0.0,0.0,0.0,55415909.0,0.0
1050300000,Медвинська,0.0,0.0,0.0,0.0,0.0,12967900.0,0.0,0.0,0.0,0.0,0.0,12967900.0,0.0
1051300000,Миронівська,0.0,0.0,0.0,0.0,0.0,110225300.0,0.0,0.0,0.0,0.0,0.0,110225300.0,0.0
1055400000,Немішаївська,0.0,0.0,0.0,0.0,0.0,45440500.0,0.0,0.0,0.0,0.0,0.0,45440500.0,0.0
1051700000,Обухівська,0.0,0.0,0.0,0.0,0.0,149217400.0,0.0,0.0,0.0,0.0,0.0,149217400.0,0.0
1055500000,Переяславська,0.0,0.0,0.0,0.0,0.0,82740300.0,0.0,0.0,0.0,0.0,0.0,82740300.0,0.0
1055600000,Петрівська,0.0,0.0,0.0,0.0,0.0,58597800.0,0.0,0.0,0.0,0.0,0.0,58597800.0,0.0
1055800000,Поліська,0.0,0.0,0.0,0.0,0.0,23341300.0,0.0,0.0,0.0,0.0,0.0,23341300.0,0.0
1055900000,Пристолична,0.0,0.0,0.0,0.0,0.0,72947560.0,0.0,0.0,0.0,0.0,0.0,72947560.0,0.0
1055700000,Пірнівська,0.0,0.0,0.0,0.0,0.0,30893700.0,0.0,0.0,0.0,0.0,0.0,30893700.0,0.0
1050200000,Пісківська,0.0,0.0,0.0,0.0,0.0,23495400.0,0.0,0.0,0.0,0.0,0.0,23495400.0,0.0
1051600000,Ржищівська,0.0,0.0,0.0,0.0,0.0,41328500.0,0.0,0.0,0.0,0.0,0.0,41328500.0,0.0
1056000000,Рокитнянська,0.0,0.0,0.0,0.0,0.0,93624600.0,0.0,0.0,0.0,0.0,0.0,93624600.0,0.0
1056100000,Сквирська,0.0,0.0,0.0,0.0,0.0,95159800.0,0.0,0.0,0.0,0.0,0.0,95159800.0,0.0
1056200000,Славутицька,0.0,0.0,0.0,0.0,0.0,43777300.0,68601904.0,0.0,0.0,0.0,0.0,112379204.0,0.0
1056300000,Ставищенська,0.0,0.0,0.0,0.0,0.0,76542500.0,0.0,0.0,0.0,0.0,0.0,76542500.0,0.0
1050900000,Студениківська,0.0,0.0,0.0,0.0,0.0,22486500.0,0.0,0.0,0.0,0.0,0.0,22486500.0,0.0
1056400000,Таращанська,0.0,0.0,0.0,0.0,0.0,92685700.0,0.0,0.0,0.0,0.0,0.0,92685700.0,0.0
1052000000,Ташанська,0.0,0.0,0.0,0.0,0.0,16637600.0,0.0,0.0,0.0,0.0,0.0,16637600.0,0.0
1050800000,Тетіївська,0.0,0.0,0.0,0.0,0.0,105923000.0,0.0,0.0,0.0,0.0,0.0,105923000.0,0.0
1052100000,Томашівська,0.0,0.0,0.0,0.0,0.0,16070500.0,0.0,0.0,0.0,0.0,0.0,16070500.0,0.0
1050700000,Узинська,0.0,0.0,0.0,0.0,0.0,62223800.0,0.0,0.0,0.0,0.0,0.0,62223800.0,0.0
1056500000,Українська,0.0,0.0,0.0,0.0,0.0,50191800.0,0.0,0.0,0.0,0.0,0.0,50191800.0,0.0
1056600000,Фастівська,0.0,0.0,0.0,0.0,0.0,165428400.0,0.0,0.0,0.0,0.0,0.0,165428400.0,0.0
1056700000,Феодосіївська,0.0,0.0,0.0,0.0,0.0,93468300.0,0.0,0.0,0.0,0.0,0.0,93468300.0,0.0
1050600000,Фурсівська,0.0,0.0,0.0,0.0,0.0,36516000.0,0.0,0.0,0.0,0.0,0.0,36516000.0,0.0
1052200000,Циблівська,0.0,0.0,0.0,0.0,0.0,21720700.0,0.0,0.0,0.0,0.0,0.0,21720700.0,0.0
1056800000,Чабанівська,0.0,0.0,0.0,0.0,0.0,27059000.0,0.0,0.0,0.0,0.0,0.0,27059000.0,0.0
1056900000,Яготинська,0.0,0.0,0.0,0.0,0.0,95504500.0,0.0,0.0,0.0,0.0,0.0,95504500.0,0.0
1250200000,Айдарська,0.0,0.0,0.0,0.0,0.0,6285100.0,0.0,0.0,0.0,0.0,0.0,6285100.0,0.0
1253100000,Алчевська,0.0,0.0,0.0,0.0,0.0,0.0,0.0,0.0,0.0,0.0,0.0,0.0,0.0
1253200000,Антрацитівська,0.0,0.0,0.0,0.0,0.0,0.0,0.0,0.0,0.0,0.0,0.0,0.0,0.0
1250500000,Біловодська,0.0,0.0,0.0,0.0,0.0,14735900.0,0.0,0.0,0.0,0.0,0.0,14735900.0,0.0
1250100000,Білокуракинська,0.0,0.0,0.0,0.0,0.0,13064000.0,0.0,0.0,0.0,0.0,0.0,13064000.0,0.0
1251600000,Білолуцька,0.0,0.0,0.0,0.0,0.0,4963500.0,0.0,0.0,0.0,0.0,0.0,4963500.0,0.0
1251700000,Гірська,0.0,0.0,0.0,0.0,0.0,24960700.0,0.0,0.0,0.0,0.0,0.0,24960700.0,0.0
1253300000,Довжанська,0.0,0.0,0.0,0.0,0.0,0.0,0.0,0.0,0.0,0.0,0.0,0.0,0.0
1253400000,Зимогір'ївська,0.0,0.0,0.0,0.0,0.0,0.0,0.0,0.0,0.0,0.0,0.0,0.0,0.0
1253500000,Кадіївська,0.0,0.0,0.0,0.0,0.0,0.0,0.0,0.0,0.0,0.0,0.0,0.0,0.0
1251500000,Коломийчиська,0.0,0.0,0.0,0.0,0.0,7099100.0,0.0,0.0,0.0,0.0,0.0,7099100.0,0.0
1250600000,Красноріченська,0.0,0.0,0.0,0.0,0.0,11419500.0,0.0,0.0,0.0,0.0,0.0,11419500.0,0.0
1251800000,Кремінська,0.0,0.0,0.0,0.0,0.0,35013300.0,0.0,0.0,0.0,0.0,0.0,35013300.0,0.0
1251900000,Лисичанська,0.0,0.0,0.0,0.0,0.0,126584800.0,0.0,0.0,0.0,0.0,0.0,126584800.0,0.0
1250900000,Лозно-Олександрівська,0.0,0.0,0.0,0.0,0.0,0.0,0.0,0.0,0.0,0.0,0.0,0.0,0.0
1253600000,Луганська,0.0,0.0,0.0,0.0,0.0,0.0,0.0,0.0,0.0,0.0,0.0,0.0,0.0
1253700000,Лутугинська,0.0,0.0,0.0,0.0,0.0,0.0,0.0,0.0,0.0,0.0,0.0,0.0,0.0
1251100000,Марківська,0.0,0.0,0.0,0.0,0.0,7472200.0,0.0,0.0,0.0,0.0,0.0,7472200.0,0.0
1252000000,Міловська,0.0,0.0,0.0,0.0,0.0,3562800.0,0.0,0.0,0.0,0.0,0.0,3562800.0,0.0
1250800000,Нижньодуванська,0.0,0.0,0.0,0.0,0.0,12040900.0,0.0,0.0,0.0,0.0,0.0,12040900.0,0.0
1252100000,Нижньотеплівська,0.0,0.0,0.0,0.0,0.0,0.0,0.0,0.0,0.0,0.0,0.0,0.0,0.0
1252200000,Новоайдарська,0.0,0.0,0.0,0.0,0.0,10206200.0,0.0,0.0,0.0,0.0,0.0,10206200.0,0.0
1253800000,Отаманівська,0.0,0.0,0.0,0.0,0.0,0.0,0.0,0.0,0.0,0.0,0.0,0.0,0.0
1252300000,Попаснянська,0.0,0.0,0.0,0.0,0.0,24912600.0,0.0,0.0,0.0,0.0,0.0,24912600.0,0.0
1253900000,Ровеньківська,0.0,0.0,0.0,0.0,0.0,0.0,0.0,0.0,0.0,0.0,0.0,0.0,0.0
1252400000,Рубіжанська,0.0,0.0,0.0,0.0,0.0,36861400.0,0.0,0.0,0.0,0.0,0.0,36861400.0,0.0
1252500000,Сватівська,0.0,0.0,0.0,0.0,0.0,12971700.0,0.0,0.0,0.0,0.0,0.0,12971700.0,0.0
1254000000,Сорокинська,0.0,0.0,0.0,0.0,0.0,0.0,0.0,0.0,0.0,0.0,0.0,0.0,0.0
1252700000,Станично-Луганська,0.0,0.0,0.0,0.0,0.0,0.0,0.0,0.0,0.0,0.0,0.0,0.0,0.0
1252800000,Старобільська,0.0,0.0,0.0,0.0,0.0,13393900.0,0.0,0.0,0.0,0.0,0.0,13393900.0,0.0
1252600000,Сіверськодонецька,0.0,0.0,0.0,0.0,0.0,119299300.0,0.0,0.0,0.0,0.0,0.0,119299300.0,0.0
1250400000,Троїцька,0.0,0.0,0.0,0.0,0.0,12356100.0,0.0,0.0,0.0,0.0,0.0,12356100.0,0.0
1254100000,Хрустальненська,0.0,0.0,0.0,0.0,0.0,0.0,0.0,0.0,0.0,0.0,0.0,0.0,0.0
1250300000,Чмирівська,0.0,0.0,0.0,0.0,0.0,14435900.0,0.0,0.0,0.0,0.0,0.0,14435900.0,0.0
1253900000,Широківська,0.0,0.0,0.0,0.0,0.0,0.0,0.0,0.0,0.0,0.0,0.0,0.0,0.0
1251000000,Шульгинська,0.0,0.0,0.0,0.0,0.0,14549500.0,0.0,0.0,0.0,0.0,0.0,14549500.0,0.0
1253000000,Щастинська,0.0,0.0,0.0,0.0,0.0,3608400.0,0.0,0.0,0.0,0.0,0.0,3608400.0,0.0
1355800000,Івано-Франківська,0.0,0.0,0.0,0.0,0.0,77965200.0,0.0,0.0,0.0,0.0,0.0,77965200.0,0.0
1354200000,Белзька,0.0,0.0,0.0,0.0,0.0,41753700.0,0.0,0.0,0.0,0.0,0.0,41753700.0,0.0
1354300000,Боринська,0.0,0.0,0.0,0.0,0.0,100656200.0,0.0,0.0,0.0,0.0,0.0,100656200.0,0.0
1354400000,Бориславська,0.0,0.0,0.0,0.0,0.0,99416500.0,0.0,0.0,0.0,0.0,0.0,99416500.0,0.0
1354500000,Бродівська,0.0,0.0,0.0,0.0,0.0,121690800.0,0.0,0.0,0.0,0.0,0.0,121690800.0,0.0
1354600000,Буська,0.0,0.0,0.0,0.0,0.0,111856700.0,0.0,0.0,0.0,0.0,0.0,111856700.0,0.0
1353600000,Бібрська,0.0,0.0,0.0,0.0,0.0,58075300.0,0.0,0.0,0.0,0.0,0.0,58075300.0,0.0
1350200000,Бісковицька,0.0,0.0,0.0,0.0,0.0,66516100.0,0.0,0.0,0.0,0.0,0.0,66516100.0,0.0
1352300000,Великолюбінська,0.0,0.0,0.0,0.0,0.0,27335100.0,0.0,0.0,0.0,0.0,0.0,27335100.0,0.0
1353200000,Великомостівська,0.0,0.0,0.0,0.0,0.0,59502800.0,0.0,0.0,0.0,0.0,0.0,59502800.0,0.0
1354700000,Глинянська,0.0,0.0,0.0,0.0,0.0,31036300.0,0.0,0.0,0.0,0.0,0.0,31036300.0,0.0
1350500000,Гніздичівська,0.0,0.0,0.0,0.0,0.0,19599100.0,0.0,0.0,0.0,0.0,0.0,19599100.0,0.0
1354900000,Грабовецько-Дулібівська,0.0,0.0,0.0,0.0,0.0,38541200.0,0.0,0.0,0.0,0.0,0.0,38541200.0,0.0
1352000000,Давидівська,0.0,0.0,0.0,0.0,0.0,65734580.0,0.0,0.0,0.0,0.0,0.0,65734580.0,0.0
1355000000,Добромильська,0.0,0.0,0.0,0.0,0.0,45944600.0,0.0,0.0,0.0,0.0,0.0,45944600.0,0.0
1355100000,Добросинсько-Магерівська,0.0,0.0,0.0,0.0,0.0,60224900.0,0.0,0.0,0.0,0.0,0.0,60224900.0,0.0
1355200000,Добротвірська,0.0,0.0,0.0,0.0,0.0,30455800.0,0.0,0.0,0.0,0.0,0.0,30455800.0,0.0
1355300000,Дрогобицька,0.0,0.0,0.0,0.0,0.0,262616600.0,0.0,0.0,0.0,0.0,0.0,262616600.0,0.0
1355400000,Жидачівська,0.0,0.0,0.0,0.0,0.0,51722500.0,0.0,0.0,0.0,0.0,0.0,51722500.0,0.0
1355500000,Жовківська,0.0,0.0,0.0,0.0,0.0,132141200.0,0.0,0.0,0.0,0.0,0.0,132141200.0,0.0
1352100000,Жовтанецька,0.0,0.0,0.0,0.0,0.0,48999200.0,0.0,0.0,0.0,0.0,0.0,48999200.0,0.0
1355600000,Журавненська,0.0,0.0,0.0,0.0,0.0,33981500.0,0.0,0.0,0.0,0.0,0.0,33981500.0,0.0
1350800000,Заболотцівська,0.0,0.0,0.0,0.0,0.0,23068400.0,0.0,0.0,0.0,0.0,0.0,23068400.0,0.0
1353700000,Зимноводівська,0.0,0.0,0.0,0.0,0.0,70253100.0,0.0,0.0,0.0,0.0,0.0,70253100.0,0.0
1355700000,Золочівська,0.0,0.0,0.0,0.0,0.0,146514185.0,0.0,0.0,0.0,0.0,0.0,146514185.0,0.0
1353400000,Кам'янка-Бузька,0.0,0.0,0.0,0.0,0.0,65490400.0,0.0,0.0,0.0,0.0,0.0,65490400.0,0.0
1355900000,Козівська,0.0,0.0,0.0,0.0,0.0,60264000.0,0.0,0.0,0.0,0.0,0.0,60264000.0,0.0
1356000000,Комарнівська,0.0,0.0,0.0,0.0,0.0,43605900.0,0.0,0.0,0.0,0.0,0.0,43605900.0,0.0
1356100000,Красненська,0.0,0.0,0.0,0.0,0.0,58842000.0,0.0,0.0,0.0,0.0,0.0,58842000.0,0.0
1356200000,Куликівська,0.0,0.0,0.0,0.0,0.0,41902400.0,0.0,0.0,0.0,0.0,0.0,41902400.0,0.0
1353800000,Лопатинська,0.0,0.0,0.0,0.0,0.0,37248300.0,0.0,0.0,0.0,0.0,0.0,37248300.0,0.0
1356300000,Львівська,0.0,0.0,0.0,0.0,0.0,1785434600.0,0.0,8330000.0,0.0,0.0,0.0,1793764600.0,0.0
1353900000,Меденицька,0.0,0.0,0.0,0.0,0.0,52457400.0,0.0,0.0,0.0,0.0,0.0,52457400.0,0.0
1356400000,Миколаївська,0.0,0.0,0.0,0.0,0.0,112754900.0,0.0,0.0,0.0,0.0,0.0,112754900.0,0.0
1356500000,Моршинська,0.0,0.0,0.0,0.0,0.0,38063300.0,0.0,0.0,0.0,0.0,0.0,38063300.0,0.0
1351700000,Мостиська,0.0,0.0,0.0,0.0,0.0,124806700.0,0.0,0.0,0.0,0.0,0.0,124806700.0,0.0
1353500000,Мурованська,0.0,0.0,0.0,0.0,0.0,27453800.0,0.0,0.0,0.0,0.0,0.0,27453800.0,0.0
1351100000,Новокалинівська,0.0,0.0,0.0,0.0,0.0,29869300.0,0.0,0.0,0.0,0.0,0.0,29869300.0,0.0
1356600000,Новороздільська,0.0,0.0,0.0,0.0,0.0,76331500.0,12430774.0,0.0,0.0,0.0,0.0,88762274.0,0.0
1356700000,Новояворівська,0.0,0.0,0.0,0.0,0.0,175991300.0,0.0,0.0,0.0,0.0,0.0,175991300.0,0.0
1356800000,Новояричівська,0.0,0.0,0.0,0.0,0.0,69249600.0,0.0,0.0,0.0,0.0,0.0,69249600.0,0.0
1356900000,Оброшинська,0.0,0.0,0.0,0.0,0.0,24445900.0,0.0,0.0,0.0,0.0,0.0,24445900.0,0.0
1357000000,Перемишлянська,0.0,0.0,0.0,0.0,0.0,74438900.0,0.0,0.0,0.0,0.0,0.0,74438900.0,0.0
1357200000,Поморянська,0.0,0.0,0.0,0.0,0.0,18978200.0,0.0,0.0,0.0,0.0,0.0,18978200.0,0.0
1357300000,Пустомитівська,0.0,0.0,0.0,0.0,0.0,58601900.0,0.0,0.0,0.0,0.0,0.0,58601900.0,0.0
1352700000,Підберізцівська,0.0,0.0,0.0,0.0,0.0,28830300.0,0.0,0.0,0.0,0.0,0.0,28830300.0,0.0
1357100000,Підкамінська,0.0,0.0,0.0,0.0,0.0,35658400.0,0.0,0.0,0.0,0.0,0.0,35658400.0,0.0
1357400000,Рава-Руська,0.0,0.0,0.0,0.0,0.0,92545000.0,0.0,0.0,0.0,0.0,0.0,92545000.0,0.0
1354000000,Радехівська,0.0,0.0,0.0,0.0,0.0,129451300.0,0.0,0.0,0.0,0.0,0.0,129451300.0,0.0
1357500000,Ралівська,0.0,0.0,0.0,0.0,0.0,50637500.0,5182834.0,0.0,0.0,0.0,0.0,55820334.0,0.0
1352500000,Розвадівська,0.0,0.0,0.0,0.0,0.0,40114900.0,0.0,0.0,0.0,0.0,0.0,40114900.0,0.0
1353000000,Рудківська,0.0,0.0,0.0,0.0,0.0,74259400.0,0.0,0.0,0.0,0.0,0.0,74259400.0,0.0
1357600000,Самбірська,0.0,0.0,0.0,0.0,0.0,91886700.0,0.0,0.0,0.0,0.0,0.0,91886700.0,0.0
1357700000,Сколівська,0.0,0.0,0.0,0.0,0.0,91240500.0,0.0,0.0,0.0,0.0,0.0,91240500.0,0.0
1353100000,Славська,0.0,0.0,0.0,0.0,0.0,81820500.0,0.0,0.0,0.0,0.0,0.0,81820500.0,0.0
1357800000,Сокальська,0.0,0.0,0.0,0.0,0.0,138301100.0,0.0,0.0,0.0,0.0,0.0,138301100.0,0.0
1357900000,Сокільницька,0.0,0.0,0.0,0.0,0.0,19007800.0,0.0,0.0,0.0,0.0,0.0,19007800.0,0.0
1352800000,Солонківська,0.0,0.0,0.0,0.0,0.0,51183000.0,0.0,0.0,0.0,0.0,0.0,51183000.0,0.0
1358000000,Старосамбірська,0.0,0.0,0.0,0.0,0.0,73326300.0,0.0,0.0,0.0,0.0,0.0,73326300.0,0.0
1358100000,Стрийська,0.0,0.0,0.0,0.0,0.0,262430700.0,0.0,0.0,0.0,0.0,0.0,262430700.0,0.0
1358200000,Стрілківська,0.0,0.0,0.0,0.0,0.0,54890700.0,0.0,0.0,0.0,0.0,0.0,54890700.0,0.0
1351800000,Судововишнянська,0.0,0.0,0.0,0.0,0.0,38520000.0,0.0,0.0,0.0,0.0,0.0,38520000.0,0.0
1358300000,Східницька,0.0,0.0,0.0,0.0,0.0,56544000.0,0.0,0.0,0.0,0.0,0.0,56544000.0,0.0
1351400000,Тростянецька,0.0,0.0,0.0,0.0,0.0,28910300.0,0.0,0.0,0.0,0.0,0.0,28910300.0,0.0
1358400000,Трускавецька,0.0,0.0,0.0,0.0,0.0,85355100.0,0.0,0.0,0.0,0.0,0.0,85355100.0,0.0
1358500000,Турківська,0.0,0.0,0.0,0.0,0.0,98068400.0,0.0,0.0,0.0,0.0,0.0,98068400.0,0.0
1358600000,Хирівська,0.0,0.0,0.0,0.0,0.0,59809600.0,0.0,0.0,0.0,0.0,0.0,59809600.0,0.0
1351600000,Ходорівська,0.0,0.0,0.0,0.0,0.0,70637300.0,0.0,0.0,0.0,0.0,0.0,70637300.0,0.0
1352200000,Шегинівська,0.0,0.0,0.0,0.0,0.0,38327400.0,0.0,0.0,0.0,0.0,0.0,38327400.0,0.0
1358700000,Шептицька,0.0,0.0,0.0,0.0,0.0,181602300.0,0.0,0.0,0.0,0.0,0.0,181602300.0,0.0
1352900000,Щирецька,0.0,0.0,0.0,0.0,0.0,32831200.0,0.0,0.0,0.0,0.0,0.0,32831200.0,0.0
1358800000,Яворівська,0.0,0.0,0.0,0.0,0.0,196799200.0,0.0,0.0,0.0,0.0,0.0,196799200.0,0.0
1454500000,Єланецька,0.0,0.0,0.0,0.0,0.0,52953300.0,0.0,0.0,0.0,0.0,0.0,52953300.0,0.0
1454600000,Інгульська,0.0,0.0,0.0,0.0,0.0,28309500.0,0.0,0.0,0.0,0.0,0.0,28309500.0,0.0
1452800000,Арбузинська,0.0,0.0,0.0,0.0,0.0,36778100.0,1802604.0,0.0,0.0,0.0,0.0,38580704.0,0.0
1450200000,Баштанська,0.0,0.0,0.0,0.0,0.0,67682291.0,0.0,0.0,0.0,0.0,0.0,67682291.0,0.0
1452200000,Березанська,0.0,0.0,0.0,0.0,0.0,44293800.0,0.0,0.0,0.0,0.0,0.0,44293800.0,0.0
1453000000,Березнегуватська,0.0,0.0,0.0,0.0,0.0,56561600.0,0.0,0.0,0.0,0.0,0.0,56561600.0,0.0
1451000000,Благодатненська,0.0,0.0,0.0,0.0,0.0,22861200.0,0.0,0.0,0.0,0.0,0.0,22861200.0,0.0
1454300000,Братська,0.0,0.0,0.0,0.0,0.0,39136200.0,0.0,0.0,0.0,0.0,0.0,39136200.0,0.0
1451100000,Бузька,0.0,0.0,0.0,0.0,0.0,17478400.0,0.0,0.0,0.0,0.0,0.0,17478400.0,0.0
1450400000,Веселинівська,0.0,0.0,0.0,0.0,0.0,66379600.0,0.0,0.0,0.0,0.0,0.0,66379600.0,0.0
1450800000,Веснянська,0.0,0.0,0.0,0.0,0.0,34766400.0,0.0,0.0,0.0,0.0,0.0,34766400.0,0.0
1452900000,Вознесенська,0.0,0.0,0.0,0.0,0.0,100073200.0,0.0,0.0,0.0,0.0,0.0,100073200.0,0.0
1452400000,Володимирівська,0.0,0.0,0.0,0.0,0.0,7421500.0,0.0,0.0,0.0,0.0,0.0,7421500.0,0.0
1450500000,Воскресенська,0.0,0.0,0.0,0.0,0.0,43591000.0,0.0,0.0,0.0,0.0,0.0,43591000.0,0.0
1454400000,Врадіївська,0.0,0.0,0.0,0.0,0.0,55571400.0,13669917.0,0.0,0.0,0.0,0.0,69241317.0,0.0
1453400000,Вільнозапорізька,0.0,0.0,0.0,0.0,0.0,18282500.0,0.0,0.0,0.0,0.0,0.0,18282500.0,0.0
1451200000,Галицинівська,0.0,0.0,0.0,0.0,0.0,27141700.0,0.0,0.0,0.0,0.0,0.0,27141700.0,0.0
1453500000,Горохівська,0.0,0.0,0.0,0.0,0.0,18864500.0,0.0,0.0,0.0,0.0,0.0,18864500.0,0.0
1450600000,Доманівська,0.0,0.0,0.0,0.0,0.0,51929100.0,0.0,0.0,0.0,0.0,0.0,51929100.0,0.0
1452000000,Дорошівська,0.0,0.0,0.0,0.0,0.0,16451700.0,0.0,0.0,0.0,0.0,0.0,16451700.0,0.0
1452500000,Казанківська,0.0,0.0,0.0,0.0,0.0,47844900.0,0.0,0.0,0.0,0.0,0.0,47844900.0,0.0
1450900000,Кам'яномостівська,0.0,0.0,0.0,0.0,0.0,25124500.0,0.0,0.0,0.0,0.0,0.0,25124500.0,0.0
1451300000,Коблівська,0.0,0.0,0.0,0.0,0.0,33935100.0,1241689.0,0.0,0.0,0.0,0.0,35176789.0,0.0
1451500000,Костянтинівська,0.0,0.0,0.0,0.0,0.0,18544400.0,0.0,0.0,0.0,0.0,0.0,18544400.0,0.0
1454800000,Кривоозерська,0.0,0.0,0.0,0.0,0.0,76269577.0,0.0,0.0,0.0,0.0,0.0,76269577.0,0.0
1450100000,Куцурубська,0.0,0.0,0.0,0.0,0.0,23373400.0,0.0,0.0,0.0,0.0,0.0,23373400.0,0.0
1453800000,Мигіївська,0.0,130500.0,0.0,0.0,0.0,28627000.0,0.0,0.0,0.0,0.0,130500.0,28627000.0,0.0
1454900000,Миколаївська,0.0,0.0,0.0,0.0,0.0,811283630.0,31103993.0,0.0,0.0,0.0,0.0,842387623.0,0.0
1451500000,Мостівська,0.0,0.0,0.0,0.0,0.0,18544400.0,0.0,0.0,0.0,0.0,0.0,18544400.0,0.0
1454200000,Мішково-Погорілівська,0.0,0.0,0.0,0.0,0.0,19965300.0,0.0,0.0,0.0,0.0,0.0,19965300.0,0.0
1451600000,Нечаянська,0.0,0.0,0.0,0.0,0.0,25990700.0,0.0,0.0,0.0,0.0,0.0,25990700.0,0.0
1453100000,Новобузька,0.0,0.0,0.0,0.0,0.0,44481500.0,0.0,0.0,0.0,0.0,0.0,44481500.0,0.0
1453900000,Новомар'ївська,0.0,0.0,0.0,0.0,0.0,19740800.0,0.0,0.0,0.0,0.0,0.0,19740800.0,0.0
1455000000,Новоодеська,0.0,0.0,0.0,0.0,0.0,52642100.0,0.0,0.0,0.0,0.0,0.0,52642100.0,0.0
1450300000,Олександрівська,0.0,0.0,0.0,0.0,0.0,31012049.0,43216933.0,0.0,0.0,0.0,0.0,74228982.0,0.0
1450700000,Ольшанська,0.0,0.0,0.0,0.0,0.0,24289900.0,0.0,0.0,0.0,0.0,0.0,24289900.0,0.0
1455100000,Очаківська,0.0,0.0,0.0,0.0,0.0,22365100.0,0.0,0.0,0.0,0.0,0.0,22365100.0,0.0
1455200000,Первомайська,0.0,1226400.0,0.0,0.0,245720.0,142531500.0,0.0,0.0,0.0,0.0,1472120.0,142531500.0,0.0
1451700000,Прибужанівська,0.0,0.0,0.0,0.0,0.0,25336700.0,0.0,0.0,0.0,0.0,0.0,25336700.0,0.0
1452300000,Прибузька,0.0,0.0,0.0,0.0,0.0,17669400.0,53878337.0,0.0,0.0,0.0,0.0,71547737.0,0.0
1455700000,Південноукраїнська,0.0,0.0,0.0,0.0,0.0,88740200.0,0.0,0.0,0.0,0.0,0.0,88740200.0,0.0
1452700000,Радсадівська,0.0,0.0,0.0,0.0,0.0,18768600.0,0.0,0.0,0.0,0.0,0.0,18768600.0,0.0
1455500000,Синюшинобрідська,0.0,0.0,0.0,0.0,0.0,20957800.0,0.0,0.0,0.0,0.0,0.0,20957800.0,0.0
1453200000,Снігурівська,0.0,0.0,0.0,0.0,0.0,52321200.0,28572114.0,0.0,0.0,0.0,0.0,80893314.0,0.0
1454000000,Софіївська,0.0,0.0,0.0,0.0,0.0,21001900.0,0.0,0.0,0.0,0.0,0.0,21001900.0,0.0
1455600000,Степівська,0.0,0.0,0.0,0.0,0.0,30610400.0,41073208.0,0.0,0.0,0.0,0.0,71683608.0,0.0
1454100000,Сухоєланецька,0.0,0.0,0.0,0.0,0.0,14796600.0,0.0,0.0,0.0,0.0,0.0,14796600.0,0.0
1451800000,Чорноморська,0.0,0.0,0.0,0.0,0.0,19982300.0,0.0,0.0,0.0,0.0,0.0,19982300.0,0.0
1452600000,Широківська,0.0,0.0,0.0,0.0,0.0,11447900.0,0.0,0.0,0.0,0.0,0.0,11447900.0,0.0
1553800000,Іванівська,0.0,0.0,0.0,0.0,0.0,59203000.0,0.0,0.0,0.0,0.0,0.0,59203000.0,0.0
1555300000,Ізмаїльська,0.0,0.0,0.0,0.0,0.0,165149600.0,0.0,0.0,0.0,0.0,0.0,165149600.0,0.0
1551800000,Авангардівська,0.0,0.0,0.0,0.0,0.0,89909011.0,0.0,0.0,0.0,0.0,0.0,89909011.0,0.0
1553800000,Ананьївська,0.0,0.0,0.0,0.0,0.0,59203000.0,0.0,0.0,0.0,0.0,0.0,59203000.0,0.0
1553900000,Арцизька,0.0,0.0,0.0,0.0,0.0,95971400.0,0.0,0.0,0.0,0.0,0.0,95971400.0,0.0
1550100000,Балтська,0.0,0.0,0.0,0.0,0.0,106971600.0,0.0,0.0,0.0,0.0,0.0,106971600.0,0.0
1551400000,Березівська,0.0,0.0,0.0,0.0,0.0,65279200.0,0.0,0.0,0.0,0.0,0.0,65279200.0,0.0
1558200000,Бессарабська,0.0,0.0,0.0,0.0,0.0,68035100.0,0.0,0.0,0.0,0.0,0.0,68035100.0,0.0
1554100000,Болградська,0.0,0.0,0.0,0.0,0.0,61700500.0,0.0,0.0,0.0,0.0,0.0,61700500.0,0.0
1554200000,Буджацька,0.0,0.0,0.0,0.0,0.0,63462400.0,0.0,0.0,0.0,0.0,0.0,63462400.0,0.0
1554000000,Білгород-Дністровська,0.0,0.0,0.0,0.0,0.0,120583000.0,29352541.0,0.0,0.0,0.0,0.0,149935541.0,0.0
1550200000,Біляївська,0.0,0.0,0.0,0.0,0.0,85716000.0,0.0,0.0,0.0,0.0,0.0,85716000.0,0.0
1554300000,Василівська,0.0,0.0,0.0,0.0,0.0,33964500.0,0.0,0.0,0.0,0.0,0.0,33964500.0,0.0
1553000000,Великобуялицька,0.0,0.0,0.0,0.0,0.0,20885700.0,0.0,0.0,0.0,0.0,0.0,20885700.0,0.0
1554400000,Великодальницька,0.0,0.0,0.0,0.0,0.0,46293600.0,0.0,0.0,0.0,0.0,0.0,46293600.0,0.0
1554500000,Великодолинська,0.0,0.0,0.0,0.0,0.0,53119000.0,0.0,0.0,0.0,0.0,0.0,53119000.0,0.0
1550300000,Великомихайлівська,0.0,0.0,0.0,0.0,0.0,62300500.0,0.0,0.0,0.0,0.0,0.0,62300500.0,0.0
1553100000,Великоплосківська,0.0,0.0,0.0,0.0,0.0,17687400.0,0.0,0.0,0.0,0.0,0.0,17687400.0,0.0
1554600000,Вигодянська,0.0,0.0,0.0,0.0,0.0,47736900.0,75878456.0,0.0,0.0,0.0,0.0,123615356.0,0.0
1552900000,Визирська,0.0,0.0,0.0,0.0,0.0,40209200.0,0.0,0.0,0.0,0.0,0.0,40209200.0,0.0
1551700000,Вилківська,0.0,0.0,0.0,0.0,245720.0,45682800.0,42440108.0,0.0,0.0,0.0,245720.0,88122908.0,0.0
1554700000,Городненська,0.0,0.0,0.0,0.0,0.0,34068200.0,0.0,0.0,0.0,0.0,0.0,34068200.0,0.0
1551900000,Дальницька,0.0,0.0,0.0,0.0,0.0,41723000.0,0.0,0.0,0.0,0.0,0.0,41723000.0,0.0
1554800000,Дачненська,0.0,0.0,0.0,0.0,0.0,39471200.0,0.0,0.0,0.0,0.0,0.0,39471200.0,0.0
1554900000,Дивізійська,0.0,0.0,0.0,0.0,0.0,21685700.0,0.0,0.0,0.0,0.0,0.0,21685700.0,0.0
1555000000,Доброславська,0.0,0.0,0.0,0.0,0.0,47069300.0,26387700.0,0.0,0.0,0.0,0.0,73457000.0,0.0
1555100000,Долинська,0.0,0.0,0.0,0.0,0.0,16895900.0,0.0,0.0,0.0,0.0,0.0,16895900.0,0.0
1550900000,Затишанська,0.0,0.0,0.0,0.0,0.0,27827600.0,0.0,0.0,0.0,0.0,0.0,27827600.0,0.0
1555200000,Захарівська,0.0,0.0,0.0,0.0,0.0,57307200.0,0.0,0.0,0.0,0.0,0.0,57307200.0,0.0
1553200000,Зеленогірська,0.0,0.0,0.0,0.0,0.0,27881000.0,0.0,0.0,0.0,0.0,0.0,27881000.0,0.0
1552300000,Знам'янська,0.0,0.0,0.0,0.0,0.0,32624500.0,0.0,0.0,0.0,0.0,0.0,32624500.0,0.0
1555400000,Кароліно-Бугазька,0.0,0.0,0.0,0.0,0.0,9317500.0,0.0,0.0,0.0,0.0,0.0,9317500.0,0.0
1558100000,Катлабузька,0.0,0.0,0.0,0.0,0.0,28366200.0,0.0,0.0,0.0,0.0,0.0,28366200.0,0.0
1555500000,Кодимська,0.0,0.0,0.0,0.0,0.0,74651900.0,63887724.0,0.0,0.0,0.0,0.0,138539624.0,0.0
1551100000,Коноплянська,0.0,0.0,0.0,0.0,0.0,36135900.0,0.0,0.0,0.0,0.0,0.0,36135900.0,0.0
1550400000,Красносільська,0.0,0.0,0.0,0.0,0.0,34566400.0,0.0,0.0,0.0,0.0,0.0,34566400.0,0.0
1555600000,Криничненська,0.0,0.0,0.0,0.0,0.0,12781300.0,0.0,0.0,0.0,0.0,0.0,12781300.0,0.0
1555700000,Кубейська,0.0,0.0,0.0,0.0,0.0,25283200.0,0.0,0.0,0.0,0.0,0.0,25283200.0,0.0
1555800000,Кулевчанська,0.0,0.0,0.0,0.0,0.0,22917900.0,0.0,0.0,0.0,0.0,0.0,22917900.0,0.0
1555900000,Курісовська,0.0,0.0,0.0,0.0,0.0,22512800.0,0.0,0.0,0.0,0.0,0.0,22512800.0,0.0
1551300000,Куяльницька,0.0,0.0,0.0,0.0,0.0,81741500.0,32633518.0,0.0,0.0,0.0,0.0,114375018.0,0.0
1552600000,Кілійська,0.0,0.0,0.0,0.0,0.0,92265100.0,0.0,0.0,0.0,0.0,0.0,92265100.0,0.0
1556000000,Лиманська,0.0,0.0,0.0,0.0,0.0,41819200.0,70511016.0,0.0,0.0,0.0,0.0,112330216.0,0.0
1552700000,Любашівська,0.0,0.0,0.0,0.0,0.0,83730300.0,0.0,0.0,0.0,0.0,0.0,83730300.0,0.0
1550500000,Маразліївська,0.0,0.0,0.0,0.0,0.0,33092000.0,0.0,0.0,0.0,0.0,0.0,33092000.0,0.0
1552100000,Маяківська,0.0,0.0,0.0,0.0,0.0,48801800.0,171001228.0,0.0,0.0,0.0,0.0,219803028.0,0.0
1552400000,Миколаївська,0.0,0.0,0.0,0.0,0.0,42664000.0,22287066.0,0.0,0.0,0.0,0.0,64951066.0,0.0
1552400000,Мологівська,0.0,0.0,0.0,0.0,0.0,42664000.0,22287066.0,0.0,0.0,0.0,0.0,64951066.0,0.0
1556200000,Нерубайська,0.0,0.0,0.0,0.0,0.0,66166800.0,0.0,0.0,0.0,0.0,0.0,66166800.0,0.0
1553500000,Новоборисівська,0.0,0.0,0.0,0.0,0.0,26248200.0,0.0,0.0,0.0,0.0,0.0,26248200.0,0.0
1550800000,Новокальчевська,0.0,0.0,0.0,0.0,0.0,16128500.0,0.0,0.0,0.0,0.0,0.0,16128500.0,0.0
1556300000,Овідіопольська,0.0,0.0,0.0,0.0,0.0,53994400.0,0.0,0.0,0.0,0.0,0.0,53994400.0,0.0
1556400000,Одеська,0.0,0.0,0.0,0.0,0.0,1824125300.0,0.0,2296000.0,0.0,0.0,0.0,1826421300.0,0.0
1552800000,Окнянська,0.0,0.0,0.0,0.0,0.0,85436500.0,0.0,0.0,0.0,0.0,0.0,85436500.0,0.0
1556500000,Павлівська,0.0,0.0,0.0,0.0,0.0,24828800.0,0.0,0.0,0.0,0.0,0.0,24828800.0,0.0
1553600000,Петровірівська,0.0,0.0,0.0,0.0,0.0,16591000.0,0.0,0.0,0.0,0.0,0.0,16591000.0,0.0
1553600000,Петропавлівська,0.0,0.0,0.0,0.0,0.0,16591000.0,0.0,0.0,0.0,0.0,0.0,16591000.0,0.0
1556800000,Плахтіївська,0.0,0.0,0.0,0.0,0.0,26199000.0,0.0,0.0,0.0,0.0,0.0,26199000.0,0.0
1556900000,Подільська,0.0,0.0,0.0,0.0,0.0,101825500.0,76148873.0,0.0,0.0,0.0,0.0,177974373.0,0.0
1559100000,Південнівська,0.0,0.0,0.0,0.0,0.0,79946900.0,0.0,0.0,0.0,0.0,0.0,79946900.0,0.0
1557000000,Раухівська,0.0,0.0,0.0,0.0,0.0,24799100.0,0.0,0.0,0.0,0.0,0.0,24799100.0,0.0
1557100000,Ренійська,0.0,0.0,0.0,0.0,0.0,103341500.0,0.0,0.0,0.0,0.0,0.0,103341500.0,0.0
1557200000,Роздільнянська,0.0,0.0,0.0,0.0,0.0,109340800.0,0.0,0.0,0.0,0.0,0.0,109340800.0,0.0
1550600000,Розквітівська,0.0,0.0,0.0,0.0,0.0,18037600.0,0.0,0.0,0.0,0.0,0.0,18037600.0,0.0
1557300000,Савранська,0.0,0.0,0.0,0.0,0.0,59752900.0,0.0,0.0,0.0,0.0,0.0,59752900.0,0.0
1557400000,Саратська,0.0,0.0,0.0,0.0,0.0,68670600.0,0.0,0.0,0.0,0.0,0.0,68670600.0,0.0
1557500000,Саф'янівська,0.0,0.0,0.0,0.0,0.0,151649800.0,0.0,0.0,0.0,0.0,0.0,151649800.0,0.0
1557600000,Сергіївська,0.0,0.0,0.0,0.0,0.0,22002700.0,0.0,0.0,0.0,0.0,0.0,22002700.0,0.0
1557700000,Слобідська,0.0,0.0,0.0,0.0,0.0,9598400.0,0.0,0.0,0.0,0.0,0.0,9598400.0,0.0
1551500000,Старокозацька,0.0,0.0,0.0,0.0,0.0,73489500.0,0.0,0.0,0.0,0.0,0.0,73489500.0,0.0
1557800000,Старомаяківська,0.0,0.0,0.0,0.0,0.0,20183500.0,0.0,0.0,0.0,0.0,0.0,20183500.0,0.0
1557900000,Степанівська,0.0,0.0,0.0,0.0,0.0,25933700.0,0.0,0.0,0.0,0.0,0.0,25933700.0,0.0
1558000000,Стрюківська,0.0,0.0,0.0,0.0,0.0,11011100.0,0.0,0.0,0.0,0.0,0.0,11011100.0,0.0
1558300000,Татарбунарська,0.0,0.0,0.0,0.0,0.0,90166700.0,0.0,0.0,0.0,0.0,0.0,90166700.0,0.0
1552500000,Таїровська,0.0,0.0,0.0,0.0,0.0,27914700.0,0.0,0.0,0.0,0.0,0.0,27914700.0,0.0
1558400000,Теплицька,0.0,0.0,0.0,0.0,0.0,21277700.0,0.0,0.0,0.0,0.0,0.0,21277700.0,0.0
1558500000,Теплодарська,0.0,0.0,0.0,0.0,0.0,23310400.0,0.0,0.0,0.0,0.0,0.0,23310400.0,0.0
1550700000,Тузлівська,0.0,0.0,0.0,0.0,0.0,12509300.0,0.0,0.0,0.0,0.0,0.0,12509300.0,0.0
1558600000,Усатівська,0.0,0.0,0.0,0.0,0.0,51148500.0,0.0,0.0,0.0,0.0,0.0,51148500.0,0.0
1558700000,Успенівська,0.0,0.0,0.0,0.0,0.0,25387600.0,0.0,0.0,0.0,0.0,0.0,25387600.0,0.0
1558800000,Фонтанська,0.0,0.0,0.0,0.0,0.0,64371300.0,0.0,0.0,0.0,0.0,0.0,64371300.0,0.0
1552200000,Цебриківська,0.0,0.0,0.0,0.0,0.0,16450700.0,0.0,0.0,0.0,0.0,0.0,16450700.0,0.0
1553300000,Чернівська,0.0,0.0,0.0,0.0,0.0,23736200.0,0.0,0.0,0.0,0.0,0.0,23736200.0,0.0
1553700000,Чогодарівська,0.0,0.0,0.0,0.0,0.0,8528200.0,0.0,0.0,0.0,0.0,0.0,8528200.0,0.0
1558900000,Чорноморська,0.0,0.0,0.0,0.0,0.0,158908900.0,0.0,0.0,0.0,0.0,0.0,158908900.0,0.0
1551600000,Шабівська,0.0,0.0,0.0,0.0,0.0,56715000.0,0.0,0.0,0.0,0.0,0.0,56715000.0,0.0
1551000000,Ширяївська,0.0,0.0,0.0,0.0,0.0,38220500.0,0.0,0.0,0.0,0.0,0.0,38220500.0,0.0
1551200000,Яськівська,0.0,0.0,0.0,0.0,0.0,35678700.0,0.0,0.0,0.0,0.0,0.0,35678700.0,0.0
1655400000,Білицька,0.0,0.0,0.0,0.0,0.0,49113600.0,0.0,0.0,0.0,0.0,0.0,49113600.0,0.0
1650100000,Білоцерківська,0.0,0.0,0.0,0.0,0.0,25407400.0,0.0,0.0,0.0,0.0,0.0,25407400.0,0.0
1651900000,Великобагачанська,0.0,0.0,0.0,0.0,0.0,32409600.0,0.0,0.0,0.0,0.0,0.0,32409600.0,0.0
1654800000,Великобудищанська,0.0,0.0,0.0,0.0,0.0,21402300.0,0.0,0.0,0.0,0.0,0.0,21402300.0,0.0
1655500000,Великорублівська,0.0,0.0,0.0,0.0,0.0,17557200.0,0.0,0.0,0.0,0.0,0.0,17557200.0,0.0
1651600000,Великосорочинська,0.0,0.0,0.0,0.0,0.0,22425100.0,0.0,0.0,0.0,0.0,0.0,22425100.0,0.0
1654500000,Гадяцька,0.0,0.0,0.0,0.0,0.0,53778500.0,0.0,0.0,0.0,0.0,0.0,53778500.0,0.0
1650200000,Глобинська,0.0,0.0,0.0,0.0,0.0,92423300.0,0.0,0.0,0.0,0.0,0.0,92423300.0,0.0
1654900000,Гоголівська,0.0,0.0,0.0,0.0,0.0,13990400.0,0.0,0.0,0.0,0.0,0.0,13990400.0,0.0
1654600000,Горішньоплавнівська,0.0,0.0,0.0,0.0,0.0,115055200.0,0.0,0.0,0.0,0.0,0.0,115055200.0,0.0
1655600000,Градизька,0.0,0.0,0.0,0.0,0.0,56667200.0,0.0,0.0,0.0,0.0,0.0,56667200.0,0.0
1652100000,Гребінківська,0.0,0.0,0.0,0.0,0.0,67515300.0,0.0,0.0,0.0,0.0,0.0,67515300.0,0.0
1655700000,Диканська,0.0,0.0,0.0,0.0,0.0,62334600.0,0.0,0.0,0.0,0.0,0.0,62334600.0,0.0
1652600000,Драбинівська,0.0,0.0,0.0,0.0,0.0,14341900.0,0.0,0.0,0.0,0.0,0.0,14341900.0,0.0
1655800000,Заводська,0.0,0.0,0.0,0.0,0.0,25348400.0,0.0,0.0,0.0,0.0,0.0,25348400.0,0.0
1655000000,Зіньківська,0.0,0.0,0.0,0.0,0.0,80666596.0,20148120.0,0.0,0.0,0.0,0.0,100814716.0,0.0
1655900000,Кам'янопотоківська,0.0,0.0,0.0,0.0,0.0,32221600.0,0.0,0.0,0.0,0.0,0.0,32221600.0,0.0
1656000000,Карлівська,0.0,0.0,0.0,0.0,0.0,58704300.0,0.0,0.0,0.0,0.0,0.0,58704300.0,0.0
1656100000,Кобеляцька,0.0,0.0,0.0,0.0,0.0,84146600.0,0.0,0.0,0.0,0.0,0.0,84146600.0,0.0
1653400000,Козельщинська,0.0,0.0,0.0,0.0,0.0,53695600.0,0.0,0.0,0.0,0.0,0.0,53695600.0,0.0
1654100000,Коломацька,0.0,0.0,0.0,0.0,0.0,17303900.0,0.0,0.0,0.0,0.0,0.0,17303900.0,0.0
1656200000,Комишнянська,0.0,0.0,0.0,0.0,0.0,21780700.0,0.0,0.0,0.0,0.0,0.0,21780700.0,0.0
1656300000,Котелевська,0.0,0.0,0.0,0.0,0.0,43192700.0,0.0,0.0,0.0,0.0,0.0,43192700.0,0.0
1654200000,Краснолуцька,0.0,0.0,0.0,0.0,0.0,14402900.0,0.0,0.0,0.0,0.0,0.0,14402900.0,0.0
1656400000,Кременчуцька,0.0,0.0,0.0,63735956.0,0.0,372550100.0,0.0,0.0,0.0,0.0,63735956.0,372550100.0,0.0
1652200000,Ланнівська,0.0,0.0,0.0,0.0,0.0,27726400.0,0.0,0.0,0.0,0.0,0.0,27726400.0,0.0
1652400000,Лохвицька,0.0,0.0,0.0,0.0,0.0,66703300.0,0.0,0.0,0.0,0.0,0.0,66703300.0,0.0
1656500000,Лубенська,0.0,0.0,0.0,0.0,0.0,165216100.0,41625296.0,0.0,0.0,0.0,0.0,206841396.0,0.0
1656600000,Лютенська,0.0,0.0,0.0,0.0,0.0,18757600.0,0.0,0.0,0.0,0.0,0.0,18757600.0,0.0
1656700000,Мартинівська,0.0,0.0,0.0,0.0,0.0,14376700.0,0.0,0.0,0.0,0.0,0.0,14376700.0,0.0
1653900000,Мачухівська,0.0,0.0,0.0,0.0,0.0,25028500.0,0.0,0.0,0.0,0.0,0.0,25028500.0,0.0
1653500000,Машівська,0.0,0.0,0.0,0.0,0.0,41412100.0,0.0,0.0,0.0,0.0,0.0,41412100.0,0.0
1656800000,Миргородська,0.0,0.0,0.0,0.0,0.0,124120940.0,0.0,0.0,0.0,0.0,0.0,124120940.0,0.0
1653500000,Михайлівська,0.0,0.0,0.0,0.0,0.0,41412100.0,0.0,0.0,0.0,0.0,0.0,41412100.0,0.0
1652800000,Нехворощанська,0.0,0.0,0.0,0.0,0.0,21526400.0,0.0,0.0,0.0,0.0,0.0,21526400.0,0.0
1653100000,Новогалещинська,0.0,0.0,0.0,0.0,0.0,13066100.0,0.0,0.0,0.0,0.0,0.0,13066100.0,0.0
1655100000,Новооржицька,0.0,0.0,0.0,0.0,0.0,32273100.0,0.0,0.0,0.0,0.0,0.0,32273100.0,0.0
1653000000,Новосанжарська,0.0,0.0,0.0,0.0,0.0,78091300.0,0.0,0.0,0.0,0.0,0.0,78091300.0,0.0
1654700000,Новоселівська,0.0,0.0,0.0,0.0,0.0,20352100.0,0.0,0.0,0.0,0.0,0.0,20352100.0,0.0
1653700000,Оболонська,0.0,0.0,0.0,0.0,0.0,22016900.0,0.0,0.0,0.0,0.0,0.0,22016900.0,0.0
1650500000,Омельницька,0.0,0.0,0.0,0.0,0.0,14321300.0,0.0,0.0,0.0,0.0,0.0,14321300.0,0.0
1654300000,Опішнянська,0.0,0.0,0.0,0.0,0.0,21439300.0,0.0,0.0,0.0,0.0,0.0,21439300.0,0.0
1656900000,Оржицька,0.0,0.0,0.0,0.0,0.0,51504700.0,0.0,0.0,0.0,0.0,0.0,51504700.0,0.0
1653300000,Петрівсько-Роменська,0.0,0.0,0.0,0.0,0.0,12080700.0,0.0,0.0,0.0,0.0,0.0,12080700.0,0.0
1650600000,Пирятинська,0.0,0.0,0.0,0.0,0.0,93136800.0,0.0,0.0,0.0,0.0,0.0,93136800.0,0.0
1657010000,Полтавська,0.0,0.0,0.0,0.0,0.0,640593928.0,73949107.0,0.0,0.0,0.0,0.0,714543035.0,0.0
1650900000,Пришибська,0.0,0.0,0.0,0.0,0.0,8630000.0,0.0,0.0,0.0,0.0,0.0,8630000.0,0.0
1651500000,Решетилівська,0.0,0.0,0.0,0.0,0.0,89987200.0,0.0,0.0,0.0,0.0,0.0,89987200.0,0.0
1655300000,Ромоданівська,0.0,0.0,0.0,0.0,0.0,12325500.0,0.0,0.0,0.0,0.0,0.0,12325500.0,0.0
1651000000,Семенівська,0.0,0.0,0.0,0.0,0.0,52058500.0,0.0,0.0,0.0,0.0,0.0,52058500.0,0.0
1653200000,Сенчанська,0.0,0.0,0.0,0.0,0.0,29311700.0,0.0,0.0,0.0,0.0,0.0,29311700.0,0.0
1651800000,Сергіївська,0.0,0.0,0.0,0.0,0.0,13003900.0,0.0,0.0,0.0,0.0,0.0,13003900.0,0.0
1651300000,Скороходівська,0.0,0.0,0.0,0.0,0.0,33036700.0,0.0,0.0,0.0,0.0,0.0,33036700.0,0.0
1654000000,Терешківська,0.0,0.0,0.0,0.0,0.0,26006700.0,0.0,0.0,0.0,0.0,0.0,26006700.0,0.0
1657100000,Хорольська,0.0,0.0,0.0,0.0,0.0,96278200.0,0.0,0.0,0.0,0.0,0.0,96278200.0,0.0
1654400000,Чорнухинська,0.0,0.0,0.0,0.0,0.0,31265100.0,0.0,0.0,0.0,0.0,0.0,31265100.0,0.0
1657200000,Чутівська,0.0,0.0,0.0,0.0,0.0,40719300.0,0.0,0.0,0.0,0.0,0.0,40719300.0,0.0
1651200000,Шишацька,0.0,0.0,0.0,0.0,0.0,58573600.0,0.0,0.0,0.0,0.0,0.0,58573600.0,0.0
1653600000,Щербанівська,0.0,0.0,0.0,0.0,0.0,50138700.0,0.0,0.0,0.0,0.0,0.0,50138700.0,0.0
1753700000,Антонівська,0.0,0.0,0.0,0.0,0.0,26756900.0,37854000.0,0.0,0.0,0.0,0.0,64610900.0,0.0
1750100000,Бабинська,0.0,0.0,0.0,0.0,0.0,34211400.0,0.0,0.0,0.0,0.0,0.0,34211400.0,0.0
1754700000,Березнівська,0.0,0.0,0.0,0.0,0.0,282222100.0,0.0,0.0,0.0,0.0,0.0,282222100.0,0.0
1754600000,Березівська,0.0,0.0,0.0,0.0,0.0,99891900.0,0.0,0.0,0.0,0.0,0.0,99891900.0,0.0
1751900000,Бокіймівська,0.0,0.0,0.0,0.0,0.0,20765100.0,0.0,0.0,0.0,0.0,0.0,20765100.0,0.0
1751600000,Боремельська,0.0,0.0,0.0,0.0,0.0,14000300.0,0.0,0.0,0.0,0.0,0.0,14000300.0,0.0
1750200000,Бугринська,0.0,0.0,0.0,0.0,0.0,20819700.0,0.0,0.0,0.0,0.0,0.0,20819700.0,0.0
1754800000,Білокриницька,0.0,0.0,0.0,0.0,0.0,40835800.0,0.0,0.0,0.0,0.0,0.0,40835800.0,0.0
1753200000,Вараська,0.0,0.0,0.0,0.0,0.0,189087700.0,0.0,0.0,0.0,0.0,0.0,189087700.0,0.0
1754900000,Варковицька,0.0,0.0,0.0,0.0,0.0,21158800.0,0.0,0.0,0.0,0.0,0.0,21158800.0,0.0
1755000000,Великомежиріцька,0.0,0.0,0.0,0.0,0.0,27651000.0,0.0,0.0,0.0,0.0,0.0,27651000.0,0.0
1753800000,Великоомелянська,0.0,0.0,0.0,0.0,0.0,15678600.0,0.0,0.0,0.0,0.0,0.0,15678600.0,0.0
1755100000,Вербська,0.0,0.0,0.0,0.0,0.0,16287200.0,0.0,0.0,0.0,0.0,0.0,16287200.0,0.0
1753900000,Вирівська,0.0,0.0,0.0,0.0,0.0,80008000.0,80421159.0,0.0,0.0,0.0,0.0,160429159.0,0.0
1751200000,Висоцька,0.0,0.0,0.0,0.0,0.0,23540400.0,0.0,0.0,0.0,0.0,0.0,23540400.0,0.0
1755200000,Володимирецька,0.0,0.0,0.0,0.0,0.0,156386206.0,0.0,0.0,0.0,0.0,0.0,156386206.0,0.0
1754000000,Головинська,0.0,0.0,0.0,0.0,0.0,42959200.0,0.0,0.0,0.0,0.0,0.0,42959200.0,0.0
1755300000,Городоцька,0.0,0.0,0.0,0.0,0.0,35619200.0,0.0,0.0,0.0,0.0,0.0,35619200.0,0.0
1755400000,Гощанська,0.0,0.0,0.0,0.0,0.0,79339100.0,31959111.0,0.0,0.0,0.0,0.0,111298211.0,0.0
1752400000,Демидівська,0.0,0.0,0.0,0.0,0.0,43544700.0,0.0,0.0,0.0,0.0,0.0,43544700.0,0.0
1751700000,Деражненська,0.0,0.0,0.0,0.0,0.0,30680000.0,0.0,0.0,0.0,0.0,0.0,30680000.0,0.0
1755500000,Дубенська,0.0,0.0,0.0,0.0,0.0,103592794.0,14647364.0,0.0,0.0,0.0,0.0,118240158.0,0.0
1755600000,Дубровицька,0.0,0.0,0.0,0.0,0.0,150291800.0,0.0,0.0,0.0,0.0,0.0,150291800.0,0.0
1752900000,Дядьковицька,0.0,0.0,0.0,0.0,0.0,22251400.0,0.0,0.0,0.0,0.0,0.0,22251400.0,0.0
1755700000,Зарічненська,0.0,0.0,0.0,0.0,0.0,149487000.0,0.0,0.0,0.0,0.0,0.0,149487000.0,0.0
1755800000,Здовбицька,0.0,0.0,0.0,0.0,0.0,39387600.0,0.0,0.0,0.0,0.0,0.0,39387600.0,0.0
1755900000,Здолбунівська,0.0,0.0,0.0,0.0,0.0,109231000.0,0.0,0.0,0.0,0.0,0.0,109231000.0,0.0
1756000000,Зорянська,0.0,0.0,0.0,0.0,0.0,41054700.0,0.0,0.0,0.0,0.0,0.0,41054700.0,0.0
1754100000,Каноницька,0.0,0.0,0.0,0.0,0.0,36672600.0,0.0,0.0,0.0,0.0,0.0,36672600.0,0.0
1752200000,Клеванська,0.0,0.0,0.0,0.0,0.0,42172000.0,0.0,0.0,0.0,0.0,0.0,42172000.0,0.0
1750300000,Клесівська,0.0,0.0,0.0,0.0,0.0,44515700.0,0.0,0.0,0.0,0.0,0.0,44515700.0,0.0
1751400000,Козинська,0.0,0.0,0.0,0.0,0.0,24992700.0,0.0,0.0,0.0,0.0,0.0,24992700.0,0.0
1756100000,Корецька,0.0,0.0,0.0,0.0,0.0,109022400.0,0.0,0.0,0.0,0.0,0.0,109022400.0,0.0
1753000000,Корнинська,0.0,0.0,0.0,0.0,0.0,28696200.0,0.0,0.0,0.0,0.0,0.0,28696200.0,0.0
1756200000,Костопільська,0.0,0.0,0.0,0.0,0.0,142630200.0,0.0,0.0,0.0,0.0,0.0,142630200.0,0.0
1750700000,Крупецька,0.0,0.0,0.0,0.0,0.0,44251200.0,0.0,0.0,0.0,0.0,0.0,44251200.0,0.0
1751000000,Локницька,0.0,0.0,0.0,0.0,0.0,30702700.0,0.0,0.0,0.0,0.0,0.0,30702700.0,0.0
1753600000,Малинська,0.0,0.0,0.0,0.0,0.0,37182800.0,0.0,0.0,0.0,0.0,0.0,37182800.0,0.0
1752500000,Малолюбашанська,0.0,0.0,0.0,0.0,0.0,28138500.0,0.0,0.0,0.0,0.0,0.0,28138500.0,0.0
1750400000,Миляцька,0.0,0.0,0.0,0.0,0.0,41361400.0,0.0,0.0,0.0,0.0,0.0,41361400.0,0.0
1750900000,Мирогощанська,0.0,0.0,0.0,0.0,0.0,25533300.0,0.0,0.0,0.0,0.0,0.0,25533300.0,0.0
1751500000,Млинівська,0.0,0.0,0.0,0.0,0.0,73473500.0,0.0,0.0,0.0,0.0,0.0,73473500.0,0.0
1756300000,Мізоцька,0.0,0.0,0.0,0.0,0.0,36883800.0,0.0,0.0,0.0,0.0,0.0,36883800.0,0.0
1752300000,Немовицька,0.0,0.0,0.0,0.0,0.0,59806900.0,0.0,0.0,0.0,0.0,0.0,59806900.0,0.0
1752600000,Олександрійська,0.0,0.0,0.0,0.0,0.0,40839600.0,0.0,0.0,0.0,0.0,0.0,40839600.0,0.0
1751800000,Острожецька,0.0,0.0,0.0,0.0,0.0,31821300.0,0.0,0.0,0.0,0.0,0.0,31821300.0,0.0
1753400000,Острозька,0.0,0.0,0.0,0.0,0.0,133019600.0,80000000.0,0.0,0.0,0.0,0.0,213019600.0,0.0
1752800000,Повчанська,0.0,0.0,0.0,0.0,0.0,11471000.0,0.0,0.0,0.0,0.0,0.0,11471000.0,0.0
1754300000,Полицька,0.0,0.0,0.0,0.0,0.0,27972200.0,0.0,0.0,0.0,0.0,0.0,27972200.0,0.0
1750800000,Привільненська,0.0,0.0,0.0,0.0,0.0,22046100.0,0.0,0.0,0.0,0.0,0.0,22046100.0,0.0
1750500000,Підлозцівська,0.0,0.0,0.0,0.0,0.0,9794400.0,0.0,0.0,0.0,0.0,0.0,9794400.0,0.0
1750600000,Радивилівська,0.0,0.0,0.0,0.0,0.0,63169200.0,0.0,0.0,0.0,0.0,0.0,63169200.0,0.0
1754400000,Рафалівська,0.0,0.0,0.0,0.0,0.0,28317500.0,0.0,0.0,0.0,0.0,0.0,28317500.0,0.0
1756500000,Рокитнівська,0.0,0.0,0.0,0.0,0.0,206945500.0,0.0,0.0,0.0,0.0,0.0,206945500.0,0.0
1756400000,Рівненська,0.0,0.0,0.0,0.0,0.0,646839800.0,0.0,1810000.0,0.0,0.0,0.0,648649800.0,0.0
1756600000,Сарненська,0.0,0.0,0.0,0.0,0.0,286517900.0,28738623.0,0.0,0.0,0.0,0.0,315256523.0,0.0
1754500000,Семидубська,0.0,0.0,0.0,0.0,0.0,14350300.0,0.0,0.0,0.0,0.0,0.0,14350300.0,0.0
1751100000,Смизька,0.0,0.0,0.0,0.0,0.0,28805400.0,0.0,0.0,0.0,0.0,0.0,28805400.0,0.0
1756700000,Соснівська,0.0,0.0,0.0,0.0,0.0,23359900.0,0.0,0.0,0.0,0.0,0.0,23359900.0,0.0
1753100000,Старосільська,0.0,0.0,0.0,0.0,0.0,61298400.0,18639052.0,0.0,0.0,0.0,0.0,79937452.0,0.0
1753500000,Степанська,0.0,0.0,0.0,0.0,0.0,24843700.0,0.0,0.0,0.0,0.0,0.0,24843700.0,0.0
1752000000,Тараканівська,0.0,0.0,0.0,0.0,0.0,25533800.0,0.0,0.0,0.0,0.0,0.0,25533800.0,0.0
1752700000,Шпанівська,0.0,0.0,0.0,0.0,0.0,36972000.0,0.0,0.0,0.0,0.0,0.0,36972000.0,0.0
1752100000,Ярославицька,0.0,0.0,0.0,0.0,0.0,12230200.0,0.0,0.0,0.0,0.0,0.0,12230200.0,0.0
1852900000,Андріяшівська,0.0,0.0,0.0,0.0,0.0,27061600.0,0.0,0.0,0.0,0.0,0.0,27061600.0,0.0
1850900000,Бездрицька,0.0,0.0,0.0,0.0,0.0,11068400.0,0.0,0.0,0.0,0.0,0.0,11068400.0,0.0
1850100000,Березівська,0.0,0.0,0.0,0.0,0.0,17513700.0,0.0,0.0,0.0,0.0,0.0,17513700.0,0.0
1851000000,Боромлянська,0.0,0.0,0.0,0.0,0.0,14548100.0,0.0,0.0,0.0,0.0,0.0,14548100.0,0.0
1851800000,Бочечківська,0.0,0.0,0.0,0.0,0.0,15551000.0,0.0,0.0,0.0,0.0,0.0,15551000.0,0.0
1851900000,Буринська,0.0,0.0,0.0,0.0,0.0,57743600.0,896164.0,0.0,0.0,0.0,0.0,58639764.0,0.0
1853500000,Білопільська,0.0,0.0,0.0,0.0,0.0,37972300.0,0.0,0.0,0.0,0.0,0.0,37972300.0,0.0
1853900000,Великописарівська,0.0,0.0,0.0,0.0,0.0,18147500.0,0.0,0.0,0.0,0.0,0.0,18147500.0,0.0
1852700000,Верхньосироватська,0.0,0.0,0.0,0.0,0.0,15063200.0,0.0,0.0,0.0,0.0,0.0,15063200.0,0.0
1854000000,Ворожбянська,0.0,0.0,0.0,0.0,0.0,13577000.0,0.0,0.0,0.0,0.0,0.0,13577000.0,0.0
1851500000,Вільшанська,0.0,0.0,0.0,0.0,0.0,10919000.0,0.0,0.0,0.0,0.0,0.0,10919000.0,0.0
1854100000,Глухівська,0.0,0.0,0.0,0.0,0.0,60722300.0,0.0,0.0,0.0,0.0,0.0,60722300.0,0.0
1851100000,Грунська,0.0,0.0,0.0,0.0,0.0,14859800.0,0.0,0.0,0.0,0.0,0.0,14859800.0,0.0
1852000000,Дубов'язівська,0.0,0.0,0.0,0.0,0.0,26226100.0,0.0,0.0,0.0,0.0,0.0,26226100.0,0.0
1854200000,Есманьська,0.0,0.0,0.0,0.0,0.0,8630100.0,0.0,0.0,0.0,0.0,0.0,8630100.0,0.0
1850300000,Зноб-Новгородська,0.0,0.0,0.0,0.0,0.0,9575200.0,0.0,0.0,0.0,0.0,0.0,9575200.0,0.0
1850400000,Кириківська,0.0,0.0,0.0,0.0,0.0,14757300.0,0.0,0.0,0.0,0.0,0.0,14757300.0,0.0
1852200000,Комишанська,0.0,0.0,0.0,0.0,0.0,12792300.0,0.0,0.0,0.0,0.0,0.0,12792300.0,0.0
1853400000,Конотопська,0.0,0.0,0.0,0.0,0.0,135116568.0,0.0,0.0,0.0,0.0,0.0,135116568.0,0.0
1852100000,Коровинська,0.0,0.0,0.0,0.0,0.0,8630800.0,0.0,0.0,0.0,0.0,0.0,8630800.0,0.0
1851700000,Краснопільська,0.0,0.0,0.0,0.0,0.0,45236400.0,0.0,0.0,0.0,0.0,0.0,45236400.0,0.0
1851600000,Кролевецька,0.0,0.0,0.0,0.0,0.0,86403166.0,52412596.0,0.0,0.0,0.0,0.0,138815762.0,0.0
1854300000,Лебединська,0.0,0.0,0.0,0.0,0.0,106224600.0,0.0,0.0,0.0,0.0,0.0,106224600.0,0.0
1853200000,Липоводолинська,0.0,0.0,0.0,0.0,0.0,36425319.0,0.0,0.0,0.0,0.0,0.0,36425319.0,0.0
1851200000,Миколаївська,0.0,0.0,0.0,0.0,0.0,13239400.0,0.0,0.0,0.0,0.0,0.0,13239400.0,0.0
1851300000,Миропільська,0.0,0.0,0.0,0.0,0.0,13149600.0,0.0,0.0,0.0,0.0,0.0,13149600.0,0.0
1850600000,Недригайлівська,0.0,0.0,0.0,0.0,0.0,26840200.0,0.0,0.0,0.0,0.0,0.0,26840200.0,0.0
1851400000,Нижньосироватська,0.0,0.0,0.0,0.0,0.0,16251700.0,0.0,0.0,0.0,0.0,0.0,16251700.0,0.0
1852400000,Новослобідська,0.0,0.0,0.0,0.0,0.0,10857500.0,0.0,0.0,0.0,0.0,0.0,10857500.0,0.0
1853700000,Охтирська,0.0,46197403.0,0.0,0.0,0.0,100618214.0,0.0,0.0,0.0,0.0,46197403.0,100618214.0,0.0
1854400000,Попівська,0.0,0.0,0.0,0.0,0.0,42702400.0,0.0,0.0,0.0,100000000.0,0.0,42702400.0,100000000.0
1853800000,Путивльська,0.0,0.0,0.0,0.0,0.0,46366316.0,0.0,0.0,0.0,0.0,0.0,46366316.0,0.0
1854500000,Роменська,0.0,0.0,0.0,0.0,0.0,156791000.0,0.0,0.0,0.0,20000000.0,0.0,156791000.0,20000000.0
1853300000,Річківська,0.0,0.0,0.0,0.0,0.0,12196900.0,0.0,0.0,0.0,0.0,0.0,12196900.0,0.0
1854600000,Садівська,0.0,0.0,0.0,0.0,0.0,26484900.0,0.0,0.0,0.0,0.0,0.0,26484900.0,0.0
1854700000,Свеська,0.0,0.0,0.0,0.0,0.0,13464100.0,0.0,0.0,0.0,0.0,0.0,13464100.0,0.0
1854800000,Середино-Будська,0.0,0.0,0.0,0.0,0.0,20839500.0,0.0,0.0,0.0,0.0,0.0,20839500.0,0.0
1853600000,Синівська,0.0,0.0,0.0,0.0,0.0,12518400.0,0.0,0.0,0.0,0.0,0.0,12518400.0,0.0
1852500000,Степанівська,0.0,0.0,0.0,0.0,0.0,30199200.0,0.0,0.0,0.0,0.0,0.0,30199200.0,0.0
1853100000,Сумська,0.0,0.0,0.0,0.0,0.0,553695750.0,213902286.0,14700000.0,0.0,0.0,0.0,782298036.0,0.0
1852600000,Тростянецька,0.0,0.0,0.0,0.0,0.0,70984620.0,0.0,0.0,0.0,0.0,0.0,70984620.0,0.0
1854900000,Хмелівська,0.0,0.0,0.0,0.0,0.0,15570400.0,0.0,0.0,0.0,0.0,0.0,15570400.0,0.0
1850700000,Хотінська,0.0,0.0,0.0,0.0,0.0,10239800.0,0.0,0.0,0.0,0.0,0.0,10239800.0,0.0
1850200000,Хутір-Михайлівська,0.0,0.0,0.0,0.0,0.0,7857200.0,0.0,0.0,0.0,0.0,0.0,7857200.0,0.0
1852300000,Чернеччинська,0.0,0.0,0.0,0.0,0.0,33827400.0,0.0,0.0,0.0,0.0,0.0,33827400.0,0.0
1852800000,Чупахівська,0.0,0.0,0.0,0.0,245718.0,12714200.0,0.0,0.0,0.0,0.0,245718.0,12714200.0,0.0
1850800000,Шалигинська,0.0,0.0,0.0,0.0,0.0,4299900.0,0.0,0.0,0.0,0.0,0.0,4299900.0,0.0
1853000000,Шосткинська,0.0,0.0,0.0,0.0,0.0,158711939.0,23111913.0,0.0,0.0,0.0,0.0,181823852.0,0.0
1855000000,Юнаківська,0.0,0.0,0.0,0.0,0.0,10373200.0,0.0,0.0,0.0,0.0,0.0,10373200.0,0.0
1851300000,Ямпільська,0.0,0.0,0.0,0.0,0.0,13149600.0,0.0,0.0,0.0,0.0,0.0,13149600.0,0.0
1955900000,Іване-Пустенська,0.0,0.0,0.0,0.0,0.0,13647300.0,0.0,0.0,0.0,0.0,0.0,13647300.0,0.0
1950900000,Іванівська,0.0,0.0,0.0,0.0,0.0,8857100.0,0.0,0.0,0.0,0.0,0.0,8857100.0,0.0
1950100000,Байковецька,0.0,0.0,0.0,0.0,0.0,30126200.0,0.0,0.0,0.0,0.0,0.0,30126200.0,0.0
1954800000,Бережанська,0.0,0.0,0.0,0.0,0.0,52034600.0,0.0,0.0,0.0,0.0,0.0,52034600.0,0.0
1953200000,Борсуківська,0.0,0.0,0.0,0.0,0.0,24377100.0,0.0,0.0,0.0,0.0,0.0,24377100.0,0.0
1952700000,Борщівська,0.0,0.0,0.0,0.0,0.0,76308600.0,0.0,0.0,0.0,0.0,0.0,76308600.0,0.0
1955500000,Бучацька,0.0,0.0,0.0,0.0,0.0,119932200.0,0.0,0.0,0.0,0.0,0.0,119932200.0,0.0
1954300000,Білецька,0.0,0.0,0.0,0.0,0.0,29679800.0,0.0,0.0,0.0,0.0,0.0,29679800.0,0.0
1950200000,Білобожницька,0.0,0.0,0.0,0.0,0.0,30771800.0,0.0,0.0,0.0,0.0,0.0,30771800.0,0.0
1953100000,Більче-Золотецька,0.0,0.0,0.0,0.0,0.0,9957900.0,0.0,0.0,0.0,0.0,0.0,9957900.0,0.0
1950300000,Васильковецька,0.0,0.0,0.0,0.0,184290.0,26090700.0,0.0,0.0,0.0,0.0,184290.0,26090700.0,0.0
1955600000,Великоберезовицька,0.0,0.0,0.0,0.0,0.0,62164600.0,0.0,0.0,0.0,0.0,0.0,62164600.0,0.0
1955000000,Великобірківська,0.0,0.0,0.0,0.0,0.0,14769000.0,0.0,0.0,0.0,0.0,0.0,14769000.0,0.0
1950400000,Великогаївська,0.0,0.0,0.0,0.0,0.0,35570500.0,0.0,0.0,0.0,0.0,0.0,35570500.0,0.0
1953300000,Великодедеркальська,0.0,0.0,0.0,0.0,0.0,20087100.0,0.0,0.0,0.0,0.0,0.0,20087100.0,0.0
1952800000,Вишнівецька,0.0,0.0,0.0,0.0,92145.0,54980100.0,0.0,0.0,0.0,0.0,92145.0,54980100.0,0.0
1952900000,Гримайлівська,0.0,0.0,0.0,0.0,0.0,22844600.0,0.0,0.0,0.0,0.0,0.0,22844600.0,0.0
1950500000,Гусятинська,0.0,0.0,0.0,0.0,0.0,35434700.0,0.0,0.0,0.0,0.0,0.0,35434700.0,0.0
1950600000,Заводська,0.0,0.0,0.0,0.0,0.0,14576000.0,0.0,0.0,0.0,0.0,0.0,14576000.0,0.0
1953000000,Залозецька,0.0,0.0,0.0,0.0,0.0,33185300.0,0.0,0.0,0.0,0.0,0.0,33185300.0,0.0
1955700000,Заліщицька,0.0,0.0,0.0,0.0,0.0,67366500.0,0.0,0.0,0.0,0.0,0.0,67366500.0,0.0
1955800000,Збаразька,0.0,0.0,0.0,0.0,0.0,104510600.0,0.0,0.0,0.0,0.0,0.0,104510600.0,0.0
1954000000,Зборівська,0.0,0.0,0.0,0.0,0.0,56563700.0,0.0,0.0,0.0,0.0,0.0,56563700.0,0.0
1950700000,Золотниківська,0.0,0.0,0.0,0.0,0.0,20322800.0,0.0,0.0,0.0,0.0,0.0,20322800.0,0.0
1950800000,Золотопотіцька,0.0,0.0,0.0,0.0,0.0,73865200.0,0.0,0.0,0.0,0.0,0.0,73865200.0,0.0
1951000000,Козлівська,0.0,0.0,0.0,0.0,0.0,10120200.0,0.0,0.0,0.0,0.0,0.0,10120200.0,0.0
1956000000,Козівська,0.0,0.0,0.0,0.0,0.0,64564900.0,0.0,0.0,0.0,0.0,0.0,64564900.0,0.0
1951100000,Колиндянська,0.0,0.0,0.0,0.0,0.0,20310200.0,0.0,0.0,0.0,0.0,0.0,20310200.0,0.0
1954400000,Копичинецька,0.0,0.0,0.0,0.0,0.0,37305000.0,0.0,0.0,0.0,0.0,0.0,37305000.0,0.0
1951300000,Коропецька,0.0,0.0,0.0,0.0,0.0,11280500.0,0.0,0.0,0.0,0.0,0.0,11280500.0,0.0
1956100000,Кременецька,0.0,0.0,0.0,0.0,0.0,148884878.0,0.0,0.0,0.0,0.0,0.0,148884878.0,0.0
1954500000,Купчинецька,0.0,0.0,0.0,0.0,0.0,13458500.0,0.0,0.0,0.0,0.0,0.0,13458500.0,0.0
1953800000,Лановецька,0.0,0.0,0.0,0.0,0.0,73592400.0,0.0,0.0,0.0,0.0,0.0,73592400.0,0.0
1951400000,Лопушненська,0.0,0.0,0.0,0.0,0.0,25560700.0,0.0,0.0,0.0,0.0,0.0,25560700.0,0.0
1951500000,Мельнице-Подільська,0.0,0.0,0.0,0.0,0.0,46962500.0,0.0,0.0,0.0,0.0,0.0,46962500.0,0.0
1951600000,Микулинецька,0.0,0.0,0.0,0.0,0.0,46912200.0,0.0,0.0,0.0,0.0,0.0,46912200.0,0.0
1954600000,Монастириська,0.0,0.0,0.0,0.0,0.0,61344072.0,0.0,0.0,0.0,0.0,0.0,61344072.0,0.0
1956200000,Нагірянська,0.0,0.0,0.0,0.0,0.0,23488000.0,0.0,0.0,0.0,0.0,0.0,23488000.0,0.0
1955300000,Нараївська,0.0,0.0,0.0,0.0,0.0,22347700.0,0.0,0.0,0.0,0.0,0.0,22347700.0,0.0
1951800000,Озернянська,0.0,0.0,0.0,0.0,0.0,23767800.0,0.0,0.0,0.0,0.0,0.0,23767800.0,0.0
1952100000,Почаївська,0.0,0.0,0.0,0.0,0.0,69047900.0,0.0,0.0,0.0,0.0,0.0,69047900.0,0.0
1952000000,Підволочиська,0.0,0.0,0.0,0.0,0.0,45656200.0,0.0,0.0,0.0,0.0,0.0,45656200.0,0.0
1956300000,Підгаєцька,0.0,0.0,0.0,0.0,0.0,53010000.0,0.0,0.0,0.0,0.0,0.0,53010000.0,0.0
1956400000,Підгородненська,0.0,0.0,0.0,0.0,0.0,19601600.0,0.0,0.0,0.0,0.0,0.0,19601600.0,0.0
1953700000,Саранчуківська,0.0,0.0,0.0,0.0,0.0,21308800.0,0.0,0.0,0.0,0.0,0.0,21308800.0,0.0
1952200000,Скала-Подільська,0.0,0.0,0.0,0.0,0.0,23892800.0,0.0,0.0,0.0,0.0,0.0,23892800.0,0.0
1952300000,Скалатська,0.0,0.0,0.0,0.0,0.0,38999000.0,0.0,0.0,0.0,0.0,0.0,38999000.0,0.0
1952400000,Скориківська,0.0,0.0,0.0,0.0,0.0,24030700.0,0.0,0.0,0.0,0.0,0.0,24030700.0,0.0
1952500000,Теребовлянська,0.0,0.0,0.0,0.0,0.0,75859000.0,16663545.0,0.0,0.0,0.0,0.0,92522545.0,0.0
1954900000,Тернопільська,0.0,0.0,0.0,0.0,0.0,606950029.0,0.0,16013250.0,0.0,0.0,0.0,622963279.0,0.0
1954200000,Товстенська,0.0,0.0,0.0,0.0,0.0,51639500.0,0.0,0.0,0.0,0.0,0.0,51639500.0,0.0
1953500000,Трибухівська,0.0,0.0,0.0,0.0,153575.0,27272000.0,0.0,0.0,0.0,0.0,153575.0,27272000.0,0.0
1953900000,Хоростківська,0.0,0.0,0.0,0.0,0.0,34504000.0,0.0,0.0,0.0,0.0,0.0,34504000.0,0.0
1955400000,Чортківська,0.0,0.0,0.0,0.0,0.0,83692800.0,0.0,0.0,0.0,0.0,0.0,83692800.0,0.0
1952600000,Шумська,0.0,0.0,0.0,0.0,0.0,84270651.0,0.0,0.0,0.0,0.0,0.0,84270651.0,0.0
0253300000,Іванівська,0.0,0.0,0.0,0.0,0.0,52129900.0,0.0,0.0,0.0,0.0,0.0,52129900.0,0.0
0250300000,Іллінецька,0.0,0.0,0.0,0.0,0.0,65687800.0,0.0,0.0,0.0,0.0,0.0,65687800.0,0.0
0254700000,Агрономічна,0.0,0.0,0.0,0.0,0.0,34295800.0,0.0,0.0,0.0,0.0,0.0,34295800.0,0.0
0251400000,Бабчинецька,0.0,0.0,0.0,0.0,0.0,15677200.0,0.0,0.0,0.0,0.0,0.0,15677200.0,0.0
0250500000,Барська,0.0,0.0,0.0,0.0,0.0,132118900.0,0.0,0.0,0.0,0.0,0.0,132118900.0,0.0
0254800000,Бершадська,0.0,0.0,0.0,0.0,0.0,129029500.0,0.0,0.0,0.0,0.0,0.0,129029500.0,0.0
0252900000,Брацлавська,0.0,0.0,0.0,0.0,0.0,22520000.0,0.0,0.0,0.0,0.0,0.0,22520000.0,0.0
0250400000,Вапнярська,0.0,0.0,0.0,0.0,0.0,27463900.0,0.0,0.0,0.0,0.0,0.0,27463900.0,0.0
0254900000,Вендичанська,0.0,0.0,0.0,0.0,0.0,29515700.0,0.0,0.0,0.0,0.0,0.0,29515700.0,0.0
0250800000,Вороновицька,0.0,0.0,0.0,0.0,0.0,49192600.0,0.0,0.0,0.0,0.0,0.0,49192600.0,0.0
0253600000,Вінницька,0.0,0.0,0.0,0.0,0.0,912239240.0,0.0,0.0,0.0,0.0,0.0,912239240.0,0.0
0255000000,Гайсинська,0.0,0.0,0.0,0.0,0.0,126218600.0,0.0,0.0,0.0,0.0,0.0,126218600.0,0.0
0252700000,Глуховецька,0.0,0.0,0.0,0.0,0.0,41103800.0,0.0,0.0,0.0,0.0,0.0,41103800.0,0.0
0253300000,Гніванська,0.0,0.0,0.0,0.0,0.0,52129900.0,0.0,0.0,0.0,0.0,0.0,52129900.0,0.0
0255100000,Городківська,0.0,0.0,0.0,0.0,0.0,34012000.0,0.0,0.0,0.0,0.0,0.0,34012000.0,0.0
0250900000,Дашівська,0.0,0.0,0.0,0.0,0.0,46185700.0,0.0,0.0,0.0,0.0,0.0,46185700.0,0.0
0251600000,Джулинська,0.0,0.0,0.0,0.0,0.0,46734000.0,0.0,0.0,0.0,0.0,0.0,46734000.0,0.0
0255200000,Джуринська,0.0,0.0,0.0,0.0,0.0,38352000.0,0.0,0.0,0.0,0.0,0.0,38352000.0,0.0
0250900000,Жданівська,0.0,0.0,0.0,0.0,0.0,46185700.0,0.0,0.0,0.0,0.0,0.0,46185700.0,0.0
0254200000,Жмеринська,0.0,0.0,0.0,0.0,0.0,149332000.0,3050382.0,0.0,0.0,0.0,0.0,152382382.0,0.0
0250100000,Калинівська,0.0,0.0,0.0,0.0,0.0,159222600.0,0.0,0.0,0.0,0.0,0.0,159222600.0,0.0
0255300000,Козятинська,0.0,0.0,0.0,0.0,0.0,95322900.0,0.0,0.0,0.0,0.0,0.0,95322900.0,0.0
0255400000,Копайгородська,0.0,0.0,0.0,0.0,0.0,24499100.0,0.0,0.0,0.0,0.0,0.0,24499100.0,0.0
0255500000,Краснопільська,0.0,0.0,0.0,0.0,0.0,57281900.0,0.0,0.0,0.0,0.0,0.0,57281900.0,0.0
0255500000,Крижопільська,0.0,0.0,0.0,0.0,0.0,57281900.0,0.0,0.0,0.0,0.0,0.0,57281900.0,0.0
0252400000,Кунківська,0.0,0.0,0.0,0.0,0.0,12255500.0,0.0,0.0,0.0,0.0,0.0,12255500.0,0.0
0255600000,Ладижинська,0.0,0.0,0.0,0.0,0.0,57527200.0,55480239.0,0.0,0.0,0.0,0.0,113007439.0,0.0
0255700000,Липовецька,0.0,0.0,0.0,0.0,0.0,64111000.0,0.0,0.0,0.0,0.0,0.0,64111000.0,0.0
0253000000,Лука-Мелешківська,0.0,0.0,0.0,0.0,0.0,46878800.0,0.0,0.0,0.0,0.0,0.0,46878800.0,0.0
0254100000,Літинська,0.0,0.0,0.0,0.0,0.0,75578600.0,0.0,0.0,0.0,0.0,0.0,75578600.0,0.0
0254600000,Махнівська,0.0,0.0,0.0,0.0,0.0,22669100.0,0.0,0.0,0.0,0.0,0.0,22669100.0,0.0
0255800000,Могилів-Подільська,0.0,0.0,0.0,0.0,0.0,108293732.0,0.0,0.0,0.0,0.0,0.0,108293732.0,0.0
0252200000,Мурафська,0.0,0.0,0.0,0.0,0.0,48147800.0,0.0,0.0,0.0,0.0,0.0,48147800.0,0.0
0255900000,Мурованокуриловецька,0.0,0.0,0.0,0.0,0.0,64668300.0,0.0,0.0,0.0,0.0,0.0,64668300.0,0.0
0250600000,Немирівська,0.0,0.0,0.0,0.0,0.0,83705000.0,0.0,0.0,0.0,0.0,0.0,83705000.0,0.0
0256000000,Ободівська,0.0,0.0,0.0,0.0,0.0,28345700.0,0.0,0.0,0.0,0.0,0.0,28345700.0,0.0
0256100000,Ольгопільська,0.0,0.0,0.0,0.0,0.0,22747400.0,0.0,0.0,0.0,0.0,0.0,22747400.0,0.0
0251000000,Оратівська,0.0,0.0,0.0,0.0,0.0,60797600.0,0.0,0.0,0.0,0.0,0.0,60797600.0,0.0
0256300000,Погребищенська,0.0,0.0,0.0,0.0,0.0,82582900.0,0.0,0.0,0.0,0.0,0.0,82582900.0,0.0
0256200000,Піщанська,0.0,0.0,0.0,0.0,0.0,40628300.0,0.0,0.0,0.0,0.0,0.0,40628300.0,0.0
0251900000,Райгородська,0.0,0.0,0.0,0.0,0.0,28380300.0,0.0,0.0,0.0,0.0,0.0,28380300.0,0.0
0256400000,Самгородоцька,0.0,0.0,0.0,0.0,0.0,29362800.0,0.0,0.0,0.0,0.0,0.0,29362800.0,0.0
0252000000,Северинівська,0.0,0.0,0.0,0.0,0.0,29220900.0,0.0,0.0,0.0,0.0,0.0,29220900.0,0.0
0254000000,Соболівська,0.0,0.0,0.0,0.0,0.0,23593400.0,0.0,0.0,0.0,0.0,0.0,23593400.0,0.0
0256500000,Станіславчицька,0.0,0.0,0.0,0.0,0.0,24117200.0,0.0,0.0,0.0,0.0,0.0,24117200.0,0.0
0256600000,Стрижавська,0.0,0.0,0.0,0.0,0.0,55467200.0,0.0,0.0,0.0,0.0,0.0,55467200.0,0.0
0250200000,Студенянська,0.0,0.0,0.0,0.0,0.0,14230700.0,0.0,0.0,0.0,0.0,0.0,14230700.0,0.0
0254300000,Сутисківська,0.0,0.0,0.0,0.0,0.0,13768200.0,0.0,0.0,0.0,0.0,0.0,13768200.0,0.0
0253800000,Теплицька,0.0,0.0,0.0,0.0,0.0,51201200.0,0.0,0.0,0.0,0.0,0.0,51201200.0,0.0
0256700000,Тиврівська,0.0,0.0,0.0,0.0,0.0,38827300.0,0.0,0.0,0.0,0.0,0.0,38827300.0,0.0
0251200000,Томашпільська,0.0,0.0,0.0,0.0,0.0,71607500.0,0.0,0.0,0.0,0.0,0.0,71607500.0,0.0
0253500000,Тростянецька,0.0,0.0,0.0,0.0,0.0,78166600.0,0.0,0.0,0.0,0.0,0.0,78166600.0,0.0
0250700000,Тульчинська,0.0,0.0,0.0,0.0,0.0,120843000.0,0.0,0.0,0.0,0.0,0.0,120843000.0,0.0
0256800000,Турбівська,0.0,0.0,0.0,0.0,0.0,55919700.0,0.0,0.0,0.0,0.0,0.0,55919700.0,0.0
0256900000,Уланівська,0.0,0.0,0.0,0.0,0.0,45721200.0,0.0,0.0,0.0,0.0,0.0,45721200.0,0.0
0253700000,Хмільницька,0.0,0.0,0.0,0.0,0.0,120656835.0,0.0,0.0,0.0,0.0,0.0,120656835.0,0.0
0257000000,Чернівецька,0.0,0.0,0.0,0.0,0.0,48730100.0,0.0,0.0,0.0,0.0,0.0,48730100.0,0.0
0257100000,Чечельницька,0.0,0.0,0.0,0.0,0.0,35261400.0,0.0,0.0,0.0,0.0,0.0,35261400.0,0.0
0257200000,Шаргородська,0.0,0.0,0.0,0.0,0.0,78899300.0,0.0,0.0,0.0,0.0,0.0,78899300.0,0.0
0251300000,Шпиківська,0.0,0.0,0.0,0.0,0.0,48344500.0,0.0,0.0,0.0,0.0,0.0,48344500.0,0.0
0252300000,Якушинецька,0.0,0.0,0.0,0.0,0.0,50500800.0,0.0,0.0,0.0,0.0,0.0,50500800.0,0.0
0257300000,Ямпільська,0.0,0.0,0.0,0.0,0.0,93098200.0,0.0,0.0,0.0,0.0,0.0,93098200.0,0.0
0257400000,Яришівська,0.0,0.0,0.0,0.0,0.0,16734300.0,0.0,0.0,0.0,0.0,0.0,16734300.0,0.0
0352200000,Іваничівська,0.0,0.0,0.0,0.0,0.0,28828300.0,0.0,0.0,0.0,0.0,0.0,28828300.0,0.0
0355500000,Берестечківська,0.0,0.0,0.0,0.0,0.0,28564300.0,0.0,0.0,0.0,0.0,0.0,28564300.0,0.0
0352500000,Боратинська,0.0,0.0,0.0,0.0,0.0,83748000.0,0.0,0.0,0.0,0.0,0.0,83748000.0,0.0
0353100000,Велимченська,0.0,0.0,0.0,0.0,0.0,18605300.0,0.0,0.0,0.0,0.0,0.0,18605300.0,0.0
0350100000,Велицька,0.0,0.0,0.0,0.0,0.0,17575300.0,0.0,0.0,0.0,0.0,0.0,17575300.0,0.0
0351800000,Вишнівська,0.0,0.0,0.0,0.0,0.0,40897000.0,0.0,0.0,0.0,0.0,0.0,40897000.0,0.0
0355600000,Володимир-Волинська,0.0,0.0,0.0,0.0,0.0,94165100.0,0.0,0.0,0.0,0.0,0.0,94165100.0,0.0
0350200000,Голобська,0.0,0.0,0.0,0.0,0.0,32210000.0,0.0,0.0,0.0,0.0,0.0,32210000.0,0.0
0352800000,Головненська,0.0,0.0,0.0,0.0,0.0,37944400.0,0.0,0.0,0.0,0.0,0.0,37944400.0,0.0
0353900000,Городищенська,0.0,0.0,0.0,0.0,0.0,33191900.0,0.0,0.0,0.0,0.0,0.0,33191900.0,0.0
0355700000,Горохівська,0.0,0.0,0.0,0.0,0.0,93610200.0,0.0,0.0,0.0,0.0,0.0,93610200.0,0.0
0355300000,Доросинівська,0.0,0.0,0.0,0.0,0.0,23329300.0,0.0,0.0,0.0,0.0,0.0,23329300.0,0.0
0353300000,Дубечненська,0.0,0.0,0.0,0.0,0.0,50370300.0,0.0,0.0,0.0,0.0,0.0,50370300.0,0.0
0353600000,Дубівська,0.0,0.0,0.0,0.0,0.0,15987300.0,0.0,0.0,0.0,0.0,0.0,15987300.0,0.0
0350800000,Заболоттівська,0.0,0.0,0.0,0.0,0.0,36086700.0,0.0,0.0,0.0,0.0,0.0,36086700.0,0.0
0351900000,Забродівська,0.0,0.0,0.0,0.0,0.0,54132000.0,0.0,0.0,0.0,0.0,0.0,54132000.0,0.0
0354000000,Затурцівська,0.0,0.0,0.0,0.0,0.0,37802900.0,0.0,0.0,0.0,0.0,0.0,37802900.0,0.0
0350300000,Зимнівська,0.0,0.0,0.0,0.0,0.0,36187300.0,0.0,0.0,0.0,0.0,0.0,36187300.0,0.0
0355800000,Камінь-Каширська,0.0,0.0,0.0,0.0,0.0,285743676.0,0.0,0.0,0.0,0.0,0.0,285743676.0,0.0
0355900000,Ковельська,0.0,0.0,0.0,0.0,0.0,213032800.0,0.0,0.0,0.0,0.0,0.0,213032800.0,0.0
0353000000,Колківська,0.0,0.0,0.0,0.0,0.0,103659234.0,0.0,0.0,0.0,0.0,0.0,103659234.0,0.0
0351600000,Колодяжненська,0.0,0.0,0.0,0.0,0.0,44948200.0,0.0,0.0,0.0,0.0,0.0,44948200.0,0.0
0353200000,Копачівська,0.0,0.0,0.0,0.0,0.0,24381100.0,0.0,0.0,0.0,0.0,0.0,24381100.0,0.0
0354500000,Ківерцівська,0.0,0.0,0.0,0.0,0.0,100233600.0,0.0,0.0,0.0,0.0,0.0,100233600.0,0.0
0351100000,Литовезька,0.0,0.0,0.0,0.0,0.0,14165700.0,0.0,0.0,0.0,0.0,0.0,14165700.0,0.0
0356000000,Локачинська,0.0,0.0,0.0,0.0,0.0,53073400.0,0.0,0.0,0.0,0.0,0.0,53073400.0,0.0
0353600000,Луківська,0.0,0.0,0.0,0.0,0.0,15987300.0,0.0,0.0,0.0,0.0,0.0,15987300.0,0.0
0355100000,Луцька,0.0,0.0,0.0,63735956.0,0.0,648327000.0,0.0,7697900.0,0.0,0.0,63735956.0,656024900.0,0.0
0352600000,Любешівська,0.0,0.0,0.0,0.0,0.0,160433500.0,0.0,0.0,0.0,0.0,0.0,160433500.0,0.0
0350600000,Люблинецька,0.0,0.0,0.0,0.0,0.0,19931700.0,0.0,0.0,0.0,0.0,0.0,19931700.0,0.0
0352900000,Любомльська,0.0,0.0,0.0,0.0,0.0,58734200.0,0.0,0.0,0.0,0.0,0.0,58734200.0,0.0
0356100000,Маневицька,0.0,0.0,0.0,0.0,0.0,130109700.0,0.0,0.0,0.0,0.0,0.0,130109700.0,0.0
0355200000,Мар'янівська,0.0,0.0,0.0,0.0,0.0,33737100.0,0.0,0.0,0.0,0.0,0.0,33737100.0,0.0
0356200000,Нововолинська,0.0,0.0,0.0,0.0,0.0,118455382.0,0.0,0.0,0.0,0.0,0.0,118455382.0,0.0
0353800000,Оваднівська,0.0,0.0,0.0,0.0,0.0,24568200.0,0.0,0.0,0.0,0.0,0.0,24568200.0,0.0
0356300000,Олицька,0.0,0.0,0.0,0.0,0.0,46632700.0,0.0,0.0,0.0,0.0,0.0,46632700.0,0.0
0353200000,Павлівська,0.0,0.0,0.0,0.0,0.0,24381100.0,0.0,0.0,0.0,0.0,0.0,24381100.0,0.0
0351300000,Поворська,0.0,0.0,0.0,0.0,0.0,22018300.0,0.0,0.0,0.0,0.0,0.0,22018300.0,0.0
0351400000,Поромівська,0.0,0.0,0.0,0.0,0.0,23106100.0,0.0,0.0,0.0,0.0,0.0,23106100.0,0.0
0351500000,Прилісненська,0.0,0.0,0.0,0.0,0.0,50526300.0,0.0,0.0,0.0,0.0,0.0,50526300.0,0.0
0354600000,Підгайцівська,0.0,0.0,0.0,0.0,0.0,94383700.0,0.0,0.0,0.0,0.0,0.0,94383700.0,0.0
0356400000,Ратнівська,0.0,0.0,0.0,0.0,0.0,99808100.0,28697970.0,0.0,0.0,0.0,0.0,128506070.0,0.0
0356500000,Рожищенська,0.0,0.0,0.0,0.0,0.0,96965600.0,0.0,0.0,0.0,0.0,0.0,96965600.0,0.0
0352700000,Рівненська,0.0,0.0,0.0,0.0,0.0,27109500.0,0.0,0.0,0.0,0.0,0.0,27109500.0,0.0
0352000000,Самарівська,0.0,0.0,0.0,0.0,0.0,28799600.0,0.0,0.0,0.0,0.0,0.0,28799600.0,0.0
0353400000,Сереховичівська,0.0,0.0,0.0,0.0,0.0,12138800.0,0.0,0.0,0.0,0.0,0.0,12138800.0,0.0
0353500000,Смідинська,0.0,0.0,0.0,0.0,0.0,18033300.0,0.0,0.0,0.0,0.0,0.0,18033300.0,0.0
0355400000,Сошичненська,0.0,0.0,0.0,0.0,0.0,50850500.0,0.0,0.0,0.0,0.0,0.0,50850500.0,0.0
0354900000,Старовижівська,0.0,0.0,0.0,0.0,0.0,50610200.0,0.0,0.0,0.0,0.0,0.0,50610200.0,0.0
0354100000,Торчинська,0.0,0.0,0.0,0.0,0.0,50411700.0,0.0,0.0,0.0,0.0,0.0,50411700.0,0.0
0353700000,Турійська,0.0,0.0,0.0,0.0,0.0,85762300.0,0.0,0.0,0.0,0.0,0.0,85762300.0,0.0
0350500000,Устилузька,0.0,0.0,0.0,0.0,0.0,26627200.0,0.0,0.0,0.0,0.0,0.0,26627200.0,0.0
0352400000,Цуманська,0.0,0.0,0.0,0.0,0.0,91958000.0,0.0,0.0,0.0,0.0,0.0,91958000.0,0.0
0350700000,Шацька,0.0,0.0,0.0,0.0,0.0,66539100.0,0.0,0.0,0.0,0.0,0.0,66539100.0,0.0
0753800000,Івановецька,0.0,0.0,0.0,0.0,0.0,29543100.0,0.0,0.0,0.0,0.0,0.0,29543100.0,0.0
0750400000,Іршавська,0.0,0.0,0.0,0.0,0.0,144223100.0,0.0,0.0,0.0,0.0,0.0,144223100.0,0.0
0750600000,Баранинська,0.0,0.0,0.0,0.0,0.0,31992900.0,0.0,0.0,0.0,0.0,0.0,31992900.0,0.0
0751800000,Батівська,0.0,0.0,0.0,0.0,0.0,47489400.0,0.0,0.0,0.0,0.0,0.0,47489400.0,0.0
0751900000,Бедевлянська,0.0,0.0,0.0,0.0,0.0,22244800.0,0.0,0.0,0.0,0.0,0.0,22244800.0,0.0
0751700000,Берегівська,0.0,0.0,0.0,0.0,0.0,118562000.0,0.0,0.0,0.0,0.0,0.0,118562000.0,0.0
0752100000,Богданська,0.0,0.0,0.0,0.0,0.0,69900800.0,0.0,0.0,0.0,0.0,0.0,69900800.0,0.0
0752200000,Буштинська,0.0,0.0,0.0,0.0,0.0,81754900.0,0.0,0.0,0.0,0.0,0.0,81754900.0,0.0
0752000000,Білківська,0.0,0.0,0.0,0.0,0.0,84135000.0,0.0,0.0,0.0,0.0,0.0,84135000.0,0.0
0750800000,Великоберезнянська,0.0,0.0,0.0,0.0,0.0,30088700.0,0.0,0.0,0.0,0.0,0.0,30088700.0,0.0
0752300000,Великоберезька,0.0,0.0,0.0,0.0,0.0,22934000.0,0.0,0.0,0.0,0.0,0.0,22934000.0,0.0
0752400000,Великобийганська,0.0,0.0,0.0,0.0,0.0,13069500.0,0.0,0.0,0.0,0.0,0.0,13069500.0,0.0
0752500000,Великобичківська,0.0,0.0,0.0,0.0,0.0,117919800.0,0.0,0.0,0.0,0.0,0.0,117919800.0,0.0
0752600000,Великодобронська,0.0,0.0,0.0,0.0,0.0,25755200.0,0.0,0.0,0.0,0.0,0.0,25755200.0,0.0
0752700000,Великолучківська,0.0,0.0,0.0,0.0,0.0,69230000.0,0.0,0.0,0.0,0.0,0.0,69230000.0,0.0
0752800000,Верхньокоропецька,0.0,0.0,0.0,0.0,0.0,26285700.0,0.0,0.0,0.0,0.0,0.0,26285700.0,0.0
0752900000,Вилоцька,0.0,0.0,0.0,0.0,0.0,38637000.0,0.0,0.0,0.0,0.0,0.0,38637000.0,0.0
0753000000,Виноградівська,0.0,0.0,0.0,0.0,0.0,217904500.0,0.0,0.0,0.0,0.0,0.0,217904500.0,0.0
0753100000,Вишківська,0.0,0.0,0.0,0.0,0.0,51159400.0,0.0,0.0,0.0,0.0,0.0,51159400.0,0.0
0753200000,Воловецька,0.0,0.0,0.0,0.0,0.0,37118700.0,0.0,0.0,0.0,0.0,0.0,37118700.0,0.0
0750100000,Вільховецька,0.0,0.0,0.0,0.0,0.0,58853600.0,0.0,0.0,0.0,0.0,0.0,58853600.0,0.0
0750900000,Горондівська,0.0,0.0,0.0,0.0,0.0,29051700.0,0.0,0.0,0.0,0.0,0.0,29051700.0,0.0
0753300000,Горінчівська,0.0,0.0,0.0,0.0,0.0,58232500.0,0.0,0.0,0.0,0.0,0.0,58232500.0,0.0
0751000000,Довжанська,0.0,0.0,0.0,0.0,0.0,67582700.0,0.0,0.0,0.0,0.0,0.0,67582700.0,0.0
0753400000,Драгівська,0.0,0.0,0.0,0.0,0.0,51753300.0,0.0,0.0,0.0,0.0,0.0,51753300.0,0.0
0753600000,Дубриницько-Малоберезнянська,0.0,0.0,0.0,0.0,0.0,27797800.0,0.0,0.0,0.0,0.0,0.0,27797800.0,0.0
0753500000,Дубівська,0.0,0.0,0.0,0.0,0.0,94083800.0,0.0,0.0,0.0,0.0,0.0,94083800.0,0.0
0753700000,Жденіївська,0.0,0.0,0.0,0.0,0.0,20779600.0,0.0,0.0,0.0,0.0,0.0,20779600.0,0.0
0751100000,Зарічанська,0.0,0.0,0.0,0.0,0.0,33092300.0,0.0,0.0,0.0,0.0,0.0,33092300.0,0.0
0751300000,Керецьківська,0.0,0.0,0.0,0.0,0.0,46712600.0,0.0,0.0,0.0,0.0,0.0,46712600.0,0.0
0753900000,Колочавська,0.0,0.0,0.0,0.0,0.0,58068400.0,0.0,0.0,0.0,0.0,0.0,58068400.0,0.0
0754000000,Кольчинська,0.0,0.0,0.0,0.0,0.0,29274900.0,0.0,0.0,0.0,0.0,0.0,29274900.0,0.0
0754100000,Королівська,0.0,0.0,0.0,0.0,0.0,60038200.0,0.0,0.0,0.0,0.0,0.0,60038200.0,0.0
0751400000,Косоньська,0.0,0.0,0.0,0.0,0.0,17494200.0,0.0,0.0,0.0,0.0,0.0,17494200.0,0.0
0754200000,Костринська,0.0,0.0,0.0,0.0,0.0,23209500.0,0.0,0.0,0.0,0.0,0.0,23209500.0,0.0
0750700000,Мукачівська,0.0,0.0,0.0,0.0,0.0,295567727.0,0.0,0.0,0.0,0.0,0.0,295567727.0,0.0
0754300000,Міжгірська,0.0,0.0,0.0,0.0,0.0,129689700.0,0.0,0.0,0.0,0.0,0.0,129689700.0,0.0
0754400000,Неліпинська,0.0,0.0,0.0,0.0,0.0,20871200.0,0.0,0.0,0.0,0.0,0.0,20871200.0,0.0
0754500000,Нересницька,0.0,0.0,0.0,0.0,0.0,130613600.0,0.0,0.0,0.0,0.0,0.0,130613600.0,0.0
0754600000,Нижньоворітська,0.0,0.0,0.0,0.0,0.0,45031100.0,0.0,0.0,0.0,0.0,0.0,45031100.0,0.0
0751500000,Оноківська,0.0,0.0,0.0,0.0,0.0,19407900.0,0.0,0.0,0.0,0.0,0.0,19407900.0,0.0
0750500000,Перечинська,0.0,0.0,0.0,0.0,0.0,36080300.0,0.0,0.0,0.0,0.0,0.0,36080300.0,0.0
0754700000,Пийтерфолвівська,0.0,0.0,0.0,0.0,0.0,51711200.0,0.0,0.0,0.0,0.0,0.0,51711200.0,0.0
0754800000,Пилипецька,0.0,0.0,0.0,0.0,0.0,34407000.0,0.0,0.0,0.0,0.0,0.0,34407000.0,0.0
0750300000,Полянська,0.0,0.0,0.0,0.0,0.0,49830200.0,0.0,0.0,0.0,0.0,0.0,49830200.0,0.0
0754900000,Рахівська,0.0,0.0,0.0,0.0,0.0,104906900.0,0.0,0.0,0.0,0.0,0.0,104906900.0,0.0
0755000000,Свалявська,0.0,0.0,0.0,0.0,0.0,92142300.0,0.0,0.0,0.0,0.0,0.0,92142300.0,0.0
0755100000,Середнянська,0.0,0.0,0.0,0.0,0.0,61772400.0,0.0,0.0,0.0,0.0,0.0,61772400.0,0.0
0755200000,Синевирська,0.0,0.0,0.0,0.0,0.0,39133300.0,0.0,0.0,0.0,0.0,0.0,39133300.0,0.0
0754000000,Солотвинська,0.0,0.0,0.0,0.0,0.0,29274900.0,0.0,0.0,0.0,0.0,0.0,29274900.0,0.0
0755400000,Ставненська,0.0,0.0,0.0,0.0,0.0,29124400.0,0.0,0.0,0.0,0.0,0.0,29124400.0,0.0
0755500000,Сюртівська,0.0,0.0,0.0,0.0,0.0,22810900.0,0.0,0.0,0.0,0.0,0.0,22810900.0,0.0
0755600000,Тересвянська,0.0,0.0,0.0,0.0,0.0,53537300.0,0.0,0.0,0.0,0.0,0.0,53537300.0,0.0
0755700000,Тур'є-Реметівська,0.0,0.0,0.0,0.0,0.0,86792200.0,0.0,0.0,0.0,0.0,0.0,86792200.0,0.0
0750200000,Тячівська,0.0,0.0,0.0,0.0,0.0,87261263.0,0.0,0.0,0.0,0.0,0.0,87261263.0,0.0
0755800000,Углянська,0.0,0.0,0.0,0.0,0.0,56926200.0,0.0,0.0,0.0,0.0,0.0,56926200.0,0.0
0755900000,Ужгородська,0.0,0.0,0.0,0.0,0.0,329978454.0,0.0,0.0,0.0,0.0,0.0,329978454.0,0.0
0756000000,Усть-Чорнянська,0.0,0.0,0.0,0.0,0.0,53417500.0,0.0,0.0,0.0,0.0,0.0,53417500.0,0.0
0751600000,Холмківська,0.0,0.0,0.0,0.0,0.0,42685200.0,0.0,0.0,0.0,0.0,0.0,42685200.0,0.0
0756100000,Хустська,0.0,0.0,0.0,0.0,0.0,276217600.0,0.0,0.0,0.0,0.0,0.0,276217600.0,0.0
0756200000,Чинадіївська,0.0,0.0,0.0,0.0,0.0,46009500.0,0.0,0.0,0.0,0.0,0.0,46009500.0,0.0
0756300000,Чопська,0.0,0.0,0.0,0.0,0.0,34670600.0,0.0,0.0,0.0,0.0,0.0,34670600.0,0.0
0756400000,Ясінянська,0.0,0.0,0.0,0.0,0.0,114595201.0,0.0,0.0,0.0,0.0,0.0,114595201.0,0.0
0854900000,Андрівська,0.0,0.0,0.0,0.0,0.0,0.0,0.0,0.0,0.0,0.0,0.0,0.0,0.0
0855700000,Андріївська,0.0,0.0,0.0,0.0,0.0,8320700.0,0.0,0.0,0.0,0.0,0.0,8320700.0,0.0
0854400000,Бердянська,0.0,0.0,0.0,0.0,0.0,133430600.0,0.0,0.0,0.0,0.0,0.0,133430600.0,0.0
0850100000,Берестівська,0.0,0.0,0.0,0.0,0.0,6986100.0,0.0,0.0,0.0,0.0,0.0,6986100.0,0.0
0853500000,Благовіщенська,0.0,0.0,0.0,0.0,0.0,6568500.0,0.0,0.0,0.0,0.0,0.0,6568500.0,0.0
0851000000,Біленьківська,0.0,0.0,0.0,0.0,0.0,30632600.0,0.0,0.0,0.0,0.0,0.0,30632600.0,0.0
0855800000,Василівська,0.0,0.0,0.0,0.0,0.0,46554800.0,0.0,0.0,0.0,0.0,0.0,46554800.0,0.0
0851900000,Великобілозерська,0.0,0.0,0.0,0.0,0.0,11710800.0,0.0,0.0,0.0,0.0,0.0,11710800.0,0.0
0850200000,Веселівська,0.0,0.0,0.0,0.0,0.0,35872800.0,0.0,0.0,0.0,0.0,0.0,35872800.0,0.0
0852400000,Водянська,0.0,0.0,0.0,0.0,0.0,0.0,0.0,0.0,0.0,0.0,0.0,0.0,0.0
0852900000,Воздвижівська,0.0,0.0,0.0,0.0,0.0,9284100.0,0.0,0.0,0.0,0.0,0.0,9284100.0,0.0
0850600000,Воскресенська,0.0,0.0,0.0,0.0,0.0,14173200.0,0.0,0.0,0.0,0.0,0.0,14173200.0,0.0
0855900000,Вільнянська,0.0,0.0,0.0,0.0,0.0,60399850.0,0.0,0.0,0.0,0.0,0.0,60399850.0,0.0
0852700000,Гаврилівська,0.0,0.0,0.0,0.0,0.0,3050900.0,0.0,0.0,0.0,0.0,0.0,3050900.0,0.0
0852100000,Гуляйпільська,0.0,0.0,0.0,0.0,0.0,36133700.0,0.0,0.0,0.0,0.0,0.0,36133700.0,0.0
0856000000,Дніпрорудненська,0.0,0.0,0.0,0.0,0.0,37377800.0,0.0,0.0,0.0,0.0,0.0,37377800.0,0.0
0854200000,Долинська,0.0,0.0,0.0,0.0,0.0,22928700.0,0.0,0.0,0.0,0.0,0.0,22928700.0,0.0
0856100000,Енергодарська,0.0,0.0,0.0,0.0,0.0,65191200.0,0.0,0.0,0.0,0.0,0.0,65191200.0,0.0
0856200000,Запорізька,0.0,177899838.0,0.0,0.0,0.0,1165190400.0,730079132.0,20752730.0,0.0,0.0,177899838.0,1916022262.0,0.0
0851700000,Кам'янсько-Дніпровська,0.0,0.0,0.0,0.0,0.0,11017900.0,0.0,0.0,0.0,0.0,0.0,11017900.0,0.0
0853200000,Кирилівська,0.0,0.0,0.0,0.0,0.0,16221200.0,0.0,0.0,0.0,0.0,0.0,16221200.0,0.0
0854100000,Коларівська,0.0,0.0,0.0,0.0,0.0,13844200.0,0.0,0.0,0.0,0.0,0.0,13844200.0,0.0
0850300000,Комиш-Зорянська,0.0,0.0,0.0,0.0,0.0,7837000.0,0.0,0.0,0.0,0.0,0.0,7837000.0,0.0
0850900000,Комишуваська,0.0,0.0,0.0,0.0,0.0,48849485.0,0.0,0.0,0.0,0.0,0.0,48849485.0,0.0
0856500000,Кушугумська,0.0,0.0,0.0,0.0,0.0,37530800.0,12994400.0,0.0,0.0,0.0,0.0,50525200.0,0.0
0855100000,Малинівська,0.0,0.0,0.0,0.0,0.0,9098700.0,0.0,0.0,0.0,0.0,0.0,9098700.0,0.0
0856600000,Малобілозерська,0.0,0.0,0.0,0.0,0.0,26290000.0,0.0,0.0,0.0,0.0,0.0,26290000.0,0.0
0851300000,Малотокмачанська,0.0,0.0,0.0,0.0,0.0,3826500.0,0.0,0.0,0.0,0.0,0.0,3826500.0,0.0
0856700000,Матвіївська,0.0,0.0,0.0,0.0,0.0,23444500.0,51389667.0,0.0,0.0,0.0,0.0,74834167.0,0.0
0856800000,Мелітопольська,0.0,0.0,0.0,0.0,0.0,136473700.0,0.0,0.0,0.0,0.0,0.0,136473700.0,0.0
0850500000,Мирненська,0.0,0.0,0.0,0.0,0.0,8762400.0,0.0,0.0,0.0,0.0,0.0,8762400.0,0.0
0856900000,Михайло-Лукашівська,0.0,0.0,0.0,0.0,0.0,16721500.0,45542250.0,0.0,0.0,0.0,0.0,62263750.0,0.0
0853700000,Михайлівська,0.0,0.0,0.0,0.0,0.0,30031200.0,0.0,0.0,0.0,0.0,0.0,30031200.0,0.0
0857000000,Молочанська,0.0,0.0,0.0,0.0,0.0,26530500.0,0.0,0.0,0.0,0.0,0.0,26530500.0,0.0
0855200000,Новенська,0.0,0.0,0.0,0.0,0.0,8294100.0,0.0,0.0,0.0,0.0,0.0,8294100.0,0.0
0853400000,Новобогданівська,0.0,0.0,0.0,0.0,0.0,7411800.0,0.0,0.0,0.0,0.0,0.0,7411800.0,0.0
0857100000,Нововасилівська,0.0,0.0,0.0,0.0,0.0,14773500.0,0.0,0.0,0.0,0.0,0.0,14773500.0,0.0
0857200000,Новомиколаївська,0.0,0.0,0.0,0.0,0.0,28522100.0,0.0,0.0,0.0,0.0,0.0,28522100.0,0.0
0854100000,Новоолександрівська,0.0,0.0,0.0,0.0,0.0,13844200.0,0.0,0.0,0.0,0.0,0.0,13844200.0,0.0
0852600000,Новоуспенівська,0.0,0.0,0.0,0.0,0.0,0.0,0.0,0.0,0.0,0.0,0.0,0.0,0.0
0854100000,Олександрівська,0.0,0.0,0.0,0.0,0.0,13844200.0,0.0,0.0,0.0,0.0,0.0,13844200.0,0.0
0851800000,Оріхівська,0.0,0.0,0.0,0.0,0.0,37782800.0,0.0,0.0,0.0,0.0,0.0,37782800.0,0.0
0851400000,Осипенківська,0.0,0.0,0.0,0.0,0.0,14550600.0,0.0,0.0,0.0,0.0,0.0,14550600.0,0.0
0852700000,Павлівська,0.0,0.0,0.0,0.0,0.0,3050900.0,0.0,0.0,0.0,0.0,0.0,3050900.0,0.0
0852800000,Петро-Михайлівська,0.0,0.0,0.0,0.0,0.0,18246200.0,0.0,0.0,0.0,0.0,0.0,18246200.0,0.0
0854700000,Пологівська,0.0,0.0,0.0,0.0,0.0,59427300.0,0.0,0.0,0.0,0.0,0.0,59427300.0,0.0
0850400000,Преображенська,0.0,0.0,0.0,0.0,0.0,10054900.0,0.0,0.0,0.0,0.0,0.0,10054900.0,0.0
0853100000,Приазовська,0.0,0.0,0.0,0.0,0.0,25439200.0,0.0,0.0,0.0,0.0,0.0,25439200.0,0.0
0850800000,Приморська,0.0,0.0,0.0,0.0,0.0,31440600.0,0.0,0.0,0.0,0.0,0.0,31440600.0,0.0
0853000000,Райхенфельдська,0.0,0.0,0.0,0.0,0.0,9620400.0,0.0,0.0,0.0,0.0,0.0,9620400.0,0.0
0854200000,Роздольська,0.0,0.0,0.0,0.0,0.0,22928700.0,0.0,0.0,0.0,0.0,0.0,22928700.0,0.0
0854800000,Розівська,0.0,0.0,0.0,0.0,0.0,6098400.0,0.0,0.0,0.0,0.0,0.0,6098400.0,0.0
0855400000,Семенівська,0.0,0.0,0.0,0.0,0.0,4056100.0,0.0,0.0,0.0,0.0,0.0,4056100.0,0.0
0850500000,Смирновська,0.0,0.0,0.0,0.0,0.0,8762400.0,0.0,0.0,0.0,0.0,0.0,8762400.0,0.0
0857300000,Степненська,0.0,0.0,0.0,0.0,0.0,15942000.0,0.0,0.0,0.0,0.0,0.0,15942000.0,0.0
0857400000,Степногірська,0.0,0.0,0.0,0.0,0.0,19105900.0,0.0,0.0,0.0,0.0,0.0,19105900.0,0.0
0851600000,Таврійська,0.0,0.0,0.0,0.0,0.0,10085100.0,0.0,0.0,0.0,0.0,0.0,10085100.0,0.0
0855500000,Тернуватська,0.0,0.0,0.0,0.0,0.0,9365100.0,0.0,0.0,0.0,0.0,0.0,9365100.0,0.0
0857500000,Терпіннівська,0.0,0.0,0.0,0.0,0.0,8638900.0,0.0,0.0,0.0,0.0,0.0,8638900.0,0.0
0857600000,Токмацька,0.0,0.0,0.0,0.0,0.0,57617300.0,0.0,0.0,0.0,0.0,0.0,57617300.0,0.0
0855600000,Федорівська,0.0,0.0,0.0,0.0,0.0,8822200.0,0.0,0.0,0.0,0.0,0.0,8822200.0,0.0
0852000000,Чернігівська,0.0,0.0,0.0,0.0,0.0,20845400.0,0.0,0.0,0.0,0.0,0.0,20845400.0,0.0
0852300000,Широківська,0.0,0.0,0.0,0.0,0.0,49269400.0,15032100.0,0.0,0.0,0.0,0.0,64301500.0,0.0
0853300000,Якимівська,0.0,0.0,0.0,0.0,0.0,59531200.0,0.0,0.0,0.0,0.0,0.0,59531200.0,0.0
0653300000,Ємільчинська,0.0,0.0,0.0,0.0,0.0,86024500.0,0.0,0.0,0.0,0.0,0.0,86024500.0,0.0
0650400000,Іршанська,0.0,0.0,0.0,0.0,0.0,21378100.0,43065489.0,0.0,0.0,0.0,0.0,64443589.0,0.0
0652200000,Андрушківська,0.0,0.0,0.0,0.0,0.0,13665100.0,0.0,0.0,0.0,0.0,0.0,13665100.0,0.0
0655700000,Андрушівська,0.0,0.0,0.0,0.0,0.0,72311413.0,0.0,0.0,0.0,0.0,0.0,72311413.0,0.0
0651100000,Баранівська,0.0,0.0,0.0,0.0,0.0,72159200.0,0.0,0.0,0.0,0.0,0.0,72159200.0,0.0
0652300000,Барашівська,0.0,0.0,0.0,0.0,0.0,24765400.0,0.0,0.0,0.0,0.0,0.0,24765400.0,0.0
0655800000,Бердичівська,0.0,0.0,0.0,0.0,0.0,161100300.0,0.0,0.0,0.0,0.0,0.0,161100300.0,0.0
0655800000,Березівська,0.0,0.0,0.0,0.0,0.0,161100300.0,0.0,0.0,0.0,0.0,0.0,161100300.0,0.0
0653500000,Брониківська,0.0,0.0,0.0,0.0,0.0,36605700.0,0.0,0.0,0.0,0.0,0.0,36605700.0,0.0
0651400000,Брусилівська,0.0,0.0,0.0,0.0,0.0,61004600.0,0.0,0.0,0.0,0.0,0.0,61004600.0,0.0
0652400000,Білокоровицька,0.0,0.0,0.0,0.0,0.0,18528600.0,0.0,0.0,0.0,0.0,0.0,18528600.0,0.0
0650100000,Високівська,0.0,0.0,0.0,0.0,0.0,10651400.0,0.0,0.0,0.0,0.0,0.0,10651400.0,0.0
0650200000,Вишевицька,0.0,0.0,0.0,0.0,0.0,11515500.0,0.0,0.0,0.0,0.0,0.0,11515500.0,0.0
0656000000,Волицька,0.0,0.0,0.0,0.0,0.0,18308000.0,0.0,0.0,0.0,0.0,0.0,18308000.0,0.0
0654700000,Вчорайшенська,0.0,0.0,0.0,0.0,0.0,19000500.0,0.0,0.0,0.0,0.0,0.0,19000500.0,0.0
0650400000,Вільшанська,0.0,0.0,0.0,0.0,0.0,21378100.0,43065489.0,0.0,0.0,0.0,0.0,64443589.0,0.0
0656100000,Гладковицька,0.0,0.0,0.0,0.0,0.0,11604700.0,0.0,0.0,0.0,0.0,0.0,11604700.0,0.0
0654400000,Глибочицька,0.0,0.0,0.0,0.0,0.0,31177700.0,0.0,0.0,0.0,0.0,0.0,31177700.0,0.0
0651500000,Городницька,0.0,0.0,0.0,0.0,0.0,22868500.0,0.0,0.0,0.0,0.0,0.0,22868500.0,0.0
0656200000,Городоцька,0.0,0.0,0.0,0.0,0.0,8242400.0,0.0,0.0,0.0,0.0,0.0,8242400.0,0.0
0652600000,Горщиківська,0.0,0.0,0.0,0.0,0.0,10683400.0,0.0,0.0,0.0,0.0,0.0,10683400.0,0.0
0654800000,Гришковецька,0.0,0.0,0.0,0.0,0.0,31681300.0,0.0,0.0,0.0,0.0,0.0,31681300.0,0.0
0651600000,Довбиська,0.0,0.0,0.0,0.0,0.0,24758200.0,0.0,0.0,0.0,0.0,0.0,24758200.0,0.0
0650300000,Дубрівська,0.0,0.0,0.0,0.0,0.0,13604600.0,0.0,0.0,0.0,0.0,0.0,13604600.0,0.0
0655200000,Житомирська,0.0,0.0,0.0,0.0,0.0,635540300.0,50463073.0,6906000.0,0.0,0.0,0.0,692909373.0,0.0
0655300000,Звягельська,0.0,0.0,0.0,0.0,0.0,148524463.0,0.0,0.0,0.0,0.0,0.0,148524463.0,0.0
0652700000,Квітнева,0.0,0.0,0.0,0.0,0.0,16851200.0,0.0,0.0,0.0,0.0,0.0,16851200.0,0.0
0651000000,Корнинська,0.0,0.0,0.0,0.0,0.0,18615900.0,0.0,0.0,0.0,0.0,0.0,18615900.0,0.0
0656300000,Коростенська,0.0,0.0,0.0,0.0,0.0,192673408.0,0.0,0.0,0.0,0.0,0.0,192673408.0,0.0
0651200000,Коростишівська,0.0,0.0,0.0,0.0,0.0,94001200.0,0.0,0.0,0.0,0.0,0.0,94001200.0,0.0
0652800000,Краснопільська,0.0,0.0,0.0,0.0,0.0,21246600.0,0.0,0.0,0.0,0.0,0.0,21246600.0,0.0
0653900000,Курненська,0.0,0.0,0.0,0.0,0.0,34192200.0,0.0,0.0,0.0,0.0,0.0,34192200.0,0.0
0651700000,Лугинська,0.0,0.0,0.0,0.0,0.0,50504000.0,0.0,0.0,0.0,0.0,0.0,50504000.0,0.0
0653400000,Любарська,0.0,0.0,0.0,0.0,0.0,91451900.0,0.0,0.0,0.0,0.0,0.0,91451900.0,0.0
0656400000,Малинська,0.0,0.0,0.0,0.0,0.0,115734500.0,0.0,0.0,0.0,0.0,0.0,115734500.0,0.0
0651800000,Миропільська,0.0,0.0,0.0,0.0,0.0,24168900.0,0.0,0.0,0.0,0.0,0.0,24168900.0,0.0
0650500000,Народицька,0.0,0.0,0.0,0.0,0.0,31896500.0,0.0,0.0,0.0,0.0,0.0,31896500.0,0.0
0650600000,Новоборівська,0.0,0.0,0.0,0.0,0.0,24628700.0,0.0,0.0,0.0,0.0,0.0,24628700.0,0.0
0656500000,Новогуйвинська,0.0,0.0,0.0,0.0,0.0,57221300.0,0.0,0.0,0.0,0.0,0.0,57221300.0,0.0
0653800000,Овруцька,0.0,0.0,0.0,0.0,0.0,121532500.0,0.0,0.0,0.0,0.0,0.0,121532500.0,0.0
0651300000,Олевська,0.0,0.0,0.0,0.0,0.0,168033400.0,0.0,0.0,0.0,0.0,0.0,168033400.0,0.0
0654500000,Оліївська,0.0,0.0,0.0,0.0,0.0,28755900.0,0.0,0.0,0.0,0.0,0.0,28755900.0,0.0
0651900000,Попільнянська,0.0,0.0,0.0,0.0,0.0,66514800.0,0.0,0.0,0.0,0.0,0.0,66514800.0,0.0
0650700000,Потіївська,0.0,0.0,0.0,0.0,0.0,12235800.0,0.0,0.0,0.0,0.0,0.0,12235800.0,0.0
0654200000,Пулинська,0.0,0.0,0.0,0.0,0.0,52358000.0,0.0,0.0,0.0,0.0,0.0,52358000.0,0.0
0653600000,Піщівська,0.0,0.0,0.0,0.0,0.0,13819700.0,0.0,0.0,0.0,0.0,0.0,13819700.0,0.0
0654300000,Радомишльська,0.0,0.0,0.0,0.0,0.0,77844000.0,0.0,0.0,0.0,0.0,0.0,77844000.0,0.0
0654900000,Райгородоцька,0.0,0.0,0.0,0.0,0.0,34247500.0,0.0,0.0,0.0,0.0,0.0,34247500.0,0.0
0656600000,Романівська,0.0,0.0,0.0,0.0,0.0,70642300.0,0.0,0.0,0.0,0.0,0.0,70642300.0,0.0
0656700000,Ружинська,0.0,0.0,0.0,0.0,0.0,67257600.0,0.0,0.0,0.0,0.0,0.0,67257600.0,0.0
0656600000,Семенівська,0.0,0.0,0.0,0.0,0.0,70642300.0,0.0,0.0,0.0,0.0,0.0,70642300.0,0.0
0653700000,Словечанська,0.0,0.0,0.0,0.0,0.0,46713100.0,0.0,0.0,0.0,0.0,0.0,46713100.0,0.0
0653000000,Станишівська,0.0,0.0,0.0,0.0,0.0,46935000.0,0.0,0.0,0.0,0.0,0.0,46935000.0,0.0
0655600000,Старосілецька,0.0,0.0,0.0,0.0,0.0,23325300.0,0.0,0.0,0.0,0.0,0.0,23325300.0,0.0
0655400000,Стриївська,0.0,0.0,0.0,0.0,0.0,19442000.0,0.0,0.0,0.0,0.0,0.0,19442000.0,0.0
0650800000,Тетерівська,0.0,0.0,0.0,0.0,0.0,29069400.0,0.0,0.0,0.0,0.0,0.0,29069400.0,0.0
0653100000,Ушомирська,0.0,0.0,0.0,0.0,0.0,44149700.0,0.0,0.0,0.0,0.0,0.0,44149700.0,0.0
0655500000,Харитонівська,0.0,0.0,0.0,0.0,0.0,7615200.0,0.0,0.0,0.0,0.0,0.0,7615200.0,0.0
0652000000,Хорошівська,0.0,0.0,0.0,0.0,0.0,64746600.0,0.0,0.0,0.0,0.0,0.0,64746600.0,0.0
0650900000,Червоненська,0.0,0.0,0.0,0.0,0.0,17540700.0,0.0,0.0,0.0,0.0,0.0,17540700.0,0.0
0656800000,Черняхівська,0.0,0.0,0.0,0.0,0.0,79283200.0,0.0,0.0,0.0,0.0,0.0,79283200.0,0.0
0653200000,Чижівська,0.0,0.0,0.0,0.0,0.0,26741000.0,0.0,0.0,0.0,0.0,0.0,26741000.0,0.0
0652100000,Чоповицька,0.0,0.0,0.0,0.0,0.0,21922300.0,0.0,0.0,0.0,0.0,0.0,21922300.0,0.0
0655000000,Чуднівська,0.0,0.0,0.0,0.0,0.0,57328600.0,0.0,0.0,0.0,0.0,0.0,57328600.0,0.0
0655100000,Швайківська,0.0,0.0,0.0,0.0,0.0,17932600.0,0.0,0.0,0.0,0.0,0.0,17932600.0,0.0
0656900000,Ярунська,0.0,0.0,0.0,0.0,0.0,34945300.0,0.0,0.0,0.0,0.0,0.0,34945300.0,0.0
