Айді громади,Назва громади,[41031200] На забезпечення нагальних потреб функціонування держави в умовах воєнного стану,[41034700] На ліквідацію наслідків збройної агресії,[41036100] На житло для сімей ветеранів війни та інвалідів внаслідок війни,[41037800] На розвиток ветеранських просторів,[41035800] На діяльність фахівців із супроводу ветеранів війни,[41038800] Програма відновлення України III,[41033900] Освітня субвенція (зарплати),"[41036000] ""Нова українська школа""",[41032800] Облаштування безпечних умов (укриттів) у школах,[41037900] Шкільні автобуси (разова програма за рахунок залишків),[41037400] Покращення якості гарячого харчування,[41031100] Забезпечення харчуванням учнів (нові коди),"[41038000] Для підтримки закладів освіти, які постраждали внаслідок агресії",[41033000] Підтримка окремих закладів у системі охорони здоров'я,"[41037500] Інвестиційні проекти у сфері охорони здоров'я (реабілітації, ремонти)",Сума Війна та відновлення,Сума Освіта,Сума Охорона здоров'я
2350200000,Єрківська,0.0,0.0,0.0,0.0,0,0.0,12343000.0,0.0,0.0,0.0,0.0,0.0,0.0,0.0,0.0,0.0,12343000.0,0.0
2351900000,Іваньківська,0.0,0.0,0.0,0.0,0,0.0,10515800.0,0.0,0.0,0.0,43800.0,0.0,0.0,0.0,0.0,0.0,10559600.0,0.0
2352200000,Іркліївська,0.0,0.0,0.0,0.0,0,0.0,55886000.0,0.0,0.0,0.0,115400.0,0.0,0.0,0.0,0.0,0.0,56001400.0,0.0
2355800000,Бабанська,0.0,0.0,0.0,0.0,0,0.0,18341600.0,0.0,0.0,0.0,0.0,0.0,0.0,0.0,0.0,0.0,18341600.0,0.0
2356000000,Багачевська,0.0,0.0,0.0,0.0,0,0.0,43780600.0,0.0,0.0,0.0,0.0,0.0,0.0,0.0,0.0,0.0,43780600.0,0.0
2352700000,Балаклеївська,0.0,0.0,0.0,0.0,0,0.0,23433300.0,0.0,0.0,0.0,0.0,0.0,0.0,0.0,0.0,0.0,23433300.0,0.0
2355600000,Баштечківська,0.0,0.0,0.0,0.0,0,0.0,12872500.0,0.0,0.0,0.0,48800.0,0.0,0.0,0.0,0.0,0.0,12921300.0,0.0
2352900000,Березняківська,0.0,0.0,0.0,0.0,0,0.0,15719000.0,0.0,0.0,0.0,0.0,0.0,0.0,0.0,0.0,0.0,15719000.0,0.0
2353000000,Бобрицька,0.0,0.0,0.0,0.0,0,0.0,15623600.0,0.0,0.0,0.0,0.0,0.0,0.0,0.0,0.0,0.0,15623600.0,0.0
2355900000,Будищенська,0.0,0.0,0.0,0.0,0,0.0,14645500.0,0.0,0.0,0.0,0.0,0.0,0.0,0.0,0.0,0.0,14645500.0,0.0
2353100000,Бужанська,0.0,0.0,0.0,0.0,0,0.0,14119400.0,0.0,0.0,0.0,0.0,0.0,0.0,0.0,0.0,0.0,14119400.0,0.0
2352600000,Буцька,0.0,0.0,0.0,0.0,0,0.0,15342400.0,0.0,0.0,0.0,0.0,0.0,0.0,0.0,0.0,0.0,15342400.0,0.0
2350100000,Білозірська,0.0,0.0,0.0,0.0,0,0.0,24818800.0,0.0,0.0,0.0,0.0,0.0,0.0,0.0,0.0,0.0,24818800.0,0.0
2353200000,Великохутірська,0.0,0.0,0.0,0.0,0,0.0,8630300.0,0.0,0.0,0.0,0.0,0.0,0.0,0.0,0.0,0.0,8630300.0,0.0
2355700000,Виноградська,0.0,0.0,0.0,0.0,0,0.0,13385900.0,0.0,0.0,0.0,0.0,0.0,0.0,0.0,0.0,0.0,13385900.0,0.0
2353400000,Водяницька,0.0,0.0,0.0,0.0,0,0.0,17614900.0,0.0,0.0,0.0,0.0,0.0,0.0,0.0,0.0,0.0,17614900.0,0.0
2356100000,Вознесенська,0.0,0.0,0.0,0.0,0,0.0,13766600.0,0.0,0.0,0.0,0.0,0.0,0.0,0.0,0.0,0.0,13766600.0,0.0
2353300000,Вільшанська,0.0,0.0,0.0,0.0,0,0.0,20396200.0,0.0,0.0,0.0,89000.0,0.0,0.0,0.0,0.0,0.0,20485200.0,0.0
2356200000,Гельмязівська,0.0,0.0,0.0,0.0,0,0.0,28478500.0,0.0,0.0,0.0,0.0,0.0,0.0,0.0,0.0,0.0,28478500.0,0.0
2356300000,Городищенська,0.0,0.0,0.0,0.0,0,0.0,55855800.0,0.0,0.0,0.0,266500.0,0.0,0.0,0.0,0.0,0.0,56122300.0,0.0
2353500000,Дмитрушківська,0.0,0.0,0.0,0.0,0,0.0,39747400.0,0.0,0.0,0.0,0.0,0.0,0.0,0.0,0.0,0.0,39747400.0,0.0
2355500000,Драбівська,0.0,0.0,0.0,0.0,0,0.0,40023900.0,0.0,0.0,0.0,0.0,0.0,0.0,0.0,0.0,0.0,40023900.0,0.0
2351400000,Жашківська,0.0,0.0,0.0,0.0,0,0.0,97151200.0,0.0,0.0,0.0,0.0,0.0,0.0,0.0,0.0,0.0,97151200.0,0.0
2356400000,Звенигородська,0.0,0.0,0.0,0.0,0,0.0,68544800.0,0.0,0.0,0.0,38800.0,0.0,0.0,0.0,0.0,0.0,68583600.0,0.0
2356500000,Золотоніська,0.0,0.0,0.0,0.0,0,0.0,88912400.0,0.0,0.0,0.0,0.0,0.0,0.0,0.0,0.0,0.0,88912400.0,0.0
2352400000,Зорівська,0.0,0.0,0.0,0.0,0,0.0,9907600.0,0.0,0.0,0.0,0.0,0.0,0.0,0.0,0.0,0.0,9907600.0,0.0
2356600000,Калинопільська,0.0,0.0,0.0,0.0,0,0.0,38525400.0,0.0,0.0,0.0,0.0,0.0,0.0,0.0,0.0,0.0,38525400.0,0.0
2351500000,Кам'янська,0.0,0.0,0.0,0.0,0,0.0,51057900.0,0.0,0.0,0.0,276100.0,0.0,0.0,0.0,0.0,0.0,51334000.0,0.0
2355400000,Канівська,0.0,0.0,0.0,0.0,0,0.0,58875200.0,0.0,0.0,0.0,0.0,0.0,0.0,0.0,0.0,0.0,58875200.0,0.0
2356700000,Корсунь-Шевченківська,0.0,0.0,0.0,0.0,0,0.0,40161400.0,0.0,0.0,0.0,0.0,0.0,0.0,0.0,0.0,0.0,40161400.0,0.0
2353600000,Ладижинська,0.0,0.0,0.0,0.0,0,0.0,26342000.0,0.0,0.0,0.0,0.0,0.0,0.0,0.0,0.0,0.0,26342000.0,0.0
2353800000,Леськівська,0.0,0.0,0.0,0.0,0,0.0,25720900.0,0.0,0.0,0.0,0.0,0.0,0.0,0.0,0.0,0.0,25720900.0,0.0
2353900000,Лип'янська,0.0,0.0,0.0,0.0,0,0.0,9427300.0,0.0,0.0,0.0,0.0,0.0,0.0,0.0,0.0,0.0,9427300.0,0.0
2354000000,Лисянська,0.0,0.0,0.0,0.0,0,0.0,38459000.0,0.0,0.0,0.0,0.0,0.0,0.0,0.0,0.0,0.0,38459000.0,0.0
2351600000,Ліплявська,0.0,0.0,0.0,0.0,0,0.0,13880500.0,0.0,0.0,0.0,0.0,0.0,0.0,0.0,0.0,0.0,13880500.0,0.0
2356800000,Маньківська,0.0,0.0,0.0,0.0,0,0.0,53241100.0,0.0,9545351.0,0.0,189800.0,0.0,0.0,0.0,0.0,0.0,62976251.0,0.0
2352300000,Матусівська,0.0,0.0,0.0,0.0,0,0.0,8907200.0,0.0,0.0,0.0,0.0,0.0,0.0,0.0,0.0,0.0,8907200.0,0.0
2354200000,Медведівська,0.0,0.0,0.0,0.0,0,0.0,12023900.0,0.0,0.0,0.0,0.0,0.0,0.0,0.0,0.0,0.0,12023900.0,0.0
2352500000,Михайлівська,0.0,0.0,0.0,0.0,0,0.0,21396400.0,0.0,0.0,0.0,0.0,0.0,0.0,0.0,0.0,0.0,21396400.0,0.0
2351100000,Мліївська,0.0,0.0,0.0,0.0,0,0.0,16590400.0,0.0,0.0,0.0,36900.0,0.0,0.0,0.0,0.0,0.0,16627300.0,0.0
2350300000,Мокрокалигірська,0.0,0.0,0.0,0.0,0,0.0,13127600.0,0.0,0.0,0.0,70700.0,0.0,0.0,0.0,0.0,0.0,13198300.0,0.0
2356900000,Монастирищенська,0.0,0.0,0.0,0.0,0,0.0,96842600.0,0.0,0.0,0.0,422100.0,0.0,0.0,0.0,0.0,0.0,97264700.0,0.0
2357000000,Мошнівська,0.0,0.0,0.0,0.0,0,0.0,39825800.0,0.0,0.0,0.0,0.0,0.0,0.0,0.0,0.0,0.0,39825800.0,0.0
2350600000,Набутівська,0.0,0.0,0.0,0.0,0,0.0,15034500.0,0.0,0.0,0.0,53800.0,0.0,0.0,0.0,0.0,0.0,15088300.0,0.0
2357100000,Новодмитрівська,0.0,0.0,0.0,0.0,0,0.0,33628600.0,0.0,0.0,0.0,0.0,0.0,0.0,0.0,0.0,0.0,33628600.0,0.0
2352000000,Паланська,0.0,0.0,0.0,0.0,0,0.0,54074800.0,0.0,0.0,0.0,85800.0,0.0,0.0,0.0,0.0,0.0,54160600.0,0.0
2357200000,Піщанська,0.0,0.0,0.0,0.0,0,0.0,18377300.0,0.0,0.0,0.0,0.0,0.0,0.0,0.0,0.0,0.0,18377300.0,0.0
2350800000,Ротмістрівська,0.0,0.0,0.0,0.0,0,0.0,23740600.0,0.0,0.0,0.0,0.0,0.0,0.0,0.0,0.0,0.0,23740600.0,0.0
2354600000,Руськополянська,0.0,0.0,0.0,0.0,0,0.0,42004900.0,0.0,0.0,0.0,0.0,0.0,0.0,0.0,0.0,0.0,42004900.0,0.0
2354700000,Сагунівська,0.0,0.0,0.0,0.0,0,0.0,14824400.0,0.0,0.0,0.0,0.0,0.0,0.0,0.0,0.0,0.0,14824400.0,0.0
2350700000,Селищенська,0.0,0.0,0.0,0.0,0,0.0,18580500.0,0.0,0.0,0.0,46500.0,0.0,0.0,0.0,0.0,0.0,18627000.0,0.0
2355100000,Слобідська,0.0,0.0,0.0,0.0,0,0.0,44535200.0,0.0,0.0,0.0,0.0,0.0,0.0,0.0,0.0,0.0,44535200.0,0.0
2357300000,Смілянська,0.0,0.0,0.0,0.0,0,0.0,121058500.0,0.0,0.0,0.0,0.0,0.0,0.0,0.0,0.0,0.0,121058500.0,0.0
2350500000,Стеблівська,0.0,0.0,0.0,0.0,0,0.0,20977600.0,0.0,0.0,0.0,0.0,0.0,0.0,0.0,0.0,0.0,20977600.0,0.0
2351000000,Степанецька,0.0,0.0,0.0,0.0,0,0.0,24394200.0,0.0,0.0,0.0,0.0,0.0,0.0,0.0,0.0,0.0,24394200.0,0.0
2352100000,Степанківська,0.0,0.0,0.0,0.0,0,0.0,17714800.0,0.0,0.0,0.0,0.0,0.0,0.0,0.0,0.0,0.0,17714800.0,0.0
2350400000,Тальнівська,0.0,0.0,0.0,0.0,0,0.0,80312100.0,0.0,0.0,0.0,0.0,0.0,0.0,0.0,0.0,0.0,80312100.0,0.0
2354900000,Тернівська,0.0,0.0,0.0,0.0,0,0.0,12202100.0,0.0,0.0,0.0,0.0,0.0,0.0,0.0,0.0,0.0,12202100.0,0.0
2357400000,Уманська,0.0,0.0,0.0,0.0,0,0.0,160790700.0,0.0,0.0,0.0,488200.0,0.0,0.0,0.0,0.0,0.0,161278900.0,0.0
2357500000,Христинівська,0.0,0.0,0.0,0.0,0,0.0,91653100.0,0.0,0.0,0.0,211300.0,0.0,0.0,0.0,0.0,0.0,91864400.0,0.0
2357600000,Черкаська,0.0,0.0,0.0,0.0,0,0.0,540300100.0,0.0,0.0,0.0,0.0,0.0,0.0,0.0,0.0,0.0,540300100.0,0.0
2355200000,Чигиринська,0.0,0.0,0.0,0.0,0,0.0,61884100.0,0.0,0.0,0.0,0.0,0.0,0.0,0.0,0.0,0.0,61884100.0,0.0
2357700000,Чорнобаївська,0.0,0.0,0.0,0.0,0,0.0,65055100.0,0.0,0.0,0.0,0.0,0.0,0.0,0.0,0.0,0.0,65055100.0,0.0
2355300000,Шевченківська,0.0,0.0,0.0,0.0,0,0.0,7840500.0,0.0,0.0,0.0,0.0,0.0,0.0,0.0,0.0,0.0,7840500.0,0.0
2350900000,Шполянська,0.0,0.0,0.0,0.0,0,0.0,97478900.0,0.0,0.0,0.0,79400.0,0.0,0.0,0.0,0.0,0.0,97558300.0,0.0
2357800000,Шрамківська,0.0,0.0,0.0,0.0,0,0.0,32628400.0,0.0,0.0,0.0,0.0,0.0,0.0,0.0,0.0,0.0,32628400.0,0.0
2551500000,Іванівська,0.0,0.0,0.0,0.0,0,0.0,21378800.0,0.0,0.0,0.0,73500.0,0.0,0.0,0.0,0.0,0.0,21452300.0,0.0
2552400000,Ічнянська,0.0,0.0,0.0,0.0,0,0.0,59095200.0,0.0,0.0,0.0,298400.0,0.0,0.0,0.0,0.0,0.0,59393600.0,0.0
2550600000,Батуринська,0.0,0.0,0.0,0.0,0,0.0,21368700.0,0.0,0.0,0.0,77100.0,0.0,0.0,0.0,0.0,0.0,21445800.0,0.0
2555100000,Бахмацька,0.0,0.0,0.0,0.0,0,0.0,78675400.0,0.0,24555464.0,0.0,182500.0,0.0,0.0,0.0,0.0,0.0,103413364.0,0.0
2555200000,Березнянська,0.0,0.0,0.0,0.0,0,0.0,18559900.0,0.0,0.0,0.0,97200.0,0.0,0.0,0.0,0.0,0.0,18657100.0,0.0
2552100000,Бобровицька,0.0,0.0,0.0,0.0,0,0.0,78442100.0,0.0,0.0,0.0,355900.0,0.0,0.0,0.0,0.0,0.0,78798000.0,0.0
2554000000,Борзнянська,0.0,0.0,0.0,0.0,0,0.0,32782400.0,0.0,0.0,0.0,165200.0,0.0,0.0,0.0,0.0,0.0,32947600.0,0.0
2553500000,Варвинська,0.0,0.0,0.0,0.0,0,0.0,46846300.0,0.0,0.0,0.0,214900.0,0.0,0.0,0.0,0.0,0.0,47061200.0,0.0
2550100000,Вертіївська,0.0,0.0,0.0,0.0,0,0.0,20819700.0,0.0,0.0,0.0,88500.0,0.0,0.0,0.0,0.0,0.0,20908200.0,0.0
2553400000,Височанська,0.0,0.0,0.0,0.0,0,0.0,12758900.0,0.0,0.0,0.0,20500.0,0.0,0.0,0.0,0.0,0.0,12779400.0,0.0
2551100000,Гончарівська,0.0,0.0,0.0,0.0,0,0.0,11904000.0,0.0,0.0,0.0,54800.0,0.0,0.0,0.0,0.0,0.0,11958800.0,0.0
2553600000,Городнянська,0.0,0.0,0.0,0.0,0,0.0,54603500.0,0.0,0.0,0.0,263300.0,0.0,0.0,0.0,0.0,0.0,54866800.0,0.0
2550200000,Деснянська,0.0,0.0,0.0,0.0,0,0.0,24138500.0,0.0,0.0,0.0,86700.0,0.0,0.0,0.0,0.0,0.0,24225200.0,0.0
2555300000,Дмитрівська,0.0,0.0,0.0,0.0,0,0.0,12227900.0,0.0,0.0,0.0,47000.0,0.0,0.0,0.0,0.0,0.0,12274900.0,0.0
2554600000,Добрянська,0.0,0.0,0.0,0.0,0,0.0,12727400.0,0.0,2740000.0,0.0,0.0,0.0,0.0,0.0,0.0,0.0,15467400.0,0.0
2554700000,Киселівська,0.0,0.0,0.0,0.0,0,0.0,14764800.0,0.0,0.0,0.0,59800.0,0.0,0.0,0.0,0.0,0.0,14824600.0,0.0
2554200000,Киїнська,0.0,0.0,0.0,0.0,0,0.0,18844100.0,0.0,0.0,0.0,99000.0,0.0,0.0,0.0,0.0,0.0,18943100.0,0.0
2551800000,Козелецька,0.0,0.0,0.0,0.0,0,0.0,56236100.0,0.0,0.0,0.0,311200.0,0.0,0.0,0.0,0.0,0.0,56547300.0,0.0
2551900000,Комарівська,0.0,0.0,0.0,0.0,0,0.0,13977500.0,0.0,0.0,0.0,33300.0,0.0,0.0,0.0,0.0,0.0,14010800.0,0.0
2551200000,Коропська,0.0,0.0,0.0,0.0,0,0.0,46829100.0,0.0,0.0,0.0,188900.0,0.0,0.0,0.0,0.0,0.0,47018000.0,0.0
2550700000,Корюківська,0.0,0.0,0.0,0.0,0,0.0,59394500.0,0.0,62038625.0,0.0,0.0,0.0,0.0,0.0,0.0,0.0,121433125.0,0.0
2555400000,Крутівська,0.0,0.0,0.0,0.0,0,0.0,9728400.0,0.0,0.0,0.0,36900.0,0.0,0.0,0.0,0.0,0.0,9765300.0,0.0
2552500000,Куликівська,0.0,0.0,0.0,0.0,0,0.0,38279900.0,0.0,0.0,0.0,171100.0,0.0,0.0,0.0,0.0,0.0,38451000.0,0.0
2550300000,Кіптівська,0.0,0.0,0.0,0.0,0,0.0,17375300.0,0.0,0.0,0.0,66600.0,0.0,0.0,0.0,0.0,0.0,17441900.0,0.0
2555500000,Ладанська,0.0,0.0,0.0,0.0,0,0.0,15363400.0,0.0,0.0,0.0,84900.0,0.0,0.0,0.0,0.0,0.0,15448300.0,0.0
2553700000,Линовицька,0.0,0.0,0.0,0.0,0,0.0,12682600.0,0.0,0.0,0.0,70700.0,0.0,0.0,0.0,0.0,0.0,12753300.0,0.0
2551300000,Лосинівська,0.0,0.0,0.0,0.0,0,0.0,21183600.0,0.0,0.0,0.0,93100.0,0.0,0.0,0.0,0.0,0.0,21276700.0,0.0
2552700000,Любецька,0.0,0.0,0.0,0.0,0,0.0,12119500.0,0.0,0.0,0.0,40200.0,0.0,0.0,0.0,0.0,0.0,12159700.0,0.0
2550400000,Макіївська,0.0,0.0,0.0,0.0,0,0.0,12719100.0,0.0,0.0,0.0,52000.0,0.0,0.0,0.0,0.0,0.0,12771100.0,0.0
2552600000,Малодівицька,0.0,0.0,0.0,0.0,0,0.0,10735400.0,0.0,0.0,0.0,46500.0,0.0,0.0,0.0,0.0,0.0,10781900.0,0.0
2551700000,Менська,0.0,0.0,0.0,0.0,0,0.0,74917600.0,0.0,0.0,0.0,331700.0,0.0,0.0,0.0,0.0,0.0,75249300.0,0.0
2551400000,Михайло-Коцюбинська,0.0,0.0,0.0,0.0,0,0.0,33287600.0,0.0,0.0,0.0,97600.0,0.0,0.0,0.0,0.0,0.0,33385200.0,0.0
2551600000,Мринська,0.0,0.0,0.0,0.0,0,0.0,15248000.0,0.0,0.0,0.0,57500.0,0.0,0.0,0.0,0.0,0.0,15305500.0,0.0
2553900000,Новгород-Сіверська,0.0,0.0,0.0,0.0,0,0.0,54029500.0,0.0,0.0,0.0,96300.0,0.0,0.0,0.0,0.0,0.0,54125800.0,0.0
2552000000,Новобасанська,0.0,0.0,0.0,0.0,0,0.0,19367700.0,0.0,0.0,0.0,82100.0,0.0,0.0,0.0,0.0,0.0,19449800.0,0.0
2554100000,Новобілоуська,0.0,0.0,0.0,0.0,0,0.0,45336400.0,0.0,0.0,0.0,194800.0,0.0,0.0,0.0,0.0,0.0,45531200.0,0.0
2550800000,Носівська,0.0,0.0,0.0,0.0,0,0.0,59461600.0,0.0,0.0,0.0,350400.0,0.0,0.0,0.0,0.0,0.0,59812000.0,0.0
2553800000,Ніжинська,0.0,0.0,0.0,0.0,0,0.0,129273300.0,0.0,0.0,0.0,525700.0,0.0,0.0,0.0,0.0,0.0,129799000.0,0.0
2553300000,Олишівська,0.0,0.0,0.0,0.0,0,0.0,7322600.0,0.0,0.0,0.0,0.0,0.0,0.0,0.0,0.0,0.0,7322600.0,0.0
2550900000,Остерська,0.0,0.0,0.0,0.0,0,0.0,25484100.0,0.0,0.0,0.0,149200.0,0.0,0.0,0.0,0.0,0.0,25633300.0,0.0
2550500000,Парафіївська,0.0,0.0,0.0,0.0,0,0.0,19757200.0,0.0,0.0,0.0,76700.0,0.0,0.0,0.0,0.0,0.0,19833900.0,0.0
2552200000,Плисківська,0.0,0.0,0.0,0.0,0,0.0,8866200.0,0.0,0.0,0.0,31500.0,0.0,0.0,0.0,0.0,0.0,8897700.0,0.0
2554800000,Понорницька,0.0,0.0,0.0,0.0,0,0.0,23758900.0,0.0,0.0,0.0,86700.0,0.0,0.0,0.0,0.0,0.0,23845600.0,0.0
2555600000,Прилуцька,0.0,0.0,0.0,0.0,0,0.0,110489300.0,0.0,24629522.0,0.0,341800.0,0.0,0.0,0.0,0.0,0.0,135460622.0,0.0
2555700000,Ріпкинська,0.0,0.0,0.0,0.0,0,0.0,31058500.0,0.0,0.0,0.0,0.0,0.0,0.0,0.0,0.0,0.0,31058500.0,0.0
2555800000,Седнівська,0.0,0.0,0.0,0.0,0,0.0,6960100.0,0.0,0.0,0.0,26000.0,0.0,0.0,0.0,0.0,0.0,6986100.0,0.0
2552800000,Семенівська,0.0,0.0,0.0,0.0,0,0.0,41017400.0,0.0,0.0,0.0,0.0,0.0,0.0,0.0,0.0,0.0,41017400.0,0.0
2551000000,Сновська,0.0,0.0,0.0,0.0,0,0.0,58047500.0,0.0,0.0,0.0,0.0,0.0,0.0,0.0,0.0,0.0,58047500.0,0.0
2552900000,Сосницька,0.0,0.0,0.0,0.0,0,0.0,40931600.0,0.0,0.0,0.0,0.0,0.0,0.0,0.0,0.0,0.0,40931600.0,0.0
2553000000,Срібнянська,0.0,0.0,0.0,0.0,0,0.0,29638100.0,0.0,0.0,0.0,136000.0,0.0,0.0,0.0,0.0,0.0,29774100.0,0.0
2554900000,Сухополов'янська,0.0,0.0,0.0,0.0,0,0.0,31740200.0,0.0,4206087.0,0.0,73000.0,0.0,0.0,0.0,0.0,0.0,36019287.0,0.0
2555000000,Талалаївська,0.0,0.0,0.0,0.0,0,0.0,16940000.0,0.0,0.0,0.0,73500.0,0.0,0.0,0.0,0.0,0.0,17013500.0,0.0
2552300000,Тупичівська,0.0,0.0,0.0,0.0,0,0.0,13665100.0,0.0,22848302.0,0.0,49300.0,0.0,0.0,0.0,0.0,0.0,36562702.0,0.0
2553200000,Холминська,0.0,0.0,0.0,0.0,0,0.0,12847400.0,0.0,0.0,0.0,0.0,0.0,0.0,0.0,0.0,0.0,12847400.0,0.0
2555900000,Чернігівська,0.0,0.0,0.0,0.0,0,0.0,534506000.0,0.0,0.0,0.0,0.0,0.0,0.0,0.0,0.0,0.0,534506000.0,0.0
2556000000,Яблунівська,0.0,0.0,0.0,0.0,0,0.0,7959200.0,0.0,0.0,0.0,0.0,0.0,0.0,0.0,0.0,0.0,7959200.0,0.0
2453800000,Банилівська,0.0,0.0,0.0,0.0,0,0.0,33328100.0,0.0,0.0,0.0,0.0,0.0,0.0,0.0,0.0,0.0,33328100.0,0.0
2453900000,Берегометська,0.0,0.0,0.0,0.0,0,0.0,81192700.0,0.0,0.0,0.0,0.0,0.0,0.0,0.0,0.0,0.0,81192700.0,0.0
2454000000,Боянська,0.0,0.0,0.0,0.0,0,0.0,24053700.0,0.0,0.0,0.0,0.0,0.0,0.0,0.0,0.0,0.0,24053700.0,0.0
2454100000,Брусницька,0.0,0.0,0.0,0.0,0,0.0,32298600.0,0.0,0.0,0.0,0.0,0.0,0.0,0.0,0.0,0.0,32298600.0,0.0
2453400000,Ванчиковецька,0.0,0.0,0.0,0.0,0,0.0,35087400.0,0.0,0.0,0.0,0.0,0.0,0.0,0.0,0.0,0.0,35087400.0,0.0
2450100000,Вашковецька,0.0,0.0,0.0,0.0,0,0.0,17898700.0,0.0,0.0,0.0,0.0,0.0,0.0,0.0,0.0,0.0,17898700.0,0.0
2451100000,Вашківецька,0.0,0.0,0.0,0.0,0,0.0,44310000.0,0.0,0.0,0.0,0.0,0.0,0.0,0.0,0.0,0.0,44310000.0,0.0
2450200000,Великокучурівська,0.0,0.0,0.0,0.0,0,0.0,45235300.0,0.0,0.0,0.0,0.0,0.0,0.0,0.0,0.0,0.0,45235300.0,0.0
2454200000,Веренчанська,0.0,0.0,0.0,0.0,0,0.0,26754500.0,0.0,0.0,0.0,116200.0,0.0,0.0,0.0,0.0,0.0,26870700.0,0.0
2451200000,Вижницька,0.0,0.0,0.0,0.0,0,0.0,76588200.0,0.0,0.0,0.0,0.0,0.0,0.0,0.0,0.0,0.0,76588200.0,0.0
2450300000,Волоківська,0.0,0.0,0.0,0.0,0,0.0,19110700.0,0.0,0.0,0.0,0.0,0.0,0.0,0.0,0.0,0.0,19110700.0,0.0
2452300000,Вікнянська,0.0,0.0,0.0,0.0,0,0.0,16397600.0,0.0,0.0,0.0,0.0,0.0,0.0,0.0,0.0,0.0,16397600.0,0.0
2452700000,Герцаївська,0.0,0.0,0.0,0.0,0,0.0,72729300.0,0.0,0.0,0.0,0.0,0.0,0.0,0.0,0.0,0.0,72729300.0,0.0
2450400000,Глибоцька,0.0,0.0,0.0,0.0,0,0.0,65515600.0,0.0,0.0,0.0,363900.0,0.0,0.0,0.0,0.0,0.0,65879500.0,0.0
2454300000,Горішньошеровецька,0.0,0.0,0.0,0.0,0,0.0,23306200.0,0.0,0.0,0.0,0.0,0.0,0.0,0.0,0.0,0.0,23306200.0,0.0
2452800000,Заставнівська,0.0,0.0,0.0,0.0,0,0.0,28122700.0,0.0,0.0,0.0,0.0,0.0,0.0,0.0,0.0,0.0,28122700.0,0.0
2453700000,Кадубовецька,0.0,0.0,0.0,0.0,0,0.0,31635100.0,0.0,0.0,0.0,129700.0,0.0,0.0,0.0,0.0,0.0,31764800.0,0.0
2454400000,Кам'янецька,0.0,0.0,0.0,0.0,0,0.0,41407400.0,0.0,0.0,0.0,0.0,0.0,0.0,0.0,0.0,0.0,41407400.0,0.0
2454500000,Кам'янська,0.0,0.0,0.0,0.0,0,0.0,36396400.0,0.0,0.0,0.0,189900.0,0.0,0.0,0.0,0.0,0.0,36586300.0,0.0
2453500000,Карапчівська,0.0,0.0,0.0,0.0,0,0.0,16936500.0,0.0,0.0,0.0,0.0,0.0,0.0,0.0,0.0,0.0,16936500.0,0.0
2454600000,Кельменецька,0.0,0.0,0.0,0.0,0,0.0,92958300.0,0.0,0.0,0.0,0.0,0.0,0.0,0.0,0.0,0.0,92958300.0,0.0
2450500000,Клішковецька,0.0,0.0,0.0,0.0,0,0.0,58734500.0,0.0,0.0,0.0,0.0,0.0,0.0,0.0,0.0,0.0,58734500.0,0.0
2451700000,Конятинська,0.0,0.0,0.0,0.0,0,0.0,31683000.0,0.0,0.0,0.0,0.0,0.0,0.0,0.0,0.0,0.0,31683000.0,0.0
2452500000,Кострижівська,0.0,0.0,0.0,0.0,0,0.0,11369500.0,0.0,0.0,0.0,0.0,0.0,0.0,0.0,0.0,0.0,11369500.0,0.0
2451400000,Красноїльська,0.0,0.0,0.0,0.0,0,0.0,38377600.0,0.0,0.0,0.0,236300.0,0.0,0.0,0.0,0.0,0.0,38613900.0,0.0
2452100000,Кіцманська,0.0,0.0,0.0,0.0,0,0.0,62793800.0,0.0,0.0,0.0,0.0,0.0,0.0,0.0,0.0,0.0,62793800.0,0.0
2454700000,Лівинецька,0.0,0.0,0.0,0.0,0,0.0,19435800.0,0.0,0.0,0.0,0.0,0.0,0.0,0.0,0.0,0.0,19435800.0,0.0
2452200000,Магальська,0.0,0.0,0.0,0.0,0,0.0,35792600.0,0.0,0.0,0.0,0.0,0.0,0.0,0.0,0.0,0.0,35792600.0,0.0
2450600000,Мамалигівська,0.0,0.0,0.0,0.0,0,0.0,30322200.0,0.0,0.0,0.0,0.0,0.0,0.0,0.0,0.0,0.0,30322200.0,0.0
2452000000,Мамаївська,0.0,0.0,0.0,0.0,0,0.0,66155200.0,0.0,0.0,0.0,0.0,0.0,0.0,0.0,0.0,0.0,66155200.0,0.0
2450700000,Недобоївська,0.0,0.0,0.0,0.0,0,0.0,37367600.0,0.0,0.0,0.0,0.0,0.0,0.0,0.0,0.0,0.0,37367600.0,0.0
2452900000,Неполоковецька,0.0,0.0,0.0,0.0,0,0.0,22265400.0,0.0,0.0,0.0,0.0,0.0,0.0,0.0,0.0,0.0,22265400.0,0.0
2453300000,Новодністровська,0.0,0.0,0.0,0.0,0,0.0,24734600.0,0.0,0.0,0.0,0.0,0.0,0.0,0.0,0.0,0.0,24734600.0,0.0
2452600000,Новоселицька,0.0,0.0,0.0,0.0,0,0.0,94783400.0,0.0,0.0,0.0,0.0,0.0,0.0,0.0,0.0,0.0,94783400.0,0.0
2451900000,Острицька,0.0,0.0,0.0,0.0,0,0.0,51784800.0,0.0,0.0,0.0,0.0,0.0,0.0,0.0,0.0,0.0,51784800.0,0.0
2454800000,Петровецька,0.0,0.0,0.0,0.0,0,0.0,34307200.0,0.0,0.0,0.0,0.0,0.0,0.0,0.0,0.0,0.0,34307200.0,0.0
2454900000,Путильська,0.0,0.0,0.0,0.0,0,0.0,66330200.0,0.0,0.0,0.0,241800.0,0.0,0.0,0.0,0.0,0.0,66572000.0,0.0
2450800000,Рукшинська,0.0,0.0,0.0,0.0,0,0.0,21627700.0,0.0,0.0,0.0,0.0,0.0,0.0,0.0,0.0,0.0,21627700.0,0.0
2451800000,Селятинська,0.0,0.0,0.0,0.0,0,0.0,34984400.0,0.0,0.0,0.0,74500.0,0.0,0.0,0.0,0.0,0.0,35058900.0,0.0
2450900000,Сокирянська,0.0,0.0,0.0,0.0,0,0.0,114142800.0,0.0,0.0,0.0,243900.0,0.0,0.0,0.0,0.0,0.0,114386700.0,0.0
2453000000,Ставчанська,0.0,0.0,0.0,0.0,0,0.0,20927000.0,0.0,0.0,0.0,0.0,0.0,0.0,0.0,0.0,0.0,20927000.0,0.0
2451300000,Сторожинецька,0.0,0.0,0.0,0.0,0,0.0,169412400.0,0.0,0.0,0.0,0.0,0.0,0.0,0.0,0.0,0.0,169412400.0,0.0
2453600000,Сучевенська,0.0,0.0,0.0,0.0,0,0.0,29375300.0,0.0,0.0,0.0,0.0,0.0,0.0,0.0,0.0,0.0,29375300.0,0.0
2455000000,Тарашанська,0.0,0.0,0.0,0.0,0,0.0,32714900.0,0.0,0.0,0.0,181500.0,0.0,0.0,0.0,0.0,0.0,32896400.0,0.0
2451500000,Тереблеченська,0.0,0.0,0.0,0.0,0,0.0,21521700.0,0.0,0.0,0.0,0.0,0.0,0.0,0.0,0.0,0.0,21521700.0,0.0
2455100000,Топорівська,0.0,0.0,0.0,0.0,0,0.0,39605200.0,0.0,0.0,0.0,0.0,0.0,0.0,0.0,0.0,0.0,39605200.0,0.0
2451000000,Усть-Путильська,0.0,0.0,0.0,0.0,0,0.0,31227900.0,0.0,0.0,0.0,0.0,0.0,0.0,0.0,0.0,0.0,31227900.0,0.0
2453100000,Хотинська,0.0,0.0,0.0,0.0,0,0.0,61599100.0,0.0,0.0,0.0,168900.0,0.0,0.0,0.0,0.0,0.0,61768000.0,0.0
2453200000,Чагорська,0.0,0.0,0.0,0.0,0,0.0,33765700.0,0.0,0.0,0.0,0.0,0.0,0.0,0.0,0.0,0.0,33765700.0,0.0
2455200000,Чернівецька,0.0,0.0,0.0,0.0,0,0.0,559437900.0,0.0,0.0,0.0,0.0,0.0,0.0,0.0,0.0,0.0,559437900.0,0.0
2451600000,Чудейська,0.0,0.0,0.0,0.0,0,0.0,54291900.0,0.0,0.0,0.0,0.0,0.0,0.0,0.0,0.0,0.0,54291900.0,0.0
2452400000,Юрковецька,0.0,0.0,0.0,0.0,0,0.0,38616100.0,0.0,0.0,0.0,0.0,0.0,0.0,0.0,0.0,0.0,38616100.0,0.0
0450100000,Апостолівська,0.0,0.0,0.0,0.0,0,0.0,69328500.0,0.0,0.0,0.0,0.0,0.0,0.0,0.0,0.0,0.0,69328500.0,0.0
0450200000,Богданівська,0.0,0.0,0.0,0.0,0,0.0,29730700.0,0.0,0.0,0.0,0.0,0.0,0.0,0.0,0.0,0.0,29730700.0,0.0
0451800000,Божедарівська,0.0,0.0,0.0,0.0,0,0.0,32169000.0,0.0,0.0,0.0,116100.0,0.0,0.0,0.0,0.0,0.0,32285100.0,0.0
0457200000,Брагинівська,0.0,0.0,0.0,0.0,0,0.0,13064700.0,0.0,0.0,0.0,0.0,0.0,0.0,0.0,0.0,0.0,13064700.0,0.0
0450500000,Вакулівська,0.0,0.0,0.0,0.0,0,0.0,9322500.0,0.0,0.0,0.0,0.0,0.0,0.0,0.0,0.0,0.0,9322500.0,0.0
0451900000,Васильківська,0.0,0.0,0.0,0.0,0,0.0,61310000.0,0.0,0.0,0.0,314900.0,0.0,0.0,0.0,0.0,0.0,61624900.0,0.0
0452900000,Великомихайлівська,0.0,0.0,0.0,0.0,0,0.0,9336300.0,0.0,0.0,0.0,0.0,0.0,0.0,0.0,0.0,0.0,9336300.0,0.0
0450300000,Вербківська,0.0,0.0,0.0,0.0,0,0.0,29756400.0,0.0,0.0,0.0,0.0,0.0,0.0,0.0,0.0,0.0,29756400.0,0.0
0453600000,Верхньодніпровська,0.0,0.0,0.0,0.0,0,0.0,94050400.0,0.0,0.0,0.0,541000.0,0.0,0.0,0.0,0.0,0.0,94591400.0,0.0
0457300000,Верхівцівська,0.0,0.0,0.0,0.0,0,0.0,34622700.0,0.0,0.0,0.0,0.0,0.0,0.0,0.0,0.0,0.0,34622700.0,0.0
0452000000,Вишнівська,0.0,0.0,0.0,0.0,0,0.0,14260000.0,0.0,0.0,0.0,0.0,0.0,0.0,0.0,0.0,0.0,14260000.0,0.0
0457400000,Вільногірська,0.0,0.0,0.0,0.0,0,0.0,46216300.0,0.0,0.0,0.0,0.0,0.0,0.0,0.0,0.0,0.0,46216300.0,0.0
0456300000,Глеюватська,0.0,0.0,0.0,0.0,0,0.0,20491600.0,0.0,0.0,0.0,79100.0,0.0,0.0,0.0,0.0,0.0,20570700.0,0.0
0453000000,Гречаноподівська,0.0,0.0,0.0,0.0,0,0.0,14587700.0,0.0,0.0,0.0,0.0,0.0,0.0,0.0,0.0,0.0,14587700.0,0.0
0450700000,Грушівська,0.0,0.0,0.0,0.0,0,0.0,18883600.0,0.0,0.0,0.0,0.0,0.0,0.0,0.0,0.0,0.0,18883600.0,0.0
0457500000,Губиниська,0.0,0.0,0.0,0.0,0,0.0,66010900.0,0.0,0.0,0.0,151200.0,0.0,0.0,0.0,0.0,0.0,66162100.0,0.0
0455600000,Девладівська,0.0,0.0,0.0,0.0,0,0.0,18917200.0,0.0,0.0,0.0,84700.0,0.0,0.0,0.0,0.0,0.0,19001900.0,0.0
0457600000,Дніпровська,0.0,26370860.0,0.0,0.0,0,0.0,1840591300.0,0.0,169310576.0,0.0,0.0,0.0,0.0,0.0,0.0,26370860.0,2009901876.0,0.0
0453500000,Дубовиківська,0.0,0.0,0.0,0.0,0,0.0,22904100.0,0.0,0.0,0.0,62700.0,0.0,0.0,0.0,0.0,0.0,22966800.0,0.0
0457700000,Жовтоводська,0.0,0.0,0.0,0.0,0,0.0,87630100.0,0.0,0.0,0.0,0.0,0.0,0.0,0.0,0.0,0.0,87630100.0,0.0
0454500000,Зайцівська,0.0,0.0,0.0,0.0,0,0.0,13498700.0,0.0,0.0,0.0,55700.0,0.0,0.0,0.0,0.0,0.0,13554400.0,0.0
0456400000,Затишнянська,0.0,0.0,0.0,0.0,0,0.0,15019200.0,0.0,0.0,0.0,32800.0,0.0,0.0,0.0,0.0,0.0,15052000.0,0.0
0450600000,Зеленодольська,0.0,0.0,0.0,0.0,0,0.0,42619400.0,0.0,0.0,0.0,0.0,0.0,0.0,0.0,0.0,0.0,42619400.0,0.0
0455400000,Кам'янська,0.0,0.0,0.0,0.0,0,0.0,10569500.0,0.0,0.0,0.0,0.0,0.0,0.0,0.0,0.0,0.0,10569500.0,0.0
0455000000,Карпівська,0.0,0.0,0.0,0.0,0,0.0,17053000.0,0.0,0.0,0.0,0.0,0.0,0.0,0.0,0.0,0.0,17053000.0,0.0
0454800000,Китайгородська,0.0,0.0,0.0,0.0,0,0.0,14362900.0,0.0,0.0,0.0,52900.0,0.0,0.0,0.0,0.0,0.0,14415800.0,0.0
0457810000,Криворізька,0.0,0.0,0.0,0.0,0,0.0,1193030200.0,0.0,88473499.0,0.0,0.0,0.0,0.0,0.0,0.0,0.0,1281503699.0,0.0
0452100000,Криничанська,0.0,0.0,0.0,0.0,0,0.0,63984600.0,0.0,0.0,0.0,0.0,0.0,0.0,0.0,0.0,0.0,63984600.0,0.0
0452200000,Лихівська,0.0,0.0,0.0,0.0,0,0.0,13272000.0,0.0,0.0,0.0,9400.0,0.0,0.0,0.0,0.0,0.0,13281400.0,0.0
0455700000,Личківська,0.0,0.0,0.0,0.0,0,0.0,18049100.0,0.0,0.0,0.0,0.0,0.0,0.0,0.0,0.0,0.0,18049100.0,0.0
0457900000,Лозуватська,0.0,0.0,0.0,0.0,0,0.0,48698500.0,0.0,0.0,0.0,0.0,0.0,0.0,0.0,0.0,0.0,48698500.0,0.0
0455300000,Любимівська,0.0,0.0,0.0,0.0,0,0.0,6759300.0,0.0,0.0,0.0,0.0,0.0,0.0,0.0,0.0,0.0,6759300.0,0.0
0450800000,Ляшківська,0.0,0.0,0.0,0.0,0,0.0,7483000.0,0.0,0.0,0.0,34200.0,0.0,0.0,0.0,0.0,0.0,7517200.0,0.0
0456500000,Магдалинівська,0.0,0.0,0.0,0.0,0,0.0,78730000.0,0.0,0.0,0.0,0.0,0.0,0.0,0.0,0.0,0.0,78730000.0,0.0
0453100000,Маломихайлівська,0.0,0.0,0.0,0.0,0,0.0,22925300.0,0.0,0.0,0.0,0.0,0.0,0.0,0.0,0.0,0.0,22925300.0,0.0
0456100000,Марганецька,0.0,0.0,0.0,0.0,0,0.0,84468100.0,0.0,0.0,0.0,0.0,0.0,0.0,0.0,0.0,0.0,84468100.0,0.0
0454100000,Межиріцька,0.0,0.0,0.0,0.0,0,0.0,24688300.0,0.0,0.0,0.0,0.0,0.0,0.0,0.0,0.0,0.0,24688300.0,0.0
0453700000,Межівська,0.0,0.0,0.0,0.0,0,0.0,44855300.0,0.0,0.0,0.0,0.0,0.0,0.0,0.0,0.0,0.0,44855300.0,0.0
0450900000,Миколаївська,0.0,0.0,0.0,0.0,0,0.0,17246700.0,0.0,0.0,0.0,0.0,0.0,0.0,0.0,0.0,0.0,17246700.0,0.0
0451600000,Мирівська,0.0,0.0,0.0,0.0,0,0.0,24467600.0,0.0,0.0,0.0,0.0,0.0,0.0,0.0,0.0,0.0,24467600.0,0.0
0450900000,Могилівська,0.0,0.0,0.0,0.0,0,0.0,17246700.0,0.0,0.0,0.0,0.0,0.0,0.0,0.0,0.0,0.0,17246700.0,0.0
0453900000,Мозолевська,0.0,0.0,0.0,0.0,0,0.0,43081100.0,0.0,0.0,0.0,0.0,0.0,0.0,0.0,0.0,0.0,43081100.0,0.0
0451000000,Нивотрудівська,0.0,0.0,0.0,0.0,0,0.0,14959200.0,0.0,0.0,0.0,0.0,0.0,0.0,0.0,0.0,0.0,14959200.0,0.0
0453200000,Новолатівська,0.0,0.0,0.0,0.0,0,0.0,10611900.0,0.0,0.0,0.0,34600.0,0.0,0.0,0.0,0.0,0.0,10646500.0,0.0
0453200000,Новоолександрівська,0.0,0.0,0.0,0.0,0,0.0,10611900.0,0.0,0.0,0.0,34600.0,0.0,0.0,0.0,0.0,0.0,10646500.0,0.0
0453300000,Новопавлівська,0.0,0.0,0.0,0.0,0,0.0,10707000.0,0.0,0.0,0.0,0.0,0.0,0.0,0.0,0.0,0.0,10707000.0,0.0
0452300000,Новопокровська,0.0,0.0,0.0,0.0,0,0.0,58218300.0,0.0,0.0,0.0,0.0,0.0,0.0,0.0,0.0,0.0,58218300.0,0.0
0458300000,Новопільська,0.0,0.0,0.0,0.0,0,0.0,47799700.0,0.0,0.0,0.0,0.0,0.0,0.0,0.0,0.0,0.0,47799700.0,0.0
0458100000,Нікопольська,0.0,0.0,0.0,0.0,0,0.0,209631800.0,0.0,0.0,0.0,0.0,0.0,0.0,0.0,0.0,0.0,209631800.0,0.0
0456600000,Обухівська,0.0,0.0,0.0,0.0,0,0.0,28747500.0,0.0,0.0,0.0,0.0,0.0,0.0,0.0,0.0,0.0,28747500.0,0.0
0458800000,П'ятихатська,0.0,0.0,0.0,0.0,0,0.0,65945100.0,0.0,0.0,0.0,0.0,0.0,0.0,0.0,0.0,0.0,65945100.0,0.0
0458400000,Павлоградська,0.0,112616419.0,0.0,0.0,0,0.0,237086700.0,0.0,0.0,0.0,0.0,0.0,0.0,0.0,0.0,112616419.0,237086700.0,0.0
0455800000,Перещепинська,0.0,0.0,0.0,0.0,0,0.0,62781800.0,0.0,0.0,0.0,0.0,0.0,0.0,0.0,0.0,0.0,62781800.0,0.0
0454300000,Петриківська,0.0,0.0,0.0,0.0,0,0.0,71017500.0,0.0,0.0,0.0,345900.0,0.0,0.0,0.0,0.0,0.0,71363400.0,0.0
0458600000,Петропавлівська,0.0,0.0,0.0,0.0,0,0.0,29644600.0,0.0,0.0,0.0,0.0,0.0,0.0,0.0,0.0,0.0,29644600.0,0.0
0452300000,Покровська,0.0,0.0,0.0,0.0,0,0.0,58218300.0,0.0,0.0,0.0,0.0,0.0,0.0,0.0,0.0,0.0,58218300.0,0.0
0456800000,Підгородненська,0.0,0.0,0.0,0.0,0,0.0,55657700.0,0.0,72285926.0,0.0,0.0,0.0,0.0,0.0,0.0,0.0,127943626.0,0.0
0454600000,Раївська,0.0,0.0,0.0,0.0,0,0.0,35392500.0,0.0,0.0,0.0,0.0,0.0,0.0,0.0,0.0,0.0,35392500.0,0.0
0452400000,Роздорська,0.0,0.0,0.0,0.0,0,0.0,10899700.0,0.0,0.0,0.0,0.0,0.0,0.0,0.0,0.0,0.0,10899700.0,0.0
0455500000,Саксаганська,0.0,0.0,0.0,0.0,0,0.0,25230900.0,0.0,0.0,0.0,0.0,0.0,0.0,0.0,0.0,0.0,25230900.0,0.0
0458200000,Самарівська,0.0,0.0,0.0,0.0,0,0.0,136540200.0,0.0,0.0,0.0,566700.0,0.0,0.0,0.0,0.0,0.0,137106900.0,0.0
0450400000,Святовасилівська,0.0,0.0,0.0,0.0,0,0.0,18872900.0,0.0,0.0,0.0,42100.0,0.0,0.0,0.0,0.0,0.0,18915000.0,0.0
0458900000,Синельниківська,0.0,75000000.0,0.0,0.0,0,0.0,75154100.0,0.0,0.0,0.0,0.0,0.0,0.0,0.0,0.0,75000000.0,75154100.0,0.0
0454800000,Славгородська,0.0,0.0,0.0,0.0,0,0.0,14362900.0,0.0,0.0,0.0,52900.0,0.0,0.0,0.0,0.0,0.0,14415800.0,0.0
0451500000,Слобожанська,0.0,0.0,0.0,0.0,0,0.0,67299400.0,0.0,0.0,0.0,155400.0,0.0,0.0,0.0,0.0,0.0,67454800.0,0.0
0459000000,Слов'янська,0.0,0.0,0.0,0.0,0,0.0,12496700.0,0.0,0.0,0.0,0.0,0.0,0.0,0.0,0.0,0.0,12496700.0,0.0
0451300000,Солонянська,0.0,0.0,0.0,0.0,0,0.0,91006800.0,0.0,0.0,0.0,387500.0,0.0,0.0,0.0,0.0,0.0,91394300.0,0.0
0452500000,Софіївська,0.0,0.0,0.0,0.0,0,0.0,40641100.0,0.0,0.0,0.0,194200.0,0.0,0.0,0.0,0.0,0.0,40835300.0,0.0
0451400000,Сурсько-Литовська,0.0,0.0,0.0,0.0,0,0.0,16184000.0,0.0,0.0,0.0,0.0,0.0,0.0,0.0,0.0,0.0,16184000.0,0.0
0459100000,Тернівська,0.0,0.0,0.0,0.0,0,0.0,58630600.0,0.0,0.0,0.0,470800.0,0.0,0.0,0.0,0.0,0.0,59101400.0,0.0
0452600000,Томаківська,0.0,0.0,0.0,0.0,0,0.0,49243400.0,0.0,0.0,0.0,0.0,0.0,0.0,0.0,0.0,0.0,49243400.0,0.0
0454200000,Троїцька,0.0,0.0,0.0,0.0,0,0.0,14875800.0,0.0,0.0,0.0,0.0,0.0,0.0,0.0,0.0,0.0,14875800.0,0.0
0455400000,Українська,0.0,0.0,0.0,0.0,0,0.0,10569500.0,0.0,0.0,0.0,0.0,0.0,0.0,0.0,0.0,0.0,10569500.0,0.0
0452700000,Царичанська,0.0,0.0,0.0,0.0,0,0.0,47354800.0,0.0,5590000.0,0.0,0.0,0.0,0.0,0.0,0.0,0.0,52944800.0,0.0
0454000000,Червоногригорівська,0.0,0.0,0.0,0.0,0,0.0,34402000.0,0.0,0.0,0.0,0.0,0.0,0.0,0.0,0.0,0.0,34402000.0,0.0
0456000000,Чумаківська,0.0,0.0,0.0,0.0,0,0.0,14602100.0,0.0,0.0,0.0,0.0,0.0,0.0,0.0,0.0,0.0,14602100.0,0.0
0451600000,Широківська,0.0,0.0,0.0,0.0,0,0.0,24467600.0,0.0,0.0,0.0,0.0,0.0,0.0,0.0,0.0,0.0,24467600.0,0.0
0455200000,Юріївська,0.0,0.0,0.0,0.0,0,0.0,44133900.0,0.0,0.0,0.0,199400.0,0.0,0.0,0.0,0.0,0.0,44333300.0,0.0
0454700000,Яворницька,0.0,0.0,0.0,0.0,0,0.0,41673500.0,0.0,0.0,0.0,21100.0,0.0,0.0,0.0,0.0,0.0,41694600.0,0.0
0555400000,Єнакієвська,0.0,0.0,0.0,0.0,0,0.0,0.0,0.0,0.0,0.0,0.0,0.0,0.0,0.0,0.0,0.0,0.0,0.0
0550600000,Іллінівська,0.0,0.0,0.0,0.0,0,0.0,35107900.0,0.0,0.0,0.0,0.0,0.0,0.0,0.0,0.0,0.0,35107900.0,0.0
0555600000,Іловайська,0.0,0.0,0.0,0.0,0,0.0,0.0,0.0,0.0,0.0,0.0,0.0,0.0,0.0,0.0,0.0,0.0,0.0
0551400000,Авдіївська,0.0,0.0,0.0,0.0,0,0.0,25055700.0,0.0,0.0,0.0,0.0,0.0,0.0,0.0,0.0,0.0,25055700.0,0.0
0554700000,Амвросіївська,0.0,0.0,0.0,0.0,0,0.0,0.0,0.0,0.0,0.0,0.0,0.0,0.0,0.0,0.0,0.0,0.0,0.0
0550900000,Андріївська,0.0,0.0,0.0,0.0,0,0.0,8436700.0,0.0,0.0,0.0,0.0,0.0,0.0,0.0,0.0,0.0,8436700.0,0.0
0551100000,Бахмутська,0.0,0.0,0.0,0.0,0,0.0,81524000.0,0.0,0.0,0.0,0.0,0.0,0.0,0.0,0.0,0.0,81524000.0,0.0
0554800000,Бойківська,0.0,0.0,0.0,0.0,0,0.0,0.0,0.0,0.0,0.0,0.0,0.0,0.0,0.0,0.0,0.0,0.0,0.0
0551500000,Білозерська,0.0,0.0,0.0,0.0,0,0.0,27063400.0,0.0,0.0,0.0,0.0,0.0,0.0,0.0,0.0,0.0,27063400.0,0.0
0551600000,Великоновосілківська,0.0,0.0,0.0,0.0,0,0.0,52333500.0,0.0,0.0,0.0,0.0,0.0,0.0,0.0,0.0,0.0,52333500.0,0.0
0551700000,Волноваська,0.0,0.0,0.0,0.0,0,0.0,22800600.0,0.0,0.0,0.0,0.0,0.0,0.0,0.0,0.0,0.0,22800600.0,0.0
0554900000,Вуглегірська,0.0,0.0,0.0,0.0,0,0.0,0.0,0.0,0.0,0.0,0.0,0.0,0.0,0.0,0.0,0.0,0.0,0.0
0551200000,Вугледарська,0.0,0.0,0.0,0.0,0,0.0,26954000.0,0.0,0.0,0.0,0.0,0.0,0.0,0.0,0.0,0.0,26954000.0,0.0
0555000000,Горлівська,0.0,0.0,0.0,0.0,0,0.0,0.0,0.0,0.0,0.0,0.0,0.0,0.0,0.0,0.0,0.0,0.0,0.0
0551800000,Гродівська,0.0,0.0,0.0,0.0,0,0.0,16009800.0,0.0,0.0,0.0,0.0,0.0,0.0,0.0,0.0,0.0,16009800.0,0.0
0555100000,Дебальцівська,0.0,0.0,0.0,0.0,0,0.0,0.0,0.0,0.0,0.0,0.0,0.0,0.0,0.0,0.0,0.0,0.0,0.0
0551900000,Добропільська,0.0,0.0,0.0,0.0,0,0.0,94991200.0,0.0,0.0,0.0,0.0,0.0,0.0,0.0,0.0,0.0,94991200.0,0.0
0555200000,Докучаєвська,0.0,0.0,0.0,0.0,0,0.0,0.0,0.0,0.0,0.0,0.0,0.0,0.0,0.0,0.0,0.0,0.0,0.0
0555300000,Донецька,0.0,0.0,0.0,0.0,0,0.0,0.0,0.0,0.0,0.0,0.0,0.0,0.0,0.0,0.0,0.0,0.0,0.0
0552000000,Дружківська,0.0,0.0,0.0,0.0,0,0.0,79046000.0,0.0,0.0,0.0,0.0,0.0,0.0,0.0,0.0,0.0,79046000.0,0.0
0555500000,Жданівська,0.0,0.0,0.0,0.0,0,0.0,0.0,0.0,0.0,0.0,0.0,0.0,0.0,0.0,0.0,0.0,0.0,0.0
0550800000,Званівська,0.0,0.0,0.0,0.0,0,0.0,6643500.0,0.0,0.0,0.0,0.0,0.0,0.0,0.0,0.0,0.0,6643500.0,0.0
0555700000,Кальміуська,0.0,0.0,0.0,0.0,0,0.0,0.0,0.0,0.0,0.0,0.0,0.0,0.0,0.0,0.0,0.0,0.0,0.0
0552100000,Кальчицька,0.0,0.0,0.0,0.0,0,0.0,0.0,0.0,0.0,0.0,0.0,0.0,0.0,0.0,0.0,0.0,0.0,0.0
0552200000,Комарська,0.0,0.0,0.0,0.0,0,0.0,15481200.0,0.0,0.0,0.0,0.0,0.0,0.0,0.0,0.0,0.0,15481200.0,0.0
0552300000,Костянтинівська,0.0,0.0,0.0,0.0,0,0.0,106670200.0,0.0,0.0,0.0,0.0,0.0,0.0,0.0,0.0,0.0,106670200.0,0.0
0552400000,Краматорська,0.0,0.0,0.0,0.0,0,0.0,262761900.0,0.0,0.0,0.0,0.0,0.0,0.0,0.0,0.0,0.0,262761900.0,0.0
0551300000,Криворізька,0.0,0.0,0.0,0.0,0,0.0,11610700.0,0.0,0.0,0.0,0.0,0.0,0.0,0.0,0.0,0.0,11610700.0,0.0
0552500000,Курахівська,0.0,0.0,0.0,0.0,0,0.0,57624300.0,0.0,0.0,0.0,0.0,0.0,0.0,0.0,0.0,0.0,57624300.0,0.0
0550100000,Лиманська,0.0,0.0,0.0,0.0,0,0.0,55482000.0,0.0,0.0,0.0,0.0,0.0,0.0,0.0,0.0,0.0,55482000.0,0.0
0555800000,Макіївська,0.0,0.0,0.0,0.0,0,0.0,0.0,0.0,0.0,0.0,0.0,0.0,0.0,0.0,0.0,0.0,0.0,0.0
0552600000,Мангушська,0.0,0.0,0.0,0.0,0,0.0,7636200.0,0.0,0.0,0.0,0.0,0.0,0.0,0.0,0.0,0.0,7636200.0,0.0
0552700000,Мар'їнська,0.0,0.0,0.0,0.0,0,0.0,33540500.0,0.0,0.0,0.0,0.0,0.0,0.0,0.0,0.0,0.0,33540500.0,0.0
0552800000,Маріупольська,0.0,0.0,0.0,0.0,0,0.0,93737500.0,0.0,0.0,0.0,0.0,0.0,0.0,0.0,0.0,0.0,93737500.0,0.0
0553100000,Миколаївська,0.0,0.0,0.0,0.0,0,0.0,17049500.0,0.0,0.0,0.0,0.0,0.0,0.0,0.0,0.0,0.0,17049500.0,0.0
0553100000,Микільська,0.0,0.0,0.0,0.0,0,0.0,17049500.0,0.0,0.0,0.0,0.0,0.0,0.0,0.0,0.0,0.0,17049500.0,0.0
0552700000,Мирненська,0.0,0.0,0.0,0.0,0,0.0,33540500.0,0.0,0.0,0.0,0.0,0.0,0.0,0.0,0.0,0.0,33540500.0,0.0
0553000000,Мирноградська,0.0,0.0,0.0,0.0,0,0.0,82959000.0,0.0,0.0,0.0,0.0,0.0,0.0,0.0,0.0,0.0,82959000.0,0.0
0555900000,Новоазовська,0.0,0.0,0.0,0.0,0,0.0,0.0,0.0,0.0,0.0,0.0,0.0,0.0,0.0,0.0,0.0,0.0,0.0
0553200000,Новогродівська,0.0,0.0,0.0,0.0,0,0.0,31208500.0,0.0,0.0,0.0,0.0,0.0,0.0,0.0,0.0,0.0,31208500.0,0.0
0553300000,Новодонецька,0.0,0.0,0.0,0.0,0,0.0,25719100.0,0.0,0.0,0.0,0.0,0.0,0.0,0.0,0.0,0.0,25719100.0,0.0
0550900000,Олександрівська,0.0,0.0,0.0,0.0,0,0.0,8436700.0,0.0,0.0,0.0,0.0,0.0,0.0,0.0,0.0,0.0,8436700.0,0.0
0553400000,Ольгинська,0.0,0.0,0.0,0.0,0,0.0,6947300.0,0.0,0.0,0.0,0.0,0.0,0.0,0.0,0.0,0.0,6947300.0,0.0
0553500000,Очеретинська,0.0,0.0,0.0,0.0,0,0.0,37198300.0,0.0,0.0,0.0,0.0,0.0,0.0,0.0,0.0,0.0,37198300.0,0.0
0553600000,Покровська,0.0,0.0,0.0,0.0,0,0.0,158178700.0,0.0,0.0,0.0,0.0,0.0,0.0,0.0,0.0,0.0,158178700.0,0.0
0553700000,Сартанська,0.0,0.0,0.0,0.0,0,0.0,8637700.0,0.0,0.0,0.0,0.0,0.0,0.0,0.0,0.0,0.0,8637700.0,0.0
0553900000,Святогірська,0.0,0.0,0.0,0.0,0,0.0,16665900.0,0.0,0.0,0.0,0.0,0.0,0.0,0.0,0.0,0.0,16665900.0,0.0
0553800000,Світлодарська,0.0,0.0,0.0,0.0,0,0.0,4065700.0,0.0,0.0,0.0,0.0,0.0,0.0,0.0,0.0,0.0,4065700.0,0.0
0554000000,Селидівська,0.0,0.0,0.0,0.0,0,0.0,47692200.0,0.0,0.0,0.0,0.0,0.0,0.0,0.0,0.0,0.0,47692200.0,0.0
0554100000,Слов'янська,0.0,0.0,0.0,0.0,0,0.0,185249700.0,0.0,0.0,0.0,0.0,0.0,0.0,0.0,0.0,0.0,185249700.0,0.0
0556000000,Сніжнянська,0.0,0.0,0.0,0.0,0,0.0,0.0,0.0,0.0,0.0,0.0,0.0,0.0,0.0,0.0,0.0,0.0,0.0
0550500000,Соледарська,0.0,0.0,0.0,0.0,0,0.0,20712400.0,0.0,0.0,0.0,0.0,0.0,0.0,0.0,0.0,0.0,20712400.0,0.0
0556100000,Старобешівська,0.0,0.0,0.0,0.0,0,0.0,0.0,0.0,0.0,0.0,0.0,0.0,0.0,0.0,0.0,0.0,0.0,0.0
0554200000,Старомлинівська,0.0,0.0,0.0,0.0,0,0.0,4839500.0,0.0,0.0,0.0,0.0,0.0,0.0,0.0,0.0,0.0,4839500.0,0.0
0550700000,Сіверська,0.0,0.0,0.0,0.0,0,0.0,11820600.0,0.0,0.0,0.0,0.0,0.0,0.0,0.0,0.0,0.0,11820600.0,0.0
0554300000,Торецька,0.0,0.0,0.0,0.0,0,0.0,66232300.0,0.0,0.0,0.0,0.0,0.0,0.0,0.0,0.0,0.0,66232300.0,0.0
0554400000,Удачненська,0.0,0.0,0.0,0.0,0,0.0,8922600.0,0.0,0.0,0.0,0.0,0.0,0.0,0.0,0.0,0.0,8922600.0,0.0
0556200000,Харцизька,0.0,0.0,0.0,0.0,0,0.0,0.0,0.0,0.0,0.0,0.0,0.0,0.0,0.0,0.0,0.0,0.0,0.0
0554500000,Хлібодарівська,0.0,0.0,0.0,0.0,0,0.0,7096600.0,0.0,0.0,0.0,0.0,0.0,0.0,0.0,0.0,0.0,7096600.0,0.0
0556300000,Хрестівська,0.0,0.0,0.0,0.0,0,0.0,0.0,0.0,0.0,0.0,0.0,0.0,0.0,0.0,0.0,0.0,0.0,0.0
0554600000,Часовоярська,0.0,0.0,0.0,0.0,0,0.0,14168800.0,0.0,0.0,0.0,0.0,0.0,0.0,0.0,0.0,0.0,14168800.0,0.0
0550300000,Черкаська,0.0,0.0,0.0,0.0,0,0.0,27331400.0,0.0,0.0,0.0,0.0,0.0,0.0,0.0,0.0,0.0,27331400.0,0.0
0556400000,Чистяківська,0.0,0.0,0.0,0.0,0,0.0,0.0,0.0,0.0,0.0,0.0,0.0,0.0,0.0,0.0,0.0,0.0,0.0
0556500000,Шахтарська,0.0,0.0,0.0,0.0,0,0.0,0.0,0.0,0.0,0.0,0.0,0.0,0.0,0.0,0.0,0.0,0.0,0.0
0550200000,Шахівська,0.0,0.0,0.0,0.0,0,0.0,11920700.0,0.0,0.0,0.0,0.0,0.0,0.0,0.0,0.0,0.0,11920700.0,0.0
0556600000,Ясинуватська,0.0,0.0,0.0,0.0,0,0.0,0.0,0.0,0.0,0.0,0.0,0.0,0.0,0.0,0.0,0.0,0.0,0.0
0953600000,Єзупільська,0.0,0.0,0.0,0.0,0,0.0,17975400.0,0.0,0.0,0.0,0.0,0.0,0.0,0.0,0.0,0.0,17975400.0,0.0
0953300000,Івано-Франківська,0.0,0.0,0.0,0.0,0,0.0,672529700.0,0.0,0.0,0.0,0.0,0.0,0.0,0.0,0.0,0.0,672529700.0,0.0
0954000000,Богородчанська,0.0,0.0,0.0,0.0,0,0.0,101470700.0,0.0,0.0,0.0,0.0,0.0,0.0,0.0,0.0,0.0,101470700.0,0.0
0954100000,Болехівська,0.0,0.0,0.0,0.0,0,0.0,72213100.0,0.0,0.0,0.0,0.0,0.0,0.0,0.0,0.0,0.0,72213100.0,0.0
0952000000,Брошнів-Осадська,0.0,0.0,0.0,0.0,0,0.0,35373000.0,0.0,0.0,0.0,0.0,0.0,0.0,0.0,0.0,0.0,35373000.0,0.0
0952600000,Букачівська,0.0,0.0,0.0,0.0,0,0.0,12973800.0,0.0,0.0,0.0,0.0,0.0,0.0,0.0,0.0,0.0,12973800.0,0.0
0954200000,Бурштинська,0.0,0.0,0.0,0.0,0,0.0,56565000.0,0.0,0.0,0.0,0.0,0.0,0.0,0.0,0.0,0.0,56565000.0,0.0
0950400000,Білоберізька,0.0,0.0,0.0,0.0,0,0.0,57663300.0,0.0,0.0,0.0,0.0,0.0,0.0,0.0,0.0,0.0,57663300.0,0.0
0950600000,Більшівцівська,0.0,0.0,0.0,0.0,0,0.0,19716900.0,0.0,0.0,0.0,0.0,0.0,0.0,0.0,0.0,0.0,19716900.0,0.0
0950100000,Верхнянська,0.0,0.0,0.0,0.0,0,0.0,28825600.0,0.0,0.0,0.0,0.0,0.0,0.0,0.0,0.0,0.0,28825600.0,0.0
0954300000,Верховинська,0.0,0.0,0.0,0.0,0,0.0,140147900.0,0.0,0.0,0.0,0.0,0.0,0.0,0.0,0.0,0.0,140147900.0,0.0
0952700000,Вигодська,0.0,0.0,0.0,0.0,0,0.0,85088400.0,0.0,0.0,0.0,0.0,0.0,0.0,0.0,0.0,0.0,85088400.0,0.0
0950700000,Витвицька,0.0,0.0,0.0,0.0,0,0.0,27925300.0,0.0,0.0,0.0,0.0,0.0,0.0,0.0,0.0,0.0,27925300.0,0.0
0952100000,Войнилівська,0.0,0.0,0.0,0.0,0,0.0,24810900.0,0.0,0.0,0.0,0.0,0.0,0.0,0.0,0.0,0.0,24810900.0,0.0
0954400000,Ворохтянська,0.0,0.0,0.0,0.0,0,0.0,22922000.0,0.0,0.0,0.0,0.0,0.0,0.0,0.0,0.0,0.0,22922000.0,0.0
0954500000,Галицька,0.0,0.0,0.0,0.0,0,0.0,69540300.0,0.0,0.0,0.0,0.0,0.0,0.0,0.0,0.0,0.0,69540300.0,0.0
0953400000,Гвіздецька,0.0,0.0,0.0,0.0,0,0.0,20110800.0,0.0,0.0,0.0,0.0,0.0,0.0,0.0,0.0,0.0,20110800.0,0.0
0954600000,Городенківська,0.0,0.0,0.0,0.0,0,0.0,134361900.0,0.0,0.0,0.0,0.0,0.0,0.0,0.0,0.0,0.0,134361900.0,0.0
0952200000,Делятинська,0.0,0.0,0.0,0.0,0,0.0,89099700.0,0.0,0.0,0.0,0.0,0.0,0.0,0.0,0.0,0.0,89099700.0,0.0
0951300000,Дзвиняцька,0.0,0.0,0.0,0.0,0,0.0,31199900.0,0.0,0.0,0.0,0.0,0.0,0.0,0.0,0.0,0.0,31199900.0,0.0
0953200000,Долинська,0.0,0.0,0.0,0.0,0,0.0,191380800.0,0.0,0.0,0.0,0.0,0.0,0.0,0.0,0.0,0.0,191380800.0,0.0
0954700000,Дубовецька,0.0,0.0,0.0,0.0,0,0.0,23430300.0,0.0,0.0,0.0,0.0,0.0,0.0,0.0,0.0,0.0,23430300.0,0.0
0953500000,Дубівська,0.0,0.0,0.0,0.0,0,0.0,33437500.0,0.0,0.0,0.0,0.0,0.0,0.0,0.0,0.0,0.0,33437500.0,0.0
0951800000,Заболотівська,0.0,0.0,0.0,0.0,0,0.0,64612500.0,0.0,0.0,0.0,0.0,0.0,0.0,0.0,0.0,0.0,64612500.0,0.0
0952400000,Загвіздянська,0.0,0.0,0.0,0.0,0,0.0,17927400.0,0.0,0.0,0.0,0.0,0.0,0.0,0.0,0.0,0.0,17927400.0,0.0
0954800000,Зеленська,0.0,0.0,0.0,0.0,0,0.0,11849300.0,0.0,0.0,0.0,0.0,0.0,0.0,0.0,0.0,0.0,11849300.0,0.0
0953100000,Калуська,0.0,0.0,0.0,0.0,0,0.0,202543300.0,0.0,0.0,0.0,0.0,0.0,0.0,0.0,0.0,0.0,202543300.0,0.0
0953000000,Коломийська,0.0,0.0,0.0,0.0,0,0.0,189523700.0,0.0,0.0,0.0,0.0,0.0,0.0,0.0,0.0,0.0,189523700.0,0.0
0952800000,Коршівська,0.0,0.0,0.0,0.0,0,0.0,27425000.0,0.0,0.0,0.0,0.0,0.0,0.0,0.0,0.0,0.0,27425000.0,0.0
0950800000,Космацька,0.0,0.0,0.0,0.0,0,0.0,47279400.0,0.0,0.0,0.0,0.0,0.0,0.0,0.0,0.0,0.0,47279400.0,0.0
0954900000,Косівська,0.0,0.0,0.0,0.0,0,0.0,129046800.0,0.0,0.0,0.0,0.0,0.0,0.0,0.0,0.0,0.0,129046800.0,0.0
0955000000,Кутська,0.0,0.0,0.0,0.0,0,0.0,50966500.0,0.0,0.0,0.0,0.0,0.0,0.0,0.0,0.0,0.0,50966500.0,0.0
0951700000,Ланчинська,0.0,0.0,0.0,0.0,0,0.0,33145300.0,0.0,0.0,0.0,0.0,0.0,0.0,0.0,0.0,0.0,33145300.0,0.0
0955100000,Лисецька,0.0,0.0,0.0,0.0,0,0.0,24005600.0,0.0,0.0,0.0,0.0,0.0,0.0,0.0,0.0,0.0,24005600.0,0.0
0950900000,Матеївецька,0.0,0.0,0.0,0.0,0,0.0,28552300.0,0.0,0.0,0.0,0.0,0.0,0.0,0.0,0.0,0.0,28552300.0,0.0
0955200000,Надвірнянська,0.0,0.0,0.0,0.0,0,0.0,168029800.0,0.0,0.0,0.0,0.0,0.0,0.0,0.0,0.0,0.0,168029800.0,0.0
0951000000,Нижньовербізька,0.0,0.0,0.0,0.0,0,0.0,40836600.0,0.0,0.0,0.0,0.0,0.0,0.0,0.0,0.0,0.0,40836600.0,0.0
0952900000,Новицька,0.0,0.0,0.0,0.0,0,0.0,42825400.0,0.0,0.0,0.0,0.0,0.0,0.0,0.0,0.0,0.0,42825400.0,0.0
0955300000,Обертинська,0.0,0.0,0.0,0.0,0,0.0,23510900.0,0.0,0.0,0.0,0.0,0.0,0.0,0.0,0.0,0.0,23510900.0,0.0
0951200000,Олешанська,0.0,0.0,0.0,0.0,0,0.0,39347400.0,0.0,0.0,0.0,0.0,0.0,0.0,0.0,0.0,0.0,39347400.0,0.0
0955400000,Отинійська,0.0,0.0,0.0,0.0,0,0.0,61639900.0,0.0,0.0,0.0,0.0,0.0,0.0,0.0,0.0,0.0,61639900.0,0.0
0951100000,П'ядицька,0.0,0.0,0.0,0.0,0,0.0,34363600.0,0.0,0.0,0.0,0.0,0.0,0.0,0.0,0.0,0.0,34363600.0,0.0
0953800000,Пасічнянська,0.0,0.0,0.0,0.0,0,0.0,92659000.0,0.0,0.0,0.0,0.0,0.0,0.0,0.0,0.0,0.0,92659000.0,0.0
0955500000,Перегінська,0.0,0.0,0.0,0.0,0,0.0,104591800.0,0.0,0.0,0.0,0.0,0.0,0.0,0.0,0.0,0.0,104591800.0,0.0
0951600000,Переріслянська,0.0,0.0,0.0,0.0,0,0.0,33138900.0,0.0,0.0,0.0,0.0,0.0,0.0,0.0,0.0,0.0,33138900.0,0.0
0950200000,Печеніжинська,0.0,0.0,0.0,0.0,0,0.0,69705500.0,0.0,0.0,0.0,0.0,0.0,0.0,0.0,0.0,0.0,69705500.0,0.0
0955600000,Поляницька,0.0,0.0,0.0,0.0,0,0.0,35873300.0,0.0,0.0,0.0,0.0,0.0,0.0,0.0,0.0,0.0,35873300.0,0.0
0953900000,Підгайчиківська,0.0,0.0,0.0,0.0,0,0.0,16230800.0,0.0,0.0,0.0,0.0,0.0,0.0,0.0,0.0,0.0,16230800.0,0.0
0955700000,Рогатинська,0.0,0.0,0.0,0.0,0,0.0,92128700.0,0.0,0.0,0.0,0.0,0.0,0.0,0.0,0.0,0.0,92128700.0,0.0
0955800000,Рожнятівська,0.0,0.0,0.0,0.0,0,0.0,69978100.0,0.0,0.0,0.0,0.0,0.0,0.0,0.0,0.0,0.0,69978100.0,0.0
0951400000,Рожнівська,0.0,0.0,0.0,0.0,0,0.0,43995600.0,0.0,0.0,0.0,0.0,0.0,0.0,0.0,0.0,0.0,43995600.0,0.0
0955900000,Снятинська,0.0,0.0,0.0,0.0,0,0.0,129354400.0,0.0,0.0,0.0,0.0,0.0,0.0,0.0,0.0,0.0,129354400.0,0.0
0956000000,Солотвинська,0.0,0.0,0.0,0.0,0,0.0,129190200.0,0.0,0.0,0.0,0.0,0.0,0.0,0.0,0.0,0.0,129190200.0,0.0
0952300000,Спаська,0.0,0.0,0.0,0.0,0,0.0,29430600.0,0.0,0.0,0.0,0.0,0.0,0.0,0.0,0.0,0.0,29430600.0,0.0
0950300000,Старобогородчанська,0.0,0.0,0.0,0.0,0,0.0,17291500.0,0.0,0.0,0.0,0.0,0.0,0.0,0.0,0.0,0.0,17291500.0,0.0
0956100000,Тисменицька,0.0,0.0,0.0,0.0,0,0.0,81425900.0,0.0,0.0,0.0,0.0,0.0,0.0,0.0,0.0,0.0,81425900.0,0.0
0950500000,Тлумацька,0.0,0.0,0.0,0.0,0,0.0,87623500.0,0.0,0.0,0.0,0.0,0.0,0.0,0.0,0.0,0.0,87623500.0,0.0
0952500000,Угринівська,0.0,0.0,0.0,0.0,0,0.0,16942700.0,0.0,0.0,0.0,0.0,0.0,0.0,0.0,0.0,0.0,16942700.0,0.0
0956200000,Чернелицька,0.0,0.0,0.0,0.0,0,0.0,21210400.0,0.0,0.0,0.0,0.0,0.0,0.0,0.0,0.0,0.0,21210400.0,0.0
0951500000,Яблунівська,0.0,0.0,0.0,0.0,0,0.0,72153600.0,0.0,0.0,0.0,0.0,0.0,0.0,0.0,0.0,0.0,72153600.0,0.0
0951900000,Ямницька,0.0,0.0,0.0,0.0,0,0.0,28568300.0,0.0,0.0,0.0,0.0,0.0,0.0,0.0,0.0,0.0,28568300.0,0.0
0956300000,Яремчанська,0.0,0.0,0.0,0.0,0,0.0,66384500.0,0.0,0.0,0.0,0.0,0.0,0.0,0.0,0.0,0.0,66384500.0,0.0
2051800000,Ізюмська,0.0,71620812.0,0.0,0.0,0,0.0,59262900.0,0.0,0.0,0.0,0.0,0.0,0.0,0.0,0.0,71620812.0,59262900.0,0.0
2052400000,Балаклійська,0.0,26140761.0,0.0,0.0,0,0.0,78946200.0,0.0,0.0,0.0,0.0,0.0,0.0,0.0,0.0,26140761.0,78946200.0,0.0
2052500000,Барвінківська,0.0,0.0,0.0,0.0,0,0.0,67139000.0,0.0,0.0,0.0,0.0,0.0,0.0,0.0,0.0,0.0,67139000.0,0.0
2052600000,Безлюдівська,0.0,0.0,0.0,0.0,0,0.0,42460900.0,0.0,0.0,0.0,0.0,0.0,0.0,0.0,0.0,0.0,42460900.0,0.0
2054000000,Берестинська,0.0,0.0,0.0,0.0,0,0.0,80213700.0,0.0,0.0,0.0,0.0,0.0,0.0,0.0,0.0,0.0,80213700.0,0.0
2052800000,Близнюківська,0.0,0.0,0.0,0.0,0,0.0,67452900.0,0.0,103061303.0,0.0,0.0,0.0,0.0,0.0,0.0,0.0,170514203.0,0.0
2052900000,Богодухівська,0.0,0.0,0.0,0.0,0,0.0,102673100.0,0.0,0.0,0.0,0.0,0.0,0.0,0.0,0.0,0.0,102673100.0,0.0
2053000000,Борівська,0.0,0.0,0.0,0.0,0,0.0,39548600.0,0.0,0.0,0.0,0.0,0.0,0.0,0.0,0.0,0.0,39548600.0,0.0
2052700000,Біляївська,0.0,0.0,0.0,0.0,0,0.0,19123100.0,0.0,0.0,0.0,0.0,0.0,0.0,0.0,0.0,0.0,19123100.0,0.0
2053100000,Валківська,0.0,0.0,0.0,0.0,0,0.0,86633800.0,0.0,0.0,0.0,0.0,0.0,0.0,0.0,0.0,0.0,86633800.0,0.0
2051300000,Великобурлуцька,0.0,0.0,0.0,0.0,0,0.0,32542400.0,0.0,0.0,0.0,0.0,0.0,0.0,0.0,0.0,0.0,32542400.0,0.0
2053200000,Височанська,0.0,0.0,0.0,0.0,0,0.0,48829100.0,0.0,0.0,0.0,0.0,0.0,0.0,0.0,0.0,0.0,48829100.0,0.0
2053500000,Вовчанська,0.0,0.0,0.0,0.0,0,0.0,37497800.0,0.0,0.0,0.0,0.0,0.0,0.0,0.0,0.0,0.0,37497800.0,0.0
2053400000,Вільхуватська,0.0,0.0,0.0,0.0,0,0.0,12036400.0,0.0,0.0,0.0,0.0,0.0,0.0,0.0,0.0,0.0,12036400.0,0.0
2053300000,Вільхівська,0.0,0.0,0.0,0.0,0,0.0,19319300.0,0.0,0.0,0.0,0.0,0.0,0.0,0.0,0.0,0.0,19319300.0,0.0
2053600000,Дворічанська,0.0,0.0,0.0,0.0,0,0.0,6455000.0,0.0,0.0,0.0,0.0,0.0,0.0,0.0,0.0,0.0,6455000.0,0.0
2053700000,Дергачівська,0.0,0.0,0.0,0.0,0,0.0,98818400.0,0.0,0.0,0.0,0.0,0.0,0.0,0.0,0.0,0.0,98818400.0,0.0
2052000000,Донецька,0.0,0.0,0.0,0.0,0,0.0,44104400.0,0.0,0.0,0.0,0.0,0.0,0.0,0.0,0.0,0.0,44104400.0,0.0
2050700000,Зачепилівська,0.0,0.0,0.0,0.0,0,0.0,48482800.0,0.0,0.0,0.0,0.0,0.0,0.0,0.0,0.0,0.0,48482800.0,0.0
2054700000,Златопільська,0.0,0.0,0.0,0.0,0,0.0,61726100.0,0.0,0.0,0.0,0.0,0.0,0.0,0.0,0.0,0.0,61726100.0,0.0
2053800000,Зміївська,0.0,0.0,0.0,0.0,0,0.0,104074700.0,0.0,27257533.0,0.0,0.0,0.0,0.0,0.0,0.0,0.0,131332233.0,0.0
2050800000,Золочівська,0.0,0.0,0.0,0.0,0,0.0,74411700.0,0.0,0.0,0.0,0.0,0.0,0.0,0.0,0.0,0.0,74411700.0,0.0
2053900000,Кегичівська,0.0,0.0,0.0,0.0,0,0.0,58430400.0,0.0,0.0,0.0,259600.0,0.0,0.0,0.0,0.0,0.0,58690000.0,0.0
2051000000,Коломацька,0.0,0.0,0.0,0.0,0,0.0,22093000.0,0.0,0.0,0.0,0.0,0.0,0.0,0.0,0.0,0.0,22093000.0,0.0
2054100000,Краснокутська,0.0,0.0,0.0,0.0,0,0.0,83504900.0,0.0,0.0,0.0,0.0,0.0,0.0,0.0,0.0,0.0,83504900.0,0.0
2054200000,Куньєвська,0.0,0.0,0.0,0.0,0,0.0,15027100.0,0.0,0.0,0.0,0.0,0.0,0.0,0.0,0.0,0.0,15027100.0,0.0
2054300000,Куп'янська,0.0,0.0,0.0,0.0,0,0.0,25776400.0,0.0,0.0,0.0,0.0,0.0,0.0,0.0,0.0,0.0,25776400.0,0.0
2052200000,Курилівська,0.0,0.0,0.0,0.0,0,0.0,17572100.0,0.0,0.0,0.0,0.0,0.0,0.0,0.0,0.0,0.0,17572100.0,0.0
2052100000,Кіндрашівська,0.0,0.0,0.0,0.0,0,0.0,9589100.0,0.0,0.0,0.0,0.0,0.0,0.0,0.0,0.0,0.0,9589100.0,0.0
2054400000,Липецька,0.0,0.0,0.0,0.0,0,0.0,17692400.0,0.0,0.0,0.0,0.0,0.0,0.0,0.0,0.0,0.0,17692400.0,0.0
2051700000,Лозівська,0.0,0.0,0.0,0.0,0,0.0,198335300.0,0.0,212366805.0,0.0,0.0,0.0,0.0,0.0,0.0,0.0,410702105.0,0.0
2054500000,Люботинська,0.0,0.0,0.0,0.0,0,0.0,58980900.0,0.0,0.0,0.0,0.0,0.0,0.0,0.0,0.0,0.0,58980900.0,0.0
2051200000,Малинівська,0.0,0.0,0.0,0.0,0,0.0,18757000.0,0.0,0.0,0.0,0.0,0.0,0.0,0.0,0.0,0.0,18757000.0,0.0
2050600000,Малоданилівська,0.0,0.0,0.0,0.0,0,0.0,17666100.0,0.0,0.0,0.0,0.0,0.0,0.0,0.0,0.0,0.0,17666100.0,0.0
2050200000,Мереф'янська,0.0,0.0,0.0,0.0,0,0.0,70919400.0,0.0,0.0,0.0,0.0,0.0,0.0,0.0,0.0,0.0,70919400.0,0.0
2051100000,Наталинська,0.0,0.0,0.0,0.0,0,0.0,36077800.0,0.0,104396765.0,0.0,0.0,0.0,0.0,0.0,0.0,0.0,140474565.0,0.0
2050500000,Нововодолазька,0.0,0.0,0.0,0.0,0,0.0,64243700.0,0.0,0.0,0.0,0.0,0.0,0.0,0.0,0.0,0.0,64243700.0,0.0
2054600000,Новопокровська,0.0,0.0,0.0,0.0,0,0.0,36867400.0,0.0,0.0,0.0,0.0,0.0,0.0,0.0,0.0,0.0,36867400.0,0.0
2051900000,Олексіївська,0.0,0.0,0.0,0.0,0,0.0,21189900.0,0.0,0.0,0.0,0.0,0.0,0.0,0.0,0.0,0.0,21189900.0,0.0
2050900000,Оскільська,0.0,0.0,0.0,0.0,0,0.0,20847100.0,0.0,0.0,0.0,0.0,0.0,0.0,0.0,0.0,0.0,20847100.0,0.0
2052300000,Петропавлівська,0.0,0.0,0.0,0.0,0,0.0,16613100.0,0.0,0.0,0.0,0.0,0.0,0.0,0.0,0.0,0.0,16613100.0,0.0
2054800000,Печенізька,0.0,0.0,0.0,0.0,0,0.0,20340800.0,0.0,0.0,0.0,0.0,0.0,0.0,0.0,0.0,0.0,20340800.0,0.0
2050300000,Пролісненська,0.0,0.0,0.0,0.0,0,0.0,27979200.0,0.0,0.0,0.0,0.0,0.0,0.0,0.0,0.0,0.0,27979200.0,0.0
2054900000,Південна,0.0,0.0,0.0,0.0,0,0.0,30736400.0,0.0,0.0,0.0,0.0,0.0,0.0,0.0,0.0,0.0,30736400.0,0.0
2051400000,Пісочинська,0.0,0.0,0.0,0.0,0,0.0,67337400.0,0.0,52917594.0,0.0,0.0,0.0,0.0,0.0,0.0,0.0,120254994.0,0.0
2050400000,Роганська,0.0,0.0,0.0,0.0,0,0.0,28371900.0,0.0,0.0,0.0,0.0,0.0,0.0,0.0,0.0,0.0,28371900.0,0.0
2055000000,Савинська,0.0,0.0,0.0,0.0,0,0.0,20475100.0,0.0,0.0,0.0,0.0,0.0,0.0,0.0,0.0,0.0,20475100.0,0.0
2055100000,Сахновщинська,0.0,0.0,0.0,0.0,0,0.0,71610100.0,0.0,0.0,0.0,79500.0,0.0,0.0,0.0,0.0,0.0,71689600.0,0.0
2055200000,Слобожанська,0.0,0.0,0.0,0.0,0,0.0,60448300.0,0.0,0.0,0.0,0.0,0.0,0.0,0.0,0.0,0.0,60448300.0,0.0
2055300000,Солоницівська,0.0,0.0,0.0,0.0,0,0.0,83879600.0,0.0,0.0,0.0,0.0,0.0,0.0,0.0,0.0,0.0,83879600.0,0.0
2051500000,Старовірівська,0.0,0.0,0.0,0.0,0,0.0,31180200.0,0.0,0.0,0.0,16300.0,0.0,0.0,0.0,0.0,0.0,31196500.0,0.0
2050100000,Старосалтівська,0.0,0.0,0.0,0.0,0,0.0,19415600.0,0.0,0.0,0.0,0.0,0.0,0.0,0.0,0.0,0.0,19415600.0,0.0
2055400000,Харківська,0.0,604327875.0,0.0,0.0,0,0.0,2033401900.0,0.0,41428997.0,0.0,0.0,0.0,0.0,0.0,0.0,604327875.0,2074830897.0,0.0
2051600000,Циркунівська,0.0,0.0,0.0,0.0,0,0.0,15195700.0,0.0,0.0,0.0,0.0,0.0,0.0,0.0,0.0,0.0,15195700.0,0.0
2055500000,Чугуївська,0.0,0.0,0.0,0.0,0,0.0,76893000.0,0.0,0.0,0.0,0.0,0.0,0.0,0.0,0.0,0.0,76893000.0,0.0
2055600000,Шевченківська,0.0,0.0,0.0,0.0,0,0.0,48417300.0,0.0,0.0,0.0,0.0,0.0,0.0,0.0,0.0,0.0,48417300.0,0.0
2152200000,Іванівська,0.0,0.0,0.0,0.0,0,0.0,31208400.0,0.0,0.0,0.0,0.0,0.0,0.0,0.0,0.0,0.0,31208400.0,0.0
2150200000,Асканія-Нова,0.0,0.0,0.0,0.0,0,0.0,7095800.0,0.0,0.0,0.0,0.0,0.0,0.0,0.0,0.0,0.0,7095800.0,0.0
2153400000,Бериславська,0.0,0.0,0.0,0.0,0,0.0,35187200.0,0.0,0.0,0.0,0.0,0.0,0.0,0.0,0.0,0.0,35187200.0,0.0
2151900000,Бехтерська,0.0,0.0,0.0,0.0,0,0.0,10521800.0,0.0,0.0,0.0,0.0,0.0,0.0,0.0,0.0,0.0,10521800.0,0.0
2151700000,Борозенська,0.0,0.0,0.0,0.0,0,0.0,13282900.0,0.0,0.0,0.0,0.0,0.0,0.0,0.0,0.0,0.0,13282900.0,0.0
2151600000,Білозерська,0.0,0.0,0.0,0.0,0,0.0,51437000.0,0.0,0.0,0.0,0.0,0.0,0.0,0.0,0.0,0.0,51437000.0,0.0
2150700000,Великокопанівська,0.0,0.0,0.0,0.0,0,0.0,19996100.0,0.0,0.0,0.0,0.0,0.0,0.0,0.0,0.0,0.0,19996100.0,0.0
2153500000,Великолепетиська,0.0,0.0,0.0,0.0,0,0.0,6791000.0,0.0,0.0,0.0,0.0,0.0,0.0,0.0,0.0,0.0,6791000.0,0.0
2153600000,Великоолександрівська,0.0,0.0,0.0,0.0,0,0.0,66752300.0,0.0,87647800.0,0.0,0.0,0.0,0.0,0.0,0.0,0.0,154400100.0,0.0
2153700000,Верхньорогачицька,0.0,0.0,0.0,0.0,0,0.0,0.0,0.0,0.0,0.0,0.0,0.0,0.0,0.0,0.0,0.0,0.0,0.0
2151300000,Виноградівська,0.0,0.0,0.0,0.0,0,0.0,9070900.0,0.0,0.0,0.0,0.0,0.0,0.0,0.0,0.0,0.0,9070900.0,0.0
2151800000,Високопільська,0.0,0.0,0.0,0.0,0,0.0,25069400.0,0.0,78168200.0,0.0,0.0,0.0,0.0,0.0,0.0,0.0,103237600.0,0.0
2153800000,Генічеська,0.0,0.0,0.0,0.0,0,0.0,17664100.0,0.0,0.0,0.0,0.0,0.0,0.0,0.0,0.0,0.0,17664100.0,0.0
2152900000,Голопристанська,0.0,0.0,0.0,0.0,0,0.0,64780600.0,0.0,0.0,0.0,0.0,0.0,0.0,0.0,0.0,0.0,64780600.0,0.0
2151400000,Горностаївська,0.0,0.0,0.0,0.0,0,0.0,22812900.0,0.0,0.0,0.0,0.0,0.0,0.0,0.0,0.0,0.0,22812900.0,0.0
2153900000,Дар'ївська,0.0,0.0,0.0,0.0,0,0.0,33780200.0,0.0,0.0,0.0,0.0,0.0,0.0,0.0,0.0,0.0,33780200.0,0.0
2152500000,Долматівська,0.0,0.0,0.0,0.0,0,0.0,14229300.0,0.0,0.0,0.0,0.0,0.0,0.0,0.0,0.0,0.0,14229300.0,0.0
2150600000,Зеленопідська,0.0,0.0,0.0,0.0,0,0.0,11716500.0,0.0,0.0,0.0,0.0,0.0,0.0,0.0,0.0,0.0,11716500.0,0.0
2150300000,Каланчацька,0.0,0.0,0.0,0.0,0,0.0,32882000.0,0.0,0.0,0.0,0.0,0.0,0.0,0.0,0.0,0.0,32882000.0,0.0
2154000000,Калинівська,0.0,0.0,0.0,0.0,0,0.0,8425400.0,0.0,0.0,0.0,0.0,0.0,0.0,0.0,0.0,0.0,8425400.0,0.0
2154100000,Каховська,0.0,0.0,0.0,0.0,0,0.0,73245000.0,0.0,0.0,0.0,0.0,0.0,0.0,0.0,0.0,0.0,73245000.0,0.0
2152100000,Костянтинівська,0.0,0.0,0.0,0.0,0,0.0,0.0,0.0,0.0,0.0,0.0,0.0,0.0,0.0,0.0,0.0,0.0,0.0
2150100000,Кочубеївська,0.0,0.0,0.0,0.0,0,0.0,8089300.0,0.0,0.0,0.0,0.0,0.0,0.0,0.0,0.0,0.0,8089300.0,0.0
2154200000,Лазурненська,0.0,0.0,0.0,0.0,0,0.0,4727900.0,0.0,0.0,0.0,0.0,0.0,0.0,0.0,0.0,0.0,4727900.0,0.0
2152400000,Любимівська,0.0,0.0,0.0,0.0,0,0.0,14375800.0,0.0,0.0,0.0,0.0,0.0,0.0,0.0,0.0,0.0,14375800.0,0.0
2153000000,Милівська,0.0,0.0,0.0,0.0,0,0.0,11911600.0,0.0,0.0,0.0,0.0,0.0,0.0,0.0,0.0,0.0,11911600.0,0.0
2150400000,Мирненська,0.0,0.0,0.0,0.0,0,0.0,2872100.0,0.0,0.0,0.0,0.0,0.0,0.0,0.0,0.0,0.0,2872100.0,0.0
2151000000,Музиківська,0.0,0.0,0.0,0.0,0,0.0,14544000.0,0.0,2880000.0,0.0,0.0,0.0,0.0,0.0,0.0,0.0,17424000.0,0.0
2154300000,Нижньосірогозька,0.0,0.0,0.0,0.0,0,0.0,35144200.0,0.0,0.0,0.0,0.0,0.0,0.0,0.0,0.0,0.0,35144200.0,0.0
2154400000,Нововоронцовська,0.0,0.0,0.0,0.0,0,0.0,46479900.0,0.0,0.0,0.0,0.0,0.0,0.0,0.0,0.0,0.0,46479900.0,0.0
2152800000,Новокаховська,0.0,0.0,0.0,0.0,0,0.0,86016000.0,0.0,0.0,0.0,0.0,0.0,0.0,0.0,0.0,0.0,86016000.0,0.0
2154500000,Новомиколаївська,0.0,0.0,0.0,0.0,0,0.0,11268200.0,0.0,0.0,0.0,0.0,0.0,0.0,0.0,0.0,0.0,11268200.0,0.0
2154600000,Новоолександрівська,0.0,0.0,0.0,0.0,0,0.0,28249300.0,0.0,0.0,0.0,0.0,0.0,0.0,0.0,0.0,0.0,28249300.0,0.0
2152700000,Новорайська,0.0,0.0,0.0,0.0,0,0.0,14771500.0,0.0,0.0,0.0,0.0,0.0,0.0,0.0,0.0,0.0,14771500.0,0.0
2154700000,Новотроїцька,0.0,0.0,0.0,0.0,0,0.0,8498700.0,0.0,0.0,0.0,0.0,0.0,0.0,0.0,0.0,0.0,8498700.0,0.0
2154800000,Олешківська,0.0,0.0,0.0,0.0,0,0.0,61955500.0,0.0,0.0,0.0,0.0,0.0,0.0,0.0,0.0,0.0,61955500.0,0.0
2150900000,Присиваська,0.0,0.0,0.0,0.0,0,0.0,0.0,0.0,0.0,0.0,0.0,0.0,0.0,0.0,0.0,0.0,0.0,0.0
2154900000,Рубанівська,0.0,0.0,0.0,0.0,0,0.0,0.0,0.0,0.0,0.0,0.0,0.0,0.0,0.0,0.0,0.0,0.0,0.0
2155000000,Скадовська,0.0,0.0,0.0,0.0,0,0.0,49938900.0,0.0,0.0,0.0,0.0,0.0,0.0,0.0,0.0,0.0,49938900.0,0.0
2151500000,Станіславська,0.0,0.0,0.0,0.0,0,0.0,22378500.0,0.0,0.0,0.0,0.0,0.0,0.0,0.0,0.0,0.0,22378500.0,0.0
2151100000,Тавричанська,0.0,0.0,0.0,0.0,0,0.0,13831000.0,0.0,0.0,0.0,0.0,0.0,0.0,0.0,0.0,0.0,13831000.0,0.0
2155100000,Таврійська,0.0,0.0,0.0,0.0,0,0.0,25152400.0,0.0,0.0,0.0,0.0,0.0,0.0,0.0,0.0,0.0,25152400.0,0.0
2155200000,Тягинська,0.0,0.0,0.0,0.0,0,0.0,19880700.0,0.0,0.0,0.0,0.0,0.0,0.0,0.0,0.0,0.0,19880700.0,0.0
2155310000,Херсонська,0.0,0.0,0.0,0.0,0,0.0,0.0,0.0,0.0,0.0,0.0,0.0,0.0,0.0,0.0,0.0,0.0,0.0
2151200000,Хрестівська,0.0,0.0,0.0,0.0,0,0.0,5745100.0,0.0,0.0,0.0,0.0,0.0,0.0,0.0,0.0,0.0,5745100.0,0.0
2150500000,Чаплинська,0.0,0.0,0.0,0.0,0,0.0,5447300.0,0.0,0.0,0.0,0.0,0.0,0.0,0.0,0.0,0.0,5447300.0,0.0
2155400000,Чорнобаївська,0.0,0.0,0.0,0.0,0,0.0,27098500.0,0.0,0.0,0.0,0.0,0.0,0.0,0.0,0.0,0.0,27098500.0,0.0
2152000000,Чулаківська,0.0,0.0,0.0,0.0,0,0.0,12404900.0,0.0,0.0,0.0,0.0,0.0,0.0,0.0,0.0,0.0,12404900.0,0.0
2152300000,Ювілейна,0.0,0.0,0.0,0.0,0,0.0,8440200.0,0.0,0.0,0.0,0.0,0.0,0.0,0.0,0.0,0.0,8440200.0,0.0
2255700000,Ізяславська,0.0,0.0,0.0,0.0,0,0.0,78380700.0,0.0,0.0,0.0,156800.0,0.0,0.0,0.0,0.0,0.0,78537500.0,0.0
2252900000,Антонінська,0.0,0.0,0.0,0.0,0,0.0,31316200.0,0.0,0.0,0.0,115900.0,0.0,0.0,0.0,0.0,0.0,31432100.0,0.0
2250100000,Берездівська,0.0,0.0,0.0,0.0,0,0.0,28504400.0,0.0,0.0,0.0,85200.0,0.0,0.0,0.0,0.0,0.0,28589600.0,0.0
2254000000,Білогірська,0.0,0.0,0.0,0.0,0,0.0,67855100.0,0.0,0.0,0.0,93400.0,0.0,0.0,0.0,0.0,0.0,67948500.0,0.0
2253400000,Вовковинецька,0.0,0.0,0.0,0.0,0,0.0,19834400.0,0.0,0.0,0.0,0.0,0.0,0.0,0.0,0.0,0.0,19834400.0,0.0
2250300000,Волочиська,0.0,0.0,0.0,0.0,0,0.0,97080600.0,0.0,0.0,0.0,285000.0,0.0,0.0,0.0,0.0,0.0,97365600.0,0.0
2250200000,Війтовецька,0.0,0.0,0.0,0.0,0,0.0,23025700.0,0.0,0.0,0.0,0.0,0.0,0.0,0.0,0.0,0.0,23025700.0,0.0
2255300000,Віньковецька,0.0,0.0,0.0,0.0,0,0.0,54893900.0,0.0,0.0,0.0,236700.0,0.0,0.0,0.0,0.0,0.0,55130600.0,0.0
2250400000,Ганнопільська,0.0,0.0,0.0,0.0,0,0.0,23281200.0,0.0,0.0,0.0,0.0,0.0,0.0,0.0,0.0,0.0,23281200.0,0.0
2250500000,Гвардійська,0.0,0.0,0.0,0.0,0,0.0,20910500.0,0.0,0.0,0.0,0.0,0.0,0.0,0.0,0.0,0.0,20910500.0,0.0
2252700000,Городоцька,0.0,0.0,0.0,0.0,0,0.0,95240800.0,0.0,13059400.0,0.0,0.0,0.0,0.0,0.0,0.0,0.0,108300200.0,0.0
2253300000,Грицівська,0.0,0.0,0.0,0.0,0,0.0,18779100.0,0.0,0.0,0.0,0.0,0.0,0.0,0.0,0.0,0.0,18779100.0,0.0
2252400000,Гуківська,0.0,0.0,0.0,0.0,0,0.0,7413500.0,0.0,0.0,0.0,0.0,0.0,0.0,0.0,0.0,0.0,7413500.0,0.0
2250600000,Гуменецька,0.0,0.0,0.0,0.0,0,0.0,31671700.0,0.0,0.0,0.0,79800.0,0.0,0.0,0.0,0.0,0.0,31751500.0,0.0
2255400000,Деражнянська,0.0,0.0,0.0,0.0,0,0.0,70634900.0,0.0,0.0,0.0,0.0,0.0,0.0,0.0,0.0,0.0,70634900.0,0.0
2250700000,Дунаєвецька,0.0,0.0,0.0,0.0,0,0.0,99581300.0,0.0,0.0,0.0,351800.0,0.0,0.0,0.0,0.0,0.0,99933100.0,0.0
2253600000,Жванецька,0.0,0.0,0.0,0.0,0,0.0,20639900.0,0.0,0.0,0.0,0.0,0.0,0.0,0.0,0.0,0.0,20639900.0,0.0
2255500000,Закупненська,0.0,0.0,0.0,0.0,0,0.0,19510500.0,0.0,0.0,0.0,72100.0,0.0,0.0,0.0,0.0,0.0,19582600.0,0.0
2254800000,Заслучненська,0.0,0.0,0.0,0.0,0,0.0,15714400.0,0.0,0.0,0.0,0.0,0.0,0.0,0.0,0.0,0.0,15714400.0,0.0
2255600000,Зіньківська,0.0,0.0,0.0,0.0,0,0.0,8026100.0,0.0,0.0,0.0,0.0,0.0,0.0,0.0,0.0,0.0,8026100.0,0.0
2255800000,Кам'янець-Подільська,0.0,0.0,0.0,0.0,0,0.0,235343200.0,0.0,0.0,0.0,0.0,0.0,0.0,0.0,0.0,0.0,235343200.0,0.0
2250900000,Китайгородська,0.0,0.0,0.0,0.0,0,0.0,8888900.0,0.0,0.0,0.0,0.0,0.0,0.0,0.0,0.0,0.0,8888900.0,0.0
2253000000,Красилівська,0.0,0.0,0.0,0.0,0,0.0,79927900.0,0.0,0.0,0.0,445100.0,0.0,0.0,0.0,0.0,0.0,80373000.0,0.0
2253800000,Крупецька,0.0,0.0,0.0,0.0,0,0.0,12207900.0,0.0,0.0,0.0,0.0,0.0,0.0,0.0,0.0,0.0,12207900.0,0.0
2252500000,Ленковецька,0.0,0.0,0.0,0.0,0,0.0,18530800.0,0.0,0.0,0.0,0.0,0.0,0.0,0.0,0.0,0.0,18530800.0,0.0
2251100000,Летичівська,0.0,0.0,0.0,0.0,0,0.0,58875400.0,0.0,0.0,0.0,0.0,0.0,0.0,0.0,0.0,0.0,58875400.0,0.0
2251200000,Лісовогринівецька,0.0,0.0,0.0,0.0,0,0.0,18342900.0,0.0,0.0,0.0,0.0,0.0,0.0,0.0,0.0,0.0,18342900.0,0.0
2251300000,Маківська,0.0,0.0,0.0,0.0,0,0.0,19349600.0,0.0,0.0,0.0,0.0,0.0,0.0,0.0,0.0,0.0,19349600.0,0.0
2251400000,Меджибізька,0.0,0.0,0.0,0.0,0,0.0,26871200.0,0.0,0.0,0.0,0.0,0.0,0.0,0.0,0.0,0.0,26871200.0,0.0
2255900000,Миролюбненська,0.0,0.0,0.0,0.0,0,0.0,13676500.0,0.0,0.0,0.0,0.0,0.0,0.0,0.0,0.0,0.0,13676500.0,0.0
2256000000,Михайлюцька,0.0,0.0,0.0,0.0,0,0.0,21904500.0,0.0,0.0,0.0,0.0,0.0,0.0,0.0,0.0,0.0,21904500.0,0.0
2251500000,Наркевицька,0.0,0.0,0.0,0.0,0,0.0,15492800.0,0.0,0.0,0.0,0.0,0.0,0.0,0.0,0.0,0.0,15492800.0,0.0
2254600000,Нетішинська,0.0,50000000.0,0.0,0.0,0,0.0,83184500.0,0.0,0.0,0.0,0.0,0.0,0.0,0.0,0.0,50000000.0,83184500.0,0.0
2250800000,Новодунаєвецька,0.0,0.0,0.0,0.0,0,0.0,27514800.0,0.0,0.0,0.0,0.0,0.0,0.0,0.0,0.0,0.0,27514800.0,0.0
2251600000,Новоушицька,0.0,0.0,0.0,0.0,0,0.0,68058800.0,0.0,0.0,0.0,236300.0,0.0,0.0,0.0,0.0,0.0,68295100.0,0.0
2256100000,Орининська,0.0,0.0,0.0,0.0,0,0.0,23698200.0,0.0,0.0,0.0,0.0,0.0,0.0,0.0,0.0,0.0,23698200.0,0.0
2254700000,Плужненська,0.0,0.0,0.0,0.0,0,0.0,24959800.0,0.0,0.0,0.0,0.0,0.0,0.0,0.0,0.0,0.0,24959800.0,0.0
2251700000,Полонська,0.0,0.0,0.0,0.0,0,0.0,98505400.0,0.0,0.0,0.0,233800.0,0.0,0.0,0.0,0.0,0.0,98739200.0,0.0
2251800000,Понінківська,0.0,0.0,0.0,0.0,0,0.0,21881300.0,0.0,0.0,0.0,0.0,0.0,0.0,0.0,0.0,0.0,21881300.0,0.0
2251900000,Розсошанська,0.0,0.0,0.0,0.0,0,0.0,39567900.0,0.0,0.0,0.0,0.0,0.0,0.0,0.0,0.0,0.0,39567900.0,0.0
2252000000,Сатанівська,0.0,0.0,0.0,0.0,0,0.0,26395300.0,0.0,0.0,0.0,0.0,0.0,0.0,0.0,0.0,0.0,26395300.0,0.0
2254900000,Сахновецька,0.0,0.0,0.0,0.0,0,0.0,17346400.0,0.0,0.0,0.0,0.0,0.0,0.0,0.0,0.0,0.0,17346400.0,0.0
2254500000,Славутська,0.0,0.0,0.0,0.0,0,0.0,84335700.0,0.0,0.0,0.0,0.0,0.0,0.0,0.0,0.0,0.0,84335700.0,0.0
2252800000,Слобідсько-Кульчієвецька,0.0,0.0,0.0,0.0,0,0.0,23819200.0,0.0,0.0,0.0,0.0,0.0,0.0,0.0,0.0,0.0,23819200.0,0.0
2253500000,Смотрицька,0.0,0.0,0.0,0.0,0,0.0,17454700.0,0.0,0.0,0.0,0.0,0.0,0.0,0.0,0.0,0.0,17454700.0,0.0
2253200000,Солобковецька,0.0,0.0,0.0,0.0,0,0.0,13825000.0,0.0,0.0,0.0,0.0,0.0,0.0,0.0,0.0,0.0,13825000.0,0.0
2255200000,Старокостянтинівська,0.0,0.0,0.0,0.0,0,0.0,151427700.0,0.0,0.0,0.0,0.0,0.0,0.0,0.0,0.0,0.0,151427700.0,0.0
2256200000,Староостропільська,0.0,0.0,0.0,0.0,0,0.0,17985800.0,0.0,0.0,0.0,0.0,0.0,0.0,0.0,0.0,0.0,17985800.0,0.0
2252100000,Старосинявська,0.0,0.0,0.0,0.0,0,0.0,57028700.0,0.0,0.0,0.0,0.0,0.0,0.0,0.0,0.0,0.0,57028700.0,0.0
2253700000,Староушицька,0.0,0.0,0.0,0.0,0,0.0,15913300.0,0.0,0.0,0.0,0.0,0.0,0.0,0.0,0.0,0.0,15913300.0,0.0
2252600000,Судилківська,0.0,0.0,0.0,0.0,0,0.0,44937000.0,0.0,0.0,0.0,182600.0,0.0,0.0,0.0,0.0,0.0,45119600.0,0.0
2256300000,Теофіпольська,0.0,0.0,0.0,0.0,0,0.0,88771500.0,0.0,0.0,0.0,229700.0,0.0,0.0,0.0,0.0,0.0,89001200.0,0.0
2254300000,Улашанівська,0.0,0.0,0.0,0.0,0,0.0,33598400.0,0.0,0.0,0.0,0.0,0.0,0.0,0.0,0.0,0.0,33598400.0,0.0
2256400000,Хмельницька,0.0,0.0,0.0,0.0,0,0.0,753756400.0,0.0,0.0,0.0,0.0,0.0,0.0,0.0,0.0,0.0,753756400.0,0.0
2252300000,Чемеровецька,0.0,0.0,0.0,0.0,0,0.0,71068700.0,0.0,0.0,0.0,313300.0,0.0,0.0,0.0,0.0,0.0,71382000.0,0.0
2252200000,Чорноострівська,0.0,0.0,0.0,0.0,0,0.0,31596800.0,0.0,0.0,0.0,0.0,0.0,0.0,0.0,0.0,0.0,31596800.0,0.0
2256500000,Шепетівська,0.0,0.0,0.0,0.0,0,0.0,112306700.0,0.0,0.0,0.0,0.0,0.0,0.0,0.0,0.0,0.0,112306700.0,0.0
2256600000,Щиборівська,0.0,0.0,0.0,0.0,0,0.0,14996600.0,0.0,0.0,0.0,0.0,0.0,0.0,0.0,0.0,0.0,14996600.0,0.0
2254400000,Ямпільська,0.0,0.0,0.0,0.0,0,0.0,20300600.0,0.0,0.0,0.0,0.0,0.0,0.0,0.0,0.0,0.0,20300600.0,0.0
2256700000,Ярмолинецька,0.0,0.0,0.0,0.0,0,0.0,64894900.0,0.0,0.0,0.0,0.0,0.0,0.0,0.0,0.0,0.0,64894900.0,0.0
1152900000,Аджамська,0.0,0.0,0.0,0.0,0,0.0,18378600.0,0.0,0.0,0.0,0.0,0.0,0.0,0.0,0.0,0.0,18378600.0,0.0
1153000000,Благовіщенська,0.0,0.0,0.0,0.0,0,0.0,78229800.0,0.0,0.0,0.0,0.0,0.0,0.0,0.0,0.0,0.0,78229800.0,0.0
1150100000,Бобринецька,0.0,0.0,0.0,0.0,0,0.0,31770600.0,0.0,0.0,0.0,0.0,0.0,0.0,0.0,0.0,0.0,31770600.0,0.0
1150400000,Великоандрусівська,0.0,0.0,0.0,0.0,0,0.0,32380600.0,0.0,0.0,0.0,0.0,0.0,0.0,0.0,0.0,0.0,32380600.0,0.0
1150700000,Великосеверинівська,0.0,0.0,0.0,0.0,0,0.0,21177300.0,0.0,0.0,0.0,0.0,0.0,0.0,0.0,0.0,0.0,21177300.0,0.0
1153200000,Гайворонська,0.0,0.0,0.0,0.0,0,0.0,65422000.0,0.0,0.0,0.0,0.0,0.0,0.0,0.0,0.0,0.0,65422000.0,0.0
1150600000,Ганнівська,0.0,0.0,0.0,0.0,0,0.0,12813600.0,0.0,0.0,0.0,0.0,0.0,0.0,0.0,0.0,0.0,12813600.0,0.0
1152300000,Глодоська,0.0,0.0,0.0,0.0,0,0.0,12062200.0,0.0,0.0,0.0,0.0,0.0,0.0,0.0,0.0,0.0,12062200.0,0.0
1153300000,Голованівська,0.0,0.0,0.0,0.0,0,0.0,47895100.0,0.0,0.0,0.0,0.0,0.0,0.0,0.0,0.0,0.0,47895100.0,0.0
1152400000,Гурівська,0.0,0.0,0.0,0.0,0,0.0,25184300.0,0.0,0.0,0.0,0.0,0.0,0.0,0.0,0.0,0.0,25184300.0,0.0
1151400000,Дмитрівська,0.0,0.0,0.0,0.0,0,0.0,20706500.0,0.0,0.0,0.0,0.0,0.0,0.0,0.0,0.0,0.0,20706500.0,0.0
1151700000,Добровеличківська,0.0,0.0,0.0,0.0,0,0.0,46492900.0,0.0,0.0,0.0,0.0,0.0,0.0,0.0,0.0,0.0,46492900.0,0.0
1153400000,Долинська,0.0,0.0,0.0,0.0,0,0.0,68689600.0,0.0,0.0,0.0,0.0,0.0,0.0,0.0,0.0,0.0,68689600.0,0.0
1153500000,Заваллівська,0.0,0.0,0.0,0.0,0,0.0,27695700.0,0.0,0.0,0.0,0.0,0.0,0.0,0.0,0.0,0.0,27695700.0,0.0
1152500000,Злинська,0.0,0.0,0.0,0.0,0,0.0,20882900.0,0.0,0.0,0.0,0.0,0.0,0.0,0.0,0.0,0.0,20882900.0,0.0
1153600000,Знам'янська,0.0,0.0,0.0,0.0,0,0.0,70671100.0,0.0,0.0,0.0,0.0,0.0,0.0,0.0,0.0,0.0,70671100.0,0.0
1153900000,Кам'янецька,0.0,0.0,0.0,0.0,0,0.0,47421400.0,0.0,0.0,0.0,0.0,0.0,0.0,0.0,0.0,0.0,47421400.0,0.0
1150900000,Катеринівська,0.0,0.0,0.0,0.0,0,0.0,19759800.0,0.0,0.0,0.0,0.0,0.0,0.0,0.0,0.0,0.0,19759800.0,0.0
1153700000,Кетрисанівська,0.0,0.0,0.0,0.0,0,0.0,52439000.0,0.0,0.0,0.0,0.0,0.0,0.0,0.0,0.0,0.0,52439000.0,0.0
1151100000,Компаніївська,0.0,0.0,0.0,0.0,0,0.0,61449400.0,0.0,0.0,0.0,0.0,0.0,0.0,0.0,0.0,0.0,61449400.0,0.0
1152810000,Кропивницька,0.0,0.0,0.0,0.0,0,0.0,568744000.0,0.0,0.0,0.0,0.0,0.0,0.0,0.0,0.0,0.0,568744000.0,0.0
1150200000,Маловисківська,0.0,0.0,0.0,0.0,0,0.0,44912200.0,0.0,0.0,0.0,0.0,0.0,0.0,0.0,0.0,0.0,44912200.0,0.0
1150600000,Мар'янівська,0.0,0.0,0.0,0.0,0,0.0,12813600.0,0.0,0.0,0.0,0.0,0.0,0.0,0.0,0.0,0.0,12813600.0,0.0
1153800000,Надлацька,0.0,0.0,0.0,0.0,0,0.0,13513400.0,0.0,0.0,0.0,0.0,0.0,0.0,0.0,0.0,0.0,13513400.0,0.0
1154000000,Новоархангельська,0.0,0.0,0.0,0.0,0,0.0,46871700.0,0.0,0.0,0.0,0.0,0.0,0.0,0.0,0.0,0.0,46871700.0,0.0
1154100000,Новомиргородська,0.0,0.0,0.0,0.0,0,0.0,82760300.0,0.0,0.0,0.0,0.0,0.0,0.0,0.0,0.0,0.0,82760300.0,0.0
1151500000,Новопразька,0.0,0.0,0.0,0.0,0,0.0,21017900.0,0.0,0.0,0.0,0.0,0.0,0.0,0.0,0.0,0.0,21017900.0,0.0
1150300000,Новоукраїнська,0.0,0.0,0.0,0.0,0,0.0,48743300.0,0.0,0.0,0.0,0.0,0.0,0.0,0.0,0.0,0.0,48743300.0,0.0
1154300000,Олександрівська,0.0,0.0,0.0,0.0,0,0.0,171405900.0,0.0,0.0,0.0,0.0,0.0,0.0,0.0,0.0,0.0,171405900.0,0.0
1154300000,Олександрійська,0.0,0.0,0.0,0.0,0,0.0,171405900.0,0.0,0.0,0.0,0.0,0.0,0.0,0.0,0.0,0.0,171405900.0,0.0
1154400000,Онуфріївська,0.0,0.0,0.0,0.0,0,0.0,54683200.0,0.0,0.0,0.0,0.0,0.0,0.0,0.0,0.0,0.0,54683200.0,0.0
1154500000,Пантаївська,0.0,0.0,0.0,0.0,0,0.0,12047100.0,0.0,0.0,0.0,0.0,0.0,0.0,0.0,0.0,0.0,12047100.0,0.0
1151000000,Первозванівська,0.0,0.0,0.0,0.0,0,0.0,33440500.0,0.0,0.0,0.0,0.0,0.0,0.0,0.0,0.0,0.0,33440500.0,0.0
1154600000,Перегонівська,0.0,0.0,0.0,0.0,0,0.0,10771000.0,0.0,0.0,0.0,0.0,0.0,0.0,0.0,0.0,0.0,10771000.0,0.0
1152100000,Петрівська,0.0,0.0,0.0,0.0,0,0.0,66148300.0,0.0,0.0,0.0,0.0,0.0,0.0,0.0,0.0,0.0,66148300.0,0.0
1154800000,Побузька,0.0,0.0,0.0,0.0,0,0.0,26115100.0,0.0,0.0,0.0,0.0,0.0,0.0,0.0,0.0,0.0,26115100.0,0.0
1151300000,Помічнянська,0.0,0.0,0.0,0.0,0,0.0,29001400.0,0.0,0.0,0.0,0.0,0.0,0.0,0.0,0.0,0.0,29001400.0,0.0
1152000000,Попельнастівська,0.0,0.0,0.0,0.0,0,0.0,31207000.0,0.0,0.0,0.0,0.0,0.0,0.0,0.0,0.0,0.0,31207000.0,0.0
1151600000,Приютівська,0.0,0.0,0.0,0.0,0,0.0,44182700.0,0.0,0.0,0.0,0.0,0.0,0.0,0.0,0.0,0.0,44182700.0,0.0
1154700000,Підвисоцька,0.0,0.0,0.0,0.0,0,0.0,22124200.0,0.0,0.0,0.0,0.0,0.0,0.0,0.0,0.0,0.0,22124200.0,0.0
1151900000,Піщанобрідська,0.0,0.0,0.0,0.0,0,0.0,23403000.0,0.0,0.0,0.0,0.0,0.0,0.0,0.0,0.0,0.0,23403000.0,0.0
1154900000,Рівнянська,0.0,0.0,0.0,0.0,0,0.0,33420600.0,0.0,0.0,0.0,0.0,0.0,0.0,0.0,0.0,0.0,33420600.0,0.0
1155000000,Світловодська,0.0,0.0,0.0,0.0,0,0.0,97578400.0,0.0,0.0,0.0,0.0,0.0,0.0,0.0,0.0,0.0,97578400.0,0.0
1151200000,Смолінська,0.0,0.0,0.0,0.0,0,0.0,34462400.0,0.0,0.0,0.0,0.0,0.0,0.0,0.0,0.0,0.0,34462400.0,0.0
1150500000,Соколівська,0.0,0.0,0.0,0.0,0,0.0,35559300.0,0.0,0.0,0.0,0.0,0.0,0.0,0.0,0.0,0.0,35559300.0,0.0
1155100000,Суботцівська,0.0,0.0,0.0,0.0,0,0.0,47206900.0,0.0,0.0,0.0,0.0,0.0,0.0,0.0,0.0,0.0,47206900.0,0.0
1150800000,Тишківська,0.0,0.0,0.0,0.0,0,0.0,13585000.0,0.0,0.0,0.0,0.0,0.0,0.0,0.0,0.0,0.0,13585000.0,0.0
1155200000,Устинівська,0.0,0.0,0.0,0.0,0,0.0,45998600.0,0.0,0.0,0.0,0.0,0.0,0.0,0.0,0.0,0.0,45998600.0,0.0
1054500000,Іванківська,0.0,0.0,0.0,0.0,0,0.0,95092300.0,0.0,0.0,0.0,0.0,0.0,0.0,0.0,0.0,0.0,95092300.0,0.0
1054600000,Ірпінська,0.0,295638612.0,0.0,0.0,0,0.0,199597300.0,0.0,0.0,0.0,2474900.0,0.0,0.0,0.0,0.0,295638612.0,202072200.0,0.0
1051000000,Баришівська,0.0,0.0,0.0,0.0,0,0.0,93658700.0,0.0,0.0,0.0,280900.0,0.0,0.0,0.0,0.0,0.0,93939600.0,0.0
1051400000,Березанська,0.0,0.0,0.0,0.0,0,0.0,65668700.0,0.0,0.0,0.0,305600.0,0.0,0.0,0.0,0.0,0.0,65974300.0,0.0
1052500000,Бишівська,0.0,0.0,0.0,0.0,0,0.0,31864600.0,0.0,0.0,0.0,0.0,0.0,0.0,0.0,0.0,0.0,31864600.0,0.0
1051800000,Богуславська,0.0,0.0,0.0,0.0,0,0.0,65050300.0,0.0,0.0,0.0,69900.0,0.0,0.0,0.0,0.0,0.0,65120200.0,0.0
1052800000,Бориспільська,0.0,0.0,0.0,0.0,0,0.0,240403100.0,0.0,0.0,0.0,2049500.0,0.0,0.0,0.0,0.0,0.0,242452600.0,0.0
1051100000,Бородянська,0.0,0.0,0.0,0.0,0,0.0,73495900.0,0.0,0.0,0.0,0.0,0.0,0.0,0.0,0.0,0.0,73495900.0,0.0
1052900000,Борщагівська,0.0,0.0,0.0,0.0,0,0.0,146464400.0,0.0,0.0,0.0,0.0,0.0,0.0,0.0,0.0,0.0,146464400.0,0.0
1053000000,Боярська,0.0,0.0,0.0,0.0,0,0.0,168118300.0,0.0,0.0,0.0,661600.0,0.0,0.0,0.0,0.0,0.0,168779900.0,0.0
1053100000,Броварська,0.0,0.0,0.0,0.0,0,0.0,319989300.0,0.0,0.0,0.0,0.0,0.0,0.0,0.0,0.0,0.0,319989300.0,0.0
1051500000,Бучанська,0.0,229425921.0,0.0,0.0,0,0.0,188824000.0,0.0,0.0,0.0,0.0,0.0,0.0,0.0,0.0,229425921.0,188824000.0,0.0
1052600000,Білогородська,0.0,0.0,0.0,0.0,0,0.0,104368200.0,0.0,0.0,0.0,1047400.0,0.0,0.0,0.0,0.0,0.0,105415600.0,0.0
1052700000,Білоцерківська,0.0,0.0,0.0,0.0,0,0.0,390929700.0,0.0,0.0,0.0,2094300.0,0.0,0.0,0.0,0.0,0.0,393024000.0,0.0
1053200000,Васильківська,0.0,0.0,0.0,0.0,0,0.0,121017000.0,0.0,0.0,0.0,881200.0,0.0,0.0,0.0,0.0,0.0,121898200.0,0.0
1050400000,Великодимерська,0.0,0.0,0.0,0.0,0,0.0,105442900.0,0.0,0.0,0.0,799200.0,0.0,0.0,0.0,0.0,0.0,106242100.0,0.0
1053300000,Вишгородська,0.0,0.0,0.0,0.0,0,0.0,92347800.0,0.0,14795241.0,0.0,0.0,0.0,0.0,0.0,0.0,0.0,107143041.0,0.0
1053400000,Вишнева,0.0,0.0,0.0,0.0,0,0.0,165239600.0,0.0,0.0,0.0,0.0,0.0,0.0,0.0,0.0,0.0,165239600.0,0.0
1053500000,Володарська,0.0,0.0,0.0,0.0,0,0.0,53394800.0,0.0,0.0,0.0,255700.0,0.0,0.0,0.0,0.0,0.0,53650500.0,0.0
1053600000,Вороньківська,0.0,0.0,0.0,0.0,0,0.0,46183000.0,0.0,0.0,0.0,174300.0,0.0,0.0,0.0,0.0,0.0,46357300.0,0.0
1053700000,Гатненська,0.0,0.0,0.0,0.0,0,0.0,35350900.0,0.0,0.0,0.0,0.0,0.0,0.0,0.0,0.0,0.0,35350900.0,0.0
1051900000,Глевахівська,0.0,0.0,0.0,0.0,0,0.0,54319000.0,0.0,0.0,0.0,0.0,0.0,0.0,0.0,0.0,0.0,54319000.0,0.0
1053900000,Гостомельська,0.0,0.0,0.0,0.0,0,0.0,51540700.0,0.0,0.0,0.0,458900.0,0.0,0.0,0.0,0.0,0.0,51999600.0,0.0
1054000000,Гребінківська,0.0,0.0,0.0,0.0,0,0.0,39342000.0,0.0,0.0,0.0,0.0,0.0,0.0,0.0,0.0,0.0,39342000.0,0.0
1053800000,Гірська,0.0,0.0,0.0,0.0,0,0.0,29381300.0,0.0,0.0,0.0,0.0,0.0,0.0,0.0,0.0,0.0,29381300.0,0.0
1054100000,Димерська,0.0,0.0,0.0,0.0,0,0.0,71468500.0,0.0,0.0,0.0,502200.0,0.0,0.0,0.0,0.0,0.0,71970700.0,0.0
1051300000,Дмитрівська,0.0,0.0,0.0,0.0,0,0.0,110296100.0,0.0,0.0,0.0,206400.0,0.0,0.0,0.0,0.0,0.0,110502500.0,0.0
1050500000,Дівичківська,0.0,0.0,0.0,0.0,0,0.0,16349800.0,0.0,0.0,0.0,0.0,0.0,0.0,0.0,0.0,0.0,16349800.0,0.0
1052300000,Зазимська,0.0,0.0,0.0,0.0,0,0.0,50496800.0,0.0,0.0,0.0,0.0,0.0,0.0,0.0,0.0,0.0,50496800.0,0.0
1054300000,Згурівська,0.0,0.0,0.0,0.0,0,0.0,60701700.0,0.0,0.0,0.0,94600.0,0.0,0.0,0.0,0.0,0.0,60796300.0,0.0
1054400000,Золочівська,0.0,0.0,0.0,0.0,0,0.0,28745600.0,0.0,0.0,0.0,153100.0,0.0,0.0,0.0,0.0,0.0,28898700.0,0.0
1054700000,Кагарлицька,0.0,0.0,0.0,0.0,0,0.0,76693500.0,0.0,0.0,0.0,0.0,0.0,0.0,0.0,0.0,0.0,76693500.0,0.0
1051200000,Калинівська,0.0,0.0,0.0,0.0,0,0.0,26032500.0,0.0,0.0,0.0,122100.0,0.0,0.0,0.0,0.0,0.0,26154600.0,0.0
1050100000,Калитянська,0.0,0.0,0.0,0.0,0,0.0,34097100.0,0.0,0.0,0.0,235600.0,0.0,0.0,0.0,0.0,0.0,34332700.0,0.0
1051200000,Ковалівська,0.0,0.0,0.0,0.0,0,0.0,26032500.0,0.0,0.0,0.0,122100.0,0.0,0.0,0.0,0.0,0.0,26154600.0,0.0
1054900000,Кожанська,0.0,0.0,0.0,0.0,0,0.0,23808000.0,0.0,0.0,0.0,26900.0,0.0,0.0,0.0,0.0,0.0,23834900.0,0.0
1055000000,Козинська,0.0,0.0,0.0,0.0,0,0.0,30156500.0,0.0,0.0,0.0,0.0,0.0,0.0,0.0,0.0,0.0,30156500.0,0.0
1055100000,Коцюбинська,0.0,0.0,0.0,0.0,0,0.0,32093000.0,0.0,0.0,0.0,79700.0,0.0,0.0,0.0,0.0,0.0,32172700.0,0.0
1055200000,Макарівська,0.0,0.0,0.0,0.0,0,0.0,120279200.0,0.0,0.0,0.0,764800.0,0.0,0.0,0.0,0.0,0.0,121044000.0,0.0
1055300000,Маловільшанська,0.0,0.0,0.0,0.0,0,0.0,32180600.0,0.0,0.0,0.0,0.0,0.0,0.0,0.0,0.0,0.0,32180600.0,0.0
1050300000,Медвинська,0.0,0.0,0.0,0.0,0,0.0,13428500.0,0.0,0.0,0.0,0.0,0.0,0.0,0.0,0.0,0.0,13428500.0,0.0
1051300000,Миронівська,0.0,0.0,0.0,0.0,0,0.0,110296100.0,0.0,0.0,0.0,206400.0,0.0,0.0,0.0,0.0,0.0,110502500.0,0.0
1055400000,Немішаївська,0.0,0.0,0.0,0.0,0,0.0,43891000.0,0.0,0.0,0.0,0.0,0.0,0.0,0.0,0.0,0.0,43891000.0,0.0
1051700000,Обухівська,0.0,0.0,0.0,0.0,0,0.0,148760900.0,0.0,0.0,0.0,1120200.0,0.0,0.0,0.0,0.0,0.0,149881100.0,0.0
1055500000,Переяславська,0.0,0.0,0.0,0.0,0,0.0,81974900.0,0.0,0.0,0.0,382400.0,0.0,0.0,0.0,0.0,0.0,82357300.0,0.0
1055600000,Петрівська,0.0,19198154.0,0.0,0.0,0,0.0,55920800.0,0.0,0.0,0.0,112900.0,0.0,0.0,0.0,0.0,19198154.0,56033700.0,0.0
1055800000,Поліська,0.0,0.0,0.0,0.0,0,0.0,22714500.0,0.0,0.0,0.0,63600.0,0.0,0.0,0.0,0.0,0.0,22778100.0,0.0
1055900000,Пристолична,0.0,0.0,0.0,0.0,0,0.0,66510600.0,0.0,0.0,0.0,129000.0,0.0,0.0,0.0,0.0,0.0,66639600.0,0.0
1055700000,Пірнівська,0.0,0.0,0.0,0.0,0,0.0,30591200.0,0.0,0.0,0.0,0.0,0.0,0.0,0.0,0.0,0.0,30591200.0,0.0
1050200000,Пісківська,0.0,0.0,0.0,0.0,0,0.0,23886600.0,0.0,0.0,0.0,76200.0,0.0,0.0,0.0,0.0,0.0,23962800.0,0.0
1051600000,Ржищівська,0.0,0.0,0.0,0.0,0,0.0,40552900.0,0.0,0.0,0.0,70500.0,0.0,0.0,0.0,0.0,0.0,40623400.0,0.0
1056000000,Рокитнянська,0.0,0.0,0.0,0.0,0,0.0,92965700.0,0.0,0.0,0.0,92300.0,0.0,0.0,0.0,0.0,0.0,93058000.0,0.0
1056100000,Сквирська,0.0,0.0,0.0,0.0,0,0.0,96601000.0,0.0,0.0,0.0,295300.0,0.0,0.0,0.0,0.0,0.0,96896300.0,0.0
1056200000,Славутицька,0.0,0.0,0.0,0.0,0,0.0,43629600.0,0.0,0.0,0.0,82000.0,0.0,0.0,0.0,0.0,0.0,43711600.0,0.0
1056300000,Ставищенська,0.0,0.0,0.0,0.0,0,0.0,74607800.0,0.0,0.0,0.0,0.0,0.0,0.0,0.0,0.0,0.0,74607800.0,0.0
1050900000,Студениківська,0.0,0.0,0.0,0.0,0,0.0,23020500.0,0.0,0.0,0.0,23500.0,0.0,0.0,0.0,0.0,0.0,23044000.0,0.0
1056400000,Таращанська,0.0,0.0,0.0,0.0,0,0.0,88646200.0,0.0,0.0,0.0,0.0,0.0,0.0,0.0,0.0,0.0,88646200.0,0.0
1052000000,Ташанська,0.0,0.0,0.0,0.0,0,0.0,16334200.0,0.0,0.0,0.0,0.0,0.0,0.0,0.0,0.0,0.0,16334200.0,0.0
1050800000,Тетіївська,0.0,0.0,0.0,0.0,0,0.0,104665000.0,0.0,0.0,0.0,111200.0,0.0,0.0,0.0,0.0,0.0,104776200.0,0.0
1052100000,Томашівська,0.0,0.0,0.0,0.0,0,0.0,15552400.0,0.0,0.0,0.0,51000.0,0.0,0.0,0.0,0.0,0.0,15603400.0,0.0
1050700000,Узинська,0.0,0.0,0.0,0.0,0,0.0,58622800.0,0.0,0.0,0.0,0.0,0.0,0.0,0.0,0.0,0.0,58622800.0,0.0
1056500000,Українська,0.0,0.0,0.0,0.0,0,0.0,49621400.0,0.0,0.0,0.0,0.0,0.0,0.0,0.0,0.0,0.0,49621400.0,0.0
1056600000,Фастівська,0.0,0.0,0.0,0.0,0,0.0,164958900.0,0.0,0.0,0.0,0.0,0.0,0.0,0.0,0.0,0.0,164958900.0,0.0
1056700000,Феодосіївська,0.0,0.0,0.0,0.0,0,0.0,51423300.0,0.0,0.0,0.0,0.0,0.0,0.0,0.0,0.0,0.0,51423300.0,0.0
1050600000,Фурсівська,0.0,0.0,0.0,0.0,0,0.0,35457000.0,0.0,0.0,0.0,0.0,0.0,0.0,0.0,0.0,0.0,35457000.0,0.0
1052200000,Циблівська,0.0,0.0,0.0,0.0,0,0.0,21803100.0,0.0,0.0,0.0,57900.0,0.0,0.0,0.0,0.0,0.0,21861000.0,0.0
1056800000,Чабанівська,0.0,0.0,0.0,0.0,0,0.0,26062900.0,0.0,0.0,0.0,0.0,0.0,0.0,0.0,0.0,0.0,26062900.0,0.0
1056900000,Яготинська,0.0,0.0,0.0,0.0,0,0.0,93823100.0,0.0,0.0,0.0,637500.0,0.0,0.0,0.0,0.0,0.0,94460600.0,0.0
1250200000,Айдарська,0.0,0.0,0.0,0.0,0,0.0,7911400.0,0.0,0.0,0.0,0.0,0.0,0.0,0.0,0.0,0.0,7911400.0,0.0
1253100000,Алчевська,0.0,0.0,0.0,0.0,0,0.0,0.0,0.0,0.0,0.0,0.0,0.0,0.0,0.0,0.0,0.0,0.0,0.0
1253200000,Антрацитівська,0.0,0.0,0.0,0.0,0,0.0,0.0,0.0,0.0,0.0,0.0,0.0,0.0,0.0,0.0,0.0,0.0,0.0
1250500000,Біловодська,0.0,0.0,0.0,0.0,0,0.0,14672000.0,0.0,0.0,0.0,0.0,0.0,0.0,0.0,0.0,0.0,14672000.0,0.0
1250100000,Білокуракинська,0.0,0.0,0.0,0.0,0,0.0,13491800.0,0.0,0.0,0.0,0.0,0.0,0.0,0.0,0.0,0.0,13491800.0,0.0
1251600000,Білолуцька,0.0,0.0,0.0,0.0,0,0.0,4691600.0,0.0,0.0,0.0,0.0,0.0,0.0,0.0,0.0,0.0,4691600.0,0.0
1251700000,Гірська,0.0,0.0,0.0,0.0,0,0.0,26271800.0,0.0,0.0,0.0,0.0,0.0,0.0,0.0,0.0,0.0,26271800.0,0.0
1253300000,Довжанська,0.0,0.0,0.0,0.0,0,0.0,0.0,0.0,0.0,0.0,0.0,0.0,0.0,0.0,0.0,0.0,0.0,0.0
1253400000,Зимогір'ївська,0.0,0.0,0.0,0.0,0,0.0,0.0,0.0,0.0,0.0,0.0,0.0,0.0,0.0,0.0,0.0,0.0,0.0
1253500000,Кадіївська,0.0,0.0,0.0,0.0,0,0.0,0.0,0.0,0.0,0.0,0.0,0.0,0.0,0.0,0.0,0.0,0.0,0.0
1251500000,Коломийчиська,0.0,0.0,0.0,0.0,0,0.0,5031400.0,0.0,0.0,0.0,0.0,0.0,0.0,0.0,0.0,0.0,5031400.0,0.0
1250600000,Красноріченська,0.0,0.0,0.0,0.0,0,0.0,11767100.0,0.0,0.0,0.0,0.0,0.0,0.0,0.0,0.0,0.0,11767100.0,0.0
1251800000,Кремінська,0.0,0.0,0.0,0.0,0,0.0,37922600.0,0.0,0.0,0.0,0.0,0.0,0.0,0.0,0.0,0.0,37922600.0,0.0
1251900000,Лисичанська,0.0,0.0,0.0,0.0,0,0.0,134387900.0,0.0,0.0,0.0,0.0,0.0,0.0,0.0,0.0,0.0,134387900.0,0.0
1250900000,Лозно-Олександрівська,0.0,0.0,0.0,0.0,0,0.0,0.0,0.0,0.0,0.0,0.0,0.0,0.0,0.0,0.0,0.0,0.0,0.0
1253600000,Луганська,0.0,0.0,0.0,0.0,0,0.0,0.0,0.0,0.0,0.0,0.0,0.0,0.0,0.0,0.0,0.0,0.0,0.0
1253700000,Лутугинська,0.0,0.0,0.0,0.0,0,0.0,0.0,0.0,0.0,0.0,0.0,0.0,0.0,0.0,0.0,0.0,0.0,0.0
1251100000,Марківська,0.0,0.0,0.0,0.0,0,0.0,9853400.0,0.0,0.0,0.0,0.0,0.0,0.0,0.0,0.0,0.0,9853400.0,0.0
1252000000,Міловська,0.0,0.0,0.0,0.0,0,0.0,2502800.0,0.0,0.0,0.0,0.0,0.0,0.0,0.0,0.0,0.0,2502800.0,0.0
1250800000,Нижньодуванська,0.0,0.0,0.0,0.0,0,0.0,12766600.0,0.0,0.0,0.0,0.0,0.0,0.0,0.0,0.0,0.0,12766600.0,0.0
1252100000,Нижньотеплівська,0.0,0.0,0.0,0.0,0,0.0,0.0,0.0,0.0,0.0,0.0,0.0,0.0,0.0,0.0,0.0,0.0,0.0
1252200000,Новоайдарська,0.0,0.0,0.0,0.0,0,0.0,10737900.0,0.0,0.0,0.0,0.0,0.0,0.0,0.0,0.0,0.0,10737900.0,0.0
1253800000,Отаманівська,0.0,0.0,0.0,0.0,0,0.0,0.0,0.0,0.0,0.0,0.0,0.0,0.0,0.0,0.0,0.0,0.0,0.0
1252300000,Попаснянська,0.0,0.0,0.0,0.0,0,0.0,27023200.0,0.0,0.0,0.0,0.0,0.0,0.0,0.0,0.0,0.0,27023200.0,0.0
1253900000,Ровеньківська,0.0,0.0,0.0,0.0,0,0.0,0.0,0.0,0.0,0.0,0.0,0.0,0.0,0.0,0.0,0.0,0.0,0.0
1252400000,Рубіжанська,0.0,0.0,0.0,0.0,0,0.0,40206500.0,0.0,0.0,0.0,0.0,0.0,0.0,0.0,0.0,0.0,40206500.0,0.0
1252500000,Сватівська,0.0,0.0,0.0,0.0,0,0.0,13897000.0,0.0,0.0,0.0,0.0,0.0,0.0,0.0,0.0,0.0,13897000.0,0.0
1254000000,Сорокинська,0.0,0.0,0.0,0.0,0,0.0,0.0,0.0,0.0,0.0,0.0,0.0,0.0,0.0,0.0,0.0,0.0,0.0
1252700000,Станично-Луганська,0.0,0.0,0.0,0.0,0,0.0,0.0,0.0,0.0,0.0,0.0,0.0,0.0,0.0,0.0,0.0,0.0,0.0
1252800000,Старобільська,0.0,0.0,0.0,0.0,0,0.0,15052400.0,0.0,0.0,0.0,0.0,0.0,0.0,0.0,0.0,0.0,15052400.0,0.0
1252600000,Сіверськодонецька,0.0,0.0,0.0,0.0,0,0.0,132822900.0,0.0,0.0,0.0,0.0,0.0,0.0,0.0,0.0,0.0,132822900.0,0.0
1250400000,Троїцька,0.0,0.0,0.0,0.0,0,0.0,13013300.0,0.0,0.0,0.0,0.0,0.0,0.0,0.0,0.0,0.0,13013300.0,0.0
1254100000,Хрустальненська,0.0,0.0,0.0,0.0,0,0.0,0.0,0.0,0.0,0.0,0.0,0.0,0.0,0.0,0.0,0.0,0.0,0.0
1250300000,Чмирівська,0.0,0.0,0.0,0.0,0,0.0,14570900.0,0.0,0.0,0.0,0.0,0.0,0.0,0.0,0.0,0.0,14570900.0,0.0
1253900000,Широківська,0.0,0.0,0.0,0.0,0,0.0,0.0,0.0,0.0,0.0,0.0,0.0,0.0,0.0,0.0,0.0,0.0,0.0
1251000000,Шульгинська,0.0,0.0,0.0,0.0,0,0.0,13543600.0,0.0,0.0,0.0,0.0,0.0,0.0,0.0,0.0,0.0,13543600.0,0.0
1253000000,Щастинська,0.0,0.0,0.0,0.0,0,0.0,4005700.0,0.0,0.0,0.0,0.0,0.0,0.0,0.0,0.0,0.0,4005700.0,0.0
1355800000,Івано-Франківська,0.0,0.0,0.0,0.0,0,0.0,74125000.0,0.0,0.0,0.0,0.0,0.0,0.0,0.0,0.0,0.0,74125000.0,0.0
1354200000,Белзька,0.0,0.0,0.0,0.0,0,0.0,42123700.0,0.0,0.0,0.0,0.0,0.0,0.0,0.0,0.0,0.0,42123700.0,0.0
1354300000,Боринська,0.0,0.0,0.0,0.0,0,0.0,102341500.0,0.0,0.0,0.0,0.0,0.0,0.0,0.0,0.0,0.0,102341500.0,0.0
1354400000,Бориславська,0.0,0.0,0.0,0.0,0,0.0,95453800.0,0.0,0.0,0.0,0.0,0.0,0.0,0.0,0.0,0.0,95453800.0,0.0
1354500000,Бродівська,0.0,0.0,0.0,0.0,0,0.0,121398100.0,0.0,0.0,0.0,327600.0,0.0,0.0,0.0,0.0,0.0,121725700.0,0.0
1354600000,Буська,0.0,0.0,0.0,0.0,0,0.0,110138200.0,0.0,0.0,0.0,0.0,0.0,0.0,0.0,0.0,0.0,110138200.0,0.0
1353600000,Бібрська,0.0,0.0,0.0,0.0,0,0.0,58645000.0,0.0,0.0,0.0,0.0,0.0,0.0,0.0,0.0,0.0,58645000.0,0.0
1350200000,Бісковицька,0.0,0.0,0.0,0.0,0,0.0,65270200.0,0.0,0.0,0.0,0.0,0.0,0.0,0.0,0.0,0.0,65270200.0,0.0
1352300000,Великолюбінська,0.0,0.0,0.0,0.0,0,0.0,27441500.0,0.0,0.0,0.0,0.0,0.0,0.0,0.0,0.0,0.0,27441500.0,0.0
1353200000,Великомостівська,0.0,0.0,0.0,0.0,0,0.0,58097900.0,0.0,0.0,0.0,0.0,0.0,0.0,0.0,0.0,0.0,58097900.0,0.0
1354700000,Глинянська,0.0,0.0,0.0,0.0,0,0.0,31215600.0,0.0,0.0,0.0,0.0,0.0,0.0,0.0,0.0,0.0,31215600.0,0.0
1350500000,Гніздичівська,0.0,0.0,0.0,0.0,0,0.0,19454400.0,0.0,0.0,0.0,0.0,0.0,0.0,0.0,0.0,0.0,19454400.0,0.0
1354900000,Грабовецько-Дулібівська,0.0,0.0,0.0,0.0,0,0.0,37572400.0,0.0,0.0,0.0,0.0,0.0,0.0,0.0,0.0,0.0,37572400.0,0.0
1352000000,Давидівська,0.0,0.0,0.0,0.0,0,0.0,59892700.0,0.0,0.0,0.0,0.0,0.0,0.0,0.0,0.0,0.0,59892700.0,0.0
1355000000,Добромильська,0.0,0.0,0.0,0.0,0,0.0,45291000.0,0.0,0.0,0.0,0.0,0.0,0.0,0.0,0.0,0.0,45291000.0,0.0
1355100000,Добросинсько-Магерівська,0.0,0.0,0.0,0.0,0,0.0,57659900.0,0.0,0.0,0.0,0.0,0.0,0.0,0.0,0.0,0.0,57659900.0,0.0
1355200000,Добротвірська,0.0,0.0,0.0,0.0,0,0.0,29897700.0,0.0,0.0,0.0,0.0,0.0,0.0,0.0,0.0,0.0,29897700.0,0.0
1355300000,Дрогобицька,0.0,0.0,0.0,0.0,0,0.0,262111400.0,0.0,0.0,0.0,0.0,0.0,0.0,0.0,0.0,0.0,262111400.0,0.0
1355400000,Жидачівська,0.0,0.0,0.0,0.0,0,0.0,51768300.0,0.0,0.0,0.0,0.0,0.0,0.0,0.0,0.0,0.0,51768300.0,0.0
1355500000,Жовківська,0.0,0.0,0.0,0.0,0,0.0,121364100.0,0.0,0.0,0.0,0.0,0.0,0.0,0.0,0.0,0.0,121364100.0,0.0
1352100000,Жовтанецька,0.0,0.0,0.0,0.0,0,0.0,46471700.0,0.0,0.0,0.0,0.0,0.0,0.0,0.0,0.0,0.0,46471700.0,0.0
1355600000,Журавненська,0.0,0.0,0.0,0.0,0,0.0,33958500.0,0.0,0.0,0.0,0.0,0.0,0.0,0.0,0.0,0.0,33958500.0,0.0
1350800000,Заболотцівська,0.0,0.0,0.0,0.0,0,0.0,22478900.0,0.0,0.0,0.0,0.0,0.0,0.0,0.0,0.0,0.0,22478900.0,0.0
1353700000,Зимноводівська,0.0,0.0,0.0,0.0,0,0.0,67133300.0,0.0,0.0,0.0,0.0,0.0,0.0,0.0,0.0,0.0,67133300.0,0.0
1355700000,Золочівська,0.0,0.0,0.0,0.0,0,0.0,139922100.0,0.0,0.0,0.0,0.0,0.0,0.0,0.0,0.0,0.0,139922100.0,0.0
1353400000,Кам'янка-Бузька,0.0,0.0,0.0,0.0,0,0.0,63124700.0,0.0,0.0,0.0,0.0,0.0,0.0,0.0,0.0,0.0,63124700.0,0.0
1355900000,Козівська,0.0,0.0,0.0,0.0,0,0.0,60008500.0,0.0,0.0,0.0,0.0,0.0,0.0,0.0,0.0,0.0,60008500.0,0.0
1356000000,Комарнівська,0.0,0.0,0.0,0.0,0,0.0,42649900.0,0.0,0.0,0.0,0.0,0.0,0.0,0.0,0.0,0.0,42649900.0,0.0
1356100000,Красненська,0.0,0.0,0.0,0.0,0,0.0,58193100.0,0.0,0.0,0.0,101600.0,0.0,0.0,0.0,0.0,0.0,58294700.0,0.0
1356200000,Куликівська,0.0,0.0,0.0,0.0,0,0.0,40877200.0,0.0,0.0,0.0,0.0,0.0,0.0,0.0,0.0,0.0,40877200.0,0.0
1353800000,Лопатинська,0.0,0.0,0.0,0.0,0,0.0,37288400.0,0.0,0.0,0.0,14100.0,0.0,0.0,0.0,0.0,0.0,37302500.0,0.0
1356300000,Львівська,0.0,0.0,0.0,0.0,0,0.0,1736090300.0,0.0,0.0,0.0,0.0,0.0,0.0,0.0,0.0,0.0,1736090300.0,0.0
1353900000,Меденицька,0.0,0.0,0.0,0.0,0,0.0,52554000.0,0.0,0.0,0.0,0.0,0.0,0.0,0.0,0.0,0.0,52554000.0,0.0
1356400000,Миколаївська,0.0,0.0,0.0,0.0,0,0.0,111140700.0,0.0,0.0,0.0,0.0,0.0,0.0,0.0,0.0,0.0,111140700.0,0.0
1356500000,Моршинська,0.0,0.0,0.0,0.0,0,0.0,37948100.0,0.0,0.0,0.0,0.0,0.0,0.0,0.0,0.0,0.0,37948100.0,0.0
1351700000,Мостиська,0.0,0.0,0.0,0.0,0,0.0,120591300.0,0.0,0.0,0.0,378600.0,0.0,0.0,0.0,0.0,0.0,120969900.0,0.0
1353500000,Мурованська,0.0,0.0,0.0,0.0,0,0.0,26499500.0,0.0,0.0,0.0,0.0,0.0,0.0,0.0,0.0,0.0,26499500.0,0.0
1351100000,Новокалинівська,0.0,0.0,0.0,0.0,0,0.0,31638700.0,0.0,0.0,0.0,0.0,0.0,0.0,0.0,0.0,0.0,31638700.0,0.0
1356600000,Новороздільська,0.0,0.0,0.0,0.0,0,0.0,73380700.0,0.0,0.0,0.0,178300.0,0.0,0.0,0.0,0.0,0.0,73559000.0,0.0
1356700000,Новояворівська,0.0,0.0,0.0,0.0,0,0.0,161151600.0,0.0,0.0,0.0,0.0,0.0,0.0,0.0,0.0,0.0,161151600.0,0.0
1356800000,Новояричівська,0.0,0.0,0.0,0.0,0,0.0,66463000.0,0.0,0.0,0.0,0.0,0.0,0.0,0.0,0.0,0.0,66463000.0,0.0
1356900000,Оброшинська,0.0,0.0,0.0,0.0,0,0.0,23346600.0,0.0,0.0,0.0,0.0,0.0,0.0,0.0,0.0,0.0,23346600.0,0.0
1357000000,Перемишлянська,0.0,0.0,0.0,0.0,0,0.0,73676100.0,0.0,0.0,0.0,0.0,0.0,0.0,0.0,0.0,0.0,73676100.0,0.0
1357200000,Поморянська,0.0,0.0,0.0,0.0,0,0.0,18482400.0,0.0,0.0,0.0,0.0,0.0,0.0,0.0,0.0,0.0,18482400.0,0.0
1357300000,Пустомитівська,0.0,0.0,0.0,0.0,0,0.0,54712700.0,0.0,0.0,0.0,0.0,0.0,0.0,0.0,0.0,0.0,54712700.0,0.0
1352700000,Підберізцівська,0.0,0.0,0.0,0.0,0,0.0,26697200.0,0.0,0.0,0.0,0.0,0.0,0.0,0.0,0.0,0.0,26697200.0,0.0
1357100000,Підкамінська,0.0,0.0,0.0,0.0,0,0.0,35396200.0,0.0,0.0,0.0,0.0,0.0,0.0,0.0,0.0,0.0,35396200.0,0.0
1357400000,Рава-Руська,0.0,0.0,0.0,0.0,0,0.0,101020100.0,0.0,0.0,0.0,0.0,0.0,0.0,0.0,0.0,0.0,101020100.0,0.0
1354000000,Радехівська,0.0,0.0,0.0,0.0,0,0.0,120414600.0,0.0,0.0,0.0,81400.0,0.0,0.0,0.0,0.0,0.0,120496000.0,0.0
1357500000,Ралівська,0.0,0.0,0.0,0.0,0,0.0,50295700.0,0.0,0.0,0.0,0.0,0.0,0.0,0.0,0.0,0.0,50295700.0,0.0
1352500000,Розвадівська,0.0,0.0,0.0,0.0,0,0.0,38753600.0,0.0,0.0,0.0,0.0,0.0,0.0,0.0,0.0,0.0,38753600.0,0.0
1353000000,Рудківська,0.0,0.0,0.0,0.0,0,0.0,74547600.0,0.0,0.0,0.0,0.0,0.0,0.0,0.0,0.0,0.0,74547600.0,0.0
1357600000,Самбірська,0.0,0.0,0.0,0.0,0,0.0,89190500.0,0.0,0.0,0.0,812500.0,0.0,0.0,0.0,0.0,0.0,90003000.0,0.0
1357700000,Сколівська,0.0,0.0,0.0,0.0,0,0.0,85254200.0,0.0,0.0,0.0,229800.0,0.0,0.0,0.0,0.0,0.0,85484000.0,0.0
1353100000,Славська,0.0,0.0,0.0,0.0,0,0.0,80881900.0,0.0,0.0,0.0,0.0,0.0,0.0,0.0,0.0,0.0,80881900.0,0.0
1357800000,Сокальська,0.0,0.0,0.0,0.0,0,0.0,137662300.0,0.0,0.0,0.0,0.0,0.0,0.0,0.0,0.0,0.0,137662300.0,0.0
1357900000,Сокільницька,0.0,0.0,0.0,0.0,0,0.0,18638700.0,0.0,0.0,0.0,0.0,0.0,0.0,0.0,0.0,0.0,18638700.0,0.0
1352800000,Солонківська,0.0,0.0,0.0,0.0,0,0.0,47998300.0,0.0,0.0,0.0,0.0,0.0,0.0,0.0,0.0,0.0,47998300.0,0.0
1358000000,Старосамбірська,0.0,0.0,0.0,0.0,0,0.0,73888200.0,0.0,0.0,0.0,0.0,0.0,0.0,0.0,0.0,0.0,73888200.0,0.0
1358100000,Стрийська,0.0,0.0,0.0,0.0,0,0.0,252396600.0,0.0,0.0,0.0,0.0,0.0,0.0,0.0,0.0,0.0,252396600.0,0.0
1358200000,Стрілківська,0.0,0.0,0.0,0.0,0,0.0,53698700.0,0.0,0.0,0.0,0.0,0.0,0.0,0.0,0.0,0.0,53698700.0,0.0
1351800000,Судововишнянська,0.0,0.0,0.0,0.0,0,0.0,38062300.0,0.0,0.0,0.0,154400.0,0.0,0.0,0.0,0.0,0.0,38216700.0,0.0
1358300000,Східницька,0.0,0.0,0.0,0.0,0,0.0,57804200.0,0.0,0.0,0.0,0.0,0.0,0.0,0.0,0.0,0.0,57804200.0,0.0
1351400000,Тростянецька,0.0,0.0,0.0,0.0,0,0.0,28087900.0,0.0,0.0,0.0,0.0,0.0,0.0,0.0,0.0,0.0,28087900.0,0.0
1358400000,Трускавецька,0.0,0.0,0.0,0.0,0,0.0,82574300.0,0.0,0.0,0.0,0.0,0.0,0.0,0.0,0.0,0.0,82574300.0,0.0
1358500000,Турківська,0.0,0.0,0.0,0.0,0,0.0,100394700.0,0.0,0.0,0.0,0.0,0.0,0.0,0.0,0.0,0.0,100394700.0,0.0
1358600000,Хирівська,0.0,0.0,0.0,0.0,0,0.0,59249400.0,0.0,0.0,0.0,0.0,0.0,0.0,0.0,0.0,0.0,59249400.0,0.0
1351600000,Ходорівська,0.0,0.0,0.0,0.0,0,0.0,71070800.0,0.0,0.0,0.0,0.0,0.0,0.0,0.0,0.0,0.0,71070800.0,0.0
1352200000,Шегинівська,0.0,0.0,0.0,0.0,0,0.0,38218600.0,0.0,0.0,0.0,0.0,0.0,0.0,0.0,0.0,0.0,38218600.0,0.0
1358700000,Шептицька,0.0,0.0,0.0,0.0,0,0.0,185383500.0,0.0,0.0,0.0,0.0,0.0,0.0,0.0,0.0,0.0,185383500.0,0.0
1352900000,Щирецька,0.0,0.0,0.0,0.0,0,0.0,32694300.0,0.0,0.0,0.0,0.0,0.0,0.0,0.0,0.0,0.0,32694300.0,0.0
1358800000,Яворівська,0.0,0.0,0.0,0.0,0,0.0,192403300.0,0.0,0.0,0.0,0.0,0.0,0.0,0.0,0.0,0.0,192403300.0,0.0
1454500000,Єланецька,0.0,0.0,0.0,0.0,0,0.0,51553200.0,0.0,0.0,0.0,275600.0,0.0,0.0,0.0,0.0,0.0,51828800.0,0.0
1454600000,Інгульська,0.0,0.0,0.0,0.0,0,0.0,30969500.0,0.0,0.0,0.0,122800.0,0.0,0.0,0.0,0.0,0.0,31092300.0,0.0
1452800000,Арбузинська,0.0,0.0,0.0,0.0,0,0.0,30809700.0,0.0,34987494.0,0.0,214700.0,0.0,0.0,0.0,0.0,0.0,66011894.0,0.0
1450200000,Баштанська,0.0,0.0,0.0,0.0,0,0.0,65787400.0,0.0,13753359.0,0.0,286600.0,0.0,0.0,0.0,0.0,0.0,79827359.0,0.0
1452200000,Березанська,0.0,0.0,0.0,0.0,0,0.0,42584800.0,0.0,2435642.0,0.0,0.0,0.0,0.0,0.0,0.0,0.0,45020442.0,0.0
1453000000,Березнегуватська,0.0,0.0,0.0,0.0,0,0.0,54185900.0,0.0,0.0,0.0,0.0,0.0,0.0,0.0,0.0,0.0,54185900.0,0.0
1451000000,Благодатненська,0.0,0.0,0.0,0.0,0,0.0,22977900.0,0.0,0.0,0.0,0.0,0.0,0.0,0.0,0.0,0.0,22977900.0,0.0
1454300000,Братська,0.0,0.0,0.0,0.0,0,0.0,40044900.0,0.0,0.0,0.0,0.0,0.0,0.0,0.0,0.0,0.0,40044900.0,0.0
1451100000,Бузька,0.0,0.0,0.0,0.0,0,0.0,18236700.0,0.0,0.0,0.0,83700.0,0.0,0.0,0.0,0.0,0.0,18320400.0,0.0
1450400000,Веселинівська,0.0,0.0,0.0,0.0,0,0.0,65821300.0,0.0,0.0,0.0,297800.0,0.0,0.0,0.0,0.0,0.0,66119100.0,0.0
1450800000,Веснянська,0.0,0.0,0.0,0.0,0,0.0,32377000.0,0.0,0.0,0.0,0.0,0.0,0.0,0.0,0.0,0.0,32377000.0,0.0
1452900000,Вознесенська,0.0,0.0,0.0,0.0,0,0.0,97647700.0,0.0,0.0,0.0,905000.0,0.0,0.0,0.0,0.0,0.0,98552700.0,0.0
1452400000,Володимирівська,0.0,0.0,0.0,0.0,0,0.0,8050500.0,0.0,0.0,0.0,0.0,0.0,0.0,0.0,0.0,0.0,8050500.0,0.0
1450500000,Воскресенська,0.0,0.0,0.0,0.0,0,0.0,41537100.0,0.0,0.0,0.0,0.0,0.0,0.0,0.0,0.0,0.0,41537100.0,0.0
1454400000,Врадіївська,0.0,0.0,0.0,0.0,0,0.0,53855500.0,0.0,36118447.0,0.0,210600.0,0.0,0.0,0.0,0.0,0.0,90184547.0,0.0
1453400000,Вільнозапорізька,0.0,0.0,0.0,0.0,0,0.0,18534500.0,0.0,0.0,0.0,84200.0,0.0,0.0,0.0,0.0,0.0,18618700.0,0.0
1451200000,Галицинівська,0.0,0.0,0.0,0.0,0,0.0,27195800.0,0.0,0.0,0.0,0.0,0.0,0.0,0.0,0.0,0.0,27195800.0,0.0
1453500000,Горохівська,0.0,0.0,0.0,0.0,0,0.0,21074100.0,0.0,0.0,0.0,0.0,0.0,0.0,0.0,0.0,0.0,21074100.0,0.0
1450600000,Доманівська,0.0,0.0,0.0,0.0,0,0.0,49467500.0,0.0,0.0,0.0,148000.0,0.0,0.0,0.0,0.0,0.0,49615500.0,0.0
1452000000,Дорошівська,0.0,0.0,0.0,0.0,0,0.0,15467900.0,0.0,0.0,0.0,74300.0,0.0,0.0,0.0,0.0,0.0,15542200.0,0.0
1452500000,Казанківська,0.0,0.0,0.0,0.0,0,0.0,48576700.0,0.0,0.0,0.0,173200.0,0.0,0.0,0.0,0.0,0.0,48749900.0,0.0
1450900000,Кам'яномостівська,0.0,0.0,0.0,0.0,0,0.0,23850200.0,0.0,0.0,0.0,0.0,0.0,0.0,0.0,0.0,0.0,23850200.0,0.0
1451300000,Коблівська,0.0,0.0,0.0,0.0,0,0.0,30831900.0,0.0,6172361.0,0.0,0.0,0.0,0.0,0.0,0.0,0.0,37004261.0,0.0
1451500000,Костянтинівська,0.0,0.0,0.0,0.0,0,0.0,19500900.0,0.0,0.0,0.0,86600.0,0.0,0.0,0.0,0.0,0.0,19587500.0,0.0
1454800000,Кривоозерська,0.0,0.0,0.0,0.0,0,0.0,70662900.0,0.0,0.0,0.0,475600.0,0.0,0.0,0.0,0.0,0.0,71138500.0,0.0
1450100000,Куцурубська,0.0,0.0,0.0,0.0,0,0.0,25585200.0,0.0,0.0,0.0,0.0,0.0,0.0,0.0,0.0,0.0,25585200.0,0.0
1453800000,Мигіївська,0.0,0.0,0.0,0.0,0,0.0,27460900.0,0.0,0.0,0.0,0.0,0.0,0.0,0.0,0.0,0.0,27460900.0,0.0
1454900000,Миколаївська,0.0,0.0,0.0,0.0,0,0.0,794886500.0,0.0,17558453.0,0.0,0.0,0.0,0.0,0.0,0.0,0.0,812444953.0,0.0
1451500000,Мостівська,0.0,0.0,0.0,0.0,0,0.0,19500900.0,0.0,0.0,0.0,86600.0,0.0,0.0,0.0,0.0,0.0,19587500.0,0.0
1454200000,Мішково-Погорілівська,0.0,0.0,0.0,0.0,0,0.0,20619100.0,0.0,0.0,0.0,131600.0,0.0,0.0,0.0,0.0,0.0,20750700.0,0.0
1451600000,Нечаянська,0.0,0.0,0.0,0.0,0,0.0,15688000.0,0.0,0.0,0.0,0.0,0.0,0.0,0.0,0.0,0.0,15688000.0,0.0
1453100000,Новобузька,0.0,0.0,0.0,0.0,0,0.0,44065800.0,0.0,0.0,0.0,368000.0,0.0,0.0,0.0,0.0,0.0,44433800.0,0.0
1453900000,Новомар'ївська,0.0,0.0,0.0,0.0,0,0.0,19705900.0,0.0,0.0,0.0,0.0,0.0,0.0,0.0,0.0,0.0,19705900.0,0.0
1455000000,Новоодеська,0.0,0.0,0.0,0.0,0,0.0,48915900.0,0.0,0.0,0.0,337000.0,0.0,0.0,0.0,0.0,0.0,49252900.0,0.0
1450300000,Олександрівська,0.0,0.0,0.0,0.0,0,0.0,25391300.0,0.0,21546440.0,0.0,0.0,0.0,0.0,0.0,0.0,0.0,46937740.0,0.0
1450700000,Ольшанська,0.0,0.0,0.0,0.0,0,0.0,24853900.0,0.0,0.0,0.0,0.0,0.0,0.0,0.0,0.0,0.0,24853900.0,0.0
1455100000,Очаківська,0.0,0.0,0.0,0.0,0,0.0,23019900.0,0.0,0.0,0.0,96500.0,0.0,0.0,0.0,0.0,0.0,23116400.0,0.0
1455200000,Первомайська,0.0,0.0,0.0,0.0,0,0.0,140128400.0,0.0,0.0,0.0,1241400.0,0.0,0.0,0.0,0.0,0.0,141369800.0,0.0
1451700000,Прибужанівська,0.0,0.0,0.0,0.0,0,0.0,24937900.0,0.0,0.0,0.0,0.0,0.0,0.0,0.0,0.0,0.0,24937900.0,0.0
1452300000,Прибузька,0.0,0.0,0.0,0.0,0,0.0,17810100.0,0.0,93160593.0,0.0,0.0,0.0,0.0,0.0,0.0,0.0,110970693.0,0.0
1455700000,Південноукраїнська,0.0,0.0,0.0,0.0,0,0.0,84213500.0,0.0,0.0,0.0,0.0,0.0,0.0,0.0,0.0,0.0,84213500.0,0.0
1452700000,Радсадівська,0.0,0.0,0.0,0.0,0,0.0,16477700.0,0.0,0.0,0.0,86600.0,0.0,0.0,0.0,0.0,0.0,16564300.0,0.0
1455500000,Синюшинобрідська,0.0,0.0,0.0,0.0,0,0.0,20765700.0,0.0,0.0,0.0,0.0,0.0,0.0,0.0,0.0,0.0,20765700.0,0.0
1453200000,Снігурівська,0.0,0.0,0.0,0.0,0,0.0,52799600.0,0.0,30801145.0,0.0,236900.0,0.0,0.0,0.0,0.0,0.0,83837645.0,0.0
1454000000,Софіївська,0.0,0.0,0.0,0.0,0,0.0,19601200.0,0.0,0.0,0.0,90700.0,0.0,0.0,0.0,0.0,0.0,19691900.0,0.0
1455600000,Степівська,0.0,0.0,0.0,0.0,0,0.0,33086700.0,0.0,0.0,0.0,161400.0,0.0,0.0,0.0,0.0,0.0,33248100.0,0.0
1454100000,Сухоєланецька,0.0,0.0,0.0,0.0,0,0.0,13959100.0,0.0,0.0,0.0,70200.0,0.0,0.0,0.0,0.0,0.0,14029300.0,0.0
1451800000,Чорноморська,0.0,0.0,0.0,0.0,0,0.0,20609600.0,0.0,0.0,0.0,100600.0,0.0,0.0,0.0,0.0,0.0,20710200.0,0.0
1452600000,Широківська,0.0,0.0,0.0,0.0,0,0.0,10957400.0,0.0,0.0,0.0,0.0,0.0,0.0,0.0,0.0,0.0,10957400.0,0.0
1553800000,Іванівська,0.0,0.0,0.0,0.0,0,0.0,59905300.0,0.0,0.0,0.0,392600.0,0.0,0.0,0.0,0.0,0.0,60297900.0,0.0
1555300000,Ізмаїльська,0.0,0.0,0.0,0.0,0,0.0,169570300.0,0.0,0.0,0.0,0.0,0.0,0.0,0.0,0.0,0.0,169570300.0,0.0
1551800000,Авангардівська,0.0,0.0,0.0,0.0,0,0.0,70361700.0,0.0,0.0,0.0,0.0,0.0,0.0,0.0,0.0,0.0,70361700.0,0.0
1553800000,Ананьївська,0.0,0.0,0.0,0.0,0,0.0,59905300.0,0.0,0.0,0.0,392600.0,0.0,0.0,0.0,0.0,0.0,60297900.0,0.0
1553900000,Арцизька,0.0,0.0,0.0,0.0,0,0.0,91411600.0,0.0,0.0,0.0,289200.0,0.0,0.0,0.0,0.0,0.0,91700800.0,0.0
1550100000,Балтська,0.0,0.0,0.0,0.0,0,0.0,103637400.0,0.0,0.0,0.0,0.0,0.0,0.0,0.0,0.0,0.0,103637400.0,0.0
1551400000,Березівська,0.0,0.0,0.0,0.0,0,0.0,66045000.0,0.0,0.0,0.0,0.0,0.0,0.0,0.0,0.0,0.0,66045000.0,0.0
1558200000,Бессарабська,0.0,0.0,0.0,0.0,0,0.0,65212000.0,0.0,0.0,0.0,388600.0,0.0,0.0,0.0,0.0,0.0,65600600.0,0.0
1554100000,Болградська,0.0,0.0,0.0,0.0,0,0.0,59378900.0,0.0,0.0,0.0,402700.0,0.0,0.0,0.0,0.0,0.0,59781600.0,0.0
1554200000,Буджацька,0.0,0.0,0.0,0.0,0,0.0,62145200.0,0.0,0.0,0.0,270100.0,0.0,0.0,0.0,0.0,0.0,62415300.0,0.0
1554000000,Білгород-Дністровська,0.0,0.0,0.0,0.0,0,0.0,105132400.0,0.0,34319742.0,0.0,0.0,0.0,0.0,0.0,0.0,0.0,139452142.0,0.0
1550200000,Біляївська,0.0,0.0,0.0,0.0,0,0.0,83410900.0,0.0,0.0,0.0,0.0,0.0,0.0,0.0,0.0,0.0,83410900.0,0.0
1554300000,Василівська,0.0,0.0,0.0,0.0,0,0.0,31667800.0,0.0,0.0,0.0,0.0,0.0,0.0,0.0,0.0,0.0,31667800.0,0.0
1553000000,Великобуялицька,0.0,0.0,0.0,0.0,0,0.0,19466600.0,0.0,0.0,0.0,0.0,0.0,0.0,0.0,0.0,0.0,19466600.0,0.0
1554400000,Великодальницька,0.0,0.0,0.0,0.0,0,0.0,46095500.0,0.0,0.0,0.0,0.0,0.0,0.0,0.0,0.0,0.0,46095500.0,0.0
1554500000,Великодолинська,0.0,0.0,0.0,0.0,0,0.0,51761100.0,0.0,0.0,0.0,0.0,0.0,0.0,0.0,0.0,0.0,51761100.0,0.0
1550300000,Великомихайлівська,0.0,0.0,0.0,0.0,0,0.0,60913900.0,0.0,0.0,0.0,139800.0,0.0,0.0,0.0,0.0,0.0,61053700.0,0.0
1553100000,Великоплосківська,0.0,0.0,0.0,0.0,0,0.0,17402500.0,0.0,0.0,0.0,0.0,0.0,0.0,0.0,0.0,0.0,17402500.0,0.0
1554600000,Вигодянська,0.0,0.0,0.0,0.0,0,0.0,48139500.0,0.0,0.0,0.0,0.0,0.0,0.0,0.0,0.0,0.0,48139500.0,0.0
1552900000,Визирська,0.0,0.0,0.0,0.0,0,0.0,38925200.0,0.0,0.0,0.0,0.0,0.0,0.0,0.0,0.0,0.0,38925200.0,0.0
1551700000,Вилківська,0.0,0.0,0.0,0.0,0,0.0,45956200.0,0.0,0.0,0.0,269000.0,0.0,0.0,0.0,0.0,0.0,46225200.0,0.0
1554700000,Городненська,0.0,0.0,0.0,0.0,0,0.0,32645000.0,0.0,0.0,0.0,184200.0,0.0,0.0,0.0,0.0,0.0,32829200.0,0.0
1551900000,Дальницька,0.0,0.0,0.0,0.0,0,0.0,41559000.0,0.0,0.0,0.0,0.0,0.0,0.0,0.0,0.0,0.0,41559000.0,0.0
1554800000,Дачненська,0.0,0.0,0.0,0.0,0,0.0,40407600.0,0.0,0.0,0.0,0.0,0.0,0.0,0.0,0.0,0.0,40407600.0,0.0
1554900000,Дивізійська,0.0,0.0,0.0,0.0,0,0.0,20765000.0,0.0,0.0,0.0,97200.0,0.0,0.0,0.0,0.0,0.0,20862200.0,0.0
1555000000,Доброславська,0.0,0.0,0.0,0.0,0,0.0,47833400.0,0.0,33334144.0,0.0,0.0,0.0,0.0,0.0,0.0,0.0,81167544.0,0.0
1555100000,Долинська,0.0,0.0,0.0,0.0,0,0.0,16554000.0,0.0,0.0,0.0,65100.0,0.0,0.0,0.0,0.0,0.0,16619100.0,0.0
1550900000,Затишанська,0.0,0.0,0.0,0.0,0,0.0,26987300.0,0.0,0.0,0.0,0.0,0.0,0.0,0.0,0.0,0.0,26987300.0,0.0
1555200000,Захарівська,0.0,0.0,0.0,0.0,0,0.0,55703100.0,0.0,0.0,0.0,0.0,0.0,0.0,0.0,0.0,0.0,55703100.0,0.0
1553200000,Зеленогірська,0.0,0.0,0.0,0.0,0,0.0,26585500.0,0.0,0.0,0.0,111200.0,0.0,0.0,0.0,0.0,0.0,26696700.0,0.0
1552300000,Знам'янська,0.0,0.0,0.0,0.0,0,0.0,32304700.0,0.0,0.0,0.0,0.0,0.0,0.0,0.0,0.0,0.0,32304700.0,0.0
1555400000,Кароліно-Бугазька,0.0,0.0,0.0,0.0,0,0.0,10074400.0,0.0,0.0,0.0,0.0,0.0,0.0,0.0,0.0,0.0,10074400.0,0.0
1558100000,Катлабузька,0.0,0.0,0.0,0.0,0,0.0,27904700.0,0.0,0.0,0.0,87600.0,0.0,0.0,0.0,0.0,0.0,27992300.0,0.0
1555500000,Кодимська,0.0,0.0,0.0,0.0,0,0.0,73459700.0,0.0,0.0,0.0,0.0,0.0,0.0,0.0,0.0,0.0,73459700.0,0.0
1551100000,Коноплянська,0.0,0.0,0.0,0.0,0,0.0,34795000.0,0.0,0.0,0.0,0.0,0.0,0.0,0.0,0.0,0.0,34795000.0,0.0
1550400000,Красносільська,0.0,0.0,0.0,0.0,0,0.0,35408700.0,0.0,0.0,0.0,0.0,0.0,0.0,0.0,0.0,0.0,35408700.0,0.0
1555600000,Криничненська,0.0,0.0,0.0,0.0,0,0.0,11527800.0,0.0,0.0,0.0,76900.0,0.0,0.0,0.0,0.0,0.0,11604700.0,0.0
1555700000,Кубейська,0.0,0.0,0.0,0.0,0,0.0,24221600.0,0.0,0.0,0.0,56700.0,0.0,0.0,0.0,0.0,0.0,24278300.0,0.0
1555800000,Кулевчанська,0.0,0.0,0.0,0.0,0,0.0,21901500.0,0.0,0.0,0.0,0.0,0.0,0.0,0.0,0.0,0.0,21901500.0,0.0
1555900000,Курісовська,0.0,0.0,0.0,0.0,0,0.0,23098800.0,0.0,0.0,0.0,0.0,0.0,0.0,0.0,0.0,0.0,23098800.0,0.0
1551300000,Куяльницька,0.0,59022647.0,0.0,0.0,0,0.0,76895000.0,0.0,0.0,0.0,0.0,0.0,0.0,0.0,0.0,59022647.0,76895000.0,0.0
1552600000,Кілійська,0.0,0.0,0.0,0.0,0,0.0,94600000.0,0.0,0.0,0.0,428500.0,0.0,0.0,0.0,0.0,0.0,95028500.0,0.0
1556000000,Лиманська,0.0,0.0,0.0,0.0,0,0.0,42372200.0,0.0,0.0,0.0,0.0,0.0,0.0,0.0,0.0,0.0,42372200.0,0.0
1552700000,Любашівська,0.0,0.0,0.0,0.0,0,0.0,82682600.0,0.0,0.0,0.0,427900.0,0.0,0.0,0.0,0.0,0.0,83110500.0,0.0
1550500000,Маразліївська,0.0,0.0,0.0,0.0,0,0.0,30707600.0,0.0,0.0,0.0,0.0,0.0,0.0,0.0,0.0,0.0,30707600.0,0.0
1552100000,Маяківська,0.0,0.0,0.0,0.0,0,0.0,47071500.0,0.0,0.0,0.0,0.0,0.0,0.0,0.0,0.0,0.0,47071500.0,0.0
1552400000,Миколаївська,0.0,0.0,0.0,0.0,0,0.0,43146100.0,0.0,38211115.0,0.0,0.0,0.0,0.0,0.0,0.0,0.0,81357215.0,0.0
1552400000,Мологівська,0.0,0.0,0.0,0.0,0,0.0,43146100.0,0.0,38211115.0,0.0,0.0,0.0,0.0,0.0,0.0,0.0,81357215.0,0.0
1556200000,Нерубайська,0.0,0.0,0.0,0.0,0,0.0,63664400.0,0.0,0.0,0.0,0.0,0.0,0.0,0.0,0.0,0.0,63664400.0,0.0
1553500000,Новоборисівська,0.0,0.0,0.0,0.0,0,0.0,26641700.0,0.0,0.0,0.0,0.0,0.0,0.0,0.0,0.0,0.0,26641700.0,0.0
1550800000,Новокальчевська,0.0,0.0,0.0,0.0,0,0.0,17046300.0,0.0,0.0,0.0,0.0,0.0,0.0,0.0,0.0,0.0,17046300.0,0.0
1556300000,Овідіопольська,0.0,0.0,0.0,0.0,0,0.0,50923900.0,0.0,0.0,0.0,0.0,0.0,0.0,0.0,0.0,0.0,50923900.0,0.0
1556400000,Одеська,0.0,219500000.0,0.0,0.0,0,0.0,1840964200.0,0.0,0.0,0.0,0.0,0.0,0.0,0.0,0.0,219500000.0,1840964200.0,0.0
1552800000,Окнянська,0.0,0.0,0.0,0.0,0,0.0,80955000.0,0.0,0.0,0.0,275200.0,0.0,0.0,0.0,0.0,0.0,81230200.0,0.0
1556500000,Павлівська,0.0,0.0,0.0,0.0,0,0.0,23466000.0,0.0,0.0,0.0,75300.0,0.0,0.0,0.0,0.0,0.0,23541300.0,0.0
1553600000,Петровірівська,0.0,0.0,0.0,0.0,0,0.0,16207300.0,0.0,0.0,0.0,0.0,0.0,0.0,0.0,0.0,0.0,16207300.0,0.0
1553600000,Петропавлівська,0.0,0.0,0.0,0.0,0,0.0,16207300.0,0.0,0.0,0.0,0.0,0.0,0.0,0.0,0.0,0.0,16207300.0,0.0
1556800000,Плахтіївська,0.0,0.0,0.0,0.0,0,0.0,26245000.0,0.0,0.0,0.0,143800.0,0.0,0.0,0.0,0.0,0.0,26388800.0,0.0
1556900000,Подільська,0.0,0.0,0.0,0.0,0,0.0,99880100.0,0.0,44134999.0,0.0,61800.0,0.0,0.0,0.0,0.0,0.0,144076899.0,0.0
1559100000,Південнівська,0.0,0.0,0.0,0.0,0,0.0,75510600.0,0.0,0.0,0.0,0.0,0.0,0.0,0.0,0.0,0.0,75510600.0,0.0
1557000000,Раухівська,0.0,0.0,0.0,0.0,0,0.0,23555000.0,0.0,0.0,0.0,0.0,0.0,0.0,0.0,0.0,0.0,23555000.0,0.0
1557100000,Ренійська,0.0,0.0,0.0,0.0,0,0.0,101639400.0,0.0,0.0,0.0,618900.0,0.0,0.0,0.0,0.0,0.0,102258300.0,0.0
1557200000,Роздільнянська,0.0,0.0,0.0,0.0,0,0.0,106371900.0,0.0,0.0,0.0,0.0,0.0,0.0,0.0,0.0,0.0,106371900.0,0.0
1550600000,Розквітівська,0.0,0.0,0.0,0.0,0,0.0,17084300.0,0.0,0.0,0.0,0.0,0.0,0.0,0.0,0.0,0.0,17084300.0,0.0
1557300000,Савранська,0.0,0.0,0.0,0.0,0,0.0,56479600.0,0.0,0.0,0.0,289200.0,0.0,0.0,0.0,0.0,0.0,56768800.0,0.0
1557400000,Саратська,0.0,0.0,0.0,0.0,0,0.0,66960300.0,0.0,0.0,0.0,175200.0,0.0,0.0,0.0,0.0,0.0,67135500.0,0.0
1557500000,Саф'янівська,0.0,0.0,0.0,0.0,0,0.0,149832300.0,0.0,0.0,0.0,540300.0,0.0,0.0,0.0,0.0,0.0,150372600.0,0.0
1557600000,Сергіївська,0.0,0.0,0.0,0.0,0,0.0,20692000.0,0.0,0.0,0.0,0.0,0.0,0.0,0.0,0.0,0.0,20692000.0,0.0
1557700000,Слобідська,0.0,0.0,0.0,0.0,0,0.0,9979800.0,0.0,0.0,0.0,0.0,0.0,0.0,0.0,0.0,0.0,9979800.0,0.0
1551500000,Старокозацька,0.0,0.0,0.0,0.0,0,0.0,73804500.0,0.0,0.0,0.0,0.0,0.0,0.0,0.0,0.0,0.0,73804500.0,0.0
1557800000,Старомаяківська,0.0,0.0,0.0,0.0,0,0.0,19480700.0,0.0,0.0,0.0,35900.0,0.0,0.0,0.0,0.0,0.0,19516600.0,0.0
1557900000,Степанівська,0.0,0.0,0.0,0.0,0,0.0,25486100.0,0.0,0.0,0.0,0.0,0.0,0.0,0.0,0.0,0.0,25486100.0,0.0
1558000000,Стрюківська,0.0,0.0,0.0,0.0,0,0.0,9929300.0,0.0,0.0,0.0,0.0,0.0,0.0,0.0,0.0,0.0,9929300.0,0.0
1558300000,Татарбунарська,0.0,0.0,0.0,0.0,0,0.0,87045200.0,0.0,0.0,0.0,0.0,0.0,0.0,0.0,0.0,0.0,87045200.0,0.0
1552500000,Таїровська,0.0,0.0,0.0,0.0,0,0.0,23475400.0,0.0,0.0,0.0,0.0,0.0,0.0,0.0,0.0,0.0,23475400.0,0.0
1558400000,Теплицька,0.0,0.0,0.0,0.0,0,0.0,21362300.0,0.0,0.0,0.0,0.0,0.0,0.0,0.0,0.0,0.0,21362300.0,0.0
1558500000,Теплодарська,0.0,0.0,0.0,0.0,0,0.0,23132700.0,0.0,0.0,0.0,0.0,0.0,0.0,0.0,0.0,0.0,23132700.0,0.0
1550700000,Тузлівська,0.0,0.0,0.0,0.0,0,0.0,12242400.0,0.0,0.0,0.0,0.0,0.0,0.0,0.0,0.0,0.0,12242400.0,0.0
1558600000,Усатівська,0.0,0.0,0.0,0.0,0,0.0,50832100.0,0.0,0.0,0.0,0.0,0.0,0.0,0.0,0.0,0.0,50832100.0,0.0
1558700000,Успенівська,0.0,0.0,0.0,0.0,0,0.0,26256200.0,0.0,0.0,0.0,98800.0,0.0,0.0,0.0,0.0,0.0,26355000.0,0.0
1558800000,Фонтанська,0.0,0.0,0.0,0.0,0,0.0,60969900.0,0.0,0.0,0.0,0.0,0.0,0.0,0.0,0.0,0.0,60969900.0,0.0
1552200000,Цебриківська,0.0,0.0,0.0,0.0,0,0.0,16183700.0,0.0,0.0,0.0,0.0,0.0,0.0,0.0,0.0,0.0,16183700.0,0.0
1553300000,Чернівська,0.0,0.0,0.0,0.0,0,0.0,22852600.0,0.0,0.0,0.0,130300.0,0.0,0.0,0.0,0.0,0.0,22982900.0,0.0
1553700000,Чогодарівська,0.0,0.0,0.0,0.0,0,0.0,8565300.0,0.0,0.0,0.0,0.0,0.0,0.0,0.0,0.0,0.0,8565300.0,0.0
1558900000,Чорноморська,0.0,0.0,0.0,0.0,0,0.0,159192900.0,0.0,0.0,0.0,0.0,0.0,0.0,0.0,0.0,0.0,159192900.0,0.0
1551600000,Шабівська,0.0,0.0,0.0,0.0,0,0.0,57849300.0,0.0,0.0,0.0,0.0,0.0,0.0,0.0,0.0,0.0,57849300.0,0.0
1551000000,Ширяївська,0.0,0.0,0.0,0.0,0,0.0,37344600.0,0.0,0.0,0.0,184800.0,0.0,0.0,0.0,0.0,0.0,37529400.0,0.0
1551200000,Яськівська,0.0,0.0,0.0,0.0,0,0.0,35178100.0,0.0,0.0,0.0,0.0,0.0,0.0,0.0,0.0,0.0,35178100.0,0.0
1655400000,Білицька,0.0,0.0,0.0,0.0,0,0.0,37251800.0,0.0,0.0,0.0,0.0,0.0,0.0,0.0,0.0,0.0,37251800.0,0.0
1650100000,Білоцерківська,0.0,0.0,0.0,0.0,0,0.0,25603400.0,0.0,0.0,0.0,0.0,0.0,0.0,0.0,0.0,0.0,25603400.0,0.0
1651900000,Великобагачанська,0.0,0.0,0.0,0.0,0,0.0,33176200.0,0.0,0.0,0.0,0.0,0.0,0.0,0.0,0.0,0.0,33176200.0,0.0
1654800000,Великобудищанська,0.0,0.0,0.0,0.0,0,0.0,21687500.0,0.0,0.0,0.0,70000.0,0.0,0.0,0.0,0.0,0.0,21757500.0,0.0
1655500000,Великорублівська,0.0,0.0,0.0,0.0,0,0.0,17443300.0,0.0,0.0,0.0,0.0,0.0,0.0,0.0,0.0,0.0,17443300.0,0.0
1651600000,Великосорочинська,0.0,0.0,0.0,0.0,0,0.0,22575500.0,0.0,0.0,0.0,0.0,0.0,0.0,0.0,0.0,0.0,22575500.0,0.0
1654500000,Гадяцька,0.0,0.0,0.0,0.0,0,0.0,53662200.0,0.0,0.0,0.0,30300.0,0.0,0.0,0.0,0.0,0.0,53692500.0,0.0
1650200000,Глобинська,0.0,2899043.0,0.0,0.0,0,0.0,90668700.0,0.0,0.0,0.0,0.0,0.0,0.0,0.0,0.0,2899043.0,90668700.0,0.0
1654900000,Гоголівська,0.0,0.0,0.0,0.0,0,0.0,14161314.0,0.0,0.0,0.0,0.0,0.0,0.0,0.0,0.0,0.0,14161314.0,0.0
1654600000,Горішньоплавнівська,0.0,0.0,0.0,0.0,0,0.0,110657500.0,0.0,0.0,0.0,0.0,0.0,0.0,0.0,0.0,0.0,110657500.0,0.0
1655600000,Градизька,0.0,0.0,0.0,0.0,0,0.0,55040200.0,0.0,0.0,0.0,0.0,0.0,0.0,0.0,0.0,0.0,55040200.0,0.0
1652100000,Гребінківська,0.0,0.0,0.0,0.0,0,0.0,68278800.0,0.0,0.0,0.0,0.0,0.0,0.0,0.0,0.0,0.0,68278800.0,0.0
1655700000,Диканська,0.0,0.0,0.0,0.0,0,0.0,62508800.0,0.0,0.0,0.0,0.0,0.0,0.0,0.0,0.0,0.0,62508800.0,0.0
1652600000,Драбинівська,0.0,0.0,0.0,0.0,0,0.0,14208900.0,0.0,0.0,0.0,0.0,0.0,0.0,0.0,0.0,0.0,14208900.0,0.0
1655800000,Заводська,0.0,0.0,0.0,0.0,0,0.0,25150900.0,0.0,0.0,0.0,0.0,0.0,0.0,0.0,0.0,0.0,25150900.0,0.0
1655000000,Зіньківська,0.0,0.0,0.0,0.0,0,0.0,71593600.0,0.0,0.0,0.0,0.0,0.0,0.0,0.0,0.0,0.0,71593600.0,0.0
1655900000,Кам'янопотоківська,0.0,0.0,0.0,0.0,0,0.0,30855100.0,0.0,0.0,0.0,0.0,0.0,0.0,0.0,0.0,0.0,30855100.0,0.0
1656000000,Карлівська,0.0,0.0,0.0,0.0,0,0.0,59458700.0,0.0,0.0,0.0,0.0,0.0,0.0,0.0,0.0,0.0,59458700.0,0.0
1656100000,Кобеляцька,0.0,0.0,0.0,0.0,0,0.0,83448900.0,0.0,0.0,0.0,272300.0,0.0,0.0,0.0,0.0,0.0,83721200.0,0.0
1653400000,Козельщинська,0.0,0.0,0.0,0.0,0,0.0,51588000.0,0.0,0.0,0.0,0.0,0.0,0.0,0.0,0.0,0.0,51588000.0,0.0
1654100000,Коломацька,0.0,0.0,0.0,0.0,0,0.0,16652000.0,0.0,0.0,0.0,0.0,0.0,0.0,0.0,0.0,0.0,16652000.0,0.0
1656200000,Комишнянська,0.0,0.0,0.0,0.0,0,0.0,21059800.0,0.0,0.0,0.0,0.0,0.0,0.0,0.0,0.0,0.0,21059800.0,0.0
1656300000,Котелевська,0.0,0.0,0.0,0.0,0,0.0,40254300.0,0.0,0.0,0.0,210000.0,0.0,0.0,0.0,0.0,0.0,40464300.0,0.0
1654200000,Краснолуцька,0.0,0.0,0.0,0.0,0,0.0,13760600.0,0.0,0.0,0.0,0.0,0.0,0.0,0.0,0.0,0.0,13760600.0,0.0
1656400000,Кременчуцька,0.0,0.0,0.0,0.0,0,0.0,364315500.0,0.0,0.0,0.0,0.0,0.0,0.0,0.0,0.0,0.0,364315500.0,0.0
1652200000,Ланнівська,0.0,0.0,0.0,0.0,0,0.0,27240500.0,0.0,0.0,0.0,0.0,0.0,0.0,0.0,0.0,0.0,27240500.0,0.0
1652400000,Лохвицька,0.0,0.0,0.0,0.0,0,0.0,64692400.0,0.0,0.0,0.0,90900.0,0.0,0.0,0.0,0.0,0.0,64783300.0,0.0
1656500000,Лубенська,0.0,0.0,0.0,0.0,0,0.0,164367600.0,0.0,0.0,0.0,242000.0,0.0,0.0,0.0,0.0,0.0,164609600.0,0.0
1656600000,Лютенська,0.0,0.0,0.0,0.0,0,0.0,17904600.0,0.0,0.0,0.0,0.0,0.0,0.0,0.0,0.0,0.0,17904600.0,0.0
1656700000,Мартинівська,0.0,0.0,0.0,0.0,0,0.0,14807300.0,0.0,0.0,0.0,0.0,0.0,0.0,0.0,0.0,0.0,14807300.0,0.0
1653900000,Мачухівська,0.0,0.0,0.0,0.0,0,0.0,24951800.0,0.0,0.0,0.0,0.0,0.0,0.0,0.0,0.0,0.0,24951800.0,0.0
1653500000,Машівська,0.0,0.0,0.0,0.0,0,0.0,41720100.0,0.0,0.0,0.0,0.0,0.0,0.0,0.0,0.0,0.0,41720100.0,0.0
1656800000,Миргородська,0.0,0.0,0.0,0.0,0,0.0,116136900.0,0.0,0.0,0.0,730900.0,0.0,0.0,0.0,0.0,0.0,116867800.0,0.0
1653500000,Михайлівська,0.0,0.0,0.0,0.0,0,0.0,41720100.0,0.0,0.0,0.0,0.0,0.0,0.0,0.0,0.0,0.0,41720100.0,0.0
1652800000,Нехворощанська,0.0,163949.0,0.0,0.0,0,0.0,20252700.0,0.0,0.0,0.0,0.0,0.0,0.0,0.0,0.0,163949.0,20252700.0,0.0
1653100000,Новогалещинська,0.0,0.0,0.0,0.0,0,0.0,11831800.0,0.0,0.0,0.0,0.0,0.0,0.0,0.0,0.0,0.0,11831800.0,0.0
1655100000,Новооржицька,0.0,0.0,0.0,0.0,0,0.0,32414300.0,0.0,0.0,0.0,0.0,0.0,0.0,0.0,0.0,0.0,32414300.0,0.0
1653000000,Новосанжарська,0.0,0.0,0.0,0.0,0,0.0,76384700.0,0.0,0.0,0.0,0.0,0.0,0.0,0.0,0.0,0.0,76384700.0,0.0
1654700000,Новоселівська,0.0,0.0,0.0,0.0,0,0.0,19589000.0,0.0,0.0,0.0,0.0,0.0,0.0,0.0,0.0,0.0,19589000.0,0.0
1653700000,Оболонська,0.0,0.0,0.0,0.0,0,0.0,21096700.0,0.0,0.0,0.0,0.0,0.0,0.0,0.0,0.0,0.0,21096700.0,0.0
1650500000,Омельницька,0.0,0.0,0.0,0.0,0,0.0,14064800.0,0.0,0.0,0.0,0.0,0.0,0.0,0.0,0.0,0.0,14064800.0,0.0
1654300000,Опішнянська,0.0,0.0,0.0,0.0,0,0.0,19977500.0,0.0,0.0,0.0,97000.0,0.0,0.0,0.0,0.0,0.0,20074500.0,0.0
1656900000,Оржицька,0.0,0.0,0.0,0.0,0,0.0,48857000.0,0.0,0.0,0.0,193700.0,0.0,0.0,0.0,0.0,0.0,49050700.0,0.0
1653300000,Петрівсько-Роменська,0.0,0.0,0.0,0.0,0,0.0,12904300.0,0.0,0.0,0.0,0.0,0.0,0.0,0.0,0.0,0.0,12904300.0,0.0
1650600000,Пирятинська,0.0,0.0,0.0,0.0,0,0.0,94150900.0,0.0,0.0,0.0,0.0,0.0,0.0,0.0,0.0,0.0,94150900.0,0.0
1657010000,Полтавська,0.0,0.0,0.0,0.0,0,0.0,632160200.0,0.0,0.0,0.0,0.0,0.0,0.0,0.0,0.0,0.0,632160200.0,0.0
1650900000,Пришибська,0.0,0.0,0.0,0.0,0,0.0,8342800.0,0.0,0.0,0.0,0.0,0.0,0.0,0.0,0.0,0.0,8342800.0,0.0
1651500000,Решетилівська,0.0,0.0,0.0,0.0,0,0.0,89008300.0,0.0,0.0,0.0,0.0,0.0,0.0,0.0,0.0,0.0,89008300.0,0.0
1655300000,Ромоданівська,0.0,0.0,0.0,0.0,0,0.0,11637400.0,0.0,0.0,0.0,0.0,0.0,0.0,0.0,0.0,0.0,11637400.0,0.0
1651000000,Семенівська,0.0,0.0,0.0,0.0,0,0.0,50928800.0,0.0,0.0,0.0,0.0,0.0,0.0,0.0,0.0,0.0,50928800.0,0.0
1653200000,Сенчанська,0.0,0.0,0.0,0.0,0,0.0,26688400.0,0.0,0.0,0.0,0.0,0.0,0.0,0.0,0.0,0.0,26688400.0,0.0
1651800000,Сергіївська,0.0,0.0,0.0,0.0,0,0.0,12286500.0,0.0,0.0,0.0,0.0,0.0,0.0,0.0,0.0,0.0,12286500.0,0.0
1651300000,Скороходівська,0.0,0.0,0.0,0.0,0,0.0,27328600.0,0.0,0.0,0.0,0.0,0.0,0.0,0.0,0.0,0.0,27328600.0,0.0
1654000000,Терешківська,0.0,0.0,0.0,0.0,0,0.0,24710600.0,0.0,0.0,0.0,0.0,0.0,0.0,0.0,0.0,0.0,24710600.0,0.0
1657100000,Хорольська,0.0,0.0,0.0,0.0,0,0.0,95633600.0,0.0,0.0,0.0,0.0,0.0,0.0,0.0,0.0,0.0,95633600.0,0.0
1654400000,Чорнухинська,0.0,0.0,0.0,0.0,0,0.0,31534500.0,0.0,0.0,0.0,0.0,0.0,0.0,0.0,0.0,0.0,31534500.0,0.0
1657200000,Чутівська,0.0,0.0,0.0,0.0,0,0.0,41884200.0,0.0,0.0,0.0,0.0,0.0,0.0,0.0,0.0,0.0,41884200.0,0.0
1651200000,Шишацька,0.0,0.0,0.0,0.0,0,0.0,59711600.0,0.0,0.0,0.0,0.0,0.0,0.0,0.0,0.0,0.0,59711600.0,0.0
1653600000,Щербанівська,0.0,0.0,0.0,0.0,0,0.0,48852600.0,0.0,0.0,0.0,0.0,0.0,0.0,0.0,0.0,0.0,48852600.0,0.0
1753700000,Антонівська,0.0,0.0,0.0,0.0,0,0.0,27092400.0,0.0,0.0,0.0,0.0,0.0,0.0,0.0,0.0,0.0,27092400.0,0.0
1750100000,Бабинська,0.0,0.0,0.0,0.0,0,0.0,33903400.0,0.0,0.0,0.0,0.0,0.0,0.0,0.0,0.0,0.0,33903400.0,0.0
1754700000,Березнівська,0.0,0.0,0.0,0.0,0,0.0,274805400.0,0.0,0.0,0.0,0.0,0.0,0.0,0.0,0.0,0.0,274805400.0,0.0
1754600000,Березівська,0.0,0.0,0.0,0.0,0,0.0,96709300.0,0.0,0.0,0.0,0.0,0.0,0.0,0.0,0.0,0.0,96709300.0,0.0
1751900000,Бокіймівська,0.0,0.0,0.0,0.0,0,0.0,22254400.0,0.0,0.0,0.0,0.0,0.0,0.0,0.0,0.0,0.0,22254400.0,0.0
1751600000,Боремельська,0.0,0.0,0.0,0.0,0,0.0,13054600.0,0.0,0.0,0.0,0.0,0.0,0.0,0.0,0.0,0.0,13054600.0,0.0
1750200000,Бугринська,0.0,0.0,0.0,0.0,0,0.0,19784500.0,0.0,0.0,0.0,0.0,0.0,0.0,0.0,0.0,0.0,19784500.0,0.0
1754800000,Білокриницька,0.0,0.0,0.0,0.0,0,0.0,35390400.0,0.0,0.0,0.0,0.0,0.0,0.0,0.0,0.0,0.0,35390400.0,0.0
1753200000,Вараська,0.0,0.0,0.0,0.0,0,0.0,184699600.0,0.0,0.0,0.0,0.0,0.0,0.0,0.0,0.0,0.0,184699600.0,0.0
1754900000,Варковицька,0.0,0.0,0.0,0.0,0,0.0,20838200.0,0.0,0.0,0.0,0.0,0.0,0.0,0.0,0.0,0.0,20838200.0,0.0
1755000000,Великомежиріцька,0.0,0.0,0.0,0.0,0,0.0,28924100.0,0.0,0.0,0.0,0.0,0.0,0.0,0.0,0.0,0.0,28924100.0,0.0
1753800000,Великоомелянська,0.0,0.0,0.0,0.0,0,0.0,15728600.0,0.0,0.0,0.0,0.0,0.0,0.0,0.0,0.0,0.0,15728600.0,0.0
1755100000,Вербська,0.0,0.0,0.0,0.0,0,0.0,15409300.0,0.0,0.0,0.0,0.0,0.0,0.0,0.0,0.0,0.0,15409300.0,0.0
1753900000,Вирівська,0.0,0.0,0.0,0.0,0,0.0,68936300.0,0.0,0.0,0.0,0.0,0.0,0.0,0.0,0.0,0.0,68936300.0,0.0
1751200000,Висоцька,0.0,0.0,0.0,0.0,0,0.0,24460200.0,0.0,0.0,0.0,0.0,0.0,0.0,0.0,0.0,0.0,24460200.0,0.0
1755200000,Володимирецька,0.0,0.0,0.0,0.0,0,0.0,145733000.0,0.0,0.0,0.0,0.0,0.0,0.0,0.0,0.0,0.0,145733000.0,0.0
1754000000,Головинська,0.0,0.0,0.0,0.0,0,0.0,41780600.0,0.0,0.0,0.0,0.0,0.0,0.0,0.0,0.0,0.0,41780600.0,0.0
1755300000,Городоцька,0.0,0.0,0.0,0.0,0,0.0,35760700.0,0.0,0.0,0.0,0.0,0.0,0.0,0.0,0.0,0.0,35760700.0,0.0
1755400000,Гощанська,0.0,0.0,0.0,0.0,0,0.0,78468800.0,0.0,0.0,0.0,0.0,0.0,0.0,0.0,0.0,0.0,78468800.0,0.0
1752400000,Демидівська,0.0,0.0,0.0,0.0,0,0.0,44044100.0,0.0,0.0,0.0,0.0,0.0,0.0,0.0,0.0,0.0,44044100.0,0.0
1751700000,Деражненська,0.0,0.0,0.0,0.0,0,0.0,29532600.0,0.0,0.0,0.0,0.0,0.0,0.0,0.0,0.0,0.0,29532600.0,0.0
1755500000,Дубенська,0.0,0.0,0.0,0.0,0,0.0,91514600.0,0.0,0.0,0.0,0.0,0.0,0.0,0.0,0.0,0.0,91514600.0,0.0
1755600000,Дубровицька,0.0,0.0,0.0,0.0,0,0.0,147945200.0,0.0,0.0,0.0,0.0,0.0,0.0,0.0,0.0,0.0,147945200.0,0.0
1752900000,Дядьковицька,0.0,0.0,0.0,0.0,0,0.0,22066600.0,0.0,0.0,0.0,0.0,0.0,0.0,0.0,0.0,0.0,22066600.0,0.0
1755700000,Зарічненська,0.0,0.0,0.0,0.0,0,0.0,149807500.0,0.0,0.0,0.0,0.0,0.0,0.0,0.0,0.0,0.0,149807500.0,0.0
1755800000,Здовбицька,0.0,0.0,0.0,0.0,0,0.0,38013800.0,0.0,0.0,0.0,0.0,0.0,0.0,0.0,0.0,0.0,38013800.0,0.0
1755900000,Здолбунівська,0.0,0.0,0.0,0.0,0,0.0,105031300.0,0.0,0.0,0.0,0.0,0.0,0.0,0.0,0.0,0.0,105031300.0,0.0
1756000000,Зорянська,0.0,0.0,0.0,0.0,0,0.0,40773698.65,0.0,0.0,0.0,0.0,0.0,0.0,0.0,0.0,0.0,40773698.65,0.0
1754100000,Каноницька,0.0,0.0,0.0,0.0,0,0.0,35162200.0,0.0,0.0,0.0,0.0,0.0,0.0,0.0,0.0,0.0,35162200.0,0.0
1752200000,Клеванська,0.0,0.0,0.0,0.0,0,0.0,39952100.0,0.0,0.0,0.0,0.0,0.0,0.0,0.0,0.0,0.0,39952100.0,0.0
1750300000,Клесівська,0.0,0.0,0.0,0.0,0,0.0,43388600.0,0.0,0.0,0.0,0.0,0.0,0.0,0.0,0.0,0.0,43388600.0,0.0
1751400000,Козинська,0.0,0.0,0.0,0.0,0,0.0,25150900.0,0.0,0.0,0.0,0.0,0.0,0.0,0.0,0.0,0.0,25150900.0,0.0
1756100000,Корецька,0.0,0.0,0.0,0.0,0,0.0,108595500.0,0.0,0.0,0.0,0.0,0.0,0.0,0.0,0.0,0.0,108595500.0,0.0
1753000000,Корнинська,0.0,0.0,0.0,0.0,0,0.0,28180500.0,0.0,0.0,0.0,0.0,0.0,0.0,0.0,0.0,0.0,28180500.0,0.0
1756200000,Костопільська,0.0,0.0,0.0,0.0,0,0.0,139948900.0,0.0,0.0,0.0,0.0,0.0,0.0,0.0,0.0,0.0,139948900.0,0.0
1750700000,Крупецька,0.0,0.0,0.0,0.0,0,0.0,44512600.0,0.0,0.0,0.0,0.0,0.0,0.0,0.0,0.0,0.0,44512600.0,0.0
1751000000,Локницька,0.0,0.0,0.0,0.0,0,0.0,30053800.0,0.0,0.0,0.0,0.0,0.0,0.0,0.0,0.0,0.0,30053800.0,0.0
1753600000,Малинська,0.0,0.0,0.0,0.0,0,0.0,35930500.0,0.0,0.0,0.0,0.0,0.0,0.0,0.0,0.0,0.0,35930500.0,0.0
1752500000,Малолюбашанська,0.0,0.0,0.0,0.0,0,0.0,26304800.0,0.0,0.0,0.0,0.0,0.0,0.0,0.0,0.0,0.0,26304800.0,0.0
1750400000,Миляцька,0.0,0.0,0.0,0.0,0,0.0,40474800.0,0.0,0.0,0.0,0.0,0.0,0.0,0.0,0.0,0.0,40474800.0,0.0
1750900000,Мирогощанська,0.0,0.0,0.0,0.0,0,0.0,24996100.0,0.0,0.0,0.0,0.0,0.0,0.0,0.0,0.0,0.0,24996100.0,0.0
1751500000,Млинівська,0.0,0.0,0.0,0.0,0,0.0,74242500.0,0.0,0.0,0.0,0.0,0.0,0.0,0.0,0.0,0.0,74242500.0,0.0
1756300000,Мізоцька,0.0,0.0,0.0,0.0,0,0.0,37004700.0,0.0,0.0,0.0,0.0,0.0,0.0,0.0,0.0,0.0,37004700.0,0.0
1752300000,Немовицька,0.0,0.0,0.0,0.0,0,0.0,56386200.0,0.0,0.0,0.0,0.0,0.0,0.0,0.0,0.0,0.0,56386200.0,0.0
1752600000,Олександрійська,0.0,0.0,0.0,0.0,0,0.0,40397500.0,0.0,0.0,0.0,0.0,0.0,0.0,0.0,0.0,0.0,40397500.0,0.0
1751800000,Острожецька,0.0,0.0,0.0,0.0,0,0.0,30809300.0,0.0,0.0,0.0,0.0,0.0,0.0,0.0,0.0,0.0,30809300.0,0.0
1753400000,Острозька,0.0,0.0,0.0,0.0,0,0.0,133812400.0,0.0,0.0,0.0,0.0,0.0,0.0,0.0,0.0,0.0,133812400.0,0.0
1752800000,Повчанська,0.0,0.0,0.0,0.0,0,0.0,11975800.0,0.0,0.0,0.0,0.0,0.0,0.0,0.0,0.0,0.0,11975800.0,0.0
1754300000,Полицька,0.0,0.0,0.0,0.0,0,0.0,27775500.0,0.0,0.0,0.0,0.0,0.0,0.0,0.0,0.0,0.0,27775500.0,0.0
1750800000,Привільненська,0.0,0.0,0.0,0.0,0,0.0,23229400.0,0.0,0.0,0.0,0.0,0.0,0.0,0.0,0.0,0.0,23229400.0,0.0
1750500000,Підлозцівська,0.0,0.0,0.0,0.0,0,0.0,9849800.0,0.0,0.0,0.0,0.0,0.0,0.0,0.0,0.0,0.0,9849800.0,0.0
1750600000,Радивилівська,0.0,0.0,0.0,0.0,0,0.0,58068100.0,0.0,0.0,0.0,0.0,0.0,0.0,0.0,0.0,0.0,58068100.0,0.0
1754400000,Рафалівська,0.0,0.0,0.0,0.0,0,0.0,28170100.0,0.0,0.0,0.0,0.0,0.0,0.0,0.0,0.0,0.0,28170100.0,0.0
1756500000,Рокитнівська,0.0,0.0,0.0,0.0,0,0.0,181540600.0,0.0,0.0,0.0,0.0,0.0,0.0,0.0,0.0,0.0,181540600.0,0.0
1756400000,Рівненська,0.0,0.0,0.0,0.0,0,0.0,620333000.0,0.0,0.0,0.0,0.0,0.0,0.0,0.0,0.0,0.0,620333000.0,0.0
1756600000,Сарненська,0.0,9045220.0,0.0,0.0,0,0.0,281438200.0,0.0,0.0,0.0,0.0,0.0,0.0,0.0,0.0,9045220.0,281438200.0,0.0
1754500000,Семидубська,0.0,0.0,0.0,0.0,0,0.0,14916500.0,0.0,0.0,0.0,0.0,0.0,0.0,0.0,0.0,0.0,14916500.0,0.0
1751100000,Смизька,0.0,0.0,0.0,0.0,0,0.0,28501700.0,0.0,0.0,0.0,0.0,0.0,0.0,0.0,0.0,0.0,28501700.0,0.0
1756700000,Соснівська,0.0,0.0,0.0,0.0,0,0.0,23922700.0,0.0,0.0,0.0,0.0,0.0,0.0,0.0,0.0,0.0,23922700.0,0.0
1753100000,Старосільська,0.0,0.0,0.0,0.0,0,0.0,59617600.0,0.0,0.0,0.0,0.0,0.0,0.0,0.0,0.0,0.0,59617600.0,0.0
1753500000,Степанська,0.0,0.0,0.0,0.0,0,0.0,24118900.0,0.0,0.0,0.0,0.0,0.0,0.0,0.0,0.0,0.0,24118900.0,0.0
1752000000,Тараканівська,0.0,0.0,0.0,0.0,0,0.0,25745300.0,0.0,0.0,0.0,0.0,0.0,0.0,0.0,0.0,0.0,25745300.0,0.0
1752700000,Шпанівська,0.0,0.0,0.0,0.0,0,0.0,36247700.0,0.0,0.0,0.0,0.0,0.0,0.0,0.0,0.0,0.0,36247700.0,0.0
1752100000,Ярославицька,0.0,0.0,0.0,0.0,0,0.0,11465500.0,0.0,0.0,0.0,0.0,0.0,0.0,0.0,0.0,0.0,11465500.0,0.0
1852900000,Андріяшівська,0.0,0.0,0.0,0.0,0,0.0,27709900.0,0.0,0.0,0.0,104900.0,0.0,0.0,0.0,0.0,0.0,27814800.0,0.0
1850900000,Бездрицька,0.0,0.0,0.0,0.0,0,0.0,11005900.0,0.0,0.0,0.0,48800.0,0.0,0.0,0.0,0.0,0.0,11054700.0,0.0
1850100000,Березівська,0.0,0.0,0.0,0.0,0,0.0,17239700.0,0.0,0.0,0.0,0.0,0.0,0.0,0.0,0.0,0.0,17239700.0,0.0
1851000000,Боромлянська,0.0,0.0,0.0,0.0,0,0.0,14811300.0,0.0,0.0,0.0,60700.0,0.0,0.0,0.0,0.0,0.0,14872000.0,0.0
1851800000,Бочечківська,0.0,0.0,0.0,0.0,0,0.0,15234200.0,0.0,0.0,0.0,47900.0,0.0,0.0,0.0,0.0,0.0,15282100.0,0.0
1851900000,Буринська,0.0,0.0,0.0,0.0,0,0.0,57710900.0,0.0,13188305.0,0.0,89000.0,0.0,0.0,0.0,0.0,0.0,70988205.0,0.0
1853500000,Білопільська,0.0,0.0,0.0,0.0,0,0.0,44886600.0,0.0,0.0,0.0,0.0,0.0,0.0,0.0,0.0,0.0,44886600.0,0.0
1853900000,Великописарівська,0.0,0.0,0.0,0.0,0,0.0,22529800.0,0.0,0.0,0.0,0.0,0.0,0.0,0.0,0.0,0.0,22529800.0,0.0
1852700000,Верхньосироватська,0.0,0.0,0.0,0.0,0,0.0,17189900.0,0.0,0.0,0.0,0.0,0.0,0.0,0.0,0.0,0.0,17189900.0,0.0
1854000000,Ворожбянська,0.0,0.0,0.0,0.0,0,0.0,16035200.0,0.0,0.0,0.0,0.0,0.0,0.0,0.0,0.0,0.0,16035200.0,0.0
1851500000,Вільшанська,0.0,0.0,0.0,0.0,0,0.0,10256100.0,0.0,0.0,0.0,47400.0,0.0,0.0,0.0,0.0,0.0,10303500.0,0.0
1854100000,Глухівська,0.0,0.0,0.0,0.0,0,0.0,64738600.0,0.0,0.0,0.0,0.0,0.0,0.0,0.0,0.0,0.0,64738600.0,0.0
1851100000,Грунська,0.0,0.0,0.0,0.0,0,0.0,15349400.0,0.0,0.0,0.0,51100.0,0.0,0.0,0.0,0.0,0.0,15400500.0,0.0
1852000000,Дубов'язівська,0.0,0.0,0.0,0.0,0,0.0,25480400.0,0.0,0.0,0.0,89000.0,0.0,0.0,0.0,0.0,0.0,25569400.0,0.0
1854200000,Есманьська,0.0,0.0,0.0,0.0,0,0.0,11364500.0,0.0,0.0,0.0,0.0,0.0,0.0,0.0,0.0,0.0,11364500.0,0.0
1850300000,Зноб-Новгородська,0.0,0.0,0.0,0.0,0,0.0,11369700.0,0.0,0.0,0.0,0.0,0.0,0.0,0.0,0.0,0.0,11369700.0,0.0
1850400000,Кириківська,0.0,0.0,0.0,0.0,0,0.0,13615100.0,0.0,0.0,0.0,49300.0,0.0,0.0,0.0,0.0,0.0,13664400.0,0.0
1852200000,Комишанська,0.0,58149007.0,0.0,0.0,0,0.0,12838000.0,0.0,0.0,0.0,17300.0,0.0,0.0,0.0,0.0,58149007.0,12855300.0,0.0
1853400000,Конотопська,0.0,0.0,0.0,0.0,0,0.0,128975900.0,0.0,0.0,0.0,0.0,0.0,0.0,0.0,0.0,0.0,128975900.0,0.0
1852100000,Коровинська,0.0,0.0,0.0,0.0,0,0.0,7992500.0,0.0,0.0,0.0,39700.0,0.0,0.0,0.0,0.0,0.0,8032200.0,0.0
1851700000,Краснопільська,0.0,0.0,0.0,0.0,0,0.0,56344200.0,0.0,0.0,0.0,0.0,0.0,0.0,0.0,0.0,0.0,56344200.0,0.0
1851600000,Кролевецька,0.0,0.0,0.0,0.0,0,0.0,82033000.0,0.0,0.0,0.0,435300.0,0.0,0.0,0.0,0.0,0.0,82468300.0,0.0
1854300000,Лебединська,0.0,5356510.0,0.0,0.0,0,0.0,107121100.0,0.0,0.0,0.0,372300.0,0.0,0.0,0.0,0.0,5356510.0,107493400.0,0.0
1853200000,Липоводолинська,0.0,0.0,0.0,0.0,0,0.0,33339000.0,0.0,0.0,0.0,149700.0,0.0,0.0,0.0,0.0,0.0,33488700.0,0.0
1851200000,Миколаївська,0.0,0.0,0.0,0.0,0,0.0,14233400.0,0.0,0.0,0.0,15000.0,0.0,0.0,0.0,0.0,0.0,14248400.0,0.0
1851300000,Миропільська,0.0,0.0,0.0,0.0,0,0.0,13466400.0,0.0,0.0,0.0,0.0,0.0,0.0,0.0,0.0,0.0,13466400.0,0.0
1850600000,Недригайлівська,0.0,0.0,0.0,0.0,0,0.0,28668700.0,0.0,0.0,0.0,157400.0,0.0,0.0,0.0,0.0,0.0,28826100.0,0.0
1851400000,Нижньосироватська,0.0,0.0,0.0,0.0,0,0.0,15106200.0,0.0,0.0,0.0,30100.0,0.0,0.0,0.0,0.0,0.0,15136300.0,0.0
1852400000,Новослобідська,0.0,0.0,0.0,0.0,0,0.0,13009500.0,0.0,0.0,0.0,13700.0,0.0,0.0,0.0,0.0,0.0,13023200.0,0.0
1853700000,Охтирська,0.0,100719022.0,0.0,0.0,0,0.0,95862000.0,0.0,0.0,0.0,576800.0,0.0,0.0,0.0,0.0,100719022.0,96438800.0,0.0
1854400000,Попівська,0.0,0.0,0.0,0.0,0,0.0,40555900.0,0.0,0.0,0.0,43300.0,0.0,0.0,0.0,0.0,0.0,40599200.0,0.0
1853800000,Путивльська,0.0,0.0,0.0,0.0,0,0.0,42479100.0,0.0,0.0,0.0,233600.0,0.0,0.0,0.0,0.0,0.0,42712700.0,0.0
1854500000,Роменська,0.0,0.0,0.0,0.0,0,0.0,151811500.0,0.0,0.0,0.0,883900.0,0.0,0.0,0.0,0.0,0.0,152695400.0,0.0
1853300000,Річківська,0.0,0.0,0.0,0.0,0,0.0,11921800.0,0.0,0.0,0.0,0.0,0.0,0.0,0.0,0.0,0.0,11921800.0,0.0
1854600000,Садівська,0.0,0.0,0.0,0.0,0,0.0,28217000.0,0.0,0.0,0.0,33300.0,0.0,0.0,0.0,0.0,0.0,28250300.0,0.0
1854700000,Свеська,0.0,0.0,0.0,0.0,0,0.0,15913600.0,0.0,0.0,0.0,0.0,0.0,0.0,0.0,0.0,0.0,15913600.0,0.0
1854800000,Середино-Будська,0.0,0.0,0.0,0.0,0,0.0,24758500.0,0.0,0.0,0.0,0.0,0.0,0.0,0.0,0.0,0.0,24758500.0,0.0
1853600000,Синівська,0.0,0.0,0.0,0.0,0,0.0,13103400.0,0.0,0.0,0.0,0.0,0.0,0.0,0.0,0.0,0.0,13103400.0,0.0
1852500000,Степанівська,0.0,0.0,0.0,0.0,0,0.0,27159200.0,0.0,0.0,0.0,151900.0,0.0,0.0,0.0,0.0,0.0,27311100.0,0.0
1853100000,Сумська,0.0,0.0,0.0,0.0,0,0.0,551078300.0,0.0,73585211.0,0.0,2892900.0,0.0,0.0,0.0,0.0,0.0,627556411.0,0.0
1852600000,Тростянецька,0.0,0.0,0.0,0.0,0,0.0,68727400.0,0.0,0.0,0.0,295700.0,0.0,0.0,0.0,0.0,0.0,69023100.0,0.0
1854900000,Хмелівська,0.0,0.0,0.0,0.0,0,0.0,15665900.0,0.0,0.0,0.0,46100.0,0.0,0.0,0.0,0.0,0.0,15712000.0,0.0
1850700000,Хотінська,0.0,0.0,0.0,0.0,0,0.0,12647000.0,0.0,0.0,0.0,0.0,0.0,0.0,0.0,0.0,0.0,12647000.0,0.0
1850200000,Хутір-Михайлівська,0.0,0.0,0.0,0.0,0,0.0,12151200.0,0.0,0.0,0.0,0.0,0.0,0.0,0.0,0.0,0.0,12151200.0,0.0
1852300000,Чернеччинська,0.0,934803.0,0.0,0.0,0,0.0,31558000.0,0.0,0.0,0.0,104900.0,0.0,0.0,0.0,0.0,934803.0,31662900.0,0.0
1852800000,Чупахівська,0.0,0.0,0.0,0.0,0,0.0,12205200.0,0.0,0.0,0.0,0.0,0.0,0.0,0.0,0.0,0.0,12205200.0,0.0
1850800000,Шалигинська,0.0,0.0,0.0,0.0,0,0.0,5441300.0,0.0,0.0,0.0,0.0,0.0,0.0,0.0,0.0,0.0,5441300.0,0.0
1853000000,Шосткинська,0.0,0.0,0.0,0.0,0,0.0,156402900.0,0.0,24561913.0,0.0,0.0,0.0,0.0,0.0,0.0,0.0,180964813.0,0.0
1855000000,Юнаківська,0.0,0.0,0.0,0.0,0,0.0,13521800.0,0.0,0.0,0.0,0.0,0.0,0.0,0.0,0.0,0.0,13521800.0,0.0
1851300000,Ямпільська,0.0,0.0,0.0,0.0,0,0.0,13466400.0,0.0,0.0,0.0,0.0,0.0,0.0,0.0,0.0,0.0,13466400.0,0.0
1955900000,Іване-Пустенська,0.0,0.0,0.0,0.0,0,0.0,13704200.0,0.0,0.0,0.0,0.0,0.0,0.0,0.0,0.0,0.0,13704200.0,0.0
1950900000,Іванівська,0.0,0.0,0.0,0.0,0,0.0,10142400.0,0.0,0.0,0.0,0.0,0.0,0.0,0.0,0.0,0.0,10142400.0,0.0
1950100000,Байковецька,0.0,0.0,0.0,0.0,0,0.0,30085800.0,0.0,0.0,0.0,0.0,0.0,0.0,0.0,0.0,0.0,30085800.0,0.0
1954800000,Бережанська,0.0,0.0,0.0,0.0,0,0.0,53652100.0,0.0,0.0,0.0,247700.0,0.0,0.0,0.0,0.0,0.0,53899800.0,0.0
1953200000,Борсуківська,0.0,0.0,0.0,0.0,0,0.0,25214600.0,0.0,0.0,0.0,0.0,0.0,0.0,0.0,0.0,0.0,25214600.0,0.0
1952700000,Борщівська,0.0,0.0,0.0,0.0,0,0.0,75934100.0,0.0,0.0,0.0,0.0,0.0,0.0,0.0,0.0,0.0,75934100.0,0.0
1955500000,Бучацька,0.0,0.0,0.0,0.0,0,0.0,121974900.0,0.0,0.0,0.0,185900.0,0.0,0.0,0.0,0.0,0.0,122160800.0,0.0
1954300000,Білецька,0.0,0.0,0.0,0.0,0,0.0,28638200.0,0.0,0.0,0.0,0.0,0.0,0.0,0.0,0.0,0.0,28638200.0,0.0
1950200000,Білобожницька,0.0,0.0,0.0,0.0,0,0.0,31591000.0,0.0,0.0,0.0,0.0,0.0,0.0,0.0,0.0,0.0,31591000.0,0.0
1953100000,Більче-Золотецька,0.0,0.0,0.0,0.0,0,0.0,9972700.0,0.0,0.0,0.0,0.0,0.0,0.0,0.0,0.0,0.0,9972700.0,0.0
1950300000,Васильковецька,0.0,0.0,0.0,0.0,0,0.0,26452800.0,0.0,0.0,0.0,0.0,0.0,0.0,0.0,0.0,0.0,26452800.0,0.0
1955600000,Великоберезовицька,0.0,0.0,0.0,0.0,0,0.0,56555600.0,0.0,0.0,0.0,0.0,0.0,0.0,0.0,0.0,0.0,56555600.0,0.0
1955000000,Великобірківська,0.0,0.0,0.0,0.0,0,0.0,15727500.0,0.0,0.0,0.0,0.0,0.0,0.0,0.0,0.0,0.0,15727500.0,0.0
1950400000,Великогаївська,0.0,0.0,0.0,0.0,0,0.0,35252700.0,0.0,0.0,0.0,0.0,0.0,0.0,0.0,0.0,0.0,35252700.0,0.0
1953300000,Великодедеркальська,0.0,0.0,0.0,0.0,0,0.0,24630600.0,0.0,0.0,0.0,64700.0,0.0,0.0,0.0,0.0,0.0,24695300.0,0.0
1952800000,Вишнівецька,0.0,0.0,0.0,0.0,0,0.0,54676100.0,0.0,0.0,0.0,0.0,0.0,0.0,0.0,0.0,0.0,54676100.0,0.0
1952900000,Гримайлівська,0.0,0.0,0.0,0.0,0,0.0,23426600.0,0.0,0.0,0.0,0.0,0.0,0.0,0.0,0.0,0.0,23426600.0,0.0
1950500000,Гусятинська,0.0,0.0,0.0,0.0,0,0.0,34940800.0,0.0,0.0,0.0,0.0,0.0,0.0,0.0,0.0,0.0,34940800.0,0.0
1950600000,Заводська,0.0,0.0,0.0,0.0,0,0.0,14376400.0,0.0,0.0,0.0,0.0,0.0,0.0,0.0,0.0,0.0,14376400.0,0.0
1953000000,Залозецька,0.0,0.0,0.0,0.0,0,0.0,33867200.0,0.0,0.0,0.0,0.0,0.0,0.0,0.0,0.0,0.0,33867200.0,0.0
1955700000,Заліщицька,0.0,0.0,0.0,0.0,0,0.0,72792200.0,0.0,0.0,0.0,292400.0,0.0,0.0,0.0,0.0,0.0,73084600.0,0.0
1955800000,Збаразька,0.0,0.0,0.0,0.0,0,0.0,105108500.0,0.0,0.0,0.0,0.0,0.0,0.0,0.0,0.0,0.0,105108500.0,0.0
1954000000,Зборівська,0.0,0.0,0.0,0.0,0,0.0,55739900.0,0.0,0.0,0.0,0.0,0.0,0.0,0.0,0.0,0.0,55739900.0,0.0
1950700000,Золотниківська,0.0,0.0,0.0,0.0,0,0.0,21523000.0,0.0,0.0,0.0,0.0,0.0,0.0,0.0,0.0,0.0,21523000.0,0.0
1950800000,Золотопотіцька,0.0,0.0,0.0,0.0,0,0.0,68549200.0,0.0,0.0,0.0,206400.0,0.0,0.0,0.0,0.0,0.0,68755600.0,0.0
1951000000,Козлівська,0.0,0.0,0.0,0.0,0,0.0,9277900.0,0.0,0.0,0.0,0.0,0.0,0.0,0.0,0.0,0.0,9277900.0,0.0
1956000000,Козівська,0.0,0.0,0.0,0.0,0,0.0,64807200.0,0.0,0.0,0.0,149500.0,0.0,0.0,0.0,0.0,0.0,64956700.0,0.0
1951100000,Колиндянська,0.0,0.0,0.0,0.0,0,0.0,20462100.0,0.0,0.0,0.0,0.0,0.0,0.0,0.0,0.0,0.0,20462100.0,0.0
1954400000,Копичинецька,0.0,0.0,0.0,0.0,0,0.0,39559400.0,0.0,0.0,0.0,0.0,0.0,0.0,0.0,0.0,0.0,39559400.0,0.0
1951300000,Коропецька,0.0,0.0,0.0,0.0,0,0.0,12335000.0,0.0,0.0,0.0,0.0,0.0,0.0,0.0,0.0,0.0,12335000.0,0.0
1956100000,Кременецька,0.0,0.0,0.0,0.0,0,0.0,146129500.0,0.0,0.0,0.0,104800.0,0.0,0.0,0.0,0.0,0.0,146234300.0,0.0
1954500000,Купчинецька,0.0,0.0,0.0,0.0,0,0.0,12939400.0,0.0,0.0,0.0,0.0,0.0,0.0,0.0,0.0,0.0,12939400.0,0.0
1953800000,Лановецька,0.0,0.0,0.0,0.0,0,0.0,68945800.0,0.0,0.0,0.0,240400.0,0.0,0.0,0.0,0.0,0.0,69186200.0,0.0
1951400000,Лопушненська,0.0,0.0,0.0,0.0,0,0.0,25034500.0,0.0,0.0,0.0,0.0,0.0,0.0,0.0,0.0,0.0,25034500.0,0.0
1951500000,Мельнице-Подільська,0.0,0.0,0.0,0.0,0,0.0,46465200.0,0.0,0.0,0.0,0.0,0.0,0.0,0.0,0.0,0.0,46465200.0,0.0
1951600000,Микулинецька,0.0,0.0,0.0,0.0,0,0.0,46870400.0,0.0,0.0,0.0,0.0,0.0,0.0,0.0,0.0,0.0,46870400.0,0.0
1954600000,Монастириська,0.0,0.0,0.0,0.0,0,0.0,54351100.0,0.0,0.0,0.0,111400.0,0.0,0.0,0.0,0.0,0.0,54462500.0,0.0
1956200000,Нагірянська,0.0,0.0,0.0,0.0,0,0.0,23933800.0,0.0,0.0,0.0,0.0,0.0,0.0,0.0,0.0,0.0,23933800.0,0.0
1955300000,Нараївська,0.0,0.0,0.0,0.0,0,0.0,23253600.0,0.0,0.0,0.0,0.0,0.0,0.0,0.0,0.0,0.0,23253600.0,0.0
1951800000,Озернянська,0.0,0.0,0.0,0.0,0,0.0,23498600.0,0.0,0.0,0.0,0.0,0.0,0.0,0.0,0.0,0.0,23498600.0,0.0
1952100000,Почаївська,0.0,0.0,0.0,0.0,0,0.0,68683100.0,0.0,0.0,0.0,258000.0,0.0,0.0,0.0,0.0,0.0,68941100.0,0.0
1952000000,Підволочиська,0.0,0.0,0.0,0.0,0,0.0,47390900.0,0.0,0.0,0.0,0.0,0.0,0.0,0.0,0.0,0.0,47390900.0,0.0
1956300000,Підгаєцька,0.0,0.0,0.0,0.0,0,0.0,51807200.0,0.0,0.0,0.0,140000.0,0.0,0.0,0.0,0.0,0.0,51947200.0,0.0
1956400000,Підгородненська,0.0,0.0,0.0,0.0,0,0.0,17980100.0,0.0,0.0,0.0,0.0,0.0,0.0,0.0,0.0,0.0,17980100.0,0.0
1953700000,Саранчуківська,0.0,0.0,0.0,0.0,0,0.0,22442800.0,0.0,0.0,0.0,0.0,0.0,0.0,0.0,0.0,0.0,22442800.0,0.0
1952200000,Скала-Подільська,0.0,0.0,0.0,0.0,0,0.0,25419000.0,0.0,0.0,0.0,0.0,0.0,0.0,0.0,0.0,0.0,25419000.0,0.0
1952300000,Скалатська,0.0,0.0,0.0,0.0,0,0.0,38960600.0,0.0,0.0,0.0,0.0,0.0,0.0,0.0,0.0,0.0,38960600.0,0.0
1952400000,Скориківська,0.0,0.0,0.0,0.0,0,0.0,24143300.0,0.0,0.0,0.0,77400.0,0.0,0.0,0.0,0.0,0.0,24220700.0,0.0
1952500000,Теребовлянська,0.0,0.0,0.0,0.0,0,0.0,72783100.0,0.0,0.0,0.0,0.0,0.0,0.0,0.0,0.0,0.0,72783100.0,0.0
1954900000,Тернопільська,0.0,0.0,0.0,0.0,0,0.0,578257500.0,0.0,0.0,0.0,0.0,0.0,0.0,0.0,0.0,0.0,578257500.0,0.0
1954200000,Товстенська,0.0,0.0,0.0,0.0,0,0.0,52063700.0,0.0,0.0,0.0,0.0,0.0,0.0,0.0,0.0,0.0,52063700.0,0.0
1953500000,Трибухівська,0.0,0.0,0.0,0.0,0,0.0,29134700.0,0.0,0.0,0.0,88000.0,0.0,0.0,0.0,0.0,0.0,29222700.0,0.0
1953900000,Хоростківська,0.0,0.0,0.0,0.0,0,0.0,34740000.0,0.0,0.0,0.0,0.0,0.0,0.0,0.0,0.0,0.0,34740000.0,0.0
1955400000,Чортківська,0.0,0.0,0.0,0.0,0,0.0,83176800.0,0.0,0.0,0.0,0.0,0.0,0.0,0.0,0.0,0.0,83176800.0,0.0
1952600000,Шумська,0.0,0.0,0.0,0.0,0,0.0,79703500.0,0.0,0.0,0.0,347300.0,0.0,0.0,0.0,0.0,0.0,80050800.0,0.0
0253300000,Іванівська,0.0,0.0,0.0,0.0,0,0.0,54108300.0,0.0,0.0,0.0,279300.0,0.0,0.0,0.0,0.0,0.0,54387600.0,0.0
0250300000,Іллінецька,0.0,0.0,0.0,0.0,0,0.0,65325400.0,0.0,5426602.0,0.0,257900.0,0.0,0.0,0.0,0.0,0.0,71009902.0,0.0
0254700000,Агрономічна,0.0,0.0,0.0,0.0,0,0.0,32572500.0,0.0,0.0,0.0,0.0,0.0,0.0,0.0,0.0,0.0,32572500.0,0.0
0251400000,Бабчинецька,0.0,0.0,0.0,0.0,0,0.0,15093700.0,0.0,0.0,0.0,0.0,0.0,0.0,0.0,0.0,0.0,15093700.0,0.0
0250500000,Барська,0.0,0.0,0.0,0.0,0,0.0,130342200.0,0.0,0.0,0.0,295600.0,0.0,0.0,0.0,0.0,0.0,130637800.0,0.0
0254800000,Бершадська,0.0,0.0,0.0,0.0,0,0.0,127501800.0,0.0,0.0,0.0,0.0,0.0,0.0,0.0,0.0,0.0,127501800.0,0.0
0252900000,Брацлавська,0.0,0.0,0.0,0.0,0,0.0,22764200.0,0.0,0.0,0.0,0.0,0.0,0.0,0.0,0.0,0.0,22764200.0,0.0
0250400000,Вапнярська,0.0,0.0,0.0,0.0,0,0.0,25841500.0,0.0,0.0,0.0,0.0,0.0,0.0,0.0,0.0,0.0,25841500.0,0.0
0254900000,Вендичанська,0.0,0.0,0.0,0.0,0,0.0,29406800.0,0.0,0.0,0.0,0.0,0.0,0.0,0.0,0.0,0.0,29406800.0,0.0
0250800000,Вороновицька,0.0,0.0,0.0,0.0,0,0.0,46817800.0,0.0,0.0,0.0,0.0,0.0,0.0,0.0,0.0,0.0,46817800.0,0.0
0253600000,Вінницька,0.0,0.0,0.0,0.0,0,0.0,879086100.0,0.0,0.0,0.0,0.0,0.0,0.0,0.0,0.0,0.0,879086100.0,0.0
0255000000,Гайсинська,0.0,0.0,0.0,0.0,0,0.0,122162700.0,0.0,0.0,0.0,0.0,0.0,0.0,0.0,0.0,0.0,122162700.0,0.0
0252700000,Глуховецька,0.0,0.0,0.0,0.0,0,0.0,40004000.0,0.0,0.0,0.0,0.0,0.0,0.0,0.0,0.0,0.0,40004000.0,0.0
0253300000,Гніванська,0.0,0.0,0.0,0.0,0,0.0,54108300.0,0.0,0.0,0.0,279300.0,0.0,0.0,0.0,0.0,0.0,54387600.0,0.0
0255100000,Городківська,0.0,0.0,0.0,0.0,0,0.0,34454100.0,0.0,0.0,0.0,0.0,0.0,0.0,0.0,0.0,0.0,34454100.0,0.0
0250900000,Дашівська,0.0,0.0,0.0,0.0,0,0.0,46062000.0,0.0,0.0,0.0,0.0,0.0,0.0,0.0,0.0,0.0,46062000.0,0.0
0251600000,Джулинська,0.0,0.0,0.0,0.0,0,0.0,47264500.0,0.0,0.0,0.0,0.0,0.0,0.0,0.0,0.0,0.0,47264500.0,0.0
0255200000,Джуринська,0.0,0.0,0.0,0.0,0,0.0,37285000.0,0.0,0.0,0.0,0.0,0.0,0.0,0.0,0.0,0.0,37285000.0,0.0
0250900000,Жданівська,0.0,0.0,0.0,0.0,0,0.0,46062000.0,0.0,0.0,0.0,0.0,0.0,0.0,0.0,0.0,0.0,46062000.0,0.0
0254200000,Жмеринська,0.0,0.0,0.0,0.0,0,0.0,140290200.0,0.0,0.0,0.0,0.0,0.0,0.0,0.0,0.0,0.0,140290200.0,0.0
0250100000,Калинівська,0.0,0.0,0.0,0.0,0,0.0,154235500.0,0.0,0.0,0.0,342300.0,0.0,0.0,0.0,0.0,0.0,154577800.0,0.0
0255300000,Козятинська,0.0,0.0,0.0,0.0,0,0.0,94589500.0,0.0,0.0,0.0,0.0,0.0,0.0,0.0,0.0,0.0,94589500.0,0.0
0255400000,Копайгородська,0.0,0.0,0.0,0.0,0,0.0,24578600.0,0.0,0.0,0.0,0.0,0.0,0.0,0.0,0.0,0.0,24578600.0,0.0
0255500000,Краснопільська,0.0,0.0,0.0,0.0,0,0.0,56899900.0,0.0,0.0,0.0,0.0,0.0,0.0,0.0,0.0,0.0,56899900.0,0.0
0255500000,Крижопільська,0.0,0.0,0.0,0.0,0,0.0,56899900.0,0.0,0.0,0.0,0.0,0.0,0.0,0.0,0.0,0.0,56899900.0,0.0
0252400000,Кунківська,0.0,0.0,0.0,0.0,0,0.0,13207800.0,0.0,0.0,0.0,0.0,0.0,0.0,0.0,0.0,0.0,13207800.0,0.0
0255600000,Ладижинська,0.0,0.0,0.0,0.0,0,0.0,52370800.0,0.0,0.0,0.0,0.0,0.0,0.0,0.0,0.0,0.0,52370800.0,0.0
0255700000,Липовецька,0.0,0.0,0.0,0.0,0,0.0,64706900.0,0.0,0.0,0.0,0.0,0.0,0.0,0.0,0.0,0.0,64706900.0,0.0
0253000000,Лука-Мелешківська,0.0,0.0,0.0,0.0,0,0.0,43761600.0,0.0,0.0,0.0,0.0,0.0,0.0,0.0,0.0,0.0,43761600.0,0.0
0254100000,Літинська,0.0,0.0,0.0,0.0,0,0.0,74666900.0,0.0,0.0,0.0,0.0,0.0,0.0,0.0,0.0,0.0,74666900.0,0.0
0254600000,Махнівська,0.0,0.0,0.0,0.0,0,0.0,23929200.0,0.0,0.0,0.0,0.0,0.0,0.0,0.0,0.0,0.0,23929200.0,0.0
0255800000,Могилів-Подільська,0.0,0.0,0.0,0.0,0,0.0,102369500.0,0.0,0.0,0.0,0.0,0.0,0.0,0.0,0.0,0.0,102369500.0,0.0
0252200000,Мурафська,0.0,0.0,0.0,0.0,0,0.0,48827500.0,0.0,0.0,0.0,104800.0,0.0,0.0,0.0,0.0,0.0,48932300.0,0.0
0255900000,Мурованокуриловецька,0.0,0.0,0.0,0.0,0,0.0,64558100.0,0.0,0.0,0.0,0.0,0.0,0.0,0.0,0.0,0.0,64558100.0,0.0
0250600000,Немирівська,0.0,0.0,0.0,0.0,0,0.0,81685400.0,0.0,0.0,0.0,0.0,0.0,0.0,0.0,0.0,0.0,81685400.0,0.0
0256000000,Ободівська,0.0,0.0,0.0,0.0,0,0.0,28158900.0,0.0,0.0,0.0,0.0,0.0,0.0,0.0,0.0,0.0,28158900.0,0.0
0256100000,Ольгопільська,0.0,0.0,0.0,0.0,0,0.0,22484500.0,0.0,0.0,0.0,0.0,0.0,0.0,0.0,0.0,0.0,22484500.0,0.0
0251000000,Оратівська,0.0,0.0,0.0,0.0,0,0.0,62639800.0,0.0,0.0,0.0,15900.0,0.0,0.0,0.0,0.0,0.0,62655700.0,0.0
0256300000,Погребищенська,0.0,0.0,0.0,0.0,0,0.0,84494000.0,0.0,0.0,0.0,0.0,0.0,0.0,0.0,0.0,0.0,84494000.0,0.0
0256200000,Піщанська,0.0,0.0,0.0,0.0,0,0.0,40387100.0,0.0,0.0,0.0,0.0,0.0,0.0,0.0,0.0,0.0,40387100.0,0.0
0251900000,Райгородська,0.0,0.0,0.0,0.0,0,0.0,26976900.0,0.0,0.0,0.0,31900.0,0.0,0.0,0.0,0.0,0.0,27008800.0,0.0
0256400000,Самгородоцька,0.0,0.0,0.0,0.0,0,0.0,28482400.0,0.0,0.0,0.0,0.0,0.0,0.0,0.0,0.0,0.0,28482400.0,0.0
0252000000,Северинівська,0.0,0.0,0.0,0.0,0,0.0,28316700.0,0.0,0.0,0.0,0.0,0.0,0.0,0.0,0.0,0.0,28316700.0,0.0
0254000000,Соболівська,0.0,0.0,0.0,0.0,0,0.0,23754600.0,0.0,0.0,0.0,0.0,0.0,0.0,0.0,0.0,0.0,23754600.0,0.0
0256500000,Станіславчицька,0.0,0.0,0.0,0.0,0,0.0,24183300.0,0.0,0.0,0.0,0.0,0.0,0.0,0.0,0.0,0.0,24183300.0,0.0
0256600000,Стрижавська,0.0,0.0,0.0,0.0,0,0.0,54504300.0,0.0,0.0,0.0,0.0,0.0,0.0,0.0,0.0,0.0,54504300.0,0.0
0250200000,Студенянська,0.0,0.0,0.0,0.0,0,0.0,14792100.0,0.0,0.0,0.0,0.0,0.0,0.0,0.0,0.0,0.0,14792100.0,0.0
0254300000,Сутисківська,0.0,0.0,0.0,0.0,0,0.0,13211300.0,0.0,0.0,0.0,0.0,0.0,0.0,0.0,0.0,0.0,13211300.0,0.0
0253800000,Теплицька,0.0,0.0,0.0,0.0,0,0.0,49531900.0,0.0,0.0,0.0,0.0,0.0,0.0,0.0,0.0,0.0,49531900.0,0.0
0256700000,Тиврівська,0.0,0.0,0.0,0.0,0,0.0,39105500.0,0.0,0.0,0.0,0.0,0.0,0.0,0.0,0.0,0.0,39105500.0,0.0
0251200000,Томашпільська,0.0,0.0,0.0,0.0,0,0.0,71658400.0,0.0,0.0,0.0,0.0,0.0,0.0,0.0,0.0,0.0,71658400.0,0.0
0253500000,Тростянецька,0.0,0.0,0.0,0.0,0,0.0,75524100.0,0.0,0.0,0.0,0.0,0.0,0.0,0.0,0.0,0.0,75524100.0,0.0
0250700000,Тульчинська,0.0,0.0,0.0,0.0,0,0.0,119034000.0,0.0,0.0,0.0,0.0,0.0,0.0,0.0,0.0,0.0,119034000.0,0.0
0256800000,Турбівська,0.0,0.0,0.0,0.0,0,0.0,55567600.0,0.0,0.0,0.0,0.0,0.0,0.0,0.0,0.0,0.0,55567600.0,0.0
0256900000,Уланівська,0.0,0.0,0.0,0.0,0,0.0,47084800.0,0.0,0.0,0.0,0.0,0.0,0.0,0.0,0.0,0.0,47084800.0,0.0
0253700000,Хмільницька,0.0,0.0,0.0,0.0,0,0.0,116549300.0,0.0,0.0,0.0,0.0,0.0,0.0,0.0,0.0,0.0,116549300.0,0.0
0257000000,Чернівецька,0.0,0.0,0.0,0.0,0,0.0,49070300.0,0.0,0.0,0.0,0.0,0.0,0.0,0.0,0.0,0.0,49070300.0,0.0
0257100000,Чечельницька,0.0,0.0,0.0,0.0,0,0.0,35253300.0,0.0,0.0,0.0,0.0,0.0,0.0,0.0,0.0,0.0,35253300.0,0.0
0257200000,Шаргородська,0.0,0.0,0.0,0.0,0,0.0,77981500.0,0.0,0.0,0.0,0.0,0.0,0.0,0.0,0.0,0.0,77981500.0,0.0
0251300000,Шпиківська,0.0,0.0,0.0,0.0,0,0.0,47602800.0,0.0,0.0,0.0,0.0,0.0,0.0,0.0,0.0,0.0,47602800.0,0.0
0252300000,Якушинецька,0.0,0.0,0.0,0.0,0,0.0,49817600.0,0.0,0.0,0.0,0.0,0.0,0.0,0.0,0.0,0.0,49817600.0,0.0
0257300000,Ямпільська,0.0,0.0,0.0,0.0,0,0.0,94758100.0,0.0,0.0,0.0,0.0,0.0,0.0,0.0,0.0,0.0,94758100.0,0.0
0257400000,Яришівська,0.0,0.0,0.0,0.0,0,0.0,16495400.0,0.0,0.0,0.0,0.0,0.0,0.0,0.0,0.0,0.0,16495400.0,0.0
0352200000,Іваничівська,0.0,0.0,0.0,0.0,0,0.0,28644100.0,0.0,0.0,0.0,0.0,0.0,0.0,0.0,0.0,0.0,28644100.0,0.0
0355500000,Берестечківська,0.0,0.0,0.0,0.0,0,0.0,29378300.0,0.0,0.0,0.0,0.0,0.0,0.0,0.0,0.0,0.0,29378300.0,0.0
0352500000,Боратинська,0.0,0.0,0.0,0.0,0,0.0,80726100.0,0.0,0.0,0.0,0.0,0.0,0.0,0.0,0.0,0.0,80726100.0,0.0
0353100000,Велимченська,0.0,0.0,0.0,0.0,0,0.0,18240200.0,0.0,0.0,0.0,0.0,0.0,0.0,0.0,0.0,0.0,18240200.0,0.0
0350100000,Велицька,0.0,0.0,0.0,0.0,0,0.0,17669900.0,0.0,0.0,0.0,0.0,0.0,0.0,0.0,0.0,0.0,17669900.0,0.0
0351800000,Вишнівська,0.0,0.0,0.0,0.0,0,0.0,41846700.0,0.0,0.0,0.0,0.0,0.0,0.0,0.0,0.0,0.0,41846700.0,0.0
0355600000,Володимир-Волинська,0.0,0.0,0.0,0.0,0,0.0,95058500.0,0.0,0.0,0.0,0.0,0.0,0.0,0.0,0.0,0.0,95058500.0,0.0
0350200000,Голобська,0.0,0.0,0.0,0.0,0,0.0,32757400.0,0.0,0.0,0.0,0.0,0.0,0.0,0.0,0.0,0.0,32757400.0,0.0
0352800000,Головненська,0.0,0.0,0.0,0.0,0,0.0,38159000.0,0.0,0.0,0.0,0.0,0.0,0.0,0.0,0.0,0.0,38159000.0,0.0
0353900000,Городищенська,0.0,0.0,0.0,0.0,0,0.0,32732600.0,0.0,0.0,0.0,0.0,0.0,0.0,0.0,0.0,0.0,32732600.0,0.0
0355700000,Горохівська,0.0,0.0,0.0,0.0,0,0.0,94348000.0,0.0,0.0,0.0,0.0,0.0,0.0,0.0,0.0,0.0,94348000.0,0.0
0355300000,Доросинівська,0.0,0.0,0.0,0.0,0,0.0,23201500.0,0.0,0.0,0.0,0.0,0.0,0.0,0.0,0.0,0.0,23201500.0,0.0
0353300000,Дубечненська,0.0,0.0,0.0,0.0,0,0.0,50428200.0,0.0,0.0,0.0,0.0,0.0,0.0,0.0,0.0,0.0,50428200.0,0.0
0353600000,Дубівська,0.0,0.0,0.0,0.0,0,0.0,16069900.0,0.0,0.0,0.0,0.0,0.0,0.0,0.0,0.0,0.0,16069900.0,0.0
0350800000,Заболоттівська,0.0,0.0,0.0,0.0,0,0.0,35501500.0,0.0,0.0,0.0,0.0,0.0,0.0,0.0,0.0,0.0,35501500.0,0.0
0351900000,Забродівська,0.0,0.0,0.0,0.0,0,0.0,53712000.0,0.0,0.0,0.0,0.0,0.0,0.0,0.0,0.0,0.0,53712000.0,0.0
0354000000,Затурцівська,0.0,0.0,0.0,0.0,0,0.0,35458000.0,0.0,0.0,0.0,0.0,0.0,0.0,0.0,0.0,0.0,35458000.0,0.0
0350300000,Зимнівська,0.0,0.0,0.0,0.0,0,0.0,35386000.0,0.0,0.0,0.0,0.0,0.0,0.0,0.0,0.0,0.0,35386000.0,0.0
0355800000,Камінь-Каширська,0.0,0.0,0.0,0.0,0,0.0,273561600.0,0.0,0.0,0.0,0.0,0.0,0.0,0.0,0.0,0.0,273561600.0,0.0
0355900000,Ковельська,0.0,0.0,0.0,0.0,0,0.0,208028400.0,0.0,0.0,0.0,0.0,0.0,0.0,0.0,0.0,0.0,208028400.0,0.0
0353000000,Колківська,0.0,0.0,0.0,0.0,0,0.0,101687000.0,0.0,0.0,0.0,0.0,0.0,0.0,0.0,0.0,0.0,101687000.0,0.0
0351600000,Колодяжненська,0.0,0.0,0.0,0.0,0,0.0,44892400.0,0.0,0.0,0.0,0.0,0.0,0.0,0.0,0.0,0.0,44892400.0,0.0
0353200000,Копачівська,0.0,0.0,0.0,0.0,0,0.0,24642800.0,0.0,0.0,0.0,0.0,0.0,0.0,0.0,0.0,0.0,24642800.0,0.0
0354500000,Ківерцівська,0.0,0.0,0.0,0.0,0,0.0,97998100.0,0.0,0.0,0.0,0.0,0.0,0.0,0.0,0.0,0.0,97998100.0,0.0
0351100000,Литовезька,0.0,0.0,0.0,0.0,0,0.0,12965900.0,0.0,0.0,0.0,0.0,0.0,0.0,0.0,0.0,0.0,12965900.0,0.0
0356000000,Локачинська,0.0,0.0,0.0,0.0,0,0.0,53154700.0,0.0,0.0,0.0,0.0,0.0,0.0,0.0,0.0,0.0,53154700.0,0.0
0353600000,Луківська,0.0,0.0,0.0,0.0,0,0.0,16069900.0,0.0,0.0,0.0,0.0,0.0,0.0,0.0,0.0,0.0,16069900.0,0.0
0355100000,Луцька,0.0,0.0,0.0,0.0,0,0.0,624577400.0,0.0,0.0,0.0,0.0,0.0,0.0,0.0,0.0,0.0,624577400.0,0.0
0352600000,Любешівська,0.0,0.0,0.0,0.0,0,0.0,158820700.0,0.0,0.0,0.0,0.0,0.0,0.0,0.0,0.0,0.0,158820700.0,0.0
0350600000,Люблинецька,0.0,0.0,0.0,0.0,0,0.0,20495900.0,0.0,0.0,0.0,0.0,0.0,0.0,0.0,0.0,0.0,20495900.0,0.0
0352900000,Любомльська,0.0,0.0,0.0,0.0,0,0.0,58392700.0,0.0,0.0,0.0,0.0,0.0,0.0,0.0,0.0,0.0,58392700.0,0.0
0356100000,Маневицька,0.0,0.0,0.0,0.0,0,0.0,125732500.0,0.0,0.0,0.0,0.0,0.0,0.0,0.0,0.0,0.0,125732500.0,0.0
0355200000,Мар'янівська,0.0,0.0,0.0,0.0,0,0.0,32357500.0,0.0,0.0,0.0,0.0,0.0,0.0,0.0,0.0,0.0,32357500.0,0.0
0356200000,Нововолинська,0.0,0.0,0.0,0.0,0,0.0,111357700.0,0.0,0.0,0.0,0.0,0.0,0.0,0.0,0.0,0.0,111357700.0,0.0
0353800000,Оваднівська,0.0,0.0,0.0,0.0,0,0.0,24926300.0,0.0,0.0,0.0,0.0,0.0,0.0,0.0,0.0,0.0,24926300.0,0.0
0356300000,Олицька,0.0,0.0,0.0,0.0,0,0.0,46476300.0,0.0,0.0,0.0,0.0,0.0,0.0,0.0,0.0,0.0,46476300.0,0.0
0353200000,Павлівська,0.0,0.0,0.0,0.0,0,0.0,24642800.0,0.0,0.0,0.0,0.0,0.0,0.0,0.0,0.0,0.0,24642800.0,0.0
0351300000,Поворська,0.0,0.0,0.0,0.0,0,0.0,20652500.0,0.0,0.0,0.0,0.0,0.0,0.0,0.0,0.0,0.0,20652500.0,0.0
0351400000,Поромівська,0.0,0.0,0.0,0.0,0,0.0,22873400.0,0.0,0.0,0.0,0.0,0.0,0.0,0.0,0.0,0.0,22873400.0,0.0
0351500000,Прилісненська,0.0,0.0,0.0,0.0,0,0.0,50373700.0,0.0,0.0,0.0,0.0,0.0,0.0,0.0,0.0,0.0,50373700.0,0.0
0354600000,Підгайцівська,0.0,0.0,0.0,0.0,0,0.0,86405200.0,0.0,0.0,0.0,0.0,0.0,0.0,0.0,0.0,0.0,86405200.0,0.0
0356400000,Ратнівська,0.0,0.0,0.0,0.0,0,0.0,96933500.0,0.0,0.0,0.0,0.0,0.0,0.0,0.0,0.0,0.0,96933500.0,0.0
0356500000,Рожищенська,0.0,0.0,0.0,0.0,0,0.0,96973200.0,0.0,0.0,0.0,0.0,0.0,0.0,0.0,0.0,0.0,96973200.0,0.0
0352700000,Рівненська,0.0,0.0,0.0,0.0,0,0.0,26400700.0,0.0,0.0,0.0,0.0,0.0,0.0,0.0,0.0,0.0,26400700.0,0.0
0352000000,Самарівська,0.0,0.0,0.0,0.0,0,0.0,28836100.0,0.0,0.0,0.0,0.0,0.0,0.0,0.0,0.0,0.0,28836100.0,0.0
0353400000,Сереховичівська,0.0,0.0,0.0,0.0,0,0.0,12529300.0,0.0,0.0,0.0,0.0,0.0,0.0,0.0,0.0,0.0,12529300.0,0.0
0353500000,Смідинська,0.0,0.0,0.0,0.0,0,0.0,18121300.0,0.0,0.0,0.0,0.0,0.0,0.0,0.0,0.0,0.0,18121300.0,0.0
0355400000,Сошичненська,0.0,0.0,0.0,0.0,0,0.0,50132000.0,0.0,0.0,0.0,0.0,0.0,0.0,0.0,0.0,0.0,50132000.0,0.0
0354900000,Старовижівська,0.0,0.0,0.0,0.0,0,0.0,49698000.0,0.0,0.0,0.0,0.0,0.0,0.0,0.0,0.0,0.0,49698000.0,0.0
0354100000,Торчинська,0.0,0.0,0.0,0.0,0,0.0,48237400.0,0.0,0.0,0.0,0.0,0.0,0.0,0.0,0.0,0.0,48237400.0,0.0
0353700000,Турійська,0.0,0.0,0.0,0.0,0,0.0,85646400.0,0.0,0.0,0.0,0.0,0.0,0.0,0.0,0.0,0.0,85646400.0,0.0
0350500000,Устилузька,0.0,0.0,0.0,0.0,0,0.0,25412400.0,0.0,0.0,0.0,0.0,0.0,0.0,0.0,0.0,0.0,25412400.0,0.0
0352400000,Цуманська,0.0,0.0,0.0,0.0,0,0.0,90473100.0,0.0,0.0,0.0,0.0,0.0,0.0,0.0,0.0,0.0,90473100.0,0.0
0350700000,Шацька,0.0,0.0,0.0,0.0,0,0.0,65695900.0,0.0,0.0,0.0,0.0,0.0,0.0,0.0,0.0,0.0,65695900.0,0.0
0753800000,Івановецька,0.0,0.0,0.0,0.0,0,0.0,30051400.0,0.0,0.0,0.0,0.0,0.0,0.0,0.0,0.0,0.0,30051400.0,0.0
0750400000,Іршавська,0.0,0.0,0.0,0.0,0,0.0,137370800.0,0.0,0.0,0.0,0.0,0.0,0.0,0.0,0.0,0.0,137370800.0,0.0
0750600000,Баранинська,0.0,0.0,0.0,0.0,0,0.0,31519000.0,0.0,0.0,0.0,0.0,0.0,0.0,0.0,0.0,0.0,31519000.0,0.0
0751800000,Батівська,0.0,0.0,0.0,0.0,0,0.0,45652900.0,0.0,0.0,0.0,0.0,0.0,0.0,0.0,0.0,0.0,45652900.0,0.0
0751900000,Бедевлянська,0.0,0.0,0.0,0.0,0,0.0,22512200.0,0.0,0.0,0.0,115600.0,0.0,0.0,0.0,0.0,0.0,22627800.0,0.0
0751700000,Берегівська,0.0,0.0,0.0,0.0,0,0.0,121747000.0,0.0,0.0,0.0,0.0,0.0,0.0,0.0,0.0,0.0,121747000.0,0.0
0752100000,Богданська,0.0,0.0,0.0,0.0,0,0.0,71575700.0,0.0,0.0,0.0,0.0,0.0,0.0,0.0,0.0,0.0,71575700.0,0.0
0752200000,Буштинська,0.0,0.0,0.0,0.0,0,0.0,78874300.0,0.0,0.0,0.0,116900.0,0.0,0.0,0.0,0.0,0.0,78991200.0,0.0
0752000000,Білківська,0.0,0.0,0.0,0.0,0,0.0,82184100.0,0.0,0.0,0.0,0.0,0.0,0.0,0.0,0.0,0.0,82184100.0,0.0
0750800000,Великоберезнянська,0.0,0.0,0.0,0.0,0,0.0,30198200.0,0.0,0.0,0.0,0.0,0.0,0.0,0.0,0.0,0.0,30198200.0,0.0
0752300000,Великоберезька,0.0,0.0,0.0,0.0,0,0.0,22727900.0,0.0,0.0,0.0,0.0,0.0,0.0,0.0,0.0,0.0,22727900.0,0.0
0752400000,Великобийганська,0.0,0.0,0.0,0.0,0,0.0,13592400.0,0.0,0.0,0.0,0.0,0.0,0.0,0.0,0.0,0.0,13592400.0,0.0
0752500000,Великобичківська,0.0,0.0,0.0,0.0,0,0.0,120322900.0,0.0,0.0,0.0,0.0,0.0,0.0,0.0,0.0,0.0,120322900.0,0.0
0752600000,Великодобронська,0.0,0.0,0.0,0.0,0,0.0,28060100.0,0.0,0.0,0.0,0.0,0.0,0.0,0.0,0.0,0.0,28060100.0,0.0
0752700000,Великолучківська,0.0,0.0,0.0,0.0,0,0.0,70241900.0,0.0,0.0,0.0,0.0,0.0,0.0,0.0,0.0,0.0,70241900.0,0.0
0752800000,Верхньокоропецька,0.0,0.0,0.0,0.0,0,0.0,26627600.0,0.0,0.0,0.0,0.0,0.0,0.0,0.0,0.0,0.0,26627600.0,0.0
0752900000,Вилоцька,0.0,0.0,0.0,0.0,0,0.0,38722200.0,0.0,0.0,0.0,0.0,0.0,0.0,0.0,0.0,0.0,38722200.0,0.0
0753000000,Виноградівська,0.0,0.0,0.0,0.0,0,0.0,215156900.0,0.0,0.0,0.0,0.0,0.0,0.0,0.0,0.0,0.0,215156900.0,0.0
0753100000,Вишківська,0.0,0.0,0.0,0.0,0,0.0,53428500.0,0.0,0.0,0.0,207400.0,0.0,0.0,0.0,0.0,0.0,53635900.0,0.0
0753200000,Воловецька,0.0,0.0,0.0,0.0,0,0.0,37197600.0,0.0,0.0,0.0,159300.0,0.0,0.0,0.0,0.0,0.0,37356900.0,0.0
0750100000,Вільховецька,0.0,0.0,0.0,0.0,0,0.0,58775200.0,0.0,0.0,0.0,0.0,0.0,0.0,0.0,0.0,0.0,58775200.0,0.0
0750900000,Горондівська,0.0,0.0,0.0,0.0,0,0.0,30653400.0,0.0,0.0,0.0,0.0,0.0,0.0,0.0,0.0,0.0,30653400.0,0.0
0753300000,Горінчівська,0.0,0.0,0.0,0.0,0,0.0,57629600.0,0.0,0.0,0.0,0.0,0.0,0.0,0.0,0.0,0.0,57629600.0,0.0
0751000000,Довжанська,0.0,0.0,0.0,0.0,0,0.0,67431000.0,0.0,0.0,0.0,167900.0,0.0,0.0,0.0,0.0,0.0,67598900.0,0.0
0753400000,Драгівська,0.0,0.0,0.0,0.0,0,0.0,50331100.0,0.0,0.0,0.0,0.0,0.0,0.0,0.0,0.0,0.0,50331100.0,0.0
0753600000,Дубриницько-Малоберезнянська,0.0,0.0,0.0,0.0,0,0.0,27740100.0,0.0,0.0,0.0,0.0,0.0,0.0,0.0,0.0,0.0,27740100.0,0.0
0753500000,Дубівська,0.0,0.0,0.0,0.0,0,0.0,91760100.0,0.0,0.0,0.0,391300.0,0.0,0.0,0.0,0.0,0.0,92151400.0,0.0
0753700000,Жденіївська,0.0,0.0,0.0,0.0,0,0.0,21011600.0,0.0,0.0,0.0,23800.0,0.0,0.0,0.0,0.0,0.0,21035400.0,0.0
0751100000,Зарічанська,0.0,0.0,0.0,0.0,0,0.0,32611000.0,0.0,0.0,0.0,0.0,0.0,0.0,0.0,0.0,0.0,32611000.0,0.0
0751300000,Керецьківська,0.0,0.0,0.0,0.0,0,0.0,45517600.0,0.0,0.0,0.0,81400.0,0.0,0.0,0.0,0.0,0.0,45599000.0,0.0
0753900000,Колочавська,0.0,0.0,0.0,0.0,0,0.0,56932900.0,0.0,0.0,0.0,0.0,0.0,0.0,0.0,0.0,0.0,56932900.0,0.0
0754000000,Кольчинська,0.0,0.0,0.0,0.0,0,0.0,29212600.0,0.0,0.0,0.0,0.0,0.0,0.0,0.0,0.0,0.0,29212600.0,0.0
0754100000,Королівська,0.0,0.0,0.0,0.0,0,0.0,60060600.0,0.0,0.0,0.0,349000.0,0.0,0.0,0.0,0.0,0.0,60409600.0,0.0
0751400000,Косоньська,0.0,0.0,0.0,0.0,0,0.0,18290700.0,0.0,0.0,0.0,0.0,0.0,0.0,0.0,0.0,0.0,18290700.0,0.0
0754200000,Костринська,0.0,0.0,0.0,0.0,0,0.0,22097700.0,0.0,0.0,0.0,0.0,0.0,0.0,0.0,0.0,0.0,22097700.0,0.0
0750700000,Мукачівська,0.0,0.0,0.0,0.0,0,0.0,288511300.0,0.0,0.0,0.0,0.0,0.0,0.0,0.0,0.0,0.0,288511300.0,0.0
0754300000,Міжгірська,0.0,0.0,0.0,0.0,0,0.0,125539500.0,0.0,0.0,0.0,0.0,0.0,0.0,0.0,0.0,0.0,125539500.0,0.0
0754400000,Неліпинська,0.0,0.0,0.0,0.0,0,0.0,20761000.0,0.0,0.0,0.0,0.0,0.0,0.0,0.0,0.0,0.0,20761000.0,0.0
0754500000,Нересницька,0.0,0.0,0.0,0.0,0,0.0,134699800.0,0.0,0.0,0.0,161900.0,0.0,0.0,0.0,0.0,0.0,134861700.0,0.0
0754600000,Нижньоворітська,0.0,0.0,0.0,0.0,0,0.0,45452600.0,0.0,0.0,0.0,54500.0,0.0,0.0,0.0,0.0,0.0,45507100.0,0.0
0751500000,Оноківська,0.0,0.0,0.0,0.0,0,0.0,19035300.0,0.0,0.0,0.0,0.0,0.0,0.0,0.0,0.0,0.0,19035300.0,0.0
0750500000,Перечинська,0.0,0.0,0.0,0.0,0,0.0,37844000.0,0.0,0.0,0.0,0.0,0.0,0.0,0.0,0.0,0.0,37844000.0,0.0
0754700000,Пийтерфолвівська,0.0,0.0,0.0,0.0,0,0.0,55198800.0,0.0,0.0,0.0,0.0,0.0,0.0,0.0,0.0,0.0,55198800.0,0.0
0754800000,Пилипецька,0.0,0.0,0.0,0.0,0,0.0,32975800.0,0.0,0.0,0.0,0.0,0.0,0.0,0.0,0.0,0.0,32975800.0,0.0
0750300000,Полянська,0.0,0.0,0.0,0.0,0,0.0,48100200.0,0.0,0.0,0.0,0.0,0.0,0.0,0.0,0.0,0.0,48100200.0,0.0
0754900000,Рахівська,0.0,0.0,0.0,0.0,0,0.0,108486600.0,0.0,0.0,0.0,0.0,0.0,0.0,0.0,0.0,0.0,108486600.0,0.0
0755000000,Свалявська,0.0,0.0,0.0,0.0,0,0.0,90714000.0,0.0,0.0,0.0,0.0,0.0,0.0,0.0,0.0,0.0,90714000.0,0.0
0755100000,Середнянська,0.0,0.0,0.0,0.0,0,0.0,61671200.0,0.0,0.0,0.0,226400.0,0.0,0.0,0.0,0.0,0.0,61897600.0,0.0
0755200000,Синевирська,0.0,0.0,0.0,0.0,0,0.0,37710300.0,0.0,0.0,0.0,0.0,0.0,0.0,0.0,0.0,0.0,37710300.0,0.0
0754000000,Солотвинська,0.0,0.0,0.0,0.0,0,0.0,29212600.0,0.0,0.0,0.0,0.0,0.0,0.0,0.0,0.0,0.0,29212600.0,0.0
0755400000,Ставненська,0.0,0.0,0.0,0.0,0,0.0,29006600.0,0.0,0.0,0.0,0.0,0.0,0.0,0.0,0.0,0.0,29006600.0,0.0
0755500000,Сюртівська,0.0,0.0,0.0,0.0,0,0.0,23645500.0,0.0,0.0,0.0,126800.0,0.0,0.0,0.0,0.0,0.0,23772300.0,0.0
0755600000,Тересвянська,0.0,0.0,0.0,0.0,0,0.0,52949700.0,0.0,0.0,0.0,0.0,0.0,0.0,0.0,0.0,0.0,52949700.0,0.0
0755700000,Тур'є-Реметівська,0.0,0.0,0.0,0.0,0,0.0,85071000.0,0.0,0.0,0.0,414300.0,0.0,0.0,0.0,0.0,0.0,85485300.0,0.0
0750200000,Тячівська,0.0,0.0,0.0,0.0,0,0.0,84700500.0,0.0,0.0,0.0,0.0,0.0,0.0,0.0,0.0,0.0,84700500.0,0.0
0755800000,Углянська,0.0,0.0,0.0,0.0,0,0.0,53746200.0,0.0,0.0,0.0,0.0,0.0,0.0,0.0,0.0,0.0,53746200.0,0.0
0755900000,Ужгородська,0.0,0.0,0.0,0.0,0,0.0,306755700.0,0.0,0.0,0.0,0.0,0.0,0.0,0.0,0.0,0.0,306755700.0,0.0
0756000000,Усть-Чорнянська,0.0,0.0,0.0,0.0,0,0.0,50917500.0,0.0,0.0,0.0,210400.0,0.0,0.0,0.0,0.0,0.0,51127900.0,0.0
0751600000,Холмківська,0.0,0.0,0.0,0.0,0,0.0,39550300.0,0.0,0.0,0.0,0.0,0.0,0.0,0.0,0.0,0.0,39550300.0,0.0
0756100000,Хустська,0.0,0.0,0.0,0.0,0,0.0,290702200.0,0.0,0.0,0.0,1652400.0,0.0,0.0,0.0,0.0,0.0,292354600.0,0.0
0756200000,Чинадіївська,0.0,0.0,0.0,0.0,0,0.0,46288800.0,0.0,0.0,0.0,0.0,0.0,0.0,0.0,0.0,0.0,46288800.0,0.0
0756300000,Чопська,0.0,0.0,0.0,0.0,0,0.0,36802400.0,0.0,0.0,0.0,61500.0,0.0,0.0,0.0,0.0,0.0,36863900.0,0.0
0756400000,Ясінянська,0.0,0.0,0.0,0.0,0,0.0,105419700.0,0.0,0.0,0.0,0.0,0.0,0.0,0.0,0.0,0.0,105419700.0,0.0
0854900000,Андрівська,0.0,0.0,0.0,0.0,0,0.0,0.0,0.0,0.0,0.0,0.0,0.0,0.0,0.0,0.0,0.0,0.0,0.0
0855700000,Андріївська,0.0,0.0,0.0,0.0,0,0.0,10296900.0,0.0,0.0,0.0,0.0,0.0,0.0,0.0,0.0,0.0,10296900.0,0.0
0854400000,Бердянська,0.0,0.0,0.0,0.0,0,0.0,162615900.0,0.0,0.0,0.0,0.0,0.0,0.0,0.0,0.0,0.0,162615900.0,0.0
0850100000,Берестівська,0.0,0.0,0.0,0.0,0,0.0,10892600.0,0.0,0.0,0.0,0.0,0.0,0.0,0.0,0.0,0.0,10892600.0,0.0
0853500000,Благовіщенська,0.0,0.0,0.0,0.0,0,0.0,14104300.0,0.0,0.0,0.0,0.0,0.0,0.0,0.0,0.0,0.0,14104300.0,0.0
0851000000,Біленьківська,0.0,0.0,0.0,0.0,0,0.0,31035600.0,0.0,0.0,0.0,0.0,0.0,0.0,0.0,0.0,0.0,31035600.0,0.0
0855800000,Василівська,0.0,0.0,0.0,0.0,0,0.0,49067500.0,0.0,0.0,0.0,0.0,0.0,0.0,0.0,0.0,0.0,49067500.0,0.0
0851900000,Великобілозерська,0.0,0.0,0.0,0.0,0,0.0,14132900.0,0.0,0.0,0.0,0.0,0.0,0.0,0.0,0.0,0.0,14132900.0,0.0
0850200000,Веселівська,0.0,0.0,0.0,0.0,0,0.0,38553600.0,0.0,0.0,0.0,0.0,0.0,0.0,0.0,0.0,0.0,38553600.0,0.0
0852400000,Водянська,0.0,0.0,0.0,0.0,0,0.0,0.0,0.0,0.0,0.0,0.0,0.0,0.0,0.0,0.0,0.0,0.0,0.0
0852900000,Воздвижівська,0.0,0.0,0.0,0.0,0,0.0,10292200.0,0.0,0.0,0.0,0.0,0.0,0.0,0.0,0.0,0.0,10292200.0,0.0
0850600000,Воскресенська,0.0,0.0,0.0,0.0,0,0.0,14741900.0,0.0,0.0,0.0,0.0,0.0,0.0,0.0,0.0,0.0,14741900.0,0.0
0855900000,Вільнянська,0.0,0.0,0.0,0.0,30715,0.0,46316300.0,0.0,0.0,0.0,0.0,0.0,0.0,0.0,0.0,30715.0,46316300.0,0.0
0852700000,Гаврилівська,0.0,0.0,0.0,0.0,0,0.0,8860800.0,0.0,0.0,0.0,0.0,0.0,0.0,0.0,0.0,0.0,8860800.0,0.0
0852100000,Гуляйпільська,0.0,0.0,0.0,0.0,0,0.0,42746500.0,0.0,0.0,0.0,0.0,0.0,0.0,0.0,0.0,0.0,42746500.0,0.0
0856000000,Дніпрорудненська,0.0,0.0,0.0,0.0,0,0.0,43775600.0,0.0,0.0,0.0,0.0,0.0,0.0,0.0,0.0,0.0,43775600.0,0.0
0854200000,Долинська,0.0,0.0,0.0,0.0,0,0.0,23656700.0,0.0,0.0,0.0,0.0,0.0,0.0,0.0,0.0,0.0,23656700.0,0.0
0856100000,Енергодарська,0.0,0.0,0.0,0.0,0,0.0,79431400.0,0.0,0.0,0.0,0.0,0.0,0.0,0.0,0.0,0.0,79431400.0,0.0
0856200000,Запорізька,0.0,172654057.0,0.0,0.0,0,0.0,1193457700.0,0.0,0.0,0.0,0.0,0.0,0.0,0.0,0.0,172654057.0,1193457700.0,0.0
0851700000,Кам'янсько-Дніпровська,0.0,0.0,0.0,0.0,0,0.0,47328300.0,0.0,0.0,0.0,0.0,0.0,0.0,0.0,0.0,0.0,47328300.0,0.0
0853200000,Кирилівська,0.0,0.0,0.0,0.0,0,0.0,17557500.0,0.0,0.0,0.0,0.0,0.0,0.0,0.0,0.0,0.0,17557500.0,0.0
0854100000,Коларівська,0.0,0.0,0.0,0.0,0,0.0,22376900.0,0.0,0.0,0.0,0.0,0.0,0.0,0.0,0.0,0.0,22376900.0,0.0
0850300000,Комиш-Зорянська,0.0,0.0,0.0,0.0,0,0.0,15862900.0,0.0,0.0,0.0,0.0,0.0,0.0,0.0,0.0,0.0,15862900.0,0.0
0850900000,Комишуваська,0.0,0.0,0.0,0.0,0,0.0,36216300.0,0.0,0.0,0.0,0.0,0.0,0.0,0.0,0.0,0.0,36216300.0,0.0
0856500000,Кушугумська,0.0,0.0,0.0,0.0,0,0.0,38197400.0,0.0,98037606.0,0.0,255900.0,0.0,0.0,0.0,0.0,0.0,136490906.0,0.0
0855100000,Малинівська,0.0,0.0,0.0,0.0,0,0.0,8820200.0,0.0,0.0,0.0,0.0,0.0,0.0,0.0,0.0,0.0,8820200.0,0.0
0856600000,Малобілозерська,0.0,0.0,0.0,0.0,0,0.0,28453900.0,0.0,0.0,0.0,0.0,0.0,0.0,0.0,0.0,0.0,28453900.0,0.0
0851300000,Малотокмачанська,0.0,0.0,0.0,0.0,0,0.0,4753300.0,0.0,0.0,0.0,0.0,0.0,0.0,0.0,0.0,0.0,4753300.0,0.0
0856700000,Матвіївська,0.0,0.0,0.0,0.0,0,0.0,22475700.0,0.0,0.0,0.0,100000.0,0.0,0.0,0.0,0.0,0.0,22575700.0,0.0
0856800000,Мелітопольська,0.0,0.0,0.0,0.0,0,0.0,235355200.0,0.0,0.0,0.0,0.0,0.0,0.0,0.0,0.0,0.0,235355200.0,0.0
0850500000,Мирненська,0.0,0.0,0.0,0.0,0,0.0,9329100.0,0.0,0.0,0.0,0.0,0.0,0.0,0.0,0.0,0.0,9329100.0,0.0
0856900000,Михайло-Лукашівська,0.0,0.0,0.0,0.0,0,0.0,17163800.0,0.0,0.0,0.0,0.0,0.0,0.0,0.0,0.0,0.0,17163800.0,0.0
0853700000,Михайлівська,0.0,0.0,0.0,0.0,0,0.0,38416500.0,0.0,0.0,0.0,0.0,0.0,0.0,0.0,0.0,0.0,38416500.0,0.0
0857000000,Молочанська,0.0,0.0,0.0,0.0,0,0.0,27039200.0,0.0,0.0,0.0,0.0,0.0,0.0,0.0,0.0,0.0,27039200.0,0.0
0855200000,Новенська,0.0,0.0,0.0,0.0,0,0.0,13634100.0,0.0,0.0,0.0,0.0,0.0,0.0,0.0,0.0,0.0,13634100.0,0.0
0853400000,Новобогданівська,0.0,0.0,0.0,0.0,0,0.0,10783200.0,0.0,0.0,0.0,0.0,0.0,0.0,0.0,0.0,0.0,10783200.0,0.0
0857100000,Нововасилівська,0.0,0.0,0.0,0.0,0,0.0,15459100.0,0.0,0.0,0.0,0.0,0.0,0.0,0.0,0.0,0.0,15459100.0,0.0
0857200000,Новомиколаївська,0.0,0.0,0.0,0.0,0,0.0,29235800.0,0.0,0.0,0.0,0.0,0.0,0.0,0.0,0.0,0.0,29235800.0,0.0
0854100000,Новоолександрівська,0.0,0.0,0.0,0.0,0,0.0,22376900.0,0.0,0.0,0.0,0.0,0.0,0.0,0.0,0.0,0.0,22376900.0,0.0
0852600000,Новоуспенівська,0.0,0.0,0.0,0.0,0,0.0,0.0,0.0,0.0,0.0,0.0,0.0,0.0,0.0,0.0,0.0,0.0,0.0
0854100000,Олександрівська,0.0,0.0,0.0,0.0,0,0.0,22376900.0,0.0,0.0,0.0,0.0,0.0,0.0,0.0,0.0,0.0,22376900.0,0.0
0851800000,Оріхівська,0.0,0.0,0.0,0.0,0,0.0,42538500.0,0.0,0.0,0.0,0.0,0.0,0.0,0.0,0.0,0.0,42538500.0,0.0
0851400000,Осипенківська,0.0,0.0,0.0,0.0,0,0.0,23387900.0,0.0,0.0,0.0,0.0,0.0,0.0,0.0,0.0,0.0,23387900.0,0.0
0852700000,Павлівська,0.0,0.0,0.0,0.0,0,0.0,8860800.0,0.0,0.0,0.0,0.0,0.0,0.0,0.0,0.0,0.0,8860800.0,0.0
0852800000,Петро-Михайлівська,0.0,0.0,0.0,0.0,0,0.0,17772700.0,0.0,0.0,0.0,0.0,0.0,0.0,0.0,0.0,0.0,17772700.0,0.0
0854700000,Пологівська,0.0,0.0,0.0,0.0,0,0.0,63698500.0,0.0,0.0,0.0,0.0,0.0,0.0,0.0,0.0,0.0,63698500.0,0.0
0850400000,Преображенська,0.0,0.0,0.0,0.0,0,0.0,12276100.0,0.0,0.0,0.0,0.0,0.0,0.0,0.0,0.0,0.0,12276100.0,0.0
0853100000,Приазовська,0.0,0.0,0.0,0.0,0,0.0,30012600.0,0.0,0.0,0.0,0.0,0.0,0.0,0.0,0.0,0.0,30012600.0,0.0
0850800000,Приморська,0.0,0.0,0.0,0.0,0,0.0,43650700.0,0.0,0.0,0.0,0.0,0.0,0.0,0.0,0.0,0.0,43650700.0,0.0
0853000000,Райхенфельдська,0.0,0.0,0.0,0.0,0,0.0,9989000.0,0.0,0.0,0.0,0.0,0.0,0.0,0.0,0.0,0.0,9989000.0,0.0
0854200000,Роздольська,0.0,0.0,0.0,0.0,0,0.0,23656700.0,0.0,0.0,0.0,0.0,0.0,0.0,0.0,0.0,0.0,23656700.0,0.0
0854800000,Розівська,0.0,0.0,0.0,0.0,0,0.0,17136400.0,0.0,0.0,0.0,0.0,0.0,0.0,0.0,0.0,0.0,17136400.0,0.0
0855400000,Семенівська,0.0,0.0,0.0,0.0,0,0.0,6560700.0,0.0,0.0,0.0,0.0,0.0,0.0,0.0,0.0,0.0,6560700.0,0.0
0850500000,Смирновська,0.0,0.0,0.0,0.0,0,0.0,9329100.0,0.0,0.0,0.0,0.0,0.0,0.0,0.0,0.0,0.0,9329100.0,0.0
0857300000,Степненська,0.0,0.0,0.0,0.0,0,0.0,16589100.0,0.0,0.0,0.0,0.0,0.0,0.0,0.0,0.0,0.0,16589100.0,0.0
0857400000,Степногірська,0.0,0.0,0.0,0.0,0,0.0,21401300.0,0.0,0.0,0.0,0.0,0.0,0.0,0.0,0.0,0.0,21401300.0,0.0
0851600000,Таврійська,0.0,0.0,0.0,0.0,0,0.0,10613500.0,0.0,0.0,0.0,0.0,0.0,0.0,0.0,0.0,0.0,10613500.0,0.0
0855500000,Тернуватська,0.0,0.0,0.0,0.0,0,0.0,10386700.0,0.0,0.0,0.0,0.0,0.0,0.0,0.0,0.0,0.0,10386700.0,0.0
0857500000,Терпіннівська,0.0,0.0,0.0,0.0,0,0.0,20745600.0,0.0,0.0,0.0,0.0,0.0,0.0,0.0,0.0,0.0,20745600.0,0.0
0857600000,Токмацька,0.0,0.0,0.0,0.0,0,0.0,62821900.0,0.0,0.0,0.0,0.0,0.0,0.0,0.0,0.0,0.0,62821900.0,0.0
0855600000,Федорівська,0.0,0.0,0.0,0.0,0,0.0,8955800.0,0.0,0.0,0.0,0.0,0.0,0.0,0.0,0.0,0.0,8955800.0,0.0
0852000000,Чернігівська,0.0,0.0,0.0,0.0,0,0.0,22198200.0,0.0,0.0,0.0,0.0,0.0,0.0,0.0,0.0,0.0,22198200.0,0.0
0852300000,Широківська,0.0,0.0,0.0,0.0,0,0.0,44991500.0,0.0,65286261.0,0.0,114300.0,0.0,0.0,0.0,0.0,0.0,110392061.0,0.0
0853300000,Якимівська,0.0,0.0,0.0,0.0,0,0.0,78507600.0,0.0,0.0,0.0,0.0,0.0,0.0,0.0,0.0,0.0,78507600.0,0.0
0653300000,Ємільчинська,0.0,0.0,0.0,0.0,0,0.0,85440000.0,0.0,0.0,0.0,0.0,0.0,0.0,0.0,0.0,0.0,85440000.0,0.0
0650400000,Іршанська,0.0,0.0,0.0,0.0,0,0.0,22247200.0,0.0,0.0,0.0,0.0,0.0,0.0,0.0,0.0,0.0,22247200.0,0.0
0652200000,Андрушківська,0.0,0.0,0.0,0.0,0,0.0,15066800.0,0.0,0.0,0.0,0.0,0.0,0.0,0.0,0.0,0.0,15066800.0,0.0
0655700000,Андрушівська,0.0,0.0,0.0,0.0,0,0.0,64811700.0,0.0,0.0,0.0,0.0,0.0,0.0,0.0,0.0,0.0,64811700.0,0.0
0651100000,Баранівська,0.0,0.0,0.0,0.0,0,0.0,70899400.0,0.0,0.0,0.0,0.0,0.0,0.0,0.0,0.0,0.0,70899400.0,0.0
0652300000,Барашівська,0.0,0.0,0.0,0.0,0,0.0,23650700.0,0.0,0.0,0.0,0.0,0.0,0.0,0.0,0.0,0.0,23650700.0,0.0
0655800000,Бердичівська,0.0,0.0,0.0,0.0,0,0.0,165981800.0,0.0,0.0,0.0,0.0,0.0,0.0,0.0,0.0,0.0,165981800.0,0.0
0655800000,Березівська,0.0,0.0,0.0,0.0,0,0.0,165981800.0,0.0,0.0,0.0,0.0,0.0,0.0,0.0,0.0,0.0,165981800.0,0.0
0653500000,Брониківська,0.0,0.0,0.0,0.0,0,0.0,32157400.0,0.0,0.0,0.0,0.0,0.0,0.0,0.0,0.0,0.0,32157400.0,0.0
0651400000,Брусилівська,0.0,0.0,0.0,0.0,0,0.0,59510400.0,0.0,0.0,0.0,0.0,0.0,0.0,0.0,0.0,0.0,59510400.0,0.0
0652400000,Білокоровицька,0.0,0.0,0.0,0.0,0,0.0,17980700.0,0.0,0.0,0.0,0.0,0.0,0.0,0.0,0.0,0.0,17980700.0,0.0
0650100000,Високівська,0.0,0.0,0.0,0.0,0,0.0,10732400.0,0.0,0.0,0.0,0.0,0.0,0.0,0.0,0.0,0.0,10732400.0,0.0
0650200000,Вишевицька,0.0,0.0,0.0,0.0,0,0.0,11996400.0,0.0,0.0,0.0,0.0,0.0,0.0,0.0,0.0,0.0,11996400.0,0.0
0656000000,Волицька,0.0,0.0,0.0,0.0,0,0.0,18938800.0,0.0,0.0,0.0,0.0,0.0,0.0,0.0,0.0,0.0,18938800.0,0.0
0654700000,Вчорайшенська,0.0,0.0,0.0,0.0,0,0.0,18449000.0,0.0,0.0,0.0,0.0,0.0,0.0,0.0,0.0,0.0,18449000.0,0.0
0650400000,Вільшанська,0.0,0.0,0.0,0.0,0,0.0,22247200.0,0.0,0.0,0.0,0.0,0.0,0.0,0.0,0.0,0.0,22247200.0,0.0
0656100000,Гладковицька,0.0,0.0,0.0,0.0,0,0.0,11538600.0,0.0,0.0,0.0,0.0,0.0,0.0,0.0,0.0,0.0,11538600.0,0.0
0654400000,Глибочицька,0.0,0.0,0.0,0.0,0,0.0,30469600.0,0.0,0.0,0.0,0.0,0.0,0.0,0.0,0.0,0.0,30469600.0,0.0
0651500000,Городницька,0.0,0.0,0.0,0.0,0,0.0,23077300.0,0.0,0.0,0.0,0.0,0.0,0.0,0.0,0.0,0.0,23077300.0,0.0
0656200000,Городоцька,0.0,0.0,0.0,0.0,0,0.0,8515200.0,0.0,0.0,0.0,0.0,0.0,0.0,0.0,0.0,0.0,8515200.0,0.0
0652600000,Горщиківська,0.0,0.0,0.0,0.0,0,0.0,10516100.0,0.0,0.0,0.0,0.0,0.0,0.0,0.0,0.0,0.0,10516100.0,0.0
0654800000,Гришковецька,0.0,0.0,0.0,0.0,0,0.0,31315500.0,0.0,0.0,0.0,0.0,0.0,0.0,0.0,0.0,0.0,31315500.0,0.0
0651600000,Довбиська,0.0,0.0,0.0,0.0,0,0.0,24706100.0,0.0,0.0,0.0,0.0,0.0,0.0,0.0,0.0,0.0,24706100.0,0.0
0650300000,Дубрівська,0.0,0.0,0.0,0.0,0,0.0,13860800.0,0.0,0.0,0.0,0.0,0.0,0.0,0.0,0.0,0.0,13860800.0,0.0
0655200000,Житомирська,0.0,0.0,0.0,0.0,0,0.0,613943000.0,0.0,0.0,0.0,0.0,0.0,0.0,0.0,0.0,0.0,613943000.0,0.0
0655300000,Звягельська,0.0,0.0,0.0,0.0,0,0.0,141931800.0,0.0,0.0,0.0,0.0,0.0,0.0,0.0,0.0,0.0,141931800.0,0.0
0652700000,Квітнева,0.0,0.0,0.0,0.0,0,0.0,16410900.0,0.0,0.0,0.0,0.0,0.0,0.0,0.0,0.0,0.0,16410900.0,0.0
0651000000,Корнинська,0.0,0.0,0.0,0.0,0,0.0,18133000.0,0.0,0.0,0.0,0.0,0.0,0.0,0.0,0.0,0.0,18133000.0,0.0
0656300000,Коростенська,0.0,0.0,0.0,0.0,0,0.0,185318700.0,0.0,0.0,0.0,0.0,0.0,0.0,0.0,0.0,0.0,185318700.0,0.0
0651200000,Коростишівська,0.0,0.0,0.0,0.0,0,0.0,84571800.0,0.0,0.0,0.0,0.0,0.0,0.0,0.0,0.0,0.0,84571800.0,0.0
0652800000,Краснопільська,0.0,0.0,0.0,0.0,0,0.0,22031300.0,0.0,0.0,0.0,0.0,0.0,0.0,0.0,0.0,0.0,22031300.0,0.0
0653900000,Курненська,0.0,0.0,0.0,0.0,0,0.0,34037900.0,0.0,0.0,0.0,0.0,0.0,0.0,0.0,0.0,0.0,34037900.0,0.0
0651700000,Лугинська,0.0,0.0,0.0,0.0,0,0.0,49606500.0,0.0,0.0,0.0,0.0,0.0,0.0,0.0,0.0,0.0,49606500.0,0.0
0653400000,Любарська,0.0,0.0,0.0,0.0,0,0.0,88590900.0,0.0,0.0,0.0,0.0,0.0,0.0,0.0,0.0,0.0,88590900.0,0.0
0656400000,Малинська,0.0,0.0,0.0,0.0,0,0.0,113939700.0,0.0,0.0,0.0,0.0,0.0,0.0,0.0,0.0,0.0,113939700.0,0.0
0651800000,Миропільська,0.0,0.0,0.0,0.0,0,0.0,23872700.0,0.0,0.0,0.0,0.0,0.0,0.0,0.0,0.0,0.0,23872700.0,0.0
0650500000,Народицька,0.0,0.0,0.0,0.0,0,0.0,32087700.0,0.0,0.0,0.0,0.0,0.0,0.0,0.0,0.0,0.0,32087700.0,0.0
0650600000,Новоборівська,0.0,0.0,0.0,0.0,0,0.0,24175400.0,0.0,0.0,0.0,0.0,0.0,0.0,0.0,0.0,0.0,24175400.0,0.0
0656500000,Новогуйвинська,0.0,0.0,0.0,0.0,0,0.0,57454700.0,0.0,0.0,0.0,0.0,0.0,0.0,0.0,0.0,0.0,57454700.0,0.0
0653800000,Овруцька,0.0,0.0,0.0,0.0,0,0.0,117938300.0,0.0,0.0,0.0,0.0,0.0,0.0,0.0,0.0,0.0,117938300.0,0.0
0651300000,Олевська,0.0,0.0,0.0,0.0,0,0.0,164238000.0,0.0,0.0,0.0,0.0,0.0,0.0,0.0,0.0,0.0,164238000.0,0.0
0654500000,Оліївська,0.0,0.0,0.0,0.0,0,0.0,26950200.0,0.0,0.0,0.0,0.0,0.0,0.0,0.0,0.0,0.0,26950200.0,0.0
0651900000,Попільнянська,0.0,0.0,0.0,0.0,0,0.0,63930100.0,0.0,0.0,0.0,0.0,0.0,0.0,0.0,0.0,0.0,63930100.0,0.0
0650700000,Потіївська,0.0,0.0,0.0,0.0,0,0.0,12178700.0,0.0,0.0,0.0,0.0,0.0,0.0,0.0,0.0,0.0,12178700.0,0.0
0654200000,Пулинська,0.0,0.0,0.0,0.0,0,0.0,51832700.0,0.0,0.0,0.0,0.0,0.0,0.0,0.0,0.0,0.0,51832700.0,0.0
0653600000,Піщівська,0.0,0.0,0.0,0.0,0,0.0,13392300.0,0.0,0.0,0.0,0.0,0.0,0.0,0.0,0.0,0.0,13392300.0,0.0
0654300000,Радомишльська,0.0,0.0,0.0,0.0,0,0.0,74226500.0,0.0,0.0,0.0,0.0,0.0,0.0,0.0,0.0,0.0,74226500.0,0.0
0654900000,Райгородоцька,0.0,0.0,0.0,0.0,0,0.0,32353800.0,0.0,0.0,0.0,0.0,0.0,0.0,0.0,0.0,0.0,32353800.0,0.0
0656600000,Романівська,0.0,0.0,0.0,0.0,0,0.0,67278200.0,0.0,0.0,0.0,0.0,0.0,0.0,0.0,0.0,0.0,67278200.0,0.0
0656700000,Ружинська,0.0,0.0,0.0,0.0,0,0.0,66347200.0,0.0,0.0,0.0,0.0,0.0,0.0,0.0,0.0,0.0,66347200.0,0.0
0656600000,Семенівська,0.0,0.0,0.0,0.0,0,0.0,67278200.0,0.0,0.0,0.0,0.0,0.0,0.0,0.0,0.0,0.0,67278200.0,0.0
0653700000,Словечанська,0.0,0.0,0.0,0.0,0,0.0,49035300.0,0.0,0.0,0.0,0.0,0.0,0.0,0.0,0.0,0.0,49035300.0,0.0
0653000000,Станишівська,0.0,0.0,0.0,0.0,0,0.0,44103700.0,0.0,0.0,0.0,0.0,0.0,0.0,0.0,0.0,0.0,44103700.0,0.0
0655600000,Старосілецька,0.0,0.0,0.0,0.0,0,0.0,22665800.0,0.0,0.0,0.0,0.0,0.0,0.0,0.0,0.0,0.0,22665800.0,0.0
0655400000,Стриївська,0.0,0.0,0.0,0.0,0,0.0,22008000.0,0.0,0.0,0.0,0.0,0.0,0.0,0.0,0.0,0.0,22008000.0,0.0
0650800000,Тетерівська,0.0,0.0,0.0,0.0,0,0.0,28342100.0,0.0,0.0,0.0,0.0,0.0,0.0,0.0,0.0,0.0,28342100.0,0.0
0653100000,Ушомирська,0.0,0.0,0.0,0.0,0,0.0,44318200.0,0.0,0.0,0.0,0.0,0.0,0.0,0.0,0.0,0.0,44318200.0,0.0
0655500000,Харитонівська,0.0,0.0,0.0,0.0,0,0.0,6907200.0,0.0,0.0,0.0,0.0,0.0,0.0,0.0,0.0,0.0,6907200.0,0.0
0652000000,Хорошівська,0.0,0.0,0.0,0.0,0,0.0,63108200.0,0.0,0.0,0.0,0.0,0.0,0.0,0.0,0.0,0.0,63108200.0,0.0
0650900000,Червоненська,0.0,0.0,0.0,0.0,0,0.0,17129600.0,0.0,0.0,0.0,0.0,0.0,0.0,0.0,0.0,0.0,17129600.0,0.0
0656800000,Черняхівська,0.0,0.0,0.0,0.0,0,0.0,64178300.0,0.0,0.0,0.0,0.0,0.0,0.0,0.0,0.0,0.0,64178300.0,0.0
0653200000,Чижівська,0.0,0.0,0.0,0.0,0,0.0,28590600.0,0.0,0.0,0.0,0.0,0.0,0.0,0.0,0.0,0.0,28590600.0,0.0
0652100000,Чоповицька,0.0,0.0,0.0,0.0,0,0.0,21095100.0,0.0,0.0,0.0,0.0,0.0,0.0,0.0,0.0,0.0,21095100.0,0.0
0655000000,Чуднівська,0.0,0.0,0.0,0.0,0,0.0,58118100.0,0.0,0.0,0.0,0.0,0.0,0.0,0.0,0.0,0.0,58118100.0,0.0
0655100000,Швайківська,0.0,0.0,0.0,0.0,0,0.0,16879700.0,0.0,0.0,0.0,0.0,0.0,0.0,0.0,0.0,0.0,16879700.0,0.0
0656900000,Ярунська,0.0,0.0,0.0,0.0,0,0.0,33273300.0,0.0,0.0,0.0,0.0,0.0,0.0,0.0,0.0,0.0,33273300.0,0.0
